id,system,dimer_class,orca_index,xyz_file,target_spin_s2,bs_s2_filter_status,bs_s2_filter_reason,contact_min_cc_distance,mean_top10_closest_c_distances,n_interfragment_c_contacts_3p4,target_bs_interaction_energy_kcal_mol,target_triplet_interaction_energy_kcal_mol,target_singlet_triplet_gap_kcal_mol,target_somo_somo_raw_signed_kcal_mol,target_somo_somo_elst_corrected_signed_kcal_mol
phenalenyl_orca_0,phenalenyl,homodimer,0,/home/rb1820/BLA-ML/phenalenyl/orca_0/str_0.xyz,0.0,LOW_S2_INCLUDED_NO_FILTER,diagnostic only: final BS <S^2> below 0.10; retained in no-S2-filter workflow,2.731058901580892,2.854568808524971,49.0,-8.978744790893918,27.782453599887152,36.76119839078107,-36.76119839078107,-36.65800764218112
phenalenyl_orca_1,phenalenyl,homodimer,1,/home/rb1820/BLA-ML/phenalenyl/orca_1/str_1.xyz,0.0,LOW_S2_INCLUDED_NO_FILTER,diagnostic only: final BS <S^2> below 0.10; retained in no-S2-filter workflow,2.66243410429437,2.840963158719126,49.0,-8.734966327327829,28.42430024729006,37.15926657461789,-37.15926657461789,-37.055348228210846
phenalenyl_orca_2,phenalenyl,homodimer,2,/home/rb1820/BLA-ML/phenalenyl/orca_2/str_2.xyz,0.0,LOW_S2_INCLUDED_NO_FILTER,diagnostic only: final BS <S^2> below 0.10; retained in no-S2-filter workflow,2.651359311074558,2.8575859565403983,49.0,-9.511850651611658,25.453708569746077,34.965559221357736,-34.965559221357736,-34.88079831388886
phenalenyl_orca_3,phenalenyl,homodimer,3,/home/rb1820/BLA-ML/phenalenyl/orca_3/str_3.xyz,0.0,LOW_S2_INCLUDED_NO_FILTER,diagnostic only: final BS <S^2> below 0.10; retained in no-S2-filter workflow,2.592702339714882,2.8329062590030416,49.0,-8.41036393882874,28.79556780831959,37.20593174714833,-37.20593174714833,-37.080931494051185
phenalenyl_orca_4,phenalenyl,homodimer,4,/home/rb1820/BLA-ML/phenalenyl/orca_4/str_4.xyz,0.0,LOW_S2_INCLUDED_NO_FILTER,diagnostic only: final BS <S^2> below 0.10; retained in no-S2-filter workflow,2.2308485309590247,2.751398015634103,49.0,-5.65740655419269,41.92433712339463,47.58174367758732,-47.58174367758732,-47.54378325339384
phenalenyl_orca_5,phenalenyl,homodimer,5,/home/rb1820/BLA-ML/phenalenyl/orca_5/str_5.xyz,0.0,LOW_S2_INCLUDED_NO_FILTER,diagnostic only: final BS <S^2> below 0.10; retained in no-S2-filter workflow,2.1628860959825342,2.7318324114475407,49.0,-5.024369157742871,46.02087128547936,51.04524044322223,-51.04524044322223,-50.994526824201856
phenalenyl_orca_6,phenalenyl,homodimer,6,/home/rb1820/BLA-ML/phenalenyl/orca_6/str_6.xyz,0.4548,INCLUDED_NO_FILTER,retained in no-S2-filter workflow,3.0696804752013875,3.1700560524765424,33.0,-13.177181546820837,0.985287341544983,14.162468888365819,-14.162468888365819,-14.216121011306853
phenalenyl_orca_7,phenalenyl,homodimer,7,/home/rb1820/BLA-ML/phenalenyl/orca_7/str_7.xyz,0.0,LOW_S2_INCLUDED_NO_FILTER,diagnostic only: final BS <S^2> below 0.10; retained in no-S2-filter workflow,2.5461740709916607,2.871988537895356,31.0,-6.328606618164598,19.442860557925133,25.771467176089732,-25.771467176089732,-25.733522072743227
phenalenyl_orca_8,phenalenyl,homodimer,8,/home/rb1820/BLA-ML/phenalenyl/orca_8/str_8.xyz,0.0,LOW_S2_INCLUDED_NO_FILTER,diagnostic only: final BS <S^2> below 0.10; retained in no-S2-filter workflow,2.490781135755427,2.8687395714195523,28.0,-6.120655072644532,17.952849082731476,24.073504155376007,-24.073504155376007,-24.018197358902242
phenalenyl_orca_9,phenalenyl,homodimer,9,/home/rb1820/BLA-ML/phenalenyl/orca_9/str_9.xyz,0.124954,INCLUDED_NO_FILTER,retained in no-S2-filter workflow,2.6207728359618256,2.9457024684321387,27.0,-6.952786006134376,12.303130430779113,19.25591643691349,-19.255916436913488,-19.263644688254494
phenalenyl_orca_10,phenalenyl,homodimer,10,/home/rb1820/BLA-ML/phenalenyl/orca_10/str_10.xyz,0.0,LOW_S2_INCLUDED_NO_FILTER,diagnostic only: final BS <S^2> below 0.10; retained in no-S2-filter workflow,2.491803058349278,2.86378996393281,28.0,-4.79644351688372,18.171026572301066,22.967470089184786,-22.967470089184786,-22.935272112635396
phenalenyl_orca_11,phenalenyl,homodimer,11,/home/rb1820/BLA-ML/phenalenyl/orca_11/str_11.xyz,0.244401,INCLUDED_NO_FILTER,retained in no-S2-filter workflow,2.956452812710189,2.9796711139463614,43.0,2.113564710997575,21.156819414564488,19.043254703566912,-19.043254703566912,-19.024242020562827
phenalenyl_orca_12,phenalenyl,homodimer,12,/home/rb1820/BLA-ML/phenalenyl/orca_12/str_12.xyz,0.001183,LOW_S2_INCLUDED_NO_FILTER,diagnostic only: final BS <S^2> below 0.10; retained in no-S2-filter workflow,2.54378333307532,2.8975893062375464,26.0,-4.76079477012154,15.972330903922002,20.733125674043542,-20.733125674043542,-20.72477579721457
phenalenyl_orca_13,phenalenyl,homodimer,13,/home/rb1820/BLA-ML/phenalenyl/orca_13/str_13.xyz,0.267295,INCLUDED_NO_FILTER,retained in no-S2-filter workflow,2.951782975446621,2.984391492522435,43.0,1.8307936571118806,20.364967284421276,18.534173627309396,-18.534173627309396,-18.53491116767329
phenalenyl_orca_14,phenalenyl,homodimer,14,/home/rb1820/BLA-ML/phenalenyl/orca_14/str_14.xyz,0.253821,INCLUDED_NO_FILTER,retained in no-S2-filter workflow,2.8523798724423832,2.9805901528174363,43.0,2.067474122541094,20.778911339352582,18.711437216811486,-18.71143721681149,-18.687905039181015
phenalenyl_orca_15,phenalenyl,homodimer,15,/home/rb1820/BLA-ML/phenalenyl/orca_15/str_15.xyz,0.162495,INCLUDED_NO_FILTER,retained in no-S2-filter workflow,2.534479313026202,2.921947596535481,24.0,-5.095940858379043,13.462865824079765,18.55880668245881,-18.55880668245881,-18.56086560060638
phenalenyl_orca_16,phenalenyl,homodimer,16,/home/rb1820/BLA-ML/phenalenyl/orca_16/str_16.xyz,1e-06,LOW_S2_INCLUDED_NO_FILTER,diagnostic only: final BS <S^2> below 0.10; retained in no-S2-filter workflow,2.484106694342851,2.8679622629864667,26.0,-2.875231199503737,18.547746829798776,21.422978029302513,-21.422978029302513,-21.41031683941936
phenalenyl_orca_17,phenalenyl,homodimer,17,/home/rb1820/BLA-ML/phenalenyl/orca_17/str_17.xyz,0.12584,INCLUDED_NO_FILTER,retained in no-S2-filter workflow,2.4707596282438447,2.8892036496958524,24.0,-2.9354102792150325,15.952063205098709,18.88747348431374,-18.88747348431374,-18.95288396067622
phenalenyl_orca_18,phenalenyl,homodimer,18,/home/rb1820/BLA-ML/phenalenyl/orca_18/str_18.xyz,0.156517,INCLUDED_NO_FILTER,retained in no-S2-filter workflow,2.445361388755253,2.8976349855454733,24.0,-2.542511833438467,15.717057548596184,18.259569382034652,-18.259569382034652,-18.362045285784546
phenalenyl_orca_19,phenalenyl,homodimer,19,/home/rb1820/BLA-ML/phenalenyl/orca_19/str_19.xyz,0.00059,LOW_S2_INCLUDED_NO_FILTER,diagnostic only: final BS <S^2> below 0.10; retained in no-S2-filter workflow,2.463645797317012,2.8595922308790533,24.0,-2.1152005108779037,18.599947475453305,20.715147986331207,-20.71514798633121,-20.75251798073182
phenalenyl_orca_20,phenalenyl,homodimer,20,/home/rb1820/BLA-ML/phenalenyl/orca_20/str_20.xyz,0.247176,INCLUDED_NO_FILTER,retained in no-S2-filter workflow,2.451467285936208,2.8992634527941026,24.0,-1.4497560095165194,15.448243040224478,16.897999049740996,-16.897999049740996,-17.006503274114046
phenalenyl_orca_21,phenalenyl,homodimer,21,/home/rb1820/BLA-ML/phenalenyl/orca_21/str_21.xyz,0.328302,INCLUDED_NO_FILTER,retained in no-S2-filter workflow,2.5104071038167,2.9198851357122035,20.0,-2.503512553892952,13.327306607731822,15.830819161624776,-15.830819161624774,-15.881901998641212
phenalenyl_orca_22,phenalenyl,homodimer,22,/home/rb1820/BLA-ML/phenalenyl/orca_22/str_22.xyz,0.0,LOW_S2_INCLUDED_NO_FILTER,diagnostic only: final BS <S^2> below 0.10; retained in no-S2-filter workflow,2.1536006489981365,2.7844741191094187,22.0,-0.6018092104974495,34.54058997744835,35.1423991879458,-35.1423991879458,-35.03989513726926
phenalenyl_orca_23,phenalenyl,homodimer,23,/home/rb1820/BLA-ML/phenalenyl/orca_23/str_23.xyz,0.417255,INCLUDED_NO_FILTER,retained in no-S2-filter workflow,2.5657836884800536,2.944258399172047,20.0,-2.4234232893930914,11.989018148901563,14.412441438294653,-14.412441438294653,-14.441397020813893
phenalenyl_orca_24,phenalenyl,homodimer,24,/home/rb1820/BLA-ML/phenalenyl/orca_24/str_24.xyz,0.500326,INCLUDED_NO_FILTER,retained in no-S2-filter workflow,2.5937945044942627,2.9453365645290392,19.0,-1.9472128951141219,10.98418479144298,12.931397686557101,-12.931397686557101,-13.053517173420333
phenalenyl_orca_25,phenalenyl,homodimer,25,/home/rb1820/BLA-ML/phenalenyl/orca_25/str_25.xyz,0.0,LOW_S2_INCLUDED_NO_FILTER,diagnostic only: final BS <S^2> below 0.10; retained in no-S2-filter workflow,2.181169359714889,2.814153087625897,21.0,1.7403601191909432,28.180494786976706,26.440134667785763,-26.440134667785763,-26.561780845182348
phenalenyl_orca_26,phenalenyl,homodimer,26,/home/rb1820/BLA-ML/phenalenyl/orca_26/str_26.xyz,0.318738,INCLUDED_NO_FILTER,retained in no-S2-filter workflow,2.546695029939105,2.895478965127055,20.0,-0.033361824868523265,15.642572910729783,15.675934735598306,-15.675934735598306,-15.723196561701698
phenalenyl_orca_27,phenalenyl,homodimer,27,/home/rb1820/BLA-ML/phenalenyl/orca_27/str_27.xyz,0.0,LOW_S2_INCLUDED_NO_FILTER,diagnostic only: final BS <S^2> below 0.10; retained in no-S2-filter workflow,2.231237710319139,2.8482180256419087,18.0,1.8573555909946478,24.445884622009114,22.588529031014467,-22.588529031014467,-22.748866039470258
phenalenyl_orca_28,phenalenyl,homodimer,28,/home/rb1820/BLA-ML/phenalenyl/orca_28/str_28.xyz,0.832361,INCLUDED_NO_FILTER,retained in no-S2-filter workflow,2.7630068455153,3.0893412206203297,15.0,-3.5839959917760855,3.072983338437404,6.65697933021349,-6.65697933021349,-6.652781265433111
phenalenyl_orca_29,phenalenyl,homodimer,29,/home/rb1820/BLA-ML/phenalenyl/orca_29/str_29.xyz,0.0,LOW_S2_INCLUDED_NO_FILTER,diagnostic only: final BS <S^2> below 0.10; retained in no-S2-filter workflow,2.261418782183135,2.866719316296278,18.0,2.1471812607126752,22.36878842980682,20.221607169094145,-20.221607169094145,-20.372077171177146
phenalenyl_orca_30,phenalenyl,homodimer,30,/home/rb1820/BLA-ML/phenalenyl/orca_30/str_30.xyz,0.578716,INCLUDED_NO_FILTER,retained in no-S2-filter workflow,2.550757739713524,2.990668799940958,15.0,-1.6436131953175885,10.210955214759359,11.854568410076947,-11.854568410076947,-11.927024806955203
phenalenyl_orca_31,phenalenyl,homodimer,31,/home/rb1820/BLA-ML/phenalenyl/orca_31/str_31.xyz,0.164997,INCLUDED_NO_FILTER,retained in no-S2-filter workflow,2.301118537729004,2.8888725095272463,18.0,2.2997436287529203,19.930815576467456,17.63107194771454,-17.631071947714535,-17.75965280837454
phenalenyl_orca_32,phenalenyl,homodimer,32,/home/rb1820/BLA-ML/phenalenyl/orca_32/str_32.xyz,0.309399,INCLUDED_NO_FILTER,retained in no-S2-filter workflow,2.242787728511843,2.8482572024353026,22.0,5.160677826783326,19.68484238655541,14.524164559772084,-14.524164559772084,-14.507059817187008
phenalenyl_orca_33,phenalenyl,homodimer,33,/home/rb1820/BLA-ML/phenalenyl/orca_33/str_33.xyz,0.597788,INCLUDED_NO_FILTER,retained in no-S2-filter workflow,2.46095841855317,2.8963989438011515,33.0,3.0472207700470637,13.9684110074532,10.921190237406137,-10.921190237406137,-10.716489662663166
phenalenyl_orca_34,phenalenyl,homodimer,34,/home/rb1820/BLA-ML/phenalenyl/orca_34/str_34.xyz,0.647494,INCLUDED_NO_FILTER,retained in no-S2-filter workflow,2.425613524344356,2.930260764210108,16.0,2.070428573977944,12.13662773777374,10.066199163795796,-10.066199163795796,-10.175803025331794
phenalenyl_orca_35,phenalenyl,homodimer,35,/home/rb1820/BLA-ML/phenalenyl/orca_35/str_35.xyz,0.597948,INCLUDED_NO_FILTER,retained in no-S2-filter workflow,2.4601501211199617,2.8963556182849284,33.0,3.2105376903562655,14.108010437848192,10.897472747491927,-10.897472747491927,-10.662539784475332
phenalenyl_orca_36,phenalenyl,homodimer,36,/home/rb1820/BLA-ML/phenalenyl/orca_36/str_36.xyz,0.228714,INCLUDED_NO_FILTER,retained in no-S2-filter workflow,2.4978416333755327,2.8762078133607774,18.0,2.649275480814755,19.55581737373795,16.906541892923194,-16.906541892923194,-16.955485330545894
phenalenyl_orca_37,phenalenyl,homodimer,37,/home/rb1820/BLA-ML/phenalenyl/orca_37/str_37.xyz,0.224103,INCLUDED_NO_FILTER,retained in no-S2-filter workflow,2.3055231424696183,2.893348034108215,18.0,2.6752611595655282,19.476092089847935,16.800830930282405,-16.800830930282405,-16.950055562036358
phenalenyl_orca_38,phenalenyl,homodimer,38,/home/rb1820/BLA-ML/phenalenyl/orca_38/str_38.xyz,0.736378,INCLUDED_NO_FILTER,retained in no-S2-filter workflow,2.56089443770627,2.9314351639335703,33.0,2.4556507101226,11.109037680855742,8.653386970733143,-8.653386970733141,-8.308439840138737
phenalenyl_orca_39,phenalenyl,homodimer,39,/home/rb1820/BLA-ML/phenalenyl/orca_39/str_39.xyz,0.648767,INCLUDED_NO_FILTER,retained in no-S2-filter workflow,2.5878997289845302,3.002312697819621,17.0,-1.035962586370363,9.588689435787837,10.6246520221582,-10.6246520221582,-10.689625713077307
phenalenyl_orca_40,phenalenyl,homodimer,40,/home/rb1820/BLA-ML/phenalenyl/orca_40/str_40.xyz,0.672041,INCLUDED_NO_FILTER,retained in no-S2-filter workflow,2.430554228870386,2.927701838883147,16.0,2.3607952064304056,12.01568274955378,9.654887543123376,-9.654887543123376,-9.761037028752105
phenalenyl_orca_41,phenalenyl,homodimer,41,/home/rb1820/BLA-ML/phenalenyl/orca_41/str_41.xyz,0.442003,INCLUDED_NO_FILTER,retained in no-S2-filter workflow,2.264655438519145,2.855226998383295,21.0,5.537596404926411,18.14052688532605,12.602930480399639,-12.602930480399639,-12.600606194311776
phenalenyl_orca_42,phenalenyl,homodimer,42,/home/rb1820/BLA-ML/phenalenyl/orca_42/str_42.xyz,0.562518,INCLUDED_NO_FILTER,retained in no-S2-filter workflow,2.4812246462311696,2.9629093038014744,15.0,-0.024686563463539795,12.012863951303755,12.037550514767295,-12.037550514767295,-12.115698340217369
phenalenyl_orca_43,phenalenyl,homodimer,43,/home/rb1820/BLA-ML/phenalenyl/orca_43/str_43.xyz,0.770895,INCLUDED_NO_FILTER,retained in no-S2-filter workflow,2.5186328399003344,2.930519427702235,21.0,3.8201999534799818,11.685292763981987,7.865092810502006,-7.865092810502006,-8.093608772133246
phenalenyl_orca_44,phenalenyl,homodimer,44,/home/rb1820/BLA-ML/phenalenyl/orca_44/str_44.xyz,0.325935,INCLUDED_NO_FILTER,retained in no-S2-filter workflow,2.326622072361088,2.9037900082550845,18.0,2.8954345126549885,18.246117170952793,15.350682658297805,-15.350682658297805,-15.493396877640949
phenalenyl_orca_45,phenalenyl,homodimer,45,/home/rb1820/BLA-ML/phenalenyl/orca_45/str_45.xyz,0.799432,INCLUDED_NO_FILTER,retained in no-S2-filter workflow,2.525306125919369,2.9373263040721374,20.0,3.6178417996102086,10.982319846445503,7.364478046835295,-7.364478046835294,-7.599914773065312
phenalenyl_orca_46,phenalenyl,homodimer,46,/home/rb1820/BLA-ML/phenalenyl/orca_46/str_46.xyz,0.541858,INCLUDED_NO_FILTER,retained in no-S2-filter workflow,2.547181480955268,2.9504565447834765,16.0,1.0790270762773706,13.470602082775997,12.391575006498627,-12.391575006498627,-12.503137807516634
phenalenyl_orca_47,phenalenyl,homodimer,47,/home/rb1820/BLA-ML/phenalenyl/orca_47/str_47.xyz,0.66703,INCLUDED_NO_FILTER,retained in no-S2-filter workflow,2.3214835315740805,2.897322082203824,18.0,4.819931225902556,14.121121903760098,9.301190677857543,-9.301190677857543,-9.259331340133556
phenalenyl_orca_48,phenalenyl,homodimer,48,/home/rb1820/BLA-ML/phenalenyl/orca_48/str_48.xyz,0.973534,INCLUDED_NO_FILTER,retained in no-S2-filter workflow,2.8007812939355365,3.058344660755524,18.0,-0.4638335072590773,3.5122999846540184,3.9761334919130955,-3.9761334919130955,-4.167007865537034
phenalenyl_orca_49,phenalenyl,homodimer,49,/home/rb1820/BLA-ML/phenalenyl/orca_49/str_49.xyz,0.491685,INCLUDED_NO_FILTER,retained in no-S2-filter workflow,2.380503885923059,2.9356418981176087,14.0,2.5475910093417635,15.429691505803957,12.882100496462193,-12.882100496462193,-12.983689127207997
phenalenyl_orca_50,phenalenyl,homodimer,50,/home/rb1820/BLA-ML/phenalenyl/orca_50/str_50.xyz,0.742011,INCLUDED_NO_FILTER,retained in no-S2-filter workflow,2.526560542641654,2.961590471815885,15.0,2.09258831299458,10.395283420117691,8.30269510712311,-8.30269510712311,-8.36103824347857
phenalenyl_orca_51,phenalenyl,homodimer,51,/home/rb1820/BLA-ML/phenalenyl/orca_51/str_51.xyz,0.848333,INCLUDED_NO_FILTER,retained in no-S2-filter workflow,2.431107799274805,2.973123436332019,17.0,2.2521885116656213,8.75495498021911,6.502766468553487,-6.502766468553488,-6.497080976768308
phenalenyl_orca_52,phenalenyl,homodimer,52,/home/rb1820/BLA-ML/phenalenyl/orca_52/str_52.xyz,0.560846,INCLUDED_NO_FILTER,retained in no-S2-filter workflow,2.4030227173654217,2.947996997951831,14.0,2.5933049979322598,14.392002949549914,11.798697951617655,-11.798697951617655,-11.896246323438483
phenalenyl_orca_53,phenalenyl,homodimer,53,/home/rb1820/BLA-ML/phenalenyl/orca_53/str_53.xyz,0.844145,INCLUDED_NO_FILTER,retained in no-S2-filter workflow,2.3901022156140552,2.9494177993805915,16.0,3.3366801487520044,9.871104496669727,6.534424347917723,-6.534424347917723,-6.463709400433803
phenalenyl_orca_54,phenalenyl,homodimer,54,/home/rb1820/BLA-ML/phenalenyl/orca_54/str_54.xyz,0.865009,INCLUDED_NO_FILTER,retained in no-S2-filter workflow,2.4361139180568623,2.978433919700416,17.0,2.3668642276822927,8.572611259220212,6.205747031537919,-6.2057470315379195,-6.196146648949213
phenalenyl_orca_55,phenalenyl,homodimer,55,/home/rb1820/BLA-ML/phenalenyl/orca_55/str_55.xyz,0.886668,INCLUDED_NO_FILTER,retained in no-S2-filter workflow,2.4079997306050105,2.955314618681017,17.0,3.130419405490962,8.937321265923284,5.806901860432323,-5.806901860432323,-5.729343158754402
phenalenyl_orca_56,phenalenyl,homodimer,56,/home/rb1820/BLA-ML/phenalenyl/orca_56/str_56.xyz,0.617371,INCLUDED_NO_FILTER,retained in no-S2-filter workflow,2.526095424335181,2.972759664909192,15.0,0.8951422088793101,12.074125691352807,11.178983482473496,-11.178983482473496,-11.272056230997963
phenalenyl_orca_57,phenalenyl,homodimer,57,/home/rb1820/BLA-ML/phenalenyl/orca_57/str_57.xyz,0.927529,INCLUDED_NO_FILTER,retained in no-S2-filter workflow,2.5462084400739977,2.9595722504160653,19.0,2.786264338818719,7.889766242705329,5.10350190388661,-5.10350190388661,-5.342416431710738
phenalenyl_orca_58,phenalenyl,homodimer,58,/home/rb1820/BLA-ML/phenalenyl/orca_58/str_58.xyz,0.670259,INCLUDED_NO_FILTER,retained in no-S2-filter workflow,2.453344527683075,2.974022970522768,13.0,2.282904491720637,12.2846985102704,10.001794018549765,-10.001794018549763,-10.085176021547044
phenalenyl_orca_59,phenalenyl,homodimer,59,/home/rb1820/BLA-ML/phenalenyl/orca_59/str_59.xyz,0.935605,INCLUDED_NO_FILTER,retained in no-S2-filter workflow,2.5905623099397057,3.032601131154297,13.0,0.2598398572015157,5.209114230728882,4.949274373527366,-4.949274373527366,-4.957062680342094
phenalenyl_orca_60,phenalenyl,homodimer,60,/home/rb1820/BLA-ML/phenalenyl/orca_60/str_60.xyz,0.064931,LOW_S2_INCLUDED_NO_FILTER,diagnostic only: final BS <S^2> below 0.10; retained in no-S2-filter workflow,2.393356138705625,2.795425990407756,18.0,6.572819471426298,25.15901092897186,18.58619145754556,-18.58619145754556,-17.743910870942106
phenalenyl_orca_61,phenalenyl,homodimer,61,/home/rb1820/BLA-ML/phenalenyl/orca_61/str_61.xyz,0.983258,INCLUDED_NO_FILTER,retained in no-S2-filter workflow,2.519034047947556,3.019617954971092,15.0,0.7590479648209328,4.731851808680491,3.9728038438595585,-3.9728038438595585,-3.9170882006985326
phenalenyl_orca_62,phenalenyl,homodimer,62,/home/rb1820/BLA-ML/phenalenyl/orca_62/str_62.xyz,0.364872,INCLUDED_NO_FILTER,retained in no-S2-filter workflow,2.252643142793293,2.864236677637332,19.0,8.051981201756721,22.568830931912213,14.51684973015549,-14.516849730155492,-14.422148049701091
phenalenyl_orca_63,phenalenyl,homodimer,63,/home/rb1820/BLA-ML/phenalenyl/orca_63/str_63.xyz,0.966262,INCLUDED_NO_FILTER,retained in no-S2-filter workflow,2.469505863829501,2.9829463488319177,15.0,2.2321309136478478,6.484332731454021,4.252201817806173,-4.252201817806173,-4.072124278987961
phenalenyl_orca_64,phenalenyl,homodimer,64,/home/rb1820/BLA-ML/phenalenyl/orca_64/str_64.xyz,0.720666,INCLUDED_NO_FILTER,retained in no-S2-filter workflow,2.624020656567418,2.9433519743856125,14.0,2.642718842702366,11.795235507455642,9.152516664753275,-9.152516664753275,-9.191900155377803
phenalenyl_orca_65,phenalenyl,homodimer,65,/home/rb1820/BLA-ML/phenalenyl/orca_65/str_65.xyz,0.960231,INCLUDED_NO_FILTER,retained in no-S2-filter workflow,2.622926451791205,3.0438221991469625,13.0,0.008831720206024305,4.498118800414227,4.489287080208203,-4.489287080208203,-4.497940386409788
phenalenyl_orca_66,phenalenyl,homodimer,66,/home/rb1820/BLA-ML/phenalenyl/orca_66/str_66.xyz,0.92931,INCLUDED_NO_FILTER,retained in no-S2-filter workflow,2.539086383255291,2.9875311229673285,21.0,3.0378425142022523,8.544126141784462,5.506283627582209,-5.50628362758221,-5.3369365192052385
phenalenyl_orca_67,phenalenyl,homodimer,67,/home/rb1820/BLA-ML/phenalenyl/orca_67/str_67.xyz,0.95005,INCLUDED_NO_FILTER,retained in no-S2-filter workflow,2.587180513412119,2.979249982521695,25.0,3.0667460831467634,8.082475802149219,5.015729719002454,-5.015729719002455,-4.789318864903108
phenalenyl_orca_68,phenalenyl,homodimer,68,/home/rb1820/BLA-ML/phenalenyl/orca_68/str_68.xyz,0.909804,INCLUDED_NO_FILTER,retained in no-S2-filter workflow,2.4177275619402026,2.9636747293729777,15.0,3.747672647562815,9.126709810542767,5.379037162979952,-5.379037162979952,-5.186370055996457
phenalenyl_orca_69,phenalenyl,homodimer,69,/home/rb1820/BLA-ML/phenalenyl/orca_69/str_69.xyz,1.013249,INCLUDED_NO_FILTER,retained in no-S2-filter workflow,2.5566791334131485,3.043734462504754,15.0,0.06280946766601815,3.4592442204934377,3.3964347528274192,-3.3964347528274197,-3.3379632558876158
phenalenyl_orca_70,phenalenyl,homodimer,70,/home/rb1820/BLA-ML/phenalenyl/orca_70/str_70.xyz,0.757297,INCLUDED_NO_FILTER,retained in no-S2-filter workflow,2.6157664579517026,2.98749427020023,13.0,1.633366005774071,10.246510539147295,8.613144533373223,-8.613144533373223,-8.628609171687911
phenalenyl_orca_71,phenalenyl,homodimer,71,/home/rb1820/BLA-ML/phenalenyl/orca_71/str_71.xyz,0.969317,INCLUDED_NO_FILTER,retained in no-S2-filter workflow,2.683652105816713,2.9878881698779765,27.0,2.8139753912684045,7.704298035905496,4.8903226446370915,-4.8903226446370915,-4.70714964948902
phenalenyl_orca_72,phenalenyl,homodimer,72,/home/rb1820/BLA-ML/phenalenyl/orca_72/str_72.xyz,0.769926,INCLUDED_NO_FILTER,retained in no-S2-filter workflow,2.511666247988356,3.010172774043953,12.0,1.8864734411720083,10.137418568030547,8.250945126858538,-8.25094512685854,-8.31865454070277
phenalenyl_orca_73,phenalenyl,homodimer,73,/home/rb1820/BLA-ML/phenalenyl/orca_73/str_73.xyz,0.945831,INCLUDED_NO_FILTER,retained in no-S2-filter workflow,2.4707864795729333,2.968117916741316,17.0,3.0227410105022585,7.723355779062608,4.700614768560349,-4.700614768560349,-4.504513106123472
phenalenyl_orca_74,phenalenyl,homodimer,74,/home/rb1820/BLA-ML/phenalenyl/orca_74/str_74.xyz,1.028168,INCLUDED_NO_FILTER,retained in no-S2-filter workflow,2.57436715566394,3.052780714684309,15.0,-0.12447015569940435,2.9805081043205837,3.1049782600199882,-3.1049782600199882,-3.0518977077084464
phenalenyl_orca_75,phenalenyl,homodimer,75,/home/rb1820/BLA-ML/phenalenyl/orca_75/str_75.xyz,0.985896,INCLUDED_NO_FILTER,retained in no-S2-filter workflow,2.64584800391424,3.058500968882558,13.0,-0.13405447873923457,3.8397339142907443,3.9737883930299787,-3.9737883930299787,-3.978756361892788
phenalenyl_orca_76,phenalenyl,homodimer,76,/home/rb1820/BLA-ML/phenalenyl/orca_76/str_76.xyz,0.443296,INCLUDED_NO_FILTER,retained in no-S2-filter workflow,2.2730502729150848,2.851024312947625,19.0,9.35225622538174,22.727065531241934,13.374809305860193,-13.374809305860193,-13.31102989739357
phenalenyl_orca_77,phenalenyl,homodimer,77,/home/rb1820/BLA-ML/phenalenyl/orca_77/str_77.xyz,0.958511,INCLUDED_NO_FILTER,retained in no-S2-filter workflow,2.4808793541183274,2.9735110698852627,16.0,2.891167398047613,7.361996543702385,4.470829145654772,-4.470829145654772,-4.28029499926137
phenalenyl_orca_78,phenalenyl,homodimer,78,/home/rb1820/BLA-ML/phenalenyl/orca_78/str_78.xyz,0.998099,INCLUDED_NO_FILTER,retained in no-S2-filter workflow,2.563457890486509,2.998118900880689,15.0,2.1649524790175074,6.186179455594173,4.021226976576666,-4.021226976576665,-3.999177267372678
phenalenyl_orca_79,phenalenyl,homodimer,79,/home/rb1820/BLA-ML/phenalenyl/orca_79/str_79.xyz,0.793272,INCLUDED_NO_FILTER,retained in no-S2-filter workflow,2.5208216320479817,3.01411474702286,12.0,2.257576151727144,10.086718410429356,7.829142258702212,-7.829142258702212,-7.890966298304984
phenalenyl_orca_80,phenalenyl,homodimer,80,/home/rb1820/BLA-ML/phenalenyl/orca_80/str_80.xyz,1.037058,INCLUDED_NO_FILTER,retained in no-S2-filter workflow,2.575996573678092,3.0503416360278264,16.0,0.17776498267518015,3.1101028870039524,2.9323379043287723,-2.9323379043287723,-2.8802934041176265
phenalenyl_orca_81,phenalenyl,homodimer,81,/home/rb1820/BLA-ML/phenalenyl/orca_81/str_81.xyz,0.987219,INCLUDED_NO_FILTER,retained in no-S2-filter workflow,2.634372554637154,3.0571332661409807,12.0,0.333820740483795,4.303916962531779,3.9700962220479834,-3.970096222047984,-3.9702876144610024
phenalenyl_orca_82,phenalenyl,homodimer,82,/home/rb1820/BLA-ML/phenalenyl/orca_82/str_82.xyz,1.102938,INCLUDED_NO_FILTER,retained in no-S2-filter workflow,2.777876832933042,3.076375044849821,24.0,-2.829369951278121,-1.286229093199624,1.543140858078497,-1.5431408580784969,-1.6686339146773617
phenalenyl_orca_83,phenalenyl,homodimer,83,/home/rb1820/BLA-ML/phenalenyl/orca_83/str_83.xyz,0.844749,INCLUDED_NO_FILTER,retained in no-S2-filter workflow,2.449318802251412,2.974240130604867,17.0,4.162416972857622,11.359857767678069,7.197440794820446,-7.197440794820446,-7.36101942767589
phenalenyl_orca_84,phenalenyl,homodimer,84,/home/rb1820/BLA-ML/phenalenyl/orca_84/str_84.xyz,0.826501,INCLUDED_NO_FILTER,retained in no-S2-filter workflow,2.5324800706610264,3.026440395129982,11.0,2.2541238575448115,9.471197823686094,7.217073966141283,-7.217073966141282,-7.291869520523397
phenalenyl_orca_85,phenalenyl,homodimer,85,/home/rb1820/BLA-ML/phenalenyl/orca_85/str_85.xyz,1.041919,INCLUDED_NO_FILTER,retained in no-S2-filter workflow,2.610851226289026,3.0229229785678102,17.0,1.710447681346027,4.967700845405252,3.2572531640592253,-3.2572531640592253,-3.2335442336866027
phenalenyl_orca_86,phenalenyl,homodimer,86,/home/rb1820/BLA-ML/phenalenyl/orca_86/str_86.xyz,0.753034,INCLUDED_NO_FILTER,retained in no-S2-filter workflow,2.5279293953274244,2.9033754567661063,12.0,5.604120855471305,14.735540186744286,9.13141933127298,-9.13141933127298,-8.95504816583553
phenalenyl_orca_87,phenalenyl,homodimer,87,/home/rb1820/BLA-ML/phenalenyl/orca_87/str_87.xyz,0.762482,INCLUDED_NO_FILTER,retained in no-S2-filter workflow,2.514203157041609,2.8974859135754425,12.0,5.572273570553457,14.440547288335301,8.868273717781845,-8.868273717781843,-8.64386429478093
phenalenyl_orca_88,phenalenyl,homodimer,88,/home/rb1820/BLA-ML/phenalenyl/orca_88/str_88.xyz,1.1112,INCLUDED_NO_FILTER,retained in no-S2-filter workflow,2.8076158629133783,3.099441440187918,23.0,-3.3084960696675334,-1.981386872807232,1.3271091968603015,-1.3271091968603015,-1.444827134630109
phenalenyl_orca_89,phenalenyl,homodimer,89,/home/rb1820/BLA-ML/phenalenyl/orca_89/str_89.xyz,0.896288,INCLUDED_NO_FILTER,retained in no-S2-filter workflow,2.7511092871726426,3.123263592764004,12.0,-0.8660431167992323,5.231832691680607,6.09787580847984,-6.097875808479839,-6.150999661192723
phenalenyl_orca_90,phenalenyl,homodimer,90,/home/rb1820/BLA-ML/phenalenyl/orca_90/str_90.xyz,0.800128,INCLUDED_NO_FILTER,retained in no-S2-filter workflow,2.501898173361068,3.001756027747777,13.0,3.3106263883688642,10.95106864599188,7.640442257623016,-7.6404422576230155,-7.727582095201426
phenalenyl_orca_91,phenalenyl,homodimer,91,/home/rb1820/BLA-ML/phenalenyl/orca_91/str_91.xyz,0.976631,INCLUDED_NO_FILTER,retained in no-S2-filter workflow,2.68102513171004,2.956295875062456,22.0,3.646767862205789,7.291474507712452,3.6447066455066626,-3.6447066455066626,-3.9993547314990536
phenalenyl_orca_92,phenalenyl,homodimer,92,/home/rb1820/BLA-ML/phenalenyl/orca_92/str_92.xyz,1.07952,INCLUDED_NO_FILTER,retained in no-S2-filter workflow,2.6608539566471703,3.104222027298465,14.0,-1.266089562544368,0.8291914475961769,2.095281010140545,-2.095281010140545,-2.071331435470427
phenalenyl_orca_93,phenalenyl,homodimer,93,/home/rb1820/BLA-ML/phenalenyl/orca_93/str_93.xyz,1.006527,INCLUDED_NO_FILTER,retained in no-S2-filter workflow,2.6496068620154216,3.0591535513640897,12.0,0.7351617758766656,4.322405523304322,3.5872437474276566,-3.5872437474276566,-3.5931340419704476
phenalenyl_orca_94,phenalenyl,homodimer,94,/home/rb1820/BLA-ML/phenalenyl/orca_94/str_94.xyz,0.797185,INCLUDED_NO_FILTER,retained in no-S2-filter workflow,2.5396414538374743,2.902782025517456,12.0,5.3170302616700855,13.610019306992534,8.292989045322448,-8.292989045322448,-8.067970008262394
phenalenyl_orca_95,phenalenyl,homodimer,95,/home/rb1820/BLA-ML/phenalenyl/orca_95/str_95.xyz,1.062766,INCLUDED_NO_FILTER,retained in no-S2-filter workflow,2.5965628492321526,3.00206988525176,16.0,2.4269168548708167,5.2983295186174555,2.8714126637466384,-2.871412663746639,-2.795790245225127
phenalenyl_orca_96,phenalenyl,homodimer,96,/home/rb1820/BLA-ML/phenalenyl/orca_96/str_96.xyz,1.026301,INCLUDED_NO_FILTER,retained in no-S2-filter workflow,2.689816520116949,3.0638813626178782,12.0,0.2443950487392193,3.5876561290092965,3.3432610802700773,-3.3432610802700773,-3.384914059357673
phenalenyl_orca_97,phenalenyl,homodimer,97,/home/rb1820/BLA-ML/phenalenyl/orca_97/str_97.xyz,0.791522,INCLUDED_NO_FILTER,retained in no-S2-filter workflow,2.525807701336957,2.904409846817746,12.0,5.296681503048922,13.644717753355316,8.348036250306395,-8.348036250306393,-8.116376225044732
phenalenyl_orca_98,phenalenyl,homodimer,98,/home/rb1820/BLA-ML/phenalenyl/orca_98/str_98.xyz,0.923008,INCLUDED_NO_FILTER,retained in no-S2-filter workflow,2.476214211057448,2.974252346048252,13.0,2.9572132527630255,8.512401743338412,5.555188490575386,-5.555188490575386,-5.754796190240912
phenalenyl_orca_99,phenalenyl,homodimer,99,/home/rb1820/BLA-ML/phenalenyl/orca_99/str_99.xyz,0.860064,INCLUDED_NO_FILTER,retained in no-S2-filter workflow,2.5557097724591267,3.041544432698786,10.0,2.323912355701042,8.93251023669284,6.608597880991798,-6.608597880991798,-6.677573493641258
phenalenyl_orca_100,phenalenyl,homodimer,100,/home/rb1820/BLA-ML/phenalenyl/orca_100/str_100.xyz,1.08751,INCLUDED_NO_FILTER,retained in no-S2-filter workflow,2.727447576349204,3.047050931637985,14.0,-0.1607800664464872,1.868803585763349,2.029583652209836,-2.029583652209836,-2.0266095892815423
phenalenyl_orca_101,phenalenyl,homodimer,101,/home/rb1820/BLA-ML/phenalenyl/orca_101/str_101.xyz,1.136966,INCLUDED_NO_FILTER,retained in no-S2-filter workflow,2.926930866889917,3.16507043298589,19.0,-5.183565311217461,-4.452590888459095,0.7309744227583673,-0.7309744227583668,-0.8403702006107157
phenalenyl_orca_102,phenalenyl,homodimer,102,/home/rb1820/BLA-ML/phenalenyl/orca_102/str_102.xyz,0.8115,INCLUDED_NO_FILTER,retained in no-S2-filter workflow,2.505542023645117,2.9049692511399394,12.0,5.251747973039231,13.141983776061089,7.890235803021857,-7.890235803021858,-7.628270890734514
phenalenyl_orca_103,phenalenyl,homodimer,103,/home/rb1820/BLA-ML/phenalenyl/orca_103/str_103.xyz,1.071598,INCLUDED_NO_FILTER,retained in no-S2-filter workflow,2.629041985375873,3.02454365617882,16.0,1.7086454145080379,4.381662071828325,2.6730166573202867,-2.673016657320287,-2.5876208800745863
phenalenyl_orca_104,phenalenyl,homodimer,104,/home/rb1820/BLA-ML/phenalenyl/orca_104/str_104.xyz,1.114093,INCLUDED_NO_FILTER,retained in no-S2-filter workflow,2.7885365349776405,3.069198442222588,21.0,-2.2415270396976816,-1.0282614431495622,1.2132655965481196,-1.2132655965481194,-1.3806943376750935
phenalenyl_orca_105,phenalenyl,homodimer,105,/home/rb1820/BLA-ML/phenalenyl/orca_105/str_105.xyz,0.890632,INCLUDED_NO_FILTER,retained in no-S2-filter workflow,2.622957653374077,2.9415690011644795,12.0,3.907529020058394,10.479315300286078,6.571786280227684,-6.571786280227684,-6.344853225206635
phenalenyl_orca_106,phenalenyl,homodimer,106,/home/rb1820/BLA-ML/phenalenyl/orca_106/str_106.xyz,0.814294,INCLUDED_NO_FILTER,retained in no-S2-filter workflow,2.6237226784241314,3.006709199627018,13.0,2.968994485210927,10.583185768139444,7.614191282928517,-7.614191282928517,-7.7252427159261154
phenalenyl_orca_107,phenalenyl,homodimer,107,/home/rb1820/BLA-ML/phenalenyl/orca_107/str_107.xyz,1.10408,INCLUDED_NO_FILTER,retained in no-S2-filter workflow,2.732188028125062,3.08354991575527,16.0,-0.2993031536937862,1.5976731489010785,1.8969763025948647,-1.8969763025948647,-1.810279308619863
phenalenyl_orca_108,phenalenyl,homodimer,108,/home/rb1820/BLA-ML/phenalenyl/orca_108/str_108.xyz,0.399088,INCLUDED_NO_FILTER,retained in no-S2-filter workflow,2.3143596875457697,2.873971893032479,22.0,10.244445803909347,24.621362973356696,14.37691716944735,-14.37691716944735,-14.070439524279767
phenalenyl_orca_109,phenalenyl,homodimer,109,/home/rb1820/BLA-ML/phenalenyl/orca_109/str_109.xyz,1.085062,INCLUDED_NO_FILTER,retained in no-S2-filter workflow,2.655461850295589,3.011329390881463,17.0,2.0711167384911082,4.451755790617994,2.3806390521268854,-2.3806390521268854,-2.3302793234088144
phenalenyl_orca_110,phenalenyl,homodimer,110,/home/rb1820/BLA-ML/phenalenyl/orca_110/str_110.xyz,1.116913,INCLUDED_NO_FILTER,retained in no-S2-filter workflow,2.7990833736393146,3.092143612524864,17.0,-1.2423082912755945,-0.014308043696985169,1.2280002475786094,-1.2280002475786094,-1.1343254691604208
phenalenyl_orca_111,phenalenyl,homodimer,111,/home/rb1820/BLA-ML/phenalenyl/orca_111/str_111.xyz,1.128538,INCLUDED_NO_FILTER,retained in no-S2-filter workflow,3.092290349638589,3.170257583945751,21.0,-4.575612592184631,-4.587112298794465,-0.011499706609833989,0.011499706609834348,0.09692761680991335
phenalenyl_orca_112,phenalenyl,homodimer,112,/home/rb1820/BLA-ML/phenalenyl/orca_112/str_112.xyz,1.092182,INCLUDED_NO_FILTER,retained in no-S2-filter workflow,2.6781639509530457,3.1131527623626933,13.0,-0.7801251402362676,1.0565791936790048,1.8367043339152722,-1.8367043339152724,-1.8210882848079235
phenalenyl_orca_113,phenalenyl,homodimer,113,/home/rb1820/BLA-ML/phenalenyl/orca_113/str_113.xyz,1.118193,INCLUDED_NO_FILTER,retained in no-S2-filter workflow,2.8273043142632064,3.1054697378064064,15.0,-0.6222572373423968,0.9441667153902148,1.5664239527326116,-1.5664239527326116,-1.508964282812933
phenalenyl_orca_114,phenalenyl,homodimer,114,/home/rb1820/BLA-ML/phenalenyl/orca_114/str_114.xyz,0.896765,INCLUDED_NO_FILTER,retained in no-S2-filter workflow,2.404514490244695,2.963409189723589,13.0,4.659472249861711,10.676675988809961,6.017203738948251,-6.0172037389482504,-6.246558139721614
phenalenyl_orca_115,phenalenyl,homodimer,115,/home/rb1820/BLA-ML/phenalenyl/orca_115/str_115.xyz,1.14362,INCLUDED_NO_FILTER,retained in no-S2-filter workflow,3.105397161679582,3.198027402683778,20.0,-5.059206005720665,-5.45776077227961,-0.39855476655894573,0.39855476655894506,0.49081777563818996
phenalenyl_orca_116,phenalenyl,homodimer,116,/home/rb1820/BLA-ML/phenalenyl/orca_116/str_116.xyz,1.08947,INCLUDED_NO_FILTER,retained in no-S2-filter workflow,2.6613043453506418,3.007066951794328,17.0,2.453436512212342,4.743425440917402,2.289988928705061,-2.2899889287050605,-2.237734505934929
phenalenyl_orca_117,phenalenyl,homodimer,117,/home/rb1820/BLA-ML/phenalenyl/orca_117/str_117.xyz,1.152188,INCLUDED_NO_FILTER,retained in no-S2-filter workflow,3.0960040695825515,3.2035245444174985,16.0,-6.018885118605827,-5.740600146285847,0.27828497231998084,-0.2782849723199803,-0.38222920069120736
phenalenyl_orca_118,phenalenyl,homodimer,118,/home/rb1820/BLA-ML/phenalenyl/orca_118/str_118.xyz,0.898466,INCLUDED_NO_FILTER,retained in no-S2-filter workflow,2.5804710694824737,3.0470074200450985,10.0,3.0366993130384596,8.891695209556579,5.854995896518118,-5.854995896518119,-5.932492004371255
phenalenyl_orca_119,phenalenyl,homodimer,119,/home/rb1820/BLA-ML/phenalenyl/orca_119/str_119.xyz,1.144357,INCLUDED_NO_FILTER,retained in no-S2-filter workflow,2.9291028247897954,3.1802205415535334,13.0,-3.3631203834673986,-2.544227547902585,0.8188928355648134,-0.8188928355648137,-0.8115952374773681
phenalenyl_orca_120,phenalenyl,homodimer,120,/home/rb1820/BLA-ML/phenalenyl/orca_120/str_120.xyz,1.15912,INCLUDED_NO_FILTER,retained in no-S2-filter workflow,3.171803007083202,3.2776155699755307,14.0,-6.0111439590953095,-6.280806704629705,-0.26966274553439545,0.2696627455343954,0.24662026086652666
phenalenyl_orca_121,phenalenyl,homodimer,121,/home/rb1820/BLA-ML/phenalenyl/orca_121/str_121.xyz,1.020614,INCLUDED_NO_FILTER,retained in no-S2-filter workflow,2.657431395068658,3.057253474763914,10.0,2.0121034665252093,5.328287042427131,3.316183575901922,-3.3161835759019214,-3.3299764391914133
phenalenyl_orca_122,phenalenyl,homodimer,122,/home/rb1820/BLA-ML/phenalenyl/orca_122/str_122.xyz,1.101391,INCLUDED_NO_FILTER,retained in no-S2-filter workflow,2.914503942508329,3.1675952719929845,15.0,-1.7589618977836692,-0.15748537121416756,1.6014765265695017,-1.6014765265695017,-1.4596046208799196
phenalenyl_orca_123,phenalenyl,homodimer,123,/home/rb1820/BLA-ML/phenalenyl/orca_123/str_123.xyz,1.033192,INCLUDED_NO_FILTER,retained in no-S2-filter workflow,2.622143562347268,3.0244473549220925,15.0,2.1351802367637123,5.833605817269238,3.698425580505526,-3.698425580505526,-3.5029784158673736
phenalenyl_orca_124,phenalenyl,homodimer,124,/home/rb1820/BLA-ML/phenalenyl/orca_124/str_124.xyz,1.161662,INCLUDED_NO_FILTER,retained in no-S2-filter workflow,3.0801449025895065,3.2079273787039,15.0,-4.811052327128231,-5.035418936970578,-0.2243666098423476,0.22436660984234713,0.2732201192497623
phenalenyl_orca_125,phenalenyl,homodimer,125,/home/rb1820/BLA-ML/phenalenyl/orca_125/str_125.xyz,1.050258,INCLUDED_NO_FILTER,retained in no-S2-filter workflow,2.690123566918617,3.180923400389479,8.0,-0.45825215622968857,2.239779629777009,2.698031786006698,-2.698031786006698,-2.6780830241751477
phenalenyl_orca_126,phenalenyl,homodimer,126,/home/rb1820/BLA-ML/phenalenyl/orca_126/str_126.xyz,1.166469,INCLUDED_NO_FILTER,retained in no-S2-filter workflow,3.241805555359273,3.3688276539561564,7.0,-6.00824912042806,-5.842634237856376,0.16561488257168389,-0.16561488257168389,-0.1574734078727369
phenalenyl_orca_127,phenalenyl,homodimer,127,/home/rb1820/BLA-ML/phenalenyl/orca_127/str_127.xyz,1.160203,INCLUDED_NO_FILTER,retained in no-S2-filter workflow,3.215190137790103,3.306782083883912,12.0,-7.14825993188078,-7.040955625391258,0.10730430648952204,-0.10730430648952183,-0.1605210220788118
phenalenyl_orca_128,phenalenyl,homodimer,128,/home/rb1820/BLA-ML/phenalenyl/orca_128/str_128.xyz,0.711081,INCLUDED_NO_FILTER,retained in no-S2-filter workflow,2.3928918114953657,2.9081807383724483,21.0,9.763859459093089,19.13686274724073,9.37300328814764,-9.373003288147641,-9.041171418666927
phenalenyl_orca_129,phenalenyl,homodimer,129,/home/rb1820/BLA-ML/phenalenyl/orca_129/str_129.xyz,1.140902,INCLUDED_NO_FILTER,retained in no-S2-filter workflow,3.1443460658313604,3.2456871639515463,15.0,-5.901803809821438,-5.760637309441138,0.1411665003803005,-0.1411665003803,-0.12404782574044493
phenalenyl_orca_130,phenalenyl,homodimer,130,/home/rb1820/BLA-ML/phenalenyl/orca_130/str_130.xyz,1.111752,INCLUDED_NO_FILTER,retained in no-S2-filter workflow,2.825937782697009,3.1414650505429345,13.0,-0.47976868243685383,0.7787979325686885,1.2585666150055423,-1.2585666150055423,-1.2540232859903166
phenalenyl_orca_131,phenalenyl,homodimer,131,/home/rb1820/BLA-ML/phenalenyl/orca_131/str_131.xyz,1.160385,INCLUDED_NO_FILTER,retained in no-S2-filter workflow,3.239650393401508,3.3191854267395824,11.0,-7.157897412458084,-7.058398548279464,0.09949886417861968,-0.09949886417861986,-0.14268336767191503
phenalenyl_orca_132,phenalenyl,homodimer,132,/home/rb1820/BLA-ML/phenalenyl/orca_132/str_132.xyz,1.072688,INCLUDED_NO_FILTER,retained in no-S2-filter workflow,2.669479877078178,3.061833597470921,16.0,-0.857668416769178,1.4034251564584852,2.2610935732276634,-2.2610935732276634,-2.2346433096897127
phenalenyl_orca_133,phenalenyl,homodimer,133,/home/rb1820/BLA-ML/phenalenyl/orca_133/str_133.xyz,1.122195,INCLUDED_NO_FILTER,retained in no-S2-filter workflow,2.768926430556537,3.17453672536985,10.0,-1.6912622832377289,-0.37196217763588046,1.3193001056018483,-1.3193001056018483,-1.283918226475378
phenalenyl_orca_134,phenalenyl,homodimer,134,/home/rb1820/BLA-ML/phenalenyl/orca_134/str_134.xyz,1.161898,INCLUDED_NO_FILTER,retained in no-S2-filter workflow,3.263031667817599,3.3529177092414004,8.0,-7.348214543781388,-7.267254775541615,0.08095976823977348,-0.08095976823977313,-0.11188590546730026
phenalenyl_orca_135,phenalenyl,homodimer,135,/home/rb1820/BLA-ML/phenalenyl/orca_135/str_135.xyz,1.137829,INCLUDED_NO_FILTER,retained in no-S2-filter workflow,2.73794087174278,3.081712280906546,15.0,-0.3782403823377847,-0.03775734235111334,0.34048303998667134,-0.34048303998667134,-0.2282255633785712
phenalenyl_orca_136,phenalenyl,homodimer,136,/home/rb1820/BLA-ML/phenalenyl/orca_136/str_136.xyz,1.050305,INCLUDED_NO_FILTER,retained in no-S2-filter workflow,2.6095938459830967,3.0243991941493205,14.0,1.405276417956151,4.459622394979889,3.0543459770237384,-3.054345977023738,-2.853826865472606
phenalenyl_orca_137,phenalenyl,homodimer,137,/home/rb1820/BLA-ML/phenalenyl/orca_137/str_137.xyz,1.092419,INCLUDED_NO_FILTER,retained in no-S2-filter workflow,2.7653155170802046,3.078120665970632,17.0,-0.045472084391657494,2.2079864248885843,2.2534585092802417,-2.2534585092802417,-2.0604086179816097
phenalenyl_orca_138,phenalenyl,homodimer,138,/home/rb1820/BLA-ML/phenalenyl/orca_138/str_138.xyz,1.153537,INCLUDED_NO_FILTER,retained in no-S2-filter workflow,3.104599895858477,3.235620682624289,14.0,-5.733872046803999,-5.59643841384685,0.13743363295714897,-0.1374336329571486,-0.11350024242666468
phenalenyl_orca_139,phenalenyl,homodimer,139,/home/rb1820/BLA-ML/phenalenyl/orca_139/str_139.xyz,1.163862,INCLUDED_NO_FILTER,retained in no-S2-filter workflow,3.275885991134316,3.3923119273524867,5.0,-7.45695020871363,-7.378651515571683,0.07829869314194751,-0.0782986931419476,-0.10248137358077525
phenalenyl_orca_140,phenalenyl,homodimer,140,/home/rb1820/BLA-ML/phenalenyl/orca_140/str_140.xyz,1.15095,INCLUDED_NO_FILTER,retained in no-S2-filter workflow,3.191951320024595,3.3548168296628105,7.0,-5.6008740750316255,-5.670746599213614,-0.06987252418198858,0.06987252418198864,0.006858189705397422
phenalenyl_orca_141,phenalenyl,homodimer,141,/home/rb1820/BLA-ML/phenalenyl/orca_141/str_141.xyz,1.07444,INCLUDED_NO_FILTER,retained in no-S2-filter workflow,2.6742205468726734,3.050185055530256,15.0,0.10356439827907132,2.5286839989152874,2.425119600636216,-2.425119600636216,-2.285189036673775
phenalenyl_orca_142,phenalenyl,homodimer,142,/home/rb1820/BLA-ML/phenalenyl/orca_142/str_142.xyz,1.151272,INCLUDED_NO_FILTER,retained in no-S2-filter workflow,3.026880647945143,3.2612647296768147,8.0,-4.342361250202843,-4.176916832386857,0.1654444178159865,-0.16544441781598618,-0.1344618430296327
phenalenyl_orca_143,phenalenyl,homodimer,143,/home/rb1820/BLA-ML/phenalenyl/orca_143/str_143.xyz,1.146845,INCLUDED_NO_FILTER,retained in no-S2-filter workflow,3.1464530313002568,3.308751553361774,10.0,-6.315555878846963,-6.257562801151868,0.05799307769509561,-0.05799307769509543,-0.06632537219559698
phenalenyl_orca_144,phenalenyl,homodimer,144,/home/rb1820/BLA-ML/phenalenyl/orca_144/str_144.xyz,1.158175,INCLUDED_NO_FILTER,retained in no-S2-filter workflow,3.0389120530846663,3.237142542667198,12.0,-3.756309069281572,-3.620720226966596,0.13558884231497573,-0.1355888423149758,-0.15263866486332178
phenalenyl_orca_145,phenalenyl,homodimer,145,/home/rb1820/BLA-ML/phenalenyl/orca_145/str_145.xyz,1.164562,INCLUDED_NO_FILTER,retained in no-S2-filter workflow,3.309980338512937,3.439853368798328,3.0,-7.407406543551098,-7.316121063661041,0.09128547989005764,-0.09128547989005753,-0.10890120050009866
phenalenyl_orca_146,phenalenyl,homodimer,146,/home/rb1820/BLA-ML/phenalenyl/orca_146/str_146.xyz,1.149705,INCLUDED_NO_FILTER,retained in no-S2-filter workflow,2.783344554525699,3.0134909831153154,26.0,0.20466612122127315,0.7804894577828919,0.5758233365616188,-0.5758233365616188,-0.6685340434455358
phenalenyl_orca_147,phenalenyl,homodimer,147,/home/rb1820/BLA-ML/phenalenyl/orca_147/str_147.xyz,1.157783,INCLUDED_NO_FILTER,retained in no-S2-filter workflow,3.1072109516675472,3.260759643843773,12.0,-5.917248927683439,-5.889998578885626,0.02725034879781394,-0.027250348797813295,-0.004651240182056426
phenalenyl_orca_148,phenalenyl,homodimer,148,/home/rb1820/BLA-ML/phenalenyl/orca_148/str_148.xyz,1.150359,INCLUDED_NO_FILTER,retained in no-S2-filter workflow,2.935162118982304,3.206110551272736,13.0,-2.0662442272517096,-1.461431314620025,0.6048129126316847,-0.6048129126316846,-0.5445029131349111
phenalenyl_orca_149,phenalenyl,homodimer,149,/home/rb1820/BLA-ML/phenalenyl/orca_149/str_149.xyz,0.9282,INCLUDED_NO_FILTER,retained in no-S2-filter workflow,2.5869106157939603,3.048581534921438,10.0,4.124902637329707,9.417344203792359,5.292441566462652,-5.292441566462652,-5.3715028434602
phenalenyl_orca_150,phenalenyl,homodimer,150,/home/rb1820/BLA-ML/phenalenyl/orca_150/str_150.xyz,1.170848,INCLUDED_NO_FILTER,retained in no-S2-filter workflow,3.1645020425008714,3.255717801862088,14.0,-3.391624891497039,-2.975080462451276,0.41654442904576294,-0.41654442904576294,-0.410075744647719
phenalenyl_orca_151,phenalenyl,homodimer,151,/home/rb1820/BLA-ML/phenalenyl/orca_151/str_151.xyz,0.973607,INCLUDED_NO_FILTER,retained in no-S2-filter workflow,2.7742948122209303,3.1708156744189138,8.0,0.1018497625405568,4.535128022767292,4.433278260226736,-4.433278260226736,-4.471938515442073
phenalenyl_orca_152,phenalenyl,homodimer,152,/home/rb1820/BLA-ML/phenalenyl/orca_152/str_152.xyz,1.111281,INCLUDED_NO_FILTER,retained in no-S2-filter workflow,2.7809844620709585,3.07108202654438,16.0,-1.2389269923049153,0.20694546214442378,1.445872454449339,-1.445872454449339,-1.2872361697908916
phenalenyl_orca_153,phenalenyl,homodimer,153,/home/rb1820/BLA-ML/phenalenyl/orca_153/str_153.xyz,1.135361,INCLUDED_NO_FILTER,retained in no-S2-filter workflow,2.87937154524988,3.147573928988416,12.0,-1.272066904675688,-0.3710039116743675,0.9010629930013205,-0.9010629930013205,-0.9157976460485286
phenalenyl_orca_154,phenalenyl,homodimer,154,/home/rb1820/BLA-ML/phenalenyl/orca_154/str_154.xyz,1.159559,INCLUDED_NO_FILTER,retained in no-S2-filter workflow,3.125759817607855,3.262539135233657,14.0,-5.411762598454641,-5.14794160963733,0.2638209888173102,-0.26382098881731064,-0.21232434480603324
phenalenyl_orca_155,phenalenyl,homodimer,155,/home/rb1820/BLA-ML/phenalenyl/orca_155/str_155.xyz,1.146427,INCLUDED_NO_FILTER,retained in no-S2-filter workflow,3.0143102827303334,3.1677579892058634,18.0,-3.6325471666042133,-3.8378560250853986,-0.20530885848118527,0.2053088584811853,0.2539551027433804
phenalenyl_orca_156,phenalenyl,homodimer,156,/home/rb1820/BLA-ML/phenalenyl/orca_156/str_156.xyz,1.162416,INCLUDED_NO_FILTER,retained in no-S2-filter workflow,3.0753940583897488,3.195415771221703,16.0,-2.230902061271604,-2.3092909438212654,-0.07838888254966107,0.07838888254966125,0.08207680605923162
phenalenyl_orca_157,phenalenyl,homodimer,157,/home/rb1820/BLA-ML/phenalenyl/orca_157/str_157.xyz,1.150402,INCLUDED_NO_FILTER,retained in no-S2-filter workflow,3.1095044934198786,3.319871594099895,9.0,-6.259633212807881,-6.295118610650888,-0.03548539784300711,0.03548539784300697,0.02348531206270632
phenalenyl_orca_158,phenalenyl,homodimer,158,/home/rb1820/BLA-ML/phenalenyl/orca_158/str_158.xyz,1.168586,INCLUDED_NO_FILTER,retained in no-S2-filter workflow,3.2162818840991725,3.295538214696079,11.0,-4.509472003017643,-4.301848035594849,0.207623967422794,-0.20762396742279332,-0.2120029925707536
phenalenyl_orca_159,phenalenyl,homodimer,159,/home/rb1820/BLA-ML/phenalenyl/orca_159/str_159.xyz,1.116142,INCLUDED_NO_FILTER,retained in no-S2-filter workflow,2.777555972703765,3.069269322398036,22.0,0.31911202388306614,1.2710135076146039,0.9519014837315376,-0.9519014837315377,-0.8994960636316999
phenalenyl_orca_160,phenalenyl,homodimer,160,/home/rb1820/BLA-ML/phenalenyl/orca_160/str_160.xyz,1.119823,INCLUDED_NO_FILTER,retained in no-S2-filter workflow,2.6910070597593325,3.0006068028563884,17.0,3.6556181133639125,5.318282448006166,1.6626643346422538,-1.6626643346422538,-1.5933221492856822
phenalenyl_orca_161,phenalenyl,homodimer,161,/home/rb1820/BLA-ML/phenalenyl/orca_161/str_161.xyz,1.162751,INCLUDED_NO_FILTER,retained in no-S2-filter workflow,3.104140099626968,3.322054232918075,7.0,-5.003255627612473,-4.977778318759157,0.025477308853316213,-0.02547730885331667,-0.053126596737398835
phenalenyl_orca_162,phenalenyl,homodimer,162,/home/rb1820/BLA-ML/phenalenyl/orca_162/str_162.xyz,1.166983,INCLUDED_NO_FILTER,retained in no-S2-filter workflow,3.0711406066783566,3.250072149770392,11.0,-2.8319673749307372,-2.723914482952488,0.10805289197824941,-0.1080528919782493,-0.08975876573402086
phenalenyl_orca_163,phenalenyl,homodimer,163,/home/rb1820/BLA-ML/phenalenyl/orca_163/str_163.xyz,1.070673,INCLUDED_NO_FILTER,retained in no-S2-filter workflow,2.639886812941973,2.994497345994055,19.0,2.391188752042323,4.569784277268901,2.1785955252265774,-2.1785955252265774,-1.8977883146581225
phenalenyl_orca_164,phenalenyl,homodimer,164,/home/rb1820/BLA-ML/phenalenyl/orca_164/str_164.xyz,1.140517,INCLUDED_NO_FILTER,retained in no-S2-filter workflow,2.9833593093073034,3.128914127724177,15.0,-2.578777844312443,-1.6418893188935242,0.936888525418919,-0.936888525418919,-0.8171601754120863
phenalenyl_orca_165,phenalenyl,homodimer,165,/home/rb1820/BLA-ML/phenalenyl/orca_165/str_165.xyz,1.161777,INCLUDED_NO_FILTER,retained in no-S2-filter workflow,3.118317940460479,3.224476872988501,11.0,-3.5007582230123,-3.2055569180411916,0.2952013049711084,-0.2952013049711084,-0.361720759039188
phenalenyl_orca_166,phenalenyl,homodimer,166,/home/rb1820/BLA-ML/phenalenyl/orca_166/str_166.xyz,1.164613,INCLUDED_NO_FILTER,retained in no-S2-filter workflow,3.2266219683676307,3.2909034634180343,14.0,-4.414319336638866,-4.511450639530032,-0.09713130289116487,0.09713130289116556,0.09182912729835735
phenalenyl_orca_167,phenalenyl,homodimer,167,/home/rb1820/BLA-ML/phenalenyl/orca_167/str_167.xyz,1.073762,INCLUDED_NO_FILTER,retained in no-S2-filter workflow,3.0929212046708976,3.411551660683238,3.0,-3.5588140535594097,-1.4206215805229916,2.138192473036418,-2.138192473036418,-2.1717732452454497
phenalenyl_orca_168,phenalenyl,homodimer,168,/home/rb1820/BLA-ML/phenalenyl/orca_168/str_168.xyz,1.165295,INCLUDED_NO_FILTER,retained in no-S2-filter workflow,3.3718354728888555,3.4975875566943926,1.0,-6.772139070715389,-6.702514893479942,0.06962417723544699,-0.0696241772354469,-0.0821289960260767
phenalenyl_orca_169,phenalenyl,homodimer,169,/home/rb1820/BLA-ML/phenalenyl/orca_169/str_169.xyz,1.161027,INCLUDED_NO_FILTER,retained in no-S2-filter workflow,3.313601861353894,3.4950603240547347,2.0,-5.697201681405206,-5.584314074318588,0.11288760708661816,-0.11288760708661805,-0.11398601116551887
phenalenyl_orca_170,phenalenyl,homodimer,170,/home/rb1820/BLA-ML/phenalenyl/orca_170/str_170.xyz,1.168363,INCLUDED_NO_FILTER,retained in no-S2-filter workflow,3.1429773810257102,3.2848025325613834,11.0,-3.9259851228970835,-3.560876262377905,0.3651088605191785,-0.36510886051917835,-0.354481599372956
phenalenyl_orca_171,phenalenyl,homodimer,171,/home/rb1820/BLA-ML/phenalenyl/orca_171/str_171.xyz,1.079996,INCLUDED_NO_FILTER,retained in no-S2-filter workflow,2.807503216091745,3.132991830408601,10.0,1.2853228069593208,3.361682427256096,2.076359620296775,-2.076359620296775,-2.088843696943761
phenalenyl_orca_172,phenalenyl,homodimer,172,/home/rb1820/BLA-ML/phenalenyl/orca_172/str_172.xyz,1.157059,INCLUDED_NO_FILTER,retained in no-S2-filter workflow,3.168510810527025,3.354394757939165,5.0,-4.271184451955459,-4.298524335049735,-0.02733988309427689,0.027339883094276374,0.09548973931814064
phenalenyl_orca_173,phenalenyl,homodimer,173,/home/rb1820/BLA-ML/phenalenyl/orca_173/str_173.xyz,1.091217,INCLUDED_NO_FILTER,retained in no-S2-filter workflow,2.7486671294249665,3.147027788677422,10.0,1.1937953217109174,3.1956464406278426,2.001851118916925,-2.0018511189169255,-1.9558363810152715
phenalenyl_orca_174,phenalenyl,homodimer,174,/home/rb1820/BLA-ML/phenalenyl/orca_174/str_174.xyz,1.158795,INCLUDED_NO_FILTER,retained in no-S2-filter workflow,3.0538061811053003,3.246949343558704,15.0,-3.159964070742648,-3.2229512471980915,-0.06298717645544324,0.06298717645544327,0.015376133066374198
phenalenyl_orca_175,phenalenyl,homodimer,175,/home/rb1820/BLA-ML/phenalenyl/orca_175/str_175.xyz,1.161457,INCLUDED_NO_FILTER,retained in no-S2-filter workflow,3.0622652381869684,3.2257012312544475,10.0,-5.1722523664595395,-5.496801779337054,-0.32454941287751493,0.3245494128775146,0.33977856341484114
phenalenyl_orca_176,phenalenyl,homodimer,176,/home/rb1820/BLA-ML/phenalenyl/orca_176/str_176.xyz,1.164595,INCLUDED_NO_FILTER,retained in no-S2-filter workflow,3.128638369579693,3.3007684918320903,9.0,-4.354493450566736,-4.431038223410398,-0.07654477284366198,0.07654477284366212,0.06942640790315302
phenalenyl_orca_177,phenalenyl,homodimer,177,/home/rb1820/BLA-ML/phenalenyl/orca_177/str_177.xyz,1.165334,INCLUDED_NO_FILTER,retained in no-S2-filter workflow,3.161535895169865,3.3047577469712537,10.0,-3.8989158464066347,-3.9565249077029434,-0.057609061296308495,0.05760906129630872,0.049664530556964515
phenalenyl_orca_178,phenalenyl,homodimer,178,/home/rb1820/BLA-ML/phenalenyl/orca_178/str_178.xyz,1.160941,INCLUDED_NO_FILTER,retained in no-S2-filter workflow,3.1779509387369984,3.33442035951368,8.0,-5.805780340361922,-6.010133852667423,-0.2043535123055011,0.20435351230550047,0.2003902755496827
phenalenyl_orca_179,phenalenyl,homodimer,179,/home/rb1820/BLA-ML/phenalenyl/orca_179/str_179.xyz,1.157983,INCLUDED_NO_FILTER,retained in no-S2-filter workflow,2.968420184788714,3.3075117683576054,5.0,-2.4367760541162653,-2.723014650018144,-0.2862385959018784,0.2862385959018785,0.2550204966449461
phenalenyl_orca_180,phenalenyl,homodimer,180,/home/rb1820/BLA-ML/phenalenyl/orca_180/str_180.xyz,1.117105,INCLUDED_NO_FILTER,retained in no-S2-filter workflow,2.779844543835904,3.134278047305696,10.0,0.9532956045607033,2.61050324172646,1.657207637165757,-1.657207637165757,-1.594365409057853
phenalenyl_orca_181,phenalenyl,homodimer,181,/home/rb1820/BLA-ML/phenalenyl/orca_181/str_181.xyz,1.165988,INCLUDED_NO_FILTER,retained in no-S2-filter workflow,3.46287217979226,3.5876194961391468,0.0,-5.8231758762276105,-5.761679750742124,0.06149612548548676,-0.061496125485486886,-0.05931114894071765
phenalenyl_orca_182,phenalenyl,homodimer,182,/home/rb1820/BLA-ML/phenalenyl/orca_182/str_182.xyz,1.16396,INCLUDED_NO_FILTER,retained in no-S2-filter workflow,3.1632727865992893,3.3475511651709504,7.0,-3.3921933203217534,-3.6216787590246966,-0.22948543870294336,0.22948543870294325,0.2388352212177396
phenalenyl_orca_183,phenalenyl,homodimer,183,/home/rb1820/BLA-ML/phenalenyl/orca_183/str_183.xyz,1.15735,INCLUDED_NO_FILTER,retained in no-S2-filter workflow,3.099112379487142,3.294751872601748,6.0,-4.456565666501645,-4.42187562122904,0.03469004527260605,-0.03469004527260555,-0.052042218355120795
phenalenyl_orca_184,phenalenyl,homodimer,184,/home/rb1820/BLA-ML/phenalenyl/orca_184/str_184.xyz,1.165462,INCLUDED_NO_FILTER,retained in no-S2-filter workflow,3.279308333236992,3.451478901931804,3.0,-4.9825567858286375,-4.9123076266815975,0.07024915914704052,-0.07024915914704,-0.06837183187096407
phenalenyl_orca_185,phenalenyl,homodimer,185,/home/rb1820/BLA-ML/phenalenyl/orca_185/str_185.xyz,1.162801,INCLUDED_NO_FILTER,retained in no-S2-filter workflow,3.1251861833806727,3.276993178428749,10.0,-4.658632389890444,-4.8713008426395685,-0.2126684527491245,0.21266845274912427,0.2075592180377983
phenalenyl_orca_186,phenalenyl,homodimer,186,/home/rb1820/BLA-ML/phenalenyl/orca_186/str_186.xyz,1.166281,INCLUDED_NO_FILTER,retained in no-S2-filter workflow,3.472022702181677,3.590972688305408,0.0,-5.27740891443432,-5.2118435499706095,0.06556536446371018,-0.0655653644637102,-0.0679995070776851
phenalenyl_orca_187,phenalenyl,homodimer,187,/home/rb1820/BLA-ML/phenalenyl/orca_187/str_187.xyz,0.991452,INCLUDED_NO_FILTER,retained in no-S2-filter workflow,2.509728931626649,3.2711587305619707,6.0,4.275218343818674,8.632264905180161,4.3570465613614875,-4.3570465613614875,-4.356471755980124
phenalenyl_orca_188,phenalenyl,homodimer,188,/home/rb1820/BLA-ML/phenalenyl/orca_188/str_188.xyz,1.163596,INCLUDED_NO_FILTER,retained in no-S2-filter workflow,3.11225056229944,3.3008121929287504,8.0,-3.7268987550555797,-3.82860573658774,-0.10170698153216087,0.10170698153216051,0.08863923649582972
phenalenyl_orca_189,phenalenyl,homodimer,189,/home/rb1820/BLA-ML/phenalenyl/orca_189/str_189.xyz,1.147195,INCLUDED_NO_FILTER,retained in no-S2-filter workflow,2.863823295134997,3.119107137662992,15.0,0.8639387819659827,1.5044085229201005,0.6404697409541178,-0.6404697409541178,-0.7018208387376663
phenalenyl_orca_190,phenalenyl,homodimer,190,/home/rb1820/BLA-ML/phenalenyl/orca_190/str_190.xyz,1.160613,INCLUDED_NO_FILTER,retained in no-S2-filter workflow,2.958044275572496,3.2064279731757592,10.0,-0.10510469124298574,-0.11856076400698605,-0.0134560727640003,0.013456072764000307,0.059294177057853684
phenalenyl_orca_191,phenalenyl,homodimer,191,/home/rb1820/BLA-ML/phenalenyl/orca_191/str_191.xyz,1.166289,INCLUDED_NO_FILTER,retained in no-S2-filter workflow,3.130542506049351,3.2883168820539845,10.0,-3.6902175808561983,-3.651669548332134,0.03854803252406432,-0.03854803252406436,-0.031263730609298435
phenalenyl_orca_192,phenalenyl,homodimer,192,/home/rb1820/BLA-ML/phenalenyl/orca_192/str_192.xyz,1.16229,INCLUDED_NO_FILTER,retained in no-S2-filter workflow,2.9353688339664297,3.138829378566117,17.0,0.22573819806904052,-0.22287110792541984,-0.44860930599446036,0.44860930599446036,0.40910941955934377
phenalenyl_orca_193,phenalenyl,homodimer,193,/home/rb1820/BLA-ML/phenalenyl/orca_193/str_193.xyz,1.166348,INCLUDED_NO_FILTER,retained in no-S2-filter workflow,3.1514810393696973,3.306878720860196,12.0,-2.7310459662416537,-2.714768677315658,0.016277288925995906,-0.01627728892599567,-0.01754661605969776
phenalenyl_orca_194,phenalenyl,homodimer,194,/home/rb1820/BLA-ML/phenalenyl/orca_194/str_194.xyz,1.163058,INCLUDED_NO_FILTER,retained in no-S2-filter workflow,3.615477072193825,3.771241984809861,0.0,-3.472637194194501,-3.3037094230172332,0.16892777117726812,-0.16892777117726787,-0.1704021205403219
phenalenyl_orca_195,phenalenyl,homodimer,195,/home/rb1820/BLA-ML/phenalenyl/orca_195/str_195.xyz,1.1424,INCLUDED_NO_FILTER,retained in no-S2-filter workflow,3.349862643114164,3.518378633322924,2.0,-2.7109810828132033,-2.2375667050640162,0.4734143777491868,-0.47341437774918704,-0.5026620128488806
phenalenyl_orca_196,phenalenyl,homodimer,196,/home/rb1820/BLA-ML/phenalenyl/orca_196/str_196.xyz,1.166653,INCLUDED_NO_FILTER,retained in no-S2-filter workflow,3.121909072722995,3.304652906835814,7.0,-3.305829126747581,-3.222024332907756,0.08380479383982536,-0.0838047938398252,-0.07625349745983057
phenalenyl_orca_197,phenalenyl,homodimer,197,/home/rb1820/BLA-ML/phenalenyl/orca_197/str_197.xyz,1.165496,INCLUDED_NO_FILTER,retained in no-S2-filter workflow,3.10261349972356,3.323564661565448,6.0,-2.3860686989947446,-2.4044528471759343,-0.018384148181189813,0.01838414818118972,0.02880864166526953
phenalenyl_orca_198,phenalenyl,homodimer,198,/home/rb1820/BLA-ML/phenalenyl/orca_198/str_198.xyz,1.163185,INCLUDED_NO_FILTER,retained in no-S2-filter workflow,3.6354959447454687,3.7917136998235,0.0,-3.2771946338878113,-3.1177838778669584,0.1594107560208529,-0.15941075602085286,-0.15885725127421368
phenalenyl_orca_199,phenalenyl,homodimer,199,/home/rb1820/BLA-ML/phenalenyl/orca_199/str_199.xyz,1.162692,INCLUDED_NO_FILTER,retained in no-S2-filter workflow,2.9851774382295595,3.3144553549389983,6.0,0.26979135800525994,-0.07550557257057798,-0.3452969305758379,0.34529693057583793,0.35980178776303434
phenalenyl_orca_200,phenalenyl,homodimer,200,/home/rb1820/BLA-ML/phenalenyl/orca_200/str_200.xyz,1.16139,INCLUDED_NO_FILTER,retained in no-S2-filter workflow,3.186575770200585,3.453273973384352,4.0,-4.269396454671829,-4.380901153297804,-0.11150469862597565,0.11150469862597578,0.10052998317197437
phenalenyl_orca_201,phenalenyl,homodimer,201,/home/rb1820/BLA-ML/phenalenyl/orca_201/str_201.xyz,1.164654,INCLUDED_NO_FILTER,retained in no-S2-filter workflow,3.3493421167889106,3.5687810981236794,3.0,-3.362541441972642,-3.357219852220634,0.0053215897520077085,-0.005321589752008027,-0.002799907414955616
phenalenyl_orca_202,phenalenyl,homodimer,202,/home/rb1820/BLA-ML/phenalenyl/orca_202/str_202.xyz,1.163182,INCLUDED_NO_FILTER,retained in no-S2-filter workflow,3.27608267947301,3.5207605160466784,2.0,-3.952343918787484,-3.937590004504232,0.01475391428325172,-0.014753914283252012,-0.015459494755669656
phenalenyl_orca_203,phenalenyl,homodimer,203,/home/rb1820/BLA-ML/phenalenyl/orca_203/str_203.xyz,1.142132,INCLUDED_NO_FILTER,retained in no-S2-filter workflow,3.1139735827244754,3.52130857635776,3.0,-1.2165963754764846,-0.882546904001733,0.3340494714747516,-0.3340494714747516,-0.3541637738616942
phenalenyl_orca_204,phenalenyl,homodimer,204,/home/rb1820/BLA-ML/phenalenyl/orca_204/str_204.xyz,1.164548,INCLUDED_NO_FILTER,retained in no-S2-filter workflow,3.357821311470498,3.530682391570036,1.0,-3.8431733973135005,-3.914700038309214,-0.07152664099571318,0.07152664099571338,0.0565291293219885
phenalenyl_orca_205,phenalenyl,homodimer,205,/home/rb1820/BLA-ML/phenalenyl/orca_205/str_205.xyz,1.166766,INCLUDED_NO_FILTER,retained in no-S2-filter workflow,3.3831271886997243,3.575290622342892,2.0,-2.244516141547322,-2.1521937844858643,0.09232235706145754,-0.09232235706145753,-0.09439740042648603
phenalenyl_orca_206,phenalenyl,homodimer,206,/home/rb1820/BLA-ML/phenalenyl/orca_206/str_206.xyz,1.164906,INCLUDED_NO_FILTER,retained in no-S2-filter workflow,3.276674453561999,3.5168561967696745,3.0,-2.6013811823208295,-2.623361305570055,-0.021980123249225506,0.021980123249225603,0.02486692359956777
phenalenyl_orca_207,phenalenyl,homodimer,207,/home/rb1820/BLA-ML/phenalenyl/orca_207/str_207.xyz,1.164176,INCLUDED_NO_FILTER,retained in no-S2-filter workflow,3.491527934306542,3.7608778374478526,0.0,-4.058253966905154,-4.104208995130267,-0.04595502822511362,0.045955028225113104,0.0382094386188494
phenalenyl_orca_208,phenalenyl,homodimer,208,/home/rb1820/BLA-ML/phenalenyl/orca_208/str_208.xyz,1.163279,INCLUDED_NO_FILTER,retained in no-S2-filter workflow,3.233543315438579,3.56109275965687,2.0,-3.8765198468643645,-3.9910901940541157,-0.11457034718975145,0.11457034718975123,0.10660952542062407
phenalenyl_orca_209,phenalenyl,homodimer,209,/home/rb1820/BLA-ML/phenalenyl/orca_209/str_209.xyz,1.157922,INCLUDED_NO_FILTER,retained in no-S2-filter workflow,3.0180999245667137,3.333987072024236,6.0,-0.9290552073145988,-0.9630891493598984,-0.034033942045299616,0.03403394204529964,0.10195635253216662
phenalenyl_orca_210,phenalenyl,homodimer,210,/home/rb1820/BLA-ML/phenalenyl/orca_210/str_210.xyz,1.103327,INCLUDED_NO_FILTER,retained in no-S2-filter workflow,2.920374726195608,3.300397176187789,7.0,2.451471402252715,4.0456170951723545,1.5941456929196391,-1.5941456929196396,-1.5764357924588386
phenalenyl_orca_211,phenalenyl,homodimer,211,/home/rb1820/BLA-ML/phenalenyl/orca_211/str_211.xyz,1.163399,INCLUDED_NO_FILTER,retained in no-S2-filter workflow,3.305460105885666,3.5762237361609848,1.0,-3.981121839634189,-4.031846387876895,-0.05072454824270579,0.05072454824270567,0.05262642560421016
phenalenyl_orca_212,phenalenyl,homodimer,212,/home/rb1820/BLA-ML/phenalenyl/orca_212/str_212.xyz,1.167197,INCLUDED_NO_FILTER,retained in no-S2-filter workflow,3.038660052542054,3.3243901250222065,7.0,-0.3843966016579703,-0.2715576070649643,0.112838994593006,-0.112838994593006,-0.12928802683003654
phenalenyl_orca_213,phenalenyl,homodimer,213,/home/rb1820/BLA-ML/phenalenyl/orca_213/str_213.xyz,1.16434,INCLUDED_NO_FILTER,retained in no-S2-filter workflow,3.397164763509368,3.771750570238511,1.0,-3.5078900187687725,-3.5448274635291455,-0.03693744476037296,0.03693744476037297,0.040296004968272126
phenalenyl_orca_214,phenalenyl,homodimer,214,/home/rb1820/BLA-ML/phenalenyl/orca_214/str_214.xyz,1.165764,INCLUDED_NO_FILTER,retained in no-S2-filter workflow,3.1424983843202465,3.464899240656992,4.0,-0.7297790655219537,-0.7319180972813912,-0.00213903175943756,0.0021390317594375263,0.008032776823057586
phenalenyl_orca_215,phenalenyl,homodimer,215,/home/rb1820/BLA-ML/phenalenyl/orca_215/str_215.xyz,1.162739,INCLUDED_NO_FILTER,retained in no-S2-filter workflow,3.0046728205624387,3.399970035952064,5.0,-0.12603137477006546,-0.40553573484583677,-0.2795043600757713,0.2795043600757713,0.28796468516914075
phenalenyl_orca_216,phenalenyl,homodimer,216,/home/rb1820/BLA-ML/phenalenyl/orca_216/str_216.xyz,1.164351,INCLUDED_NO_FILTER,retained in no-S2-filter workflow,3.2970490796215195,3.697416352596948,1.0,-3.2512034349526253,-3.2331118172372046,0.01809161771542049,-0.01809161771542067,-0.01331848217685705
phenalenyl_orca_217,phenalenyl,homodimer,217,/home/rb1820/BLA-ML/phenalenyl/orca_217/str_217.xyz,1.162775,INCLUDED_NO_FILTER,retained in no-S2-filter workflow,3.231327694140548,3.5890123921645256,2.0,-0.2283027320407386,-0.4665320352019328,-0.23822930316119423,0.23822930316119423,0.2286389934761795
phenalenyl_orca_218,phenalenyl,homodimer,218,/home/rb1820/BLA-ML/phenalenyl/orca_218/str_218.xyz,1.16426,INCLUDED_NO_FILTER,retained in no-S2-filter workflow,3.5238571266310825,3.7707215704948736,0.0,-3.678395642478978,-3.7211005330243534,-0.04270489054537539,0.042704890545375296,0.05303888591626116
phenalenyl_orca_219,phenalenyl,homodimer,219,/home/rb1820/BLA-ML/phenalenyl/orca_219/str_219.xyz,1.164176,INCLUDED_NO_FILTER,retained in no-S2-filter workflow,3.572586436379121,3.874322807783708,0.0,-3.23253736121777,-3.2144104661574384,0.01812689506033161,-0.018126895060331716,-0.009348986891238642
phenalenyl_orca_220,phenalenyl,homodimer,220,/home/rb1820/BLA-ML/phenalenyl/orca_220/str_220.xyz,1.162381,INCLUDED_NO_FILTER,retained in no-S2-filter workflow,3.097201438112468,3.488964358900818,5.0,-1.931125051905916,-1.92541290534355,0.005712146562365832,-0.005712146562365961,-0.03167660299345587
phenalenyl_orca_221,phenalenyl,homodimer,221,/home/rb1820/BLA-ML/phenalenyl/orca_221/str_221.xyz,1.163955,INCLUDED_NO_FILTER,retained in no-S2-filter workflow,3.4936011546329584,3.869941932297442,0.0,-3.1913992325421114,-3.141878736901713,0.049520495640398156,-0.04952049564039829,-0.042492733711951836
phenalenyl_orca_222,phenalenyl,homodimer,222,/home/rb1820/BLA-ML/phenalenyl/orca_222/str_222.xyz,1.164797,INCLUDED_NO_FILTER,retained in no-S2-filter workflow,3.443849240077529,3.781015787586649,0.0,-3.614012735559702,-3.616285196494939,-0.002272460935237146,0.0022724609352371417,0.004110593132195639
phenalenyl_orca_223,phenalenyl,homodimer,223,/home/rb1820/BLA-ML/phenalenyl/orca_223/str_223.xyz,1.164193,INCLUDED_NO_FILTER,retained in no-S2-filter workflow,3.4802609780295564,3.7445918357788712,0.0,-3.450451435425981,-3.4880505788613174,-0.037599143435336026,0.03759914343533621,0.035916764315461425
phenalenyl_orca_224,phenalenyl,homodimer,224,/home/rb1820/BLA-ML/phenalenyl/orca_224/str_224.xyz,1.161869,INCLUDED_NO_FILTER,retained in no-S2-filter workflow,3.2508616980484977,3.535055251672948,3.0,-3.0508487838576532,-3.0139838704638455,0.0368649133938076,-0.03686491339380771,-0.033181476418442823
phenalenyl_orca_225,phenalenyl,homodimer,225,/home/rb1820/BLA-ML/phenalenyl/orca_225/str_225.xyz,1.164458,INCLUDED_NO_FILTER,retained in no-S2-filter workflow,3.5312478082673144,3.8088657034064775,0.0,-3.4094698911090027,-3.4138699084775075,-0.004400017368504829,0.004400017368504816,0.005498707081909249
phenalenyl_orca_226,phenalenyl,homodimer,226,/home/rb1820/BLA-ML/phenalenyl/orca_226/str_226.xyz,1.161601,INCLUDED_NO_FILTER,retained in no-S2-filter workflow,3.629932757130884,3.907386166377632,0.0,-2.6763867146018803,-2.56404953808043,0.11233717652145074,-0.11233717652145048,-0.08723967225582063
phenalenyl_orca_227,phenalenyl,homodimer,227,/home/rb1820/BLA-ML/phenalenyl/orca_227/str_227.xyz,1.162139,INCLUDED_NO_FILTER,retained in no-S2-filter workflow,3.119232692001504,3.4714824044057018,3.0,0.7378706840833261,0.6622520782480278,-0.07561860583529838,0.07561860583529834,0.07387727748205242
phenalenyl_orca_228,phenalenyl,homodimer,228,/home/rb1820/BLA-ML/phenalenyl/orca_228/str_228.xyz,1.162432,INCLUDED_NO_FILTER,retained in no-S2-filter workflow,3.046332280976145,3.5053125643707084,3.0,-1.7022760327021047,-1.7625435718365963,-0.06026753913449151,0.060267539134491566,0.035791319571497615
phenalenyl_orca_229,phenalenyl,homodimer,229,/home/rb1820/BLA-ML/phenalenyl/orca_229/str_229.xyz,1.164612,INCLUDED_NO_FILTER,retained in no-S2-filter workflow,3.412057124222976,3.8011288319159178,0.0,-2.7267119195677063,-2.723138255592785,0.003573663974920785,-0.003573663974921093,0.0010687028920295383
phenalenyl_orca_230,phenalenyl,homodimer,230,/home/rb1820/BLA-ML/phenalenyl/orca_230/str_230.xyz,1.162366,INCLUDED_NO_FILTER,retained in no-S2-filter workflow,3.026776557271123,3.4995585849761026,3.0,-1.502607905238899,-1.5764277903121022,-0.07381988507320324,0.07381988507320325,0.04679078572176154
phenalenyl_orca_231,phenalenyl,homodimer,231,/home/rb1820/BLA-ML/phenalenyl/orca_231/str_231.xyz,1.164988,INCLUDED_NO_FILTER,retained in no-S2-filter workflow,3.611889643300645,3.864453635039614,0.0,-2.835530742679864,-2.8450215492485595,-0.009490806568695631,0.009490806568695387,0.015546787578704535
phenalenyl_orca_232,phenalenyl,homodimer,232,/home/rb1820/BLA-ML/phenalenyl/orca_232/str_232.xyz,1.163771,INCLUDED_NO_FILTER,retained in no-S2-filter workflow,3.603764698012703,3.7919580212646977,0.0,-2.6110222278790123,-2.5742223614750386,0.03679986640397366,-0.0367998664039737,-0.03736859319347907
phenalenyl_orca_233,phenalenyl,homodimer,233,/home/rb1820/BLA-ML/phenalenyl/orca_233/str_233.xyz,1.164376,INCLUDED_NO_FILTER,retained in no-S2-filter workflow,3.5297334087274943,3.9937246642471727,0.0,-1.4936307923542431,-1.5280973783445908,-0.03446658599034768,0.03446658599034769,0.0463790507128905
phenalenyl_orca_234,phenalenyl,homodimer,234,/home/rb1820/BLA-ML/phenalenyl/orca_234/str_234.xyz,1.164717,INCLUDED_NO_FILTER,retained in no-S2-filter workflow,3.447305124804443,3.755969181352514,0.0,-2.8022081723371537,-2.780987231998105,0.02122094033904894,-0.021220940339048866,-0.023747777498714484
phenalenyl_orca_235,phenalenyl,homodimer,235,/home/rb1820/BLA-ML/phenalenyl/orca_235/str_235.xyz,1.135166,INCLUDED_NO_FILTER,retained in no-S2-filter workflow,3.131219150127569,3.5776702669983265,3.0,0.42877754928711204,1.3408242591502388,0.9120467098631269,-0.9120467098631269,-0.9218138387165047
phenalenyl_orca_236,phenalenyl,homodimer,236,/home/rb1820/BLA-ML/phenalenyl/orca_236/str_236.xyz,1.160715,INCLUDED_NO_FILTER,retained in no-S2-filter workflow,4.454317450621703,4.606398608363765,0.0,-0.5555336893355739,-0.35791287869877547,0.19762081063679837,-0.19762081063679843,-0.19948663011278817
phenalenyl_orca_237,phenalenyl,homodimer,237,/home/rb1820/BLA-ML/phenalenyl/orca_237/str_237.xyz,1.161986,INCLUDED_NO_FILTER,retained in no-S2-filter workflow,3.332064798060702,3.7802795878326,1.0,-1.1411844562063322,-1.0857209877695069,0.05546346843682528,-0.05546346843682537,-0.06291783753218194
phenalenyl_orca_238,phenalenyl,homodimer,238,/home/rb1820/BLA-ML/phenalenyl/orca_238/str_238.xyz,1.162317,INCLUDED_NO_FILTER,retained in no-S2-filter workflow,3.3568732330738564,3.8110950313597,1.0,-1.107202236631761,-1.0586516654790556,0.0485505711527054,-0.048550571152705446,-0.05674842815440395
phenalenyl_orca_239,phenalenyl,homodimer,239,/home/rb1820/BLA-ML/phenalenyl/orca_239/str_239.xyz,1.164412,INCLUDED_NO_FILTER,retained in no-S2-filter workflow,3.365650071441985,3.757649998479306,1.0,-2.8454127273552134,-2.8642781690716386,-0.018865441716425256,0.018865441716425124,0.02295422706356476
phenalenyl_orca_240,phenalenyl,homodimer,240,/home/rb1820/BLA-ML/phenalenyl/orca_240/str_240.xyz,1.164246,INCLUDED_NO_FILTER,retained in no-S2-filter workflow,3.6757676575542737,4.207102940679775,0.0,-1.7919506474602316,-1.7489818415344451,0.042968805925786314,-0.042968805925786446,-0.04198345786646418
phenalenyl_orca_241,phenalenyl,homodimer,241,/home/rb1820/BLA-ML/phenalenyl/orca_241/str_241.xyz,1.136502,INCLUDED_NO_FILTER,retained in no-S2-filter workflow,3.1533661275445795,3.6003583831336434,3.0,0.43770664136853066,1.3171342685705465,0.879427627202016,-0.8794276272020158,-0.8899437825013927
phenalenyl_orca_242,phenalenyl,homodimer,242,/home/rb1820/BLA-ML/phenalenyl/orca_242/str_242.xyz,1.162605,INCLUDED_NO_FILTER,retained in no-S2-filter workflow,3.3687202104187035,3.83959841929057,1.0,-0.9847816097134016,-0.9429449782797793,0.04183663143362219,-0.04183663143362226,-0.048016204780298555
phenalenyl_orca_243,phenalenyl,homodimer,243,/home/rb1820/BLA-ML/phenalenyl/orca_243/str_243.xyz,1.164143,INCLUDED_NO_FILTER,retained in no-S2-filter workflow,3.372280275564357,3.745279907286379,1.0,-2.9902532066283567,-2.999838980500976,-0.009585773872619458,0.009585773872619274,0.013515278555854326
phenalenyl_orca_244,phenalenyl,homodimer,244,/home/rb1820/BLA-ML/phenalenyl/orca_244/str_244.xyz,1.138124,INCLUDED_NO_FILTER,retained in no-S2-filter workflow,3.1524230086883485,3.701437536497784,2.0,1.2752207621894371,2.113273345792305,0.8380525836028679,-0.8380525836028678,-0.8467682318376968
phenalenyl_orca_245,phenalenyl,homodimer,245,/home/rb1820/BLA-ML/phenalenyl/orca_245/str_245.xyz,1.161561,INCLUDED_NO_FILTER,retained in no-S2-filter workflow,3.314667088190549,3.9274148504357216,1.0,-0.057930412733428735,0.04424571869872706,0.1021761314321558,-0.10217613143215579,-0.1070379486776604
phenalenyl_orca_246,phenalenyl,homodimer,246,/home/rb1820/BLA-ML/phenalenyl/orca_246/str_246.xyz,1.163892,INCLUDED_NO_FILTER,retained in no-S2-filter workflow,3.480008784693766,3.882244098668592,0.0,-0.31030845940692353,-0.21719138605266966,0.09311707335425387,-0.09311707335425387,-0.07319316930960992
phenalenyl_orca_247,phenalenyl,homodimer,247,/home/rb1820/BLA-ML/phenalenyl/orca_247/str_247.xyz,1.139084,INCLUDED_NO_FILTER,retained in no-S2-filter workflow,3.175699510176763,3.620072824594854,3.0,0.6053169701949507,1.4291652669388806,0.82384829674393,-0.8238482967439299,-0.8289249991215676
phenalenyl_orca_248,phenalenyl,homodimer,248,/home/rb1820/BLA-ML/phenalenyl/orca_248/str_248.xyz,1.159855,INCLUDED_NO_FILTER,retained in no-S2-filter workflow,3.266264058778161,3.978590145119494,1.0,-0.8257449999054401,-0.6032742832351506,0.2224707166702896,-0.2224707166702895,-0.21630368218222373
phenalenyl_orca_249,phenalenyl,homodimer,249,/home/rb1820/BLA-ML/phenalenyl/orca_249/str_249.xyz,1.162742,INCLUDED_NO_FILTER,retained in no-S2-filter workflow,3.2900810663505973,3.543294649442447,1.0,-2.344057186315465,-2.3451307156879255,-0.0010735293724606354,0.0010735293724604134,0.005412627021135208
phenalenyl_orca_250,phenalenyl,homodimer,250,/home/rb1820/BLA-ML/phenalenyl/orca_250/str_250.xyz,1.148129,INCLUDED_NO_FILTER,retained in no-S2-filter workflow,3.162258729476114,3.741062448871858,2.0,0.18784809485119824,0.7402059737758777,0.5523578789246795,-0.5523578789246795,-0.5552473671626394
phenalenyl_orca_251,phenalenyl,homodimer,251,/home/rb1820/BLA-ML/phenalenyl/orca_251/str_251.xyz,1.164938,INCLUDED_NO_FILTER,retained in no-S2-filter workflow,3.4958990373772885,4.2195623428734255,0.0,-0.7508291243395504,-0.7677914352707511,-0.016962310931200642,0.016962310931200708,0.016547898403394434
olympicenyl_orca_15,olympicenyl,homodimer,15,/home/rb1820/BLA-ML/olympicenyl/orca_15/str_15.xyz,0.0,LOW_S2_INCLUDED_NO_FILTER,diagnostic only: final BS <S^2> below 0.10; retained in no-S2-filter workflow,2.808484752641041,2.883316349156874,75.0,-10.665301891417869,13.480897583688812,24.14619947510668,-24.14619947510668,-24.394669116540854
olympicenyl_orca_16,olympicenyl,homodimer,16,/home/rb1820/BLA-ML/olympicenyl/orca_16/str_16.xyz,0.0,LOW_S2_INCLUDED_NO_FILTER,diagnostic only: final BS <S^2> below 0.10; retained in no-S2-filter workflow,2.7431190598255584,2.875632024897772,75.0,-10.139350110654702,14.669644259763826,24.808994370418528,-24.808994370418528,-25.07062464635895
olympicenyl_orca_17,olympicenyl,homodimer,17,/home/rb1820/BLA-ML/olympicenyl/orca_17/str_17.xyz,0.0,LOW_S2_INCLUDED_NO_FILTER,diagnostic only: final BS <S^2> below 0.10; retained in no-S2-filter workflow,2.778687096491603,2.915538956832645,75.0,-11.798916574647935,10.120606728869843,21.919523303517778,-21.919523303517778,-22.234156648169566
olympicenyl_orca_18,olympicenyl,homodimer,18,/home/rb1820/BLA-ML/olympicenyl/orca_18/str_18.xyz,0.0,LOW_S2_INCLUDED_NO_FILTER,diagnostic only: final BS <S^2> below 0.10; retained in no-S2-filter workflow,2.744461875184677,2.927941106278525,75.0,-11.762270791437397,10.056091274460485,21.818362065897883,-21.81836206589788,-22.011494476559786
olympicenyl_orca_19,olympicenyl,homodimer,19,/home/rb1820/BLA-ML/olympicenyl/orca_19/str_19.xyz,0.0,LOW_S2_INCLUDED_NO_FILTER,diagnostic only: final BS <S^2> below 0.10; retained in no-S2-filter workflow,2.700216385277768,2.9329085539933373,66.0,-10.882964914838583,10.433545662766385,21.316510577604966,-21.316510577604966,-21.563863873345618
olympicenyl_orca_20,olympicenyl,homodimer,20,/home/rb1820/BLA-ML/olympicenyl/orca_20/str_20.xyz,0.0,LOW_S2_INCLUDED_NO_FILTER,diagnostic only: final BS <S^2> below 0.10; retained in no-S2-filter workflow,2.7745841141123404,2.955300851508201,67.0,-11.340332673590842,8.637719584531627,19.978052258122467,-19.978052258122467,-20.10384721368949
olympicenyl_orca_21,olympicenyl,homodimer,21,/home/rb1820/BLA-ML/olympicenyl/orca_21/str_21.xyz,0.0,LOW_S2_INCLUDED_NO_FILTER,diagnostic only: final BS <S^2> below 0.10; retained in no-S2-filter workflow,2.672696288046849,2.9268369451969463,60.0,-10.344597784969627,10.468744171462621,20.813341956432247,-20.813341956432247,-21.09452918006733
olympicenyl_orca_22,olympicenyl,homodimer,22,/home/rb1820/BLA-ML/olympicenyl/orca_22/str_22.xyz,0.0,LOW_S2_INCLUDED_NO_FILTER,diagnostic only: final BS <S^2> below 0.10; retained in no-S2-filter workflow,2.671235439114174,2.9356214683751736,57.0,-10.330681805488066,9.574692313611827,19.905374119099893,-19.905374119099893,-20.181967071317466
olympicenyl_orca_23,olympicenyl,homodimer,23,/home/rb1820/BLA-ML/olympicenyl/orca_23/str_23.xyz,0.0,LOW_S2_INCLUDED_NO_FILTER,diagnostic only: final BS <S^2> below 0.10; retained in no-S2-filter workflow,2.561759031341036,2.852084419506116,49.0,-9.038775252593386,16.910942987019794,25.94971823961318,-25.94971823961318,-25.502773815194296
olympicenyl_orca_26,olympicenyl,homodimer,26,/home/rb1820/BLA-ML/olympicenyl/orca_26/str_26.xyz,0.0,LOW_S2_INCLUDED_NO_FILTER,diagnostic only: final BS <S^2> below 0.10; retained in no-S2-filter workflow,2.5445224073579307,2.849587044041344,50.0,-8.502375765310052,17.71771224160997,26.220088006920022,-26.220088006920022,-25.785244590941886
olympicenyl_orca_28,olympicenyl,homodimer,28,/home/rb1820/BLA-ML/olympicenyl/orca_28/str_28.xyz,0.0,LOW_S2_INCLUDED_NO_FILTER,diagnostic only: final BS <S^2> below 0.10; retained in no-S2-filter workflow,2.456306373979531,2.831572347962952,48.0,-8.857185869477922,18.73137195839142,27.58855782786934,-27.588557827869344,-27.17495853331416
olympicenyl_orca_29,olympicenyl,homodimer,29,/home/rb1820/BLA-ML/olympicenyl/orca_29/str_29.xyz,0.244169,INCLUDED_NO_FILTER,retained in no-S2-filter workflow,2.772103305855666,2.9845793915425425,53.0,-10.265466254380783,5.943972346667833,16.209438601048614,-16.209438601048618,-16.353998008051356
olympicenyl_orca_30,olympicenyl,homodimer,30,/home/rb1820/BLA-ML/olympicenyl/orca_30/str_30.xyz,0.0,LOW_S2_INCLUDED_NO_FILTER,diagnostic only: final BS <S^2> below 0.10; retained in no-S2-filter workflow,2.576544647574566,2.913049258783865,50.0,-9.159658748032115,11.194209682244765,20.35386843027688,-20.35386843027688,-20.562569641143703
olympicenyl_orca_31,olympicenyl,homodimer,31,/home/rb1820/BLA-ML/olympicenyl/orca_31/str_31.xyz,0.0,LOW_S2_INCLUDED_NO_FILTER,diagnostic only: final BS <S^2> below 0.10; retained in no-S2-filter workflow,2.466547957335496,2.838884616059874,47.0,-8.161302828139865,17.412278648575594,25.57358147671546,-25.57358147671546,-25.22106726113157
olympicenyl_orca_33,olympicenyl,homodimer,33,/home/rb1820/BLA-ML/olympicenyl/orca_33/str_33.xyz,0.607479,INCLUDED_NO_FILTER,retained in no-S2-filter workflow,3.1070238077555645,3.1362151335305457,10.0,-15.785313934154054,-5.036807584699447,10.748506349454608,-10.748506349454608,-10.943077298183372
olympicenyl_orca_34,olympicenyl,homodimer,34,/home/rb1820/BLA-ML/olympicenyl/orca_34/str_34.xyz,0.0,LOW_S2_INCLUDED_NO_FILTER,diagnostic only: final BS <S^2> below 0.10; retained in no-S2-filter workflow,2.4168424116405367,2.815207924936733,45.0,-8.30045473080177,18.863347970738065,27.163802701539836,-27.163802701539836,-26.691424130152086
olympicenyl_orca_35,olympicenyl,homodimer,35,/home/rb1820/BLA-ML/olympicenyl/orca_35/str_35.xyz,0.65168,INCLUDED_NO_FILTER,retained in no-S2-filter workflow,3.137735427236847,3.1595083829274406,10.0,-15.84218206555333,-5.786313024261952,10.055869041291377,-10.055869041291377,-10.237131991286304
olympicenyl_orca_36,olympicenyl,homodimer,36,/home/rb1820/BLA-ML/olympicenyl/orca_36/str_36.xyz,0.299572,INCLUDED_NO_FILTER,retained in no-S2-filter workflow,2.774128809404856,2.944568452711422,45.0,-7.557523654594674,7.434113074390958,14.991636728985632,-14.991636728985632,-15.36513647412092
olympicenyl_orca_37,olympicenyl,homodimer,37,/home/rb1820/BLA-ML/olympicenyl/orca_37/str_37.xyz,0.0,LOW_S2_INCLUDED_NO_FILTER,diagnostic only: final BS <S^2> below 0.10; retained in no-S2-filter workflow,2.5701324897146955,2.860810459295553,47.0,-7.841594345973238,16.875876727899605,24.717471073872844,-24.717471073872844,-24.385800683260385
olympicenyl_orca_38,olympicenyl,homodimer,38,/home/rb1820/BLA-ML/olympicenyl/orca_38/str_38.xyz,0.290255,INCLUDED_NO_FILTER,retained in no-S2-filter workflow,2.766899648942984,2.9472430357719426,48.0,-7.347832379857158,7.720610999252437,15.068443379109594,-15.068443379109596,-15.446047262249923
olympicenyl_orca_39,olympicenyl,homodimer,39,/home/rb1820/BLA-ML/olympicenyl/orca_39/str_39.xyz,0.292454,INCLUDED_NO_FILTER,retained in no-S2-filter workflow,2.670641291221876,2.946668378970243,43.0,-7.207602464987033,7.771510525976631,14.979112990963666,-14.979112990963664,-15.357112132596935
olympicenyl_orca_40,olympicenyl,homodimer,40,/home/rb1820/BLA-ML/olympicenyl/orca_40/str_40.xyz,0.0,LOW_S2_INCLUDED_NO_FILTER,diagnostic only: final BS <S^2> below 0.10; retained in no-S2-filter workflow,2.600044208446803,2.8465736368522,43.0,-4.747536132536201,15.579122496141645,20.326658628677844,-20.326658628677848,-20.46021265634713
olympicenyl_orca_41,olympicenyl,homodimer,41,/home/rb1820/BLA-ML/olympicenyl/orca_41/str_41.xyz,0.171811,INCLUDED_NO_FILTER,retained in no-S2-filter workflow,2.5843940312336486,2.882533451069828,42.0,-5.364671165657693,11.061396715373428,16.42606788103112,-16.426067881031123,-16.745704447353297
olympicenyl_orca_42,olympicenyl,homodimer,42,/home/rb1820/BLA-ML/olympicenyl/orca_42/str_42.xyz,0.0,LOW_S2_INCLUDED_NO_FILTER,diagnostic only: final BS <S^2> below 0.10; retained in no-S2-filter workflow,2.5805100917725707,2.857564824607116,44.0,-5.863099005458309,14.88137790342935,20.74447690888766,-20.74447690888766,-20.150376184325008
olympicenyl_orca_43,olympicenyl,homodimer,43,/home/rb1820/BLA-ML/olympicenyl/orca_43/str_43.xyz,0.074586,LOW_S2_INCLUDED_NO_FILTER,diagnostic only: final BS <S^2> below 0.10; retained in no-S2-filter workflow,2.6429274970728542,2.902075217323433,43.0,-4.706636224084102,12.835872805983607,17.54250903006771,-17.54250903006771,-17.678425648354704
olympicenyl_orca_44,olympicenyl,homodimer,44,/home/rb1820/BLA-ML/olympicenyl/orca_44/str_44.xyz,0.502957,INCLUDED_NO_FILTER,retained in no-S2-filter workflow,2.659929560094011,2.971616947051872,35.0,-7.743803519265172,4.462659057064517,12.20646257632969,-12.206462576329688,-12.457409683640702
olympicenyl_orca_45,olympicenyl,homodimer,45,/home/rb1820/BLA-ML/olympicenyl/orca_45/str_45.xyz,0.606234,INCLUDED_NO_FILTER,retained in no-S2-filter workflow,2.6198182729929727,2.9406499489097344,38.0,-4.9357155894066835,5.128693340752712,10.064408930159397,-10.064408930159395,-10.526516561902405
olympicenyl_orca_46,olympicenyl,homodimer,46,/home/rb1820/BLA-ML/olympicenyl/orca_46/str_46.xyz,0.301874,INCLUDED_NO_FILTER,retained in no-S2-filter workflow,2.586457285270104,2.8907287225249045,41.0,-4.460878500212445,10.150242499101255,14.6111209993137,-14.6111209993137,-15.056713599559085
olympicenyl_orca_47,olympicenyl,homodimer,47,/home/rb1820/BLA-ML/olympicenyl/orca_47/str_47.xyz,0.733012,INCLUDED_NO_FILTER,retained in no-S2-filter workflow,2.778598038028513,2.9610805251848964,59.0,-5.8479886519422575,2.7886527427456262,8.636641394687883,-8.636641394687883,-8.763206230255358
olympicenyl_orca_48,olympicenyl,homodimer,48,/home/rb1820/BLA-ML/olympicenyl/orca_48/str_48.xyz,0.743994,INCLUDED_NO_FILTER,retained in no-S2-filter workflow,2.756808323368676,2.9577459536669304,59.0,-5.884171640110157,2.56270713515626,8.446878775266418,-8.446878775266416,-8.652188141732804
olympicenyl_orca_49,olympicenyl,homodimer,49,/home/rb1820/BLA-ML/olympicenyl/orca_49/str_49.xyz,0.680324,INCLUDED_NO_FILTER,retained in no-S2-filter workflow,2.699456215803367,3.005772968209953,32.0,-7.219073366962277,1.9766359037881573,9.195709270750434,-9.195709270750434,-9.455088224029613
olympicenyl_orca_50,olympicenyl,homodimer,50,/home/rb1820/BLA-ML/olympicenyl/orca_50/str_50.xyz,0.341436,INCLUDED_NO_FILTER,retained in no-S2-filter workflow,2.6417173358363253,2.8777698712385584,43.0,-2.1730406300478498,11.485464050509728,13.658504680557577,-13.658504680557577,-14.283270567373792
olympicenyl_orca_51,olympicenyl,homodimer,51,/home/rb1820/BLA-ML/olympicenyl/orca_51/str_51.xyz,0.767227,INCLUDED_NO_FILTER,retained in no-S2-filter workflow,2.7629542415738584,2.9661715666982524,59.0,-6.2728619452744585,1.7795482633934685,8.052410208667927,-8.052410208667927,-8.157968826170265
olympicenyl_orca_52,olympicenyl,homodimer,52,/home/rb1820/BLA-ML/olympicenyl/orca_52/str_52.xyz,0.355219,INCLUDED_NO_FILTER,retained in no-S2-filter workflow,2.6482943029024515,2.887740051831685,44.0,-2.306700327532883,11.09303915236081,13.399739479893693,-13.399739479893693,-13.989967036434765
olympicenyl_orca_53,olympicenyl,homodimer,53,/home/rb1820/BLA-ML/olympicenyl/orca_53/str_53.xyz,0.676316,INCLUDED_NO_FILTER,retained in no-S2-filter workflow,2.61016310194761,2.960071288468521,33.0,-3.428175386946316,5.374824363608555,8.802999750554871,-8.802999750554871,-9.175274451253374
olympicenyl_orca_54,olympicenyl,homodimer,54,/home/rb1820/BLA-ML/olympicenyl/orca_54/str_54.xyz,0.779303,INCLUDED_NO_FILTER,retained in no-S2-filter workflow,2.977177443438811,3.0833302015937365,45.0,-4.048264532641712,3.7225654657938225,7.770829998435534,-7.770829998435534,-7.846877695595392
olympicenyl_orca_55,olympicenyl,homodimer,55,/home/rb1820/BLA-ML/olympicenyl/orca_55/str_55.xyz,0.793213,INCLUDED_NO_FILTER,retained in no-S2-filter workflow,2.970440751792866,3.0841500001449047,45.0,-4.05747080312794,3.3937535435633883,7.451224346691328,-7.451224346691328,-7.539709943039659
olympicenyl_orca_56,olympicenyl,homodimer,56,/home/rb1820/BLA-ML/olympicenyl/orca_56/str_56.xyz,0.782724,INCLUDED_NO_FILTER,retained in no-S2-filter workflow,2.99738293333382,3.071488481204589,46.0,-3.3051512891362256,4.3255913317416175,7.630742620877843,-7.630742620877843,-7.70457787509179
olympicenyl_orca_57,olympicenyl,homodimer,57,/home/rb1820/BLA-ML/olympicenyl/orca_57/str_57.xyz,0.741083,INCLUDED_NO_FILTER,retained in no-S2-filter workflow,2.6516475211591244,2.9716929327701096,39.0,-2.69238815660476,5.056925534564742,7.749313691169502,-7.749313691169503,-8.07859513197279
olympicenyl_orca_59,olympicenyl,homodimer,59,/home/rb1820/BLA-ML/olympicenyl/orca_59/str_59.xyz,0.781318,INCLUDED_NO_FILTER,retained in no-S2-filter workflow,2.823790517881996,3.056713863769323,40.0,-3.1698493730645954,4.433427436185324,7.60327680924992,-7.60327680924992,-7.734981305977438
olympicenyl_orca_60,olympicenyl,homodimer,60,/home/rb1820/BLA-ML/olympicenyl/orca_60/str_60.xyz,0.701512,INCLUDED_NO_FILTER,retained in no-S2-filter workflow,2.543498810815498,2.9670453397330974,37.0,-3.6133819404007514,5.30268764853072,8.916069588931471,-8.916069588931471,-8.814996144031888
olympicenyl_orca_61,olympicenyl,homodimer,61,/home/rb1820/BLA-ML/olympicenyl/orca_61/str_61.xyz,0.76717,INCLUDED_NO_FILTER,retained in no-S2-filter workflow,2.648035011573938,2.9892838001975504,37.0,-2.910102596306776,4.44008544475588,7.350188041062656,-7.3501880410626566,-7.630841248279992
olympicenyl_orca_62,olympicenyl,homodimer,62,/home/rb1820/BLA-ML/olympicenyl/orca_62/str_62.xyz,0.82236,INCLUDED_NO_FILTER,retained in no-S2-filter workflow,2.869572493034882,3.069917122050104,40.0,-4.002780696839757,2.7901241985198117,6.792904895359569,-6.792904895359569,-6.932958499393787
olympicenyl_orca_63,olympicenyl,homodimer,63,/home/rb1820/BLA-ML/olympicenyl/orca_63/str_63.xyz,0.533181,INCLUDED_NO_FILTER,retained in no-S2-filter workflow,2.640312982797715,2.937594448407616,30.0,-1.4249861662391001,10.099553041864509,11.52453920810361,-11.524539208103608,-11.096513126136578
olympicenyl_orca_64,olympicenyl,homodimer,64,/home/rb1820/BLA-ML/olympicenyl/orca_64/str_64.xyz,0.826774,INCLUDED_NO_FILTER,retained in no-S2-filter workflow,2.936839375982556,3.047455254215265,37.0,-2.6682044717467894,4.595224203546661,7.263428675293451,-7.263428675293451,-7.344053080982313
olympicenyl_orca_65,olympicenyl,homodimer,65,/home/rb1820/BLA-ML/olympicenyl/orca_65/str_65.xyz,0.505362,INCLUDED_NO_FILTER,retained in no-S2-filter workflow,2.5308953945249035,2.917035419901351,28.0,-1.7633845908618198,9.564669858402663,11.328054449264481,-11.328054449264483,-11.02877915251746
olympicenyl_orca_66,olympicenyl,homodimer,66,/home/rb1820/BLA-ML/olympicenyl/orca_66/str_66.xyz,0.829373,INCLUDED_NO_FILTER,retained in no-S2-filter workflow,2.9221291190788024,3.031485024229444,37.0,-1.7827351004759913,5.636088722592915,7.418823823068906,-7.418823823068907,-7.497966326370422
olympicenyl_orca_67,olympicenyl,homodimer,67,/home/rb1820/BLA-ML/olympicenyl/orca_67/str_67.xyz,0.902382,INCLUDED_NO_FILTER,retained in no-S2-filter workflow,2.9179044335040185,3.137013166268853,33.0,-6.242002536519111,-0.7436452014029815,5.49835733511613,-5.49835733511613,-5.6402767137342
olympicenyl_orca_68,olympicenyl,homodimer,68,/home/rb1820/BLA-ML/olympicenyl/orca_68/str_68.xyz,0.846937,INCLUDED_NO_FILTER,retained in no-S2-filter workflow,2.9286188150769723,3.0314493124542983,37.0,-1.6663152996758999,5.460540570258043,7.126855869933943,-7.1268558699339435,-7.194154386679542
olympicenyl_orca_69,olympicenyl,homodimer,69,/home/rb1820/BLA-ML/olympicenyl/orca_69/str_69.xyz,0.605702,INCLUDED_NO_FILTER,retained in no-S2-filter workflow,2.4959119640069733,2.9206242025987743,33.0,-1.5675775360863773,7.962265535286391,9.529843071372769,-9.529843071372769,-9.947659403884694
olympicenyl_orca_70,olympicenyl,homodimer,70,/home/rb1820/BLA-ML/olympicenyl/orca_70/str_70.xyz,0.845148,INCLUDED_NO_FILTER,retained in no-S2-filter workflow,2.900427035069692,3.0287129338983645,37.0,-1.1692464860601712,6.174489383342823,7.343735869402995,-7.343735869402994,-7.392796613682459
olympicenyl_orca_71,olympicenyl,homodimer,71,/home/rb1820/BLA-ML/olympicenyl/orca_71/str_71.xyz,0.846698,INCLUDED_NO_FILTER,retained in no-S2-filter workflow,2.89356260001746,3.0106155965161387,37.0,0.2368615319580736,7.839020842834385,7.602159310876312,-7.602159310876312,-7.60921832811888
olympicenyl_orca_72,olympicenyl,homodimer,72,/home/rb1820/BLA-ML/olympicenyl/orca_72/str_72.xyz,0.420474,INCLUDED_NO_FILTER,retained in no-S2-filter workflow,2.622368801359023,2.8836217534715844,48.0,0.031464746246868,12.469225491135193,12.437760744888326,-12.437760744888324,-13.10451228626752
olympicenyl_orca_73,olympicenyl,homodimer,73,/home/rb1820/BLA-ML/olympicenyl/orca_73/str_73.xyz,0.870706,INCLUDED_NO_FILTER,retained in no-S2-filter workflow,2.9127833706322988,3.016746727453744,38.0,0.07334945933637874,7.372292510819274,7.298943051482895,-7.298943051482895,-7.293839734290086
olympicenyl_orca_74,olympicenyl,homodimer,74,/home/rb1820/BLA-ML/olympicenyl/orca_74/str_74.xyz,0.9168,INCLUDED_NO_FILTER,retained in no-S2-filter workflow,2.87688935793297,3.0765200315826142,33.0,-4.5150388975116655,0.5458441611931317,5.060883058704797,-5.060883058704797,-5.177667387607532
olympicenyl_orca_75,olympicenyl,homodimer,75,/home/rb1820/BLA-ML/olympicenyl/orca_75/str_75.xyz,0.61138,INCLUDED_NO_FILTER,retained in no-S2-filter workflow,2.6813369878996003,2.950409263680984,30.0,-0.1118072737028837,10.925689958383808,11.037497232086693,-11.037497232086691,-10.700472303584847
olympicenyl_orca_76,olympicenyl,homodimer,76,/home/rb1820/BLA-ML/olympicenyl/orca_76/str_76.xyz,0.825764,INCLUDED_NO_FILTER,retained in no-S2-filter workflow,2.770203481481621,3.009792420338621,38.0,-1.3633064508015629,6.114304519205356,7.477610970006919,-7.477610970006919,-7.179322555776737
olympicenyl_orca_77,olympicenyl,homodimer,77,/home/rb1820/BLA-ML/olympicenyl/orca_77/str_77.xyz,0.891065,INCLUDED_NO_FILTER,retained in no-S2-filter workflow,2.9173269629717207,3.03635847582746,34.0,-0.654841889245247,6.259550087800863,6.91439197704611,-6.91439197704611,-6.91377962332041
olympicenyl_orca_78,olympicenyl,homodimer,78,/home/rb1820/BLA-ML/olympicenyl/orca_78/str_78.xyz,0.881692,INCLUDED_NO_FILTER,retained in no-S2-filter workflow,2.6941871262621784,3.039900465551677,36.0,-3.055475922653787,2.489657176589457,5.545133099243245,-5.545133099243245,-5.702898469372547
olympicenyl_orca_79,olympicenyl,homodimer,79,/home/rb1820/BLA-ML/olympicenyl/orca_79/str_79.xyz,0.810487,INCLUDED_NO_FILTER,retained in no-S2-filter workflow,2.801932500149276,3.114135981679648,19.0,-9.443987444093883,-2.231437951192055,7.212549492901828,-7.212549492901829,-7.332348927830129
olympicenyl_orca_80,olympicenyl,homodimer,80,/home/rb1820/BLA-ML/olympicenyl/orca_80/str_80.xyz,0.860335,INCLUDED_NO_FILTER,retained in no-S2-filter workflow,2.786927745166484,3.036505567546678,37.0,-2.458885086608957,4.321579478525709,6.7804645651346656,-6.7804645651346656,-6.514172083291101
olympicenyl_orca_81,olympicenyl,homodimer,81,/home/rb1820/BLA-ML/olympicenyl/orca_81/str_81.xyz,0.871366,INCLUDED_NO_FILTER,retained in no-S2-filter workflow,2.859804223342395,3.0092034130103413,37.0,0.6960049632275596,7.938423289018971,7.242418325791411,-7.242418325791411,-7.268465443109892
olympicenyl_orca_82,olympicenyl,homodimer,82,/home/rb1820/BLA-ML/olympicenyl/orca_82/str_82.xyz,0.694315,INCLUDED_NO_FILTER,retained in no-S2-filter workflow,2.4977619311616293,2.9261062781836253,31.0,-1.2467487410575153,7.018853381215135,8.26560212227265,-8.26560212227265,-8.596288403946117
olympicenyl_orca_83,olympicenyl,homodimer,83,/home/rb1820/BLA-ML/olympicenyl/orca_83/str_83.xyz,0.0,LOW_S2_INCLUDED_NO_FILTER,diagnostic only: final BS <S^2> below 0.10; retained in no-S2-filter workflow,2.523122069751296,2.804414823405296,48.0,3.8461940244748254,24.898391617151272,21.05219759267645,-21.052197592676446,-21.084782288329286
olympicenyl_orca_84,olympicenyl,homodimer,84,/home/rb1820/BLA-ML/olympicenyl/orca_84/str_84.xyz,0.816153,INCLUDED_NO_FILTER,retained in no-S2-filter workflow,2.7766412974000527,3.0076385621601527,37.0,-0.9858578342947316,6.785972392820799,7.771830227115531,-7.77183022711553,-7.495254758371762
olympicenyl_orca_85,olympicenyl,homodimer,85,/home/rb1820/BLA-ML/olympicenyl/orca_85/str_85.xyz,0.803638,INCLUDED_NO_FILTER,retained in no-S2-filter workflow,2.6708064265601674,3.0045832348607755,33.0,-1.3100573993588087,6.370336988955364,7.6803943883141725,-7.6803943883141725,-7.409984998449317
olympicenyl_orca_86,olympicenyl,homodimer,86,/home/rb1820/BLA-ML/olympicenyl/orca_86/str_86.xyz,0.889468,INCLUDED_NO_FILTER,retained in no-S2-filter workflow,2.913132911568825,3.0182422681844905,34.0,-0.20663812372457727,6.797189179831431,7.003827303556008,-7.003827303556008,-6.981249324335428
olympicenyl_orca_87,olympicenyl,homodimer,87,/home/rb1820/BLA-ML/olympicenyl/orca_87/str_87.xyz,0.808911,INCLUDED_NO_FILTER,retained in no-S2-filter workflow,2.758042337271132,3.0064059075109446,36.0,-0.8789643551116868,7.148986047474515,8.027950402586201,-8.027950402586201,-7.911967628633025
olympicenyl_orca_88,olympicenyl,homodimer,88,/home/rb1820/BLA-ML/olympicenyl/orca_88/str_88.xyz,0.862556,INCLUDED_NO_FILTER,retained in no-S2-filter workflow,2.725351802782157,3.013035923132819,35.0,-1.4196273495031344,5.09478414878274,6.514411498285874,-6.514411498285874,-6.246793890331952
olympicenyl_orca_89,olympicenyl,homodimer,89,/home/rb1820/BLA-ML/olympicenyl/orca_89/str_89.xyz,0.88694,INCLUDED_NO_FILTER,retained in no-S2-filter workflow,2.90831433413544,3.0140878866277,36.0,0.2980704119556488,7.337108593062149,7.0390381811065,-7.0390381811065,-7.002718395308706
olympicenyl_orca_90,olympicenyl,homodimer,90,/home/rb1820/BLA-ML/olympicenyl/orca_90/str_90.xyz,0.846792,INCLUDED_NO_FILTER,retained in no-S2-filter workflow,2.789328567327487,3.012860074763249,37.0,-1.3696276555706055,5.859289503216655,7.228917158787262,-7.228917158787261,-7.178717497984175
olympicenyl_orca_91,olympicenyl,homodimer,91,/home/rb1820/BLA-ML/olympicenyl/orca_91/str_91.xyz,0.790589,INCLUDED_NO_FILTER,retained in no-S2-filter workflow,2.7950342887265327,2.996282959137039,49.0,-0.6165593182440454,5.869494664052589,6.486053982296634,-6.486053982296635,-6.883554051132458
olympicenyl_orca_92,olympicenyl,homodimer,92,/home/rb1820/BLA-ML/olympicenyl/orca_92/str_92.xyz,0.849899,INCLUDED_NO_FILTER,retained in no-S2-filter workflow,2.7454485194850755,3.0214019484392773,34.0,-1.992869782872538,4.961858090290916,6.9547278731634545,-6.9547278731634545,-6.842699604093546
olympicenyl_orca_93,olympicenyl,homodimer,93,/home/rb1820/BLA-ML/olympicenyl/orca_93/str_93.xyz,0.730168,INCLUDED_NO_FILTER,retained in no-S2-filter workflow,2.4838708894162416,2.92062381503562,32.0,-0.8209958231503262,6.950560332897948,7.771556156048274,-7.771556156048274,-8.02392661279455
olympicenyl_orca_94,olympicenyl,homodimer,94,/home/rb1820/BLA-ML/olympicenyl/orca_94/str_94.xyz,0.914487,INCLUDED_NO_FILTER,retained in no-S2-filter workflow,2.8999387194807293,3.022084630884326,33.0,0.6131256912010471,7.174193134386952,6.561067443185905,-6.561067443185905,-6.5393747254324985
olympicenyl_orca_95,olympicenyl,homodimer,95,/home/rb1820/BLA-ML/olympicenyl/orca_95/str_95.xyz,0.850621,INCLUDED_NO_FILTER,retained in no-S2-filter workflow,2.7787938566844805,3.015314381471739,37.0,-1.3993064195912743,5.772947178430278,7.172253598021553,-7.172253598021552,-7.211401325645346
olympicenyl_orca_96,olympicenyl,homodimer,96,/home/rb1820/BLA-ML/olympicenyl/orca_96/str_96.xyz,0.943769,INCLUDED_NO_FILTER,retained in no-S2-filter workflow,2.771960205950736,2.9940859239044526,33.0,-3.283774894029212,1.083526881364392,4.367301775393604,-4.367301775393604,-4.5305764375169035
olympicenyl_orca_97,olympicenyl,homodimer,97,/home/rb1820/BLA-ML/olympicenyl/orca_97/str_97.xyz,0.785436,INCLUDED_NO_FILTER,retained in no-S2-filter workflow,2.56302645708697,2.96265627732625,29.0,-1.2907146821656221,6.259487281016136,7.550201963181758,-7.550201963181758,-7.386764708576967
olympicenyl_orca_98,olympicenyl,homodimer,98,/home/rb1820/BLA-ML/olympicenyl/orca_98/str_98.xyz,0.939745,INCLUDED_NO_FILTER,retained in no-S2-filter workflow,2.8505013218015507,3.0424133400660445,34.0,-0.6130506097302931,5.254195967192436,5.867246576922729,-5.867246576922729,-5.812980664563352
olympicenyl_orca_99,olympicenyl,homodimer,99,/home/rb1820/BLA-ML/olympicenyl/orca_99/str_99.xyz,0.915857,INCLUDED_NO_FILTER,retained in no-S2-filter workflow,2.8586049021896223,3.024841362361669,35.0,0.8947843327249366,7.3466951700756224,6.4519108373506855,-6.4519108373506855,-6.464739117292688
olympicenyl_orca_100,olympicenyl,homodimer,100,/home/rb1820/BLA-ML/olympicenyl/orca_100/str_100.xyz,0.905703,INCLUDED_NO_FILTER,retained in no-S2-filter workflow,2.771867355208004,3.0182628122372512,29.0,-5.119989841434665,-0.16765097761274508,4.95233886382192,-4.95233886382192,-5.413739982571283
olympicenyl_orca_101,olympicenyl,homodimer,101,/home/rb1820/BLA-ML/olympicenyl/orca_101/str_101.xyz,0.904183,INCLUDED_NO_FILTER,retained in no-S2-filter workflow,2.8839031470399736,3.0132542492525376,33.0,-0.14408196902375112,6.362848988744609,6.50693095776836,-6.50693095776836,-6.425135086525279
olympicenyl_orca_102,olympicenyl,homodimer,102,/home/rb1820/BLA-ML/olympicenyl/orca_102/str_102.xyz,0.985379,INCLUDED_NO_FILTER,retained in no-S2-filter workflow,2.773289735627538,3.0252807493332616,29.0,-4.317508455701594,-0.5420319677376243,3.775476487963969,-3.7754764879639695,-3.907900389793616
olympicenyl_orca_103,olympicenyl,homodimer,103,/home/rb1820/BLA-ML/olympicenyl/orca_103/str_103.xyz,0.904667,INCLUDED_NO_FILTER,retained in no-S2-filter workflow,2.681370726690242,3.015675177074949,31.0,-2.4876720008782707,3.159146213677564,5.646818214555835,-5.646818214555834,-5.582275981876462
olympicenyl_orca_104,olympicenyl,homodimer,104,/home/rb1820/BLA-ML/olympicenyl/orca_104/str_104.xyz,0.984683,INCLUDED_NO_FILTER,retained in no-S2-filter workflow,3.044176268337664,3.090053786875977,34.0,-3.5956081794823858,0.4239767861058253,4.019584965588211,-4.019584965588211,-4.027119485124053
olympicenyl_orca_105,olympicenyl,homodimer,105,/home/rb1820/BLA-ML/olympicenyl/orca_105/str_105.xyz,0.944757,INCLUDED_NO_FILTER,retained in no-S2-filter workflow,2.831548000994175,3.032262247831718,36.0,-2.211491768172247,2.5289244560623336,4.740416224234581,-4.740416224234581,-4.454597958441298
olympicenyl_orca_106,olympicenyl,homodimer,106,/home/rb1820/BLA-ML/olympicenyl/orca_106/str_106.xyz,0.970397,INCLUDED_NO_FILTER,retained in no-S2-filter workflow,2.765215627604213,3.014252551981469,32.0,-3.325900958007874,0.7497685310422488,4.075669489050123,-4.075669489050123,-4.149924174001979
olympicenyl_orca_107,olympicenyl,homodimer,107,/home/rb1820/BLA-ML/olympicenyl/orca_107/str_107.xyz,0.963155,INCLUDED_NO_FILTER,retained in no-S2-filter workflow,2.905538404888612,3.062582475258221,29.0,-1.2885785808929484,4.23240841260839,5.520986993501339,-5.520986993501338,-5.554491602095372
olympicenyl_orca_108,olympicenyl,homodimer,108,/home/rb1820/BLA-ML/olympicenyl/orca_108/str_108.xyz,0.821655,INCLUDED_NO_FILTER,retained in no-S2-filter workflow,2.5144509594520272,2.9306528317725986,28.0,-0.39264682641271237,6.2428071178613544,6.635453944274067,-6.635453944274067,-6.682305090954488
olympicenyl_orca_109,olympicenyl,homodimer,109,/home/rb1820/BLA-ML/olympicenyl/orca_109/str_109.xyz,0.952394,INCLUDED_NO_FILTER,retained in no-S2-filter workflow,2.885423088337939,3.034593997078227,34.0,-1.523360647633145,3.6664699754428396,5.189830623075985,-5.189830623075984,-5.2634665001701375
olympicenyl_orca_110,olympicenyl,homodimer,110,/home/rb1820/BLA-ML/olympicenyl/orca_110/str_110.xyz,1.005348,INCLUDED_NO_FILTER,retained in no-S2-filter workflow,3.0501315920479244,3.090551107839013,32.0,-3.357513189108877,0.37958424208726715,3.737097431196144,-3.737097431196144,-3.7285028109410945
olympicenyl_orca_111,olympicenyl,homodimer,111,/home/rb1820/BLA-ML/olympicenyl/orca_111/str_111.xyz,0.965758,INCLUDED_NO_FILTER,retained in no-S2-filter workflow,2.8376310026398333,3.031792760727457,36.0,-2.076909826284983,2.1631864915599976,4.240096317844981,-4.240096317844981,-3.9617424237595147
olympicenyl_orca_112,olympicenyl,homodimer,112,/home/rb1820/BLA-ML/olympicenyl/orca_112/str_112.xyz,0.805042,INCLUDED_NO_FILTER,retained in no-S2-filter workflow,2.5023383730366526,2.9189188742315344,29.0,0.21488193526619762,7.084283128375824,6.869401193109626,-6.869401193109626,-6.962553729313056
olympicenyl_orca_113,olympicenyl,homodimer,113,/home/rb1820/BLA-ML/olympicenyl/orca_113/str_113.xyz,0.972123,INCLUDED_NO_FILTER,retained in no-S2-filter workflow,2.91885020230653,3.0430307810472725,31.0,-0.9042920645347405,4.269170400555473,5.173462465090213,-5.173462465090214,-5.23145706672994
olympicenyl_orca_114,olympicenyl,homodimer,114,/home/rb1820/BLA-ML/olympicenyl/orca_114/str_114.xyz,0.870287,INCLUDED_NO_FILTER,retained in no-S2-filter workflow,2.7175787776294418,2.975627861842068,49.0,-4.106077349445686,2.2676119565669417,6.373689306012627,-6.373689306012627,-6.323697512631689
olympicenyl_orca_115,olympicenyl,homodimer,115,/home/rb1820/BLA-ML/olympicenyl/orca_115/str_115.xyz,1.015722,INCLUDED_NO_FILTER,retained in no-S2-filter workflow,3.0501447549532563,3.088309324569739,33.0,-3.207125345333117,0.4232939654256625,3.63041931075878,-3.63041931075878,-3.6343297043644394
olympicenyl_orca_116,olympicenyl,homodimer,116,/home/rb1820/BLA-ML/olympicenyl/orca_116/str_116.xyz,0.87546,INCLUDED_NO_FILTER,retained in no-S2-filter workflow,2.693528139411347,2.975196285311738,48.0,-3.912409847779242,2.370085553878843,6.2824954016580845,-6.282495401658085,-6.28854670166672
olympicenyl_orca_117,olympicenyl,homodimer,117,/home/rb1820/BLA-ML/olympicenyl/orca_117/str_117.xyz,1.045139,INCLUDED_NO_FILTER,retained in no-S2-filter workflow,3.004780885379311,3.076530857202536,33.0,-7.85540498288084,-5.313990267599607,2.541414715281233,-2.541414715281233,-2.83407974254421
olympicenyl_orca_118,olympicenyl,homodimer,118,/home/rb1820/BLA-ML/olympicenyl/orca_118/str_118.xyz,0.900534,INCLUDED_NO_FILTER,retained in no-S2-filter workflow,2.704980671871322,2.982930689120986,49.0,-4.1403847688703594,1.6747845181413177,5.815169287011677,-5.815169287011678,-5.649121007742995
olympicenyl_orca_119,olympicenyl,homodimer,119,/home/rb1820/BLA-ML/olympicenyl/orca_119/str_119.xyz,0.979248,INCLUDED_NO_FILTER,retained in no-S2-filter workflow,2.8132629593946006,3.0315350661873226,29.0,-1.9418433731626201,2.717405655905007,4.659249029067627,-4.659249029067627,-4.641137220565502
olympicenyl_orca_120,olympicenyl,homodimer,120,/home/rb1820/BLA-ML/olympicenyl/orca_120/str_120.xyz,1.02784,INCLUDED_NO_FILTER,retained in no-S2-filter workflow,3.021892639694659,3.0811246929577427,33.0,-2.9610650345421834,0.5558854911397724,3.5169505256819558,-3.5169505256819558,-3.4976714253015095
olympicenyl_orca_121,olympicenyl,homodimer,121,/home/rb1820/BLA-ML/olympicenyl/orca_121/str_121.xyz,1.014617,INCLUDED_NO_FILTER,retained in no-S2-filter workflow,2.7772114387907245,3.0340779255307715,34.0,-3.4435285050163933,-0.4976125863443965,2.9459159186719965,-2.945915918671997,-3.1248511624827153
olympicenyl_orca_122,olympicenyl,homodimer,122,/home/rb1820/BLA-ML/olympicenyl/orca_122/str_122.xyz,0.847007,INCLUDED_NO_FILTER,retained in no-S2-filter workflow,2.499189813395367,2.960814254847297,24.0,-2.09595584578289,4.656183829087054,6.752139674869944,-6.752139674869944,-6.6881545808616805
olympicenyl_orca_123,olympicenyl,homodimer,123,/home/rb1820/BLA-ML/olympicenyl/orca_123/str_123.xyz,0.560459,INCLUDED_NO_FILTER,retained in no-S2-filter workflow,2.593192072938129,2.9134041101197257,30.0,-0.7055649314383381,10.748627022616317,11.454191954054656,-11.454191954054656,-11.633687328499699
olympicenyl_orca_124,olympicenyl,homodimer,124,/home/rb1820/BLA-ML/olympicenyl/orca_124/str_124.xyz,0.970716,INCLUDED_NO_FILTER,retained in no-S2-filter workflow,2.5634921053196447,2.992492527065372,25.0,-2.6600854498026165,1.895482402108554,4.555567851911171,-4.555567851911171,-4.374170176699224
olympicenyl_orca_125,olympicenyl,homodimer,125,/home/rb1820/BLA-ML/olympicenyl/orca_125/str_125.xyz,0.966281,INCLUDED_NO_FILTER,retained in no-S2-filter workflow,2.80502742931509,3.0294653297666847,35.0,-1.4462091521689147,2.6553180701860755,4.10152722235499,-4.10152722235499,-3.8148391296595925
olympicenyl_orca_126,olympicenyl,homodimer,126,/home/rb1820/BLA-ML/olympicenyl/orca_126/str_126.xyz,1.020135,INCLUDED_NO_FILTER,retained in no-S2-filter workflow,2.747219772978293,3.031230533916932,28.0,-3.159174071493411,0.2855168275987231,3.444690899092134,-3.444690899092134,-3.557727272644137
olympicenyl_orca_127,olympicenyl,homodimer,127,/home/rb1820/BLA-ML/olympicenyl/orca_127/str_127.xyz,1.046351,INCLUDED_NO_FILTER,retained in no-S2-filter workflow,3.0486912212898263,3.0762702321265416,35.0,-1.9672261025139028,1.1965754698239484,3.163801572337851,-3.163801572337851,-3.08393825754872
olympicenyl_orca_128,olympicenyl,homodimer,128,/home/rb1820/BLA-ML/olympicenyl/orca_128/str_128.xyz,1.05071,INCLUDED_NO_FILTER,retained in no-S2-filter workflow,2.7811446170162943,3.0373099854440766,30.0,-3.838420871451039,-0.9074635011167365,2.9309573703343026,-2.9309573703343026,-3.0506850952342375
olympicenyl_orca_129,olympicenyl,homodimer,129,/home/rb1820/BLA-ML/olympicenyl/orca_129/str_129.xyz,1.034699,INCLUDED_NO_FILTER,retained in no-S2-filter workflow,2.824402723378207,3.048396897900786,30.0,-2.6616063433265342,0.684906454081311,3.3465127974078452,-3.3465127974078452,-3.320987490112177
olympicenyl_orca_130,olympicenyl,homodimer,130,/home/rb1820/BLA-ML/olympicenyl/orca_130/str_130.xyz,1.063193,INCLUDED_NO_FILTER,retained in no-S2-filter workflow,3.0641042891043573,3.094595729794046,29.0,-2.9437052943747055,-0.023479254709341507,2.920226039665364,-2.920226039665364,-2.948618077615448
olympicenyl_orca_131,olympicenyl,homodimer,131,/home/rb1820/BLA-ML/olympicenyl/orca_131/str_131.xyz,1.000337,INCLUDED_NO_FILTER,retained in no-S2-filter workflow,2.6712877315957027,3.031058347854901,39.0,-5.194828936863353,-1.1294527034558284,4.065376233407525,-4.065376233407525,-4.02632726484827
olympicenyl_orca_132,olympicenyl,homodimer,132,/home/rb1820/BLA-ML/olympicenyl/orca_132/str_132.xyz,1.053443,INCLUDED_NO_FILTER,retained in no-S2-filter workflow,2.743331774701237,3.0356237895061766,29.0,-3.452460681321344,-0.660885552134383,2.791575129186961,-2.791575129186961,-2.8914900854520424
olympicenyl_orca_133,olympicenyl,homodimer,133,/home/rb1820/BLA-ML/olympicenyl/orca_133/str_133.xyz,1.035619,INCLUDED_NO_FILTER,retained in no-S2-filter workflow,2.825211887646794,3.049167700355732,30.0,-2.6606988226976904,0.6675252285762147,3.328224051273905,-3.328224051273905,-3.3027586963264306
olympicenyl_orca_134,olympicenyl,homodimer,134,/home/rb1820/BLA-ML/olympicenyl/orca_134/str_134.xyz,1.065967,INCLUDED_NO_FILTER,retained in no-S2-filter workflow,3.009453349654572,3.0822417946880223,30.0,-2.0681940585587912,1.1847887347411679,3.2529827932999593,-3.2529827932999593,-3.318714966989238
olympicenyl_orca_135,olympicenyl,homodimer,135,/home/rb1820/BLA-ML/olympicenyl/orca_135/str_135.xyz,1.072232,INCLUDED_NO_FILTER,retained in no-S2-filter workflow,2.971967187131754,3.0639909078511947,33.0,-7.343115191621542,-5.172807920133085,2.1703072714884564,-2.170307271488457,-2.4436692114193095
olympicenyl_orca_136,olympicenyl,homodimer,136,/home/rb1820/BLA-ML/olympicenyl/orca_136/str_136.xyz,1.036917,INCLUDED_NO_FILTER,retained in no-S2-filter workflow,2.6687386897260787,3.025522234017968,22.0,-3.831912586084896,-0.671735881197339,3.160176704887557,-3.160176704887557,-3.0719901342939133
olympicenyl_orca_137,olympicenyl,homodimer,137,/home/rb1820/BLA-ML/olympicenyl/orca_137/str_137.xyz,0.941417,INCLUDED_NO_FILTER,retained in no-S2-filter workflow,2.558274089158244,2.977042717858086,39.0,-3.2552630316035325,1.7638820633549452,5.0191450949584775,-5.0191450949584775,-5.031081004877316
olympicenyl_orca_138,olympicenyl,homodimer,138,/home/rb1820/BLA-ML/olympicenyl/orca_138/str_138.xyz,0.810057,INCLUDED_NO_FILTER,retained in no-S2-filter workflow,2.651763575006522,2.934588345108456,22.0,-0.6296517971299965,6.324949380670797,6.954601177800794,-6.954601177800794,-7.1199545566517495
olympicenyl_orca_139,olympicenyl,homodimer,139,/home/rb1820/BLA-ML/olympicenyl/orca_139/str_139.xyz,1.050925,INCLUDED_NO_FILTER,retained in no-S2-filter workflow,2.86090641466696,3.0597884391888543,41.0,-6.335519999844383,-3.7118145706764665,2.6237054291679165,-2.6237054291679165,-2.779965207983455
olympicenyl_orca_140,olympicenyl,homodimer,140,/home/rb1820/BLA-ML/olympicenyl/orca_140/str_140.xyz,1.069703,INCLUDED_NO_FILTER,retained in no-S2-filter workflow,2.7263754988710893,3.0415815891548426,28.0,-4.21177097514472,-1.6568692601840962,2.5549017149606237,-2.554901714960624,-2.6645619285027466
olympicenyl_orca_141,olympicenyl,homodimer,141,/home/rb1820/BLA-ML/olympicenyl/orca_141/str_141.xyz,1.071031,INCLUDED_NO_FILTER,retained in no-S2-filter workflow,2.8646616072512328,3.059967835213134,31.0,-5.7013452676986915,-3.31980712556772,2.3815381421309714,-2.3815381421309714,-2.55883077926376
olympicenyl_orca_142,olympicenyl,homodimer,142,/home/rb1820/BLA-ML/olympicenyl/orca_142/str_142.xyz,1.068816,INCLUDED_NO_FILTER,retained in no-S2-filter workflow,2.9385453863114,3.0726649878466725,27.0,-3.3452830764723647,-0.5886749402506563,2.756608136221708,-2.7566081362217085,-2.6782434409067486
olympicenyl_orca_143,olympicenyl,homodimer,143,/home/rb1820/BLA-ML/olympicenyl/orca_143/str_143.xyz,1.087725,INCLUDED_NO_FILTER,retained in no-S2-filter workflow,3.0331631565541577,3.092226416831292,30.0,-2.743341364926892,-0.013832636318144931,2.729508728608747,-2.7295087286087467,-2.7877242545759904
olympicenyl_orca_144,olympicenyl,homodimer,144,/home/rb1820/BLA-ML/olympicenyl/orca_144/str_144.xyz,1.026796,INCLUDED_NO_FILTER,retained in no-S2-filter workflow,2.718745648407742,3.0648861225603694,24.0,-4.435249531071433,-1.3633360831178178,3.0719134479536154,-3.071913447953615,-3.2938486801515845
olympicenyl_orca_145,olympicenyl,homodimer,145,/home/rb1820/BLA-ML/olympicenyl/orca_145/str_145.xyz,1.090585,INCLUDED_NO_FILTER,retained in no-S2-filter workflow,2.7783657055247617,3.0328802983170693,31.0,-3.6696041418090997,-1.4223913247221385,2.247212817086961,-2.247212817086961,-2.344001604079578
olympicenyl_orca_146,olympicenyl,homodimer,146,/home/rb1820/BLA-ML/olympicenyl/orca_146/str_146.xyz,1.082404,INCLUDED_NO_FILTER,retained in no-S2-filter workflow,2.926149494490304,3.060302751771868,27.0,-7.245709382705775,-5.2419868586368175,2.0037225240689582,-2.003722524068958,-2.2755146488865288
olympicenyl_orca_147,olympicenyl,homodimer,147,/home/rb1820/BLA-ML/olympicenyl/orca_147/str_147.xyz,0.774363,INCLUDED_NO_FILTER,retained in no-S2-filter workflow,2.6437026750120687,3.0011302592755564,25.0,-2.0954005959445627,6.013644941283174,8.109045537227736,-8.109045537227736,-8.112893332453343
olympicenyl_orca_148,olympicenyl,homodimer,148,/home/rb1820/BLA-ML/olympicenyl/orca_148/str_148.xyz,1.022863,INCLUDED_NO_FILTER,retained in no-S2-filter workflow,2.570949297102569,3.008151915590409,28.0,-2.2246397137148,1.4119074718697873,3.6365471855845874,-3.636547185584587,-3.442904729503117
olympicenyl_orca_149,olympicenyl,homodimer,149,/home/rb1820/BLA-ML/olympicenyl/orca_149/str_149.xyz,1.110507,INCLUDED_NO_FILTER,retained in no-S2-filter workflow,2.80763834764875,3.0732627936841626,30.0,-4.330095988846661,-2.5477189497938997,1.7823770390527602,-1.782377039052761,-1.8099789799648742
olympicenyl_orca_150,olympicenyl,homodimer,150,/home/rb1820/BLA-ML/olympicenyl/orca_150/str_150.xyz,1.09548,INCLUDED_NO_FILTER,retained in no-S2-filter workflow,2.749231360968866,3.062570328304888,27.0,-5.3318366363605545,-3.251916769563421,2.0799198667971335,-2.0799198667971335,-2.162064270806622
olympicenyl_orca_151,olympicenyl,homodimer,151,/home/rb1820/BLA-ML/olympicenyl/orca_151/str_151.xyz,0.81127,INCLUDED_NO_FILTER,retained in no-S2-filter workflow,2.661905661212574,2.9395180557969525,22.0,-0.5398127534429806,6.433120379298467,6.972933132741447,-6.972933132741447,-7.143276463639216
olympicenyl_orca_152,olympicenyl,homodimer,152,/home/rb1820/BLA-ML/olympicenyl/orca_152/str_152.xyz,1.03003,INCLUDED_NO_FILTER,retained in no-S2-filter workflow,2.614542884988075,3.022721213086596,34.0,-4.748830672032219,-1.2467906931464035,3.502039978885816,-3.502039978885816,-3.555540676446202
olympicenyl_orca_153,olympicenyl,homodimer,153,/home/rb1820/BLA-ML/olympicenyl/orca_153/str_153.xyz,1.100851,INCLUDED_NO_FILTER,retained in no-S2-filter workflow,2.884989698426571,3.069506382072619,32.0,-3.5570179488906035,-1.7974206783732798,1.7595972705173237,-1.7595972705173237,-1.8352950674270885
olympicenyl_orca_154,olympicenyl,homodimer,154,/home/rb1820/BLA-ML/olympicenyl/orca_154/str_154.xyz,1.07923,INCLUDED_NO_FILTER,retained in no-S2-filter workflow,2.6828765963370103,3.0341385514792547,25.0,-4.555148211171815,-2.0777490837936,2.477399127378215,-2.477399127378215,-2.5780976319942046
olympicenyl_orca_155,olympicenyl,homodimer,155,/home/rb1820/BLA-ML/olympicenyl/orca_155/str_155.xyz,0.578745,INCLUDED_NO_FILTER,retained in no-S2-filter workflow,2.577113809167901,2.9275761854957114,27.0,0.16751566143403904,11.362036763577999,11.19452110214396,-11.194521102143959,-11.24283612444033
olympicenyl_orca_156,olympicenyl,homodimer,156,/home/rb1820/BLA-ML/olympicenyl/orca_156/str_156.xyz,1.098168,INCLUDED_NO_FILTER,retained in no-S2-filter workflow,3.0363342891596288,3.0888644436992285,30.0,-2.5417285153537676,0.1636011482047372,2.7053296635585045,-2.705329663558505,-2.8451081702758323
olympicenyl_orca_157,olympicenyl,homodimer,157,/home/rb1820/BLA-ML/olympicenyl/orca_157/str_157.xyz,1.105965,INCLUDED_NO_FILTER,retained in no-S2-filter workflow,3.065398528619691,3.113600114413914,29.0,-4.402009913165326,-2.758134142795125,1.6438757703702005,-1.643875770370201,-1.739379255700472
olympicenyl_orca_158,olympicenyl,homodimer,158,/home/rb1820/BLA-ML/olympicenyl/orca_158/str_158.xyz,1.044037,INCLUDED_NO_FILTER,retained in no-S2-filter workflow,2.634964464692888,3.0381018138823053,32.0,-5.0435140545237305,-1.8100827829111912,3.2334312716125395,-3.233431271612539,-3.2257499061995256
olympicenyl_orca_159,olympicenyl,homodimer,159,/home/rb1820/BLA-ML/olympicenyl/orca_159/str_159.xyz,1.104186,INCLUDED_NO_FILTER,retained in no-S2-filter workflow,2.886160903360391,3.067837954434306,30.0,-7.4088855551129225,-5.710708485947357,1.6981770691655653,-1.698177069165565,-1.9035664791213183
olympicenyl_orca_160,olympicenyl,homodimer,160,/home/rb1820/BLA-ML/olympicenyl/orca_160/str_160.xyz,1.072833,INCLUDED_NO_FILTER,retained in no-S2-filter workflow,2.6455437441982044,3.041267914005247,30.0,-3.2961973131715205,-0.5898467219001168,2.706350591271404,-2.706350591271404,-2.5455507298311257
olympicenyl_orca_161,olympicenyl,homodimer,161,/home/rb1820/BLA-ML/olympicenyl/orca_161/str_161.xyz,1.10454,INCLUDED_NO_FILTER,retained in no-S2-filter workflow,3.0148243470347245,3.097723098136369,25.0,-2.625109200671128,0.13715772075832794,2.7622669214294557,-2.7622669214294557,-2.904667502164111
olympicenyl_orca_162,olympicenyl,homodimer,162,/home/rb1820/BLA-ML/olympicenyl/orca_162/str_162.xyz,1.088586,INCLUDED_NO_FILTER,retained in no-S2-filter workflow,2.752854665843221,3.059155244358584,20.0,-5.289799217644662,-2.9602005009966765,2.3295987166479857,-2.3295987166479852,-2.2681015824807274
olympicenyl_orca_163,olympicenyl,homodimer,163,/home/rb1820/BLA-ML/olympicenyl/orca_163/str_163.xyz,1.052905,INCLUDED_NO_FILTER,retained in no-S2-filter workflow,2.922538555027579,3.074040507202465,27.0,-4.030478749864748,-1.0210039328068066,3.009474817057941,-3.0094748170579413,-2.954507361062247
olympicenyl_orca_164,olympicenyl,homodimer,164,/home/rb1820/BLA-ML/olympicenyl/orca_164/str_164.xyz,1.076463,INCLUDED_NO_FILTER,retained in no-S2-filter workflow,2.64986610903623,3.03271285165449,27.0,-4.686647877382248,-2.0985983740912326,2.5880495032910154,-2.588049503291016,-2.66708851015745
olympicenyl_orca_165,olympicenyl,homodimer,165,/home/rb1820/BLA-ML/olympicenyl/orca_165/str_165.xyz,1.114196,INCLUDED_NO_FILTER,retained in no-S2-filter workflow,2.772628869211223,3.0686953762444613,30.0,-3.6557715495788075,-1.7534323546184716,1.9023391949603359,-1.9023391949603359,-1.9512800748343904
olympicenyl_orca_166,olympicenyl,homodimer,166,/home/rb1820/BLA-ML/olympicenyl/orca_166/str_166.xyz,1.055343,INCLUDED_NO_FILTER,retained in no-S2-filter workflow,2.821855185980649,3.1057478385394925,21.0,-5.970370033751627,-3.094066537337802,2.876303496413825,-2.876303496413825,-2.8523903416564305
olympicenyl_orca_167,olympicenyl,homodimer,167,/home/rb1820/BLA-ML/olympicenyl/orca_167/str_167.xyz,1.022211,INCLUDED_NO_FILTER,retained in no-S2-filter workflow,2.557856280720846,3.0092713142232865,23.0,-2.3286673119598977,1.3678014141434607,3.696468726103358,-3.696468726103358,-3.533283117191763
olympicenyl_orca_168,olympicenyl,homodimer,168,/home/rb1820/BLA-ML/olympicenyl/orca_168/str_168.xyz,1.043718,INCLUDED_NO_FILTER,retained in no-S2-filter workflow,2.590799395290607,3.00588482956952,26.0,-3.964259232454834,-0.7125748479663689,3.251684384488465,-3.251684384488465,-3.3499108198297183
olympicenyl_orca_169,olympicenyl,homodimer,169,/home/rb1820/BLA-ML/olympicenyl/orca_169/str_169.xyz,1.07157,INCLUDED_NO_FILTER,retained in no-S2-filter workflow,2.6794715292391524,3.0534468029234647,21.0,-4.57136043113539,-1.8174508397640148,2.753909591371375,-2.753909591371375,-2.6932770583681656
olympicenyl_orca_170,olympicenyl,homodimer,170,/home/rb1820/BLA-ML/olympicenyl/orca_170/str_170.xyz,1.078986,INCLUDED_NO_FILTER,retained in no-S2-filter workflow,2.643939058633951,3.0508343351103866,28.0,-3.311393469781963,-0.7080882768685416,2.6033051929134214,-2.6033051929134214,-2.4368609618890376
olympicenyl_orca_171,olympicenyl,homodimer,171,/home/rb1820/BLA-ML/olympicenyl/orca_171/str_171.xyz,1.061654,INCLUDED_NO_FILTER,retained in no-S2-filter workflow,2.575030854452326,2.997383005969432,28.0,-3.4700320120785344,-0.47229468439975825,2.997737327678776,-2.997737327678776,-2.9694236356368475
olympicenyl_orca_172,olympicenyl,homodimer,172,/home/rb1820/BLA-ML/olympicenyl/orca_172/str_172.xyz,1.085552,INCLUDED_NO_FILTER,retained in no-S2-filter workflow,2.797705914736058,3.0522373113438945,27.0,-3.652742347972156,-1.6363185119949275,2.0164238359772284,-2.0164238359772284,-2.1386089448801133
olympicenyl_orca_173,olympicenyl,homodimer,173,/home/rb1820/BLA-ML/olympicenyl/orca_173/str_173.xyz,1.121593,INCLUDED_NO_FILTER,retained in no-S2-filter workflow,2.737516060018779,3.1033030335145004,26.0,-5.21391657144203,-3.616634241096184,1.5972823303458463,-1.597282330345846,-1.4861220485430038
olympicenyl_orca_174,olympicenyl,homodimer,174,/home/rb1820/BLA-ML/olympicenyl/orca_174/str_174.xyz,0.992894,INCLUDED_NO_FILTER,retained in no-S2-filter workflow,2.967626907553094,3.120505948074408,22.0,-4.745850615112356,-0.903790009187783,3.8420606059245723,-3.8420606059245728,-3.9238938356060977
olympicenyl_orca_175,olympicenyl,homodimer,175,/home/rb1820/BLA-ML/olympicenyl/orca_175/str_175.xyz,0.790607,INCLUDED_NO_FILTER,retained in no-S2-filter workflow,2.658770950020064,3.005186022852823,25.0,-1.4295662486716132,6.39111932335901,7.820685572030622,-7.820685572030623,-7.826775326036925
olympicenyl_orca_176,olympicenyl,homodimer,176,/home/rb1820/BLA-ML/olympicenyl/orca_176/str_176.xyz,1.034855,INCLUDED_NO_FILTER,retained in no-S2-filter workflow,2.6319485484666627,3.031847888832043,24.0,-5.298633261523087,-1.9938324853704292,3.304800776152658,-3.304800776152658,-3.6190714911352826
olympicenyl_orca_177,olympicenyl,homodimer,177,/home/rb1820/BLA-ML/olympicenyl/orca_177/str_177.xyz,1.034676,INCLUDED_NO_FILTER,retained in no-S2-filter workflow,2.627442510864742,3.0149899307164967,22.0,-2.7044388246888245,0.6534568527966381,3.3578956774854625,-3.3578956774854625,-3.293763927476716
olympicenyl_orca_178,olympicenyl,homodimer,178,/home/rb1820/BLA-ML/olympicenyl/orca_178/str_178.xyz,1.076495,INCLUDED_NO_FILTER,retained in no-S2-filter workflow,2.6433558221528,3.053698289957004,27.0,-3.4868644830702675,-0.7801521269959921,2.7067123560742754,-2.7067123560742754,-2.5577264066052585
olympicenyl_orca_179,olympicenyl,homodimer,179,/home/rb1820/BLA-ML/olympicenyl/orca_179/str_179.xyz,1.093176,INCLUDED_NO_FILTER,retained in no-S2-filter workflow,2.8829363373803174,3.076754110108271,25.0,-5.583466960397394,-3.882208040168105,1.7012589202292885,-1.701258920229289,-1.666235058634554
olympicenyl_orca_180,olympicenyl,homodimer,180,/home/rb1820/BLA-ML/olympicenyl/orca_180/str_180.xyz,1.163548,INCLUDED_NO_FILTER,retained in no-S2-filter workflow,3.14098630669203,3.1936209118948766,30.0,-8.085860948462786,-8.8072918337256,-0.7214308852628135,0.721430885262814,0.8793432635705578
olympicenyl_orca_181,olympicenyl,homodimer,181,/home/rb1820/BLA-ML/olympicenyl/orca_181/str_181.xyz,1.114311,INCLUDED_NO_FILTER,retained in no-S2-filter workflow,2.88829590362362,3.0540584207811547,35.0,-4.0981658805570484,-2.715661082445548,1.3825047981115006,-1.3825047981115004,-1.418305127529215
olympicenyl_orca_182,olympicenyl,homodimer,182,/home/rb1820/BLA-ML/olympicenyl/orca_182/str_182.xyz,0.985216,INCLUDED_NO_FILTER,retained in no-S2-filter workflow,2.7825235847357783,3.059556477923474,29.0,-4.699460995800032,-0.6098870533169505,4.0895739424830815,-4.0895739424830815,-3.9594109888808457
olympicenyl_orca_183,olympicenyl,homodimer,183,/home/rb1820/BLA-ML/olympicenyl/orca_183/str_183.xyz,1.113316,INCLUDED_NO_FILTER,retained in no-S2-filter workflow,2.7311637513733777,3.084108056620512,21.0,-4.754518023885758,-2.976604134580018,1.7779138893057407,-1.7779138893057405,-1.6929642825369258
olympicenyl_orca_184,olympicenyl,homodimer,184,/home/rb1820/BLA-ML/olympicenyl/orca_184/str_184.xyz,1.110093,INCLUDED_NO_FILTER,retained in no-S2-filter workflow,2.7467924140283446,3.071364092989607,20.0,-4.571362375852007,-2.8578316036319085,1.713530772220098,-1.7135307722200985,-1.6185598594674357
olympicenyl_orca_185,olympicenyl,homodimer,185,/home/rb1820/BLA-ML/olympicenyl/orca_185/str_185.xyz,1.087056,INCLUDED_NO_FILTER,retained in no-S2-filter workflow,2.662780302564012,3.066401029112076,24.0,-3.701878083070736,-1.2045235068042957,2.4973545762664404,-2.4973545762664404,-2.356608119092245
olympicenyl_orca_186,olympicenyl,homodimer,186,/home/rb1820/BLA-ML/olympicenyl/orca_186/str_186.xyz,1.130248,INCLUDED_NO_FILTER,retained in no-S2-filter workflow,2.9051071840687785,3.056742217718393,29.0,-4.83961475496819,-3.5499848578466695,1.2896298971215208,-1.2896298971215208,-1.391945901119926
olympicenyl_orca_187,olympicenyl,homodimer,187,/home/rb1820/BLA-ML/olympicenyl/orca_187/str_187.xyz,0.999301,INCLUDED_NO_FILTER,retained in no-S2-filter workflow,2.7558738089127304,3.0696435750838127,28.0,-4.413021571666971,-0.48677458604285934,3.9262469856241116,-3.926246985624112,-3.833885840304508
olympicenyl_orca_188,olympicenyl,homodimer,188,/home/rb1820/BLA-ML/olympicenyl/orca_188/str_188.xyz,1.134619,INCLUDED_NO_FILTER,retained in no-S2-filter workflow,2.91444837747452,3.1479966864567426,17.0,-6.933010444817315,-5.7186563508566675,1.2143540939606474,-1.2143540939606474,-1.2769370101082167
olympicenyl_orca_189,olympicenyl,homodimer,189,/home/rb1820/BLA-ML/olympicenyl/orca_189/str_189.xyz,1.136182,INCLUDED_NO_FILTER,retained in no-S2-filter workflow,3.000098933962469,3.13620956117649,32.0,-5.430953567612463,-4.044449507148044,1.3865040604644192,-1.3865040604644197,-1.4676218223351931
olympicenyl_orca_190,olympicenyl,homodimer,190,/home/rb1820/BLA-ML/olympicenyl/orca_190/str_190.xyz,0.90023,INCLUDED_NO_FILTER,retained in no-S2-filter workflow,2.877440040679671,3.0173364275277748,24.0,-4.439699391541094,0.8962586128326094,5.335958004373703,-5.335958004373703,-5.185843155990406
olympicenyl_orca_191,olympicenyl,homodimer,191,/home/rb1820/BLA-ML/olympicenyl/orca_191/str_191.xyz,1.126932,INCLUDED_NO_FILTER,retained in no-S2-filter workflow,2.7547414700251047,3.118877245431988,26.0,-5.276577854698112,-3.8165910292103065,1.459986825487806,-1.4599868254878055,-1.354736040948366
olympicenyl_orca_192,olympicenyl,homodimer,192,/home/rb1820/BLA-ML/olympicenyl/orca_192/str_192.xyz,1.144663,INCLUDED_NO_FILTER,retained in no-S2-filter workflow,3.080343126955918,3.142378794200815,27.0,-3.822463510095731,-2.0010306270675855,1.8214328830281454,-1.8214328830281454,-1.8695661251251474
olympicenyl_orca_193,olympicenyl,homodimer,193,/home/rb1820/BLA-ML/olympicenyl/orca_193/str_193.xyz,1.099632,INCLUDED_NO_FILTER,retained in no-S2-filter workflow,2.75779544383855,3.0749777538597405,30.0,-5.195334940427348,-3.2413917288116316,1.9539432116157167,-1.9539432116157167,-1.8790637632244005
olympicenyl_orca_194,olympicenyl,homodimer,194,/home/rb1820/BLA-ML/olympicenyl/orca_194/str_194.xyz,0.779206,INCLUDED_NO_FILTER,retained in no-S2-filter workflow,2.6484339115969395,2.963714882656572,22.0,-2.8911781642584793,4.591247448113971,7.48242561237245,-7.482425612372451,-7.740201509394671
olympicenyl_orca_195,olympicenyl,homodimer,195,/home/rb1820/BLA-ML/olympicenyl/orca_195/str_195.xyz,0.994576,INCLUDED_NO_FILTER,retained in no-S2-filter workflow,2.917389232060312,3.074504056486502,28.0,-5.883616171259357,-2.129217359371809,3.754398811887548,-3.754398811887548,-3.4788471440310493
olympicenyl_orca_196,olympicenyl,homodimer,196,/home/rb1820/BLA-ML/olympicenyl/orca_196/str_196.xyz,1.138926,INCLUDED_NO_FILTER,retained in no-S2-filter workflow,2.858271891791272,3.088537969003154,30.0,-7.349529277083491,-6.089052259793263,1.2604770172902282,-1.2604770172902278,-1.3580725289522526
olympicenyl_orca_197,olympicenyl,homodimer,197,/home/rb1820/BLA-ML/olympicenyl/orca_197/str_197.xyz,0.923698,INCLUDED_NO_FILTER,retained in no-S2-filter workflow,2.653681631427019,2.99151026329125,36.0,-2.8539373833706896,2.5505113248667866,5.404448708237476,-5.404448708237476,-5.073253049590212
olympicenyl_orca_198,olympicenyl,homodimer,198,/home/rb1820/BLA-ML/olympicenyl/orca_198/str_198.xyz,1.024958,INCLUDED_NO_FILTER,retained in no-S2-filter workflow,2.782296350170356,3.0683914646853565,31.0,-4.76631959759863,-1.4062256912084514,3.360093906390179,-3.360093906390179,-3.20243418969177
olympicenyl_orca_199,olympicenyl,homodimer,199,/home/rb1820/BLA-ML/olympicenyl/orca_199/str_199.xyz,1.065608,INCLUDED_NO_FILTER,retained in no-S2-filter workflow,2.80070056474589,3.0680256963233887,26.0,-3.772075269345165,-0.99684369469653,2.775231574648635,-2.775231574648635,-2.7202022910024803
olympicenyl_orca_200,olympicenyl,homodimer,200,/home/rb1820/BLA-ML/olympicenyl/orca_200/str_200.xyz,1.149946,INCLUDED_NO_FILTER,retained in no-S2-filter workflow,2.8144650709939607,3.0867268944869104,23.0,-6.4261296476923535,-5.450639949190713,0.9754896985016395,-0.9754896985016401,-1.053074803297255
olympicenyl_orca_201,olympicenyl,homodimer,201,/home/rb1820/BLA-ML/olympicenyl/orca_201/str_201.xyz,1.130993,INCLUDED_NO_FILTER,retained in no-S2-filter workflow,2.9943730704917817,3.120021915514058,29.0,-4.698138385325538,-3.1282609637332714,1.5698774215922664,-1.5698774215922664,-1.7109947351191876
olympicenyl_orca_202,olympicenyl,homodimer,202,/home/rb1820/BLA-ML/olympicenyl/orca_202/str_202.xyz,1.139348,INCLUDED_NO_FILTER,retained in no-S2-filter workflow,2.9137464741813783,3.155790576146356,17.0,-6.985188180126358,-5.856392322899434,1.1287958572269239,-1.1287958572269243,-1.174091466126324
olympicenyl_orca_203,olympicenyl,homodimer,203,/home/rb1820/BLA-ML/olympicenyl/orca_203/str_203.xyz,1.14341,INCLUDED_NO_FILTER,retained in no-S2-filter workflow,3.010129794008704,3.134831446935677,26.0,-4.895458870507357,-3.6466372480179934,1.2488216224893642,-1.248821622489364,-1.2290830635889
olympicenyl_orca_204,olympicenyl,homodimer,204,/home/rb1820/BLA-ML/olympicenyl/orca_204/str_204.xyz,1.083963,INCLUDED_NO_FILTER,retained in no-S2-filter workflow,2.6442814368254406,3.049546889414178,24.0,-3.325860087569512,-0.8090980540228719,2.51676203354664,-2.51676203354664,-2.3474034751066695
olympicenyl_orca_205,olympicenyl,homodimer,205,/home/rb1820/BLA-ML/olympicenyl/orca_205/str_205.xyz,1.174589,INCLUDED_NO_FILTER,retained in no-S2-filter workflow,3.1660729251095927,3.2264515468837347,23.0,-8.383008655447954,-8.964195404583172,-0.581186749135218,0.5811867491352185,0.6431276271096351
olympicenyl_orca_206,olympicenyl,homodimer,206,/home/rb1820/BLA-ML/olympicenyl/orca_206/str_206.xyz,1.17368,INCLUDED_NO_FILTER,retained in no-S2-filter workflow,3.157397016459188,3.256536890929116,18.0,-9.690679213929785,-10.522642081670917,-0.8319628677411314,0.8319628677411313,0.8556988192766344
olympicenyl_orca_207,olympicenyl,homodimer,207,/home/rb1820/BLA-ML/olympicenyl/orca_207/str_207.xyz,1.158779,INCLUDED_NO_FILTER,retained in no-S2-filter workflow,2.961761529390119,3.1416847550033125,40.0,-7.888083457444249,-7.107589832360508,0.7804936250837419,-0.7804936250837411,-0.6308663140920441
olympicenyl_orca_208,olympicenyl,homodimer,208,/home/rb1820/BLA-ML/olympicenyl/orca_208/str_208.xyz,1.080251,INCLUDED_NO_FILTER,retained in no-S2-filter workflow,2.655935984134372,3.0505351896290325,23.0,-3.516931942152595,-0.8897164784110411,2.627215463741554,-2.627215463741554,-2.4972419162142154
olympicenyl_orca_209,olympicenyl,homodimer,209,/home/rb1820/BLA-ML/olympicenyl/orca_209/str_209.xyz,0.871838,INCLUDED_NO_FILTER,retained in no-S2-filter workflow,2.753483392967042,3.0066386603874813,25.0,-3.050243077897265,2.732041806753499,5.782284884650764,-5.782284884650764,-5.858131115227488
olympicenyl_orca_210,olympicenyl,homodimer,210,/home/rb1820/BLA-ML/olympicenyl/orca_210/str_210.xyz,1.148988,INCLUDED_NO_FILTER,retained in no-S2-filter workflow,2.9377675284364595,3.1163332054168214,28.0,-6.424124820213119,-5.647375861688996,0.7767489585241224,-0.7767489585241227,-0.8632458878646334
olympicenyl_orca_211,olympicenyl,homodimer,211,/home/rb1820/BLA-ML/olympicenyl/orca_211/str_211.xyz,1.173304,INCLUDED_NO_FILTER,retained in no-S2-filter workflow,3.1802438480200315,3.21114388692592,25.0,-8.743594448973237,-9.56562553409581,-0.8220310851225727,0.822031085122573,0.8714513917540732
olympicenyl_orca_212,olympicenyl,homodimer,212,/home/rb1820/BLA-ML/olympicenyl/orca_212/str_212.xyz,1.181909,INCLUDED_NO_FILTER,retained in no-S2-filter workflow,3.240698496678675,3.2676584912012587,23.0,-7.728989328254963,-7.806303686245194,-0.07731435799023038,0.07731435799023068,0.10947505469688856
olympicenyl_orca_213,olympicenyl,homodimer,213,/home/rb1820/BLA-ML/olympicenyl/orca_213/str_213.xyz,1.012632,INCLUDED_NO_FILTER,retained in no-S2-filter workflow,2.696110754401722,3.039250059103712,31.0,-3.7316987432038022,-0.059988955696895774,3.6717097875069067,-3.6717097875069067,-3.433957437880041
olympicenyl_orca_214,olympicenyl,homodimer,214,/home/rb1820/BLA-ML/olympicenyl/orca_214/str_214.xyz,1.173422,INCLUDED_NO_FILTER,retained in no-S2-filter workflow,3.1349737582274044,3.207224128410082,26.0,-7.637327173949073,-7.811909221459388,-0.17458204751031534,0.1745820475103148,0.24833526166636766
olympicenyl_orca_215,olympicenyl,homodimer,215,/home/rb1820/BLA-ML/olympicenyl/orca_215/str_215.xyz,1.149071,INCLUDED_NO_FILTER,retained in no-S2-filter workflow,3.060110987261503,3.1486048617727382,26.0,-7.624262558443455,-7.243563957922314,0.3806986005211405,-0.380698600521141,-0.29024216399650626
olympicenyl_orca_216,olympicenyl,homodimer,216,/home/rb1820/BLA-ML/olympicenyl/orca_216/str_216.xyz,0.765412,INCLUDED_NO_FILTER,retained in no-S2-filter workflow,2.5468120541685986,2.96857898590588,24.0,-0.8813094302387274,7.467227279619833,8.34853670985856,-8.34853670985856,-8.386910355454722
olympicenyl_orca_217,olympicenyl,homodimer,217,/home/rb1820/BLA-ML/olympicenyl/orca_217/str_217.xyz,1.164662,INCLUDED_NO_FILTER,retained in no-S2-filter workflow,2.9802225208453423,3.1483962108618906,38.0,-8.14118801707287,-7.545045986381445,0.5961420306914257,-0.5961420306914258,-0.471033653793584
olympicenyl_orca_218,olympicenyl,homodimer,218,/home/rb1820/BLA-ML/olympicenyl/orca_218/str_218.xyz,0.921697,INCLUDED_NO_FILTER,retained in no-S2-filter workflow,2.676217530747248,2.991141839512021,36.0,-2.8351848776831536,2.611684727269284,5.446869604952438,-5.446869604952438,-5.118535860432823
olympicenyl_orca_219,olympicenyl,homodimer,219,/home/rb1820/BLA-ML/olympicenyl/orca_219/str_219.xyz,1.142727,INCLUDED_NO_FILTER,retained in no-S2-filter workflow,3.020265832380096,3.1397158432554924,29.0,-4.584312888712784,-3.202737759597688,1.381575129115096,-1.3815751291150962,-1.4812345386535286
olympicenyl_orca_220,olympicenyl,homodimer,220,/home/rb1820/BLA-ML/olympicenyl/orca_220/str_220.xyz,1.077109,INCLUDED_NO_FILTER,retained in no-S2-filter workflow,2.8310260679197485,3.074965168481712,26.0,-4.067790937522156,-1.5685114533540414,2.4992794841681154,-2.499279484168115,-2.445796502913087
olympicenyl_orca_221,olympicenyl,homodimer,221,/home/rb1820/BLA-ML/olympicenyl/orca_221/str_221.xyz,0.946145,INCLUDED_NO_FILTER,retained in no-S2-filter workflow,2.6336286389944834,2.997919552931972,34.0,-2.8992464746135984,2.072700412404113,4.971946887017712,-4.971946887017712,-4.643398591719845
olympicenyl_orca_222,olympicenyl,homodimer,222,/home/rb1820/BLA-ML/olympicenyl/orca_222/str_222.xyz,1.070088,INCLUDED_NO_FILTER,retained in no-S2-filter workflow,2.923939928586204,3.123559290266077,28.0,-6.240245626165523,-3.77647683977606,2.463768786389463,-2.463768786389463,-2.3973070996456007
olympicenyl_orca_223,olympicenyl,homodimer,223,/home/rb1820/BLA-ML/olympicenyl/orca_223/str_223.xyz,1.143735,INCLUDED_NO_FILTER,retained in no-S2-filter workflow,3.243220919213736,3.2666171838493008,27.0,-5.476887386013369,-5.768059549837098,-0.2911721638237283,0.29117216382372835,0.6406999447694952
olympicenyl_orca_224,olympicenyl,homodimer,224,/home/rb1820/BLA-ML/olympicenyl/orca_224/str_224.xyz,1.148917,INCLUDED_NO_FILTER,retained in no-S2-filter workflow,3.0414089021234987,3.1253106411396097,26.0,-6.319390332601813,-5.695705322985428,0.6236850096163851,-0.6236850096163851,-0.6729721932520141
olympicenyl_orca_225,olympicenyl,homodimer,225,/home/rb1820/BLA-ML/olympicenyl/orca_225/str_225.xyz,1.166157,INCLUDED_NO_FILTER,retained in no-S2-filter workflow,3.158484214492636,3.217094323889975,27.0,-6.824456487114592,-6.837558370981117,-0.013101883866525438,0.013101883866525554,0.1862834289602251
olympicenyl_orca_226,olympicenyl,homodimer,226,/home/rb1820/BLA-ML/olympicenyl/orca_226/str_226.xyz,0.842728,INCLUDED_NO_FILTER,retained in no-S2-filter workflow,2.6377025731122186,2.986429014902872,22.0,-2.909251426659816,3.4588728510305415,6.368124277690358,-6.368124277690358,-6.574807087089125
olympicenyl_orca_227,olympicenyl,homodimer,227,/home/rb1820/BLA-ML/olympicenyl/orca_227/str_227.xyz,1.164172,INCLUDED_NO_FILTER,retained in no-S2-filter workflow,3.05080500621824,3.1401776192128845,24.0,-7.465684562608747,-7.410970197443231,0.0547143651655152,-0.05471436516551531,0.039809499411869176
olympicenyl_orca_228,olympicenyl,homodimer,228,/home/rb1820/BLA-ML/olympicenyl/orca_228/str_228.xyz,1.080923,INCLUDED_NO_FILTER,retained in no-S2-filter workflow,2.777237947933408,3.0412838532402504,27.0,-3.0263876419425224,-0.6965264587494073,2.329861183193115,-2.329861183193115,-2.400306055006645
olympicenyl_orca_229,olympicenyl,homodimer,229,/home/rb1820/BLA-ML/olympicenyl/orca_229/str_229.xyz,1.187029,INCLUDED_NO_FILTER,retained in no-S2-filter workflow,3.115223907697616,3.248955284124473,23.0,-8.811666898938851,-8.61635110369358,0.19531579524527187,-0.19531579524527132,-0.20537189653629184
olympicenyl_orca_230,olympicenyl,homodimer,230,/home/rb1820/BLA-ML/olympicenyl/orca_230/str_230.xyz,1.143817,INCLUDED_NO_FILTER,retained in no-S2-filter workflow,2.80761061865654,3.084852864960312,28.0,-4.189818209406953,-3.3081065156061396,0.8817116938008133,-0.8817116938008134,-0.7614356164260627
olympicenyl_orca_231,olympicenyl,homodimer,231,/home/rb1820/BLA-ML/olympicenyl/orca_231/str_231.xyz,1.182123,INCLUDED_NO_FILTER,retained in no-S2-filter workflow,3.0693653147306983,3.201162558562844,35.0,-9.767793078200066,-9.700770234596265,0.06702284360380165,-0.06702284360380162,-0.04706171594145481
olympicenyl_orca_232,olympicenyl,homodimer,232,/home/rb1820/BLA-ML/olympicenyl/orca_232/str_232.xyz,1.12569,INCLUDED_NO_FILTER,retained in no-S2-filter workflow,2.757536734096055,3.0793064174633464,27.0,-4.158357171105457,-2.5988569909460315,1.5595001801594262,-1.559500180159426,-1.4384212847618043
olympicenyl_orca_233,olympicenyl,homodimer,233,/home/rb1820/BLA-ML/olympicenyl/orca_233/str_233.xyz,1.0939,INCLUDED_NO_FILTER,retained in no-S2-filter workflow,2.800203614878959,3.054564588925675,38.0,-5.345738511438855,-3.1014350503358217,2.2443034611030335,-2.244303461103033,-2.3356928561081136
olympicenyl_orca_234,olympicenyl,homodimer,234,/home/rb1820/BLA-ML/olympicenyl/orca_234/str_234.xyz,1.165485,INCLUDED_NO_FILTER,retained in no-S2-filter workflow,3.039075191680716,3.144476759322088,23.0,-7.569602662892743,-7.295451472027396,0.2741511908653466,-0.27415119086534734,-0.21336694193333638
olympicenyl_orca_235,olympicenyl,homodimer,235,/home/rb1820/BLA-ML/olympicenyl/orca_235/str_235.xyz,1.186913,INCLUDED_NO_FILTER,retained in no-S2-filter workflow,3.122286389530089,3.2499326898597234,23.0,-8.015154558331352,-8.025333777960267,-0.010179219628913634,0.010179219628914993,0.017841474129637547
olympicenyl_orca_236,olympicenyl,homodimer,236,/home/rb1820/BLA-ML/olympicenyl/orca_236/str_236.xyz,1.174928,INCLUDED_NO_FILTER,retained in no-S2-filter workflow,3.12770722017203,3.2192416555048395,24.0,-8.124058203190806,-8.05304277904068,0.071015424150126,-0.07101542415012574,-0.02601528235267203
olympicenyl_orca_237,olympicenyl,homodimer,237,/home/rb1820/BLA-ML/olympicenyl/orca_237/str_237.xyz,1.12562,INCLUDED_NO_FILTER,retained in no-S2-filter workflow,2.938190500760802,3.075730967651477,29.0,-1.7988012318434514,0.37063045502973785,2.1694316868731893,-2.1694316868731893,-2.3393106916450574
olympicenyl_orca_238,olympicenyl,homodimer,238,/home/rb1820/BLA-ML/olympicenyl/orca_238/str_238.xyz,1.179077,INCLUDED_NO_FILTER,retained in no-S2-filter workflow,3.0246305491076946,3.192678036201962,20.0,-8.234522326045493,-8.052074970484567,0.1824473555609253,-0.18244735556092628,-0.16615256432032233
olympicenyl_orca_239,olympicenyl,homodimer,239,/home/rb1820/BLA-ML/olympicenyl/orca_239/str_239.xyz,1.135216,INCLUDED_NO_FILTER,retained in no-S2-filter workflow,3.03651541538819,3.1552822798956304,23.0,-7.530690095735749,-7.353335444057674,0.17735465167807576,-0.1773546516780753,-0.3394101424613547
olympicenyl_orca_240,olympicenyl,homodimer,240,/home/rb1820/BLA-ML/olympicenyl/orca_240/str_240.xyz,1.175565,INCLUDED_NO_FILTER,retained in no-S2-filter workflow,3.1853621266793373,3.23211402284758,24.0,-6.9859111627002966,-7.1009269751248905,-0.11501581242459406,0.11501581242459391,0.22643226112859605
olympicenyl_orca_241,olympicenyl,homodimer,241,/home/rb1820/BLA-ML/olympicenyl/orca_241/str_241.xyz,1.120605,INCLUDED_NO_FILTER,retained in no-S2-filter workflow,2.736593572776494,3.068901841814121,22.0,-3.959658883307199,-2.352910310246642,1.6067485730605569,-1.6067485730605569,-1.4949386226245505
olympicenyl_orca_242,olympicenyl,homodimer,242,/home/rb1820/BLA-ML/olympicenyl/orca_242/str_242.xyz,1.185098,INCLUDED_NO_FILTER,retained in no-S2-filter workflow,3.069340560143912,3.210694205932343,19.0,-8.74088187491155,-8.751639362090323,-0.010757487178774046,0.010757487178773673,0.005426647036349763
olympicenyl_orca_243,olympicenyl,homodimer,243,/home/rb1820/BLA-ML/olympicenyl/orca_243/str_243.xyz,1.173352,INCLUDED_NO_FILTER,retained in no-S2-filter workflow,3.162577197231463,3.229882298438311,21.0,-8.131898545674325,-8.955923978208272,-0.8240254325339469,0.8240254325339471,0.8712711997652196
olympicenyl_orca_244,olympicenyl,homodimer,244,/home/rb1820/BLA-ML/olympicenyl/orca_244/str_244.xyz,1.17281,INCLUDED_NO_FILTER,retained in no-S2-filter workflow,3.007957333725962,3.146571290822478,22.0,-8.163057250597369,-7.99082729303379,0.17222995756357815,-0.17222995756357928,-0.13050484711435129
olympicenyl_orca_245,olympicenyl,homodimer,245,/home/rb1820/BLA-ML/olympicenyl/orca_245/str_245.xyz,1.183524,INCLUDED_NO_FILTER,retained in no-S2-filter workflow,3.111226653959746,3.2301987688764653,19.0,-9.176904903908051,-9.169687544758135,0.007217359149915686,-0.007217359149915836,-0.019445176921186302
olympicenyl_orca_246,olympicenyl,homodimer,246,/home/rb1820/BLA-ML/olympicenyl/orca_246/str_246.xyz,1.09309,INCLUDED_NO_FILTER,retained in no-S2-filter workflow,2.811793387521968,3.0820383818950265,29.0,-4.629817380173184,-2.507190799248644,2.1226265809245395,-2.1226265809245395,-2.0848071796828767
olympicenyl_orca_247,olympicenyl,homodimer,247,/home/rb1820/BLA-ML/olympicenyl/orca_247/str_247.xyz,1.165508,INCLUDED_NO_FILTER,retained in no-S2-filter workflow,3.0714388980189145,3.2039702441713813,22.0,-6.786384345865655,-6.697035403582268,0.08934894228338822,-0.08934894228338752,-0.14276568130064415
olympicenyl_orca_248,olympicenyl,homodimer,248,/home/rb1820/BLA-ML/olympicenyl/orca_248/str_248.xyz,1.175578,INCLUDED_NO_FILTER,retained in no-S2-filter workflow,3.154926012833939,3.234218889342422,24.0,-7.867266862355873,-8.1527394053472,-0.28547254299132785,0.28547254299132696,0.34753074245459104
olympicenyl_orca_249,olympicenyl,homodimer,249,/home/rb1820/BLA-ML/olympicenyl/orca_249/str_249.xyz,1.154172,INCLUDED_NO_FILTER,retained in no-S2-filter workflow,2.8614354054726063,3.058814439821273,32.0,-4.938826321438334,-4.136833940619734,0.8019923808186001,-0.8019923808186,-0.8815209000819095
olympicenyl_orca_250,olympicenyl,homodimer,250,/home/rb1820/BLA-ML/olympicenyl/orca_250/str_250.xyz,1.153401,INCLUDED_NO_FILTER,retained in no-S2-filter workflow,3.036473492039569,3.1778409543083543,23.0,-7.583528127255193,-6.872135502197421,0.711392625057773,-0.7113926250577727,-0.7688643790166845
olympicenyl_orca_251,olympicenyl,homodimer,251,/home/rb1820/BLA-ML/olympicenyl/orca_251/str_251.xyz,1.164661,INCLUDED_NO_FILTER,retained in no-S2-filter workflow,3.1563836001933305,3.217262543836376,28.0,-5.867586401526898,-6.184241080208899,-0.3166546786820008,0.31665467868200103,0.5423613284608013
olympicenyl_orca_252,olympicenyl,homodimer,252,/home/rb1820/BLA-ML/olympicenyl/orca_252/str_252.xyz,1.176187,INCLUDED_NO_FILTER,retained in no-S2-filter workflow,3.0343623977641987,3.180057916829166,21.0,-8.806831539277487,-8.600535973033242,0.20629556624424653,-0.20629556624424517,-0.2138325406087649
olympicenyl_orca_253,olympicenyl,homodimer,253,/home/rb1820/BLA-ML/olympicenyl/orca_253/str_253.xyz,1.103504,INCLUDED_NO_FILTER,retained in no-S2-filter workflow,2.772567546034892,3.0746655339046383,26.0,-4.357991202892353,-2.405732373545279,1.9522588293470735,-1.9522588293470737,-2.0103994633620705
olympicenyl_orca_254,olympicenyl,homodimer,254,/home/rb1820/BLA-ML/olympicenyl/orca_254/str_254.xyz,0.960637,INCLUDED_NO_FILTER,retained in no-S2-filter workflow,2.897182169182232,3.013167521231412,26.0,-3.2511435047219486,0.926427407773413,4.177570912495361,-4.177570912495361,-3.615356966044275
olympicenyl_orca_255,olympicenyl,homodimer,255,/home/rb1820/BLA-ML/olympicenyl/orca_255/str_255.xyz,1.148351,INCLUDED_NO_FILTER,retained in no-S2-filter workflow,3.027736723310017,3.191845589136065,14.0,-7.328054542522526,-6.337842044704127,0.9902124978183998,-0.9902124978183995,-0.9550111213306032
olympicenyl_orca_256,olympicenyl,homodimer,256,/home/rb1820/BLA-ML/olympicenyl/orca_256/str_256.xyz,1.1809,INCLUDED_NO_FILTER,retained in no-S2-filter workflow,3.2466593112053705,3.285463565820089,19.0,-7.095169706214585,-7.377271012895283,-0.28210130668069805,0.28210130668069855,0.27834065331373115
olympicenyl_orca_257,olympicenyl,homodimer,257,/home/rb1820/BLA-ML/olympicenyl/orca_257/str_257.xyz,1.174071,INCLUDED_NO_FILTER,retained in no-S2-filter workflow,2.94842702468851,3.160443695259601,24.0,-8.402430229972536,-8.271092042728526,0.13133818724401014,-0.13133818724401003,-0.1450665791296899
olympicenyl_orca_258,olympicenyl,homodimer,258,/home/rb1820/BLA-ML/olympicenyl/orca_258/str_258.xyz,1.184945,INCLUDED_NO_FILTER,retained in no-S2-filter workflow,3.10671121080713,3.220008258244212,21.0,-8.198967823061341,-8.16080486554391,0.038162957517431415,-0.03816295751743226,-0.02178621831256855
olympicenyl_orca_259,olympicenyl,homodimer,259,/home/rb1820/BLA-ML/olympicenyl/orca_259/str_259.xyz,1.174675,INCLUDED_NO_FILTER,retained in no-S2-filter workflow,2.915780454371349,3.177911465916396,23.0,-8.825645801345956,-8.454375149172956,0.3712706521730008,-0.3712706521730009,-0.3947895706020894
olympicenyl_orca_260,olympicenyl,homodimer,260,/home/rb1820/BLA-ML/olympicenyl/orca_260/str_260.xyz,1.158655,INCLUDED_NO_FILTER,retained in no-S2-filter workflow,2.9584068574126654,3.147202660436561,21.0,-7.469405544574553,-6.890932763761536,0.5784727808130172,-0.5784727808130166,-0.5329959303600438
olympicenyl_orca_261,olympicenyl,homodimer,261,/home/rb1820/BLA-ML/olympicenyl/orca_261/str_261.xyz,1.172775,INCLUDED_NO_FILTER,retained in no-S2-filter workflow,3.0572824886677843,3.202601243569247,15.0,-7.397568848476914,-7.100795002917082,0.29677384555983133,-0.2967738455598319,-0.20299071687828985
olympicenyl_orca_262,olympicenyl,homodimer,262,/home/rb1820/BLA-ML/olympicenyl/orca_262/str_262.xyz,0.880275,INCLUDED_NO_FILTER,retained in no-S2-filter workflow,2.63373792802061,3.0004172027791967,21.0,-2.6567583361585636,3.0381477969011144,5.6949061330596775,-5.694906133059678,-5.897251745693021
olympicenyl_orca_263,olympicenyl,homodimer,263,/home/rb1820/BLA-ML/olympicenyl/orca_263/str_263.xyz,1.146774,INCLUDED_NO_FILTER,retained in no-S2-filter workflow,3.0324108258290576,3.1040667978892484,29.0,-2.7526312623653357,-1.3025774645142247,1.4500537978511108,-1.450053797851111,-1.5925022186011057
olympicenyl_orca_264,olympicenyl,homodimer,264,/home/rb1820/BLA-ML/olympicenyl/orca_264/str_264.xyz,1.157569,INCLUDED_NO_FILTER,retained in no-S2-filter workflow,3.06110738685118,3.1897825016660084,25.0,-8.094113439176217,-7.8985657860553955,0.19554765312082234,-0.19554765312082178,-0.1946225936605126
olympicenyl_orca_265,olympicenyl,homodimer,265,/home/rb1820/BLA-ML/olympicenyl/orca_265/str_265.xyz,1.124079,INCLUDED_NO_FILTER,retained in no-S2-filter workflow,2.949514591747067,3.0977412259824204,27.0,-5.830152346483415,-4.677306037176491,1.1528463093069248,-1.1528463093069243,-1.0792700965715296
olympicenyl_orca_266,olympicenyl,homodimer,266,/home/rb1820/BLA-ML/olympicenyl/orca_266/str_266.xyz,1.141208,INCLUDED_NO_FILTER,retained in no-S2-filter workflow,2.8925250847382147,3.078462761568149,25.0,-5.732876422094346,-4.824934189531611,0.9079422325627359,-0.9079422325627355,-0.9442231208656491
olympicenyl_orca_267,olympicenyl,homodimer,267,/home/rb1820/BLA-ML/olympicenyl/orca_267/str_267.xyz,1.174273,INCLUDED_NO_FILTER,retained in no-S2-filter workflow,3.0698151419756723,3.2112509376274483,15.0,-7.555128610380801,-7.308366108932949,0.246762501447852,-0.2467625014478516,-0.15980254926475812
olympicenyl_orca_268,olympicenyl,homodimer,268,/home/rb1820/BLA-ML/olympicenyl/orca_268/str_268.xyz,1.172283,INCLUDED_NO_FILTER,retained in no-S2-filter workflow,2.858311421482937,3.112445809995932,29.0,-6.843914164168865,-6.2350562483222705,0.608857915846595,-0.6088579158465945,-0.6596267810595338
olympicenyl_orca_269,olympicenyl,homodimer,269,/home/rb1820/BLA-ML/olympicenyl/orca_269/str_269.xyz,1.185231,INCLUDED_NO_FILTER,retained in no-S2-filter workflow,3.195345941753494,3.270895522062535,14.0,-8.94819428639059,-8.877781367408467,0.07041291898212368,-0.07041291898212343,-0.053426274543662444
olympicenyl_orca_270,olympicenyl,homodimer,270,/home/rb1820/BLA-ML/olympicenyl/orca_270/str_270.xyz,1.169591,INCLUDED_NO_FILTER,retained in no-S2-filter workflow,3.1587703076100406,3.2309252837905733,23.0,-7.257324121943055,-7.1478840449110965,0.10944007703195963,-0.1094400770319588,0.015116714478462967
olympicenyl_orca_271,olympicenyl,homodimer,271,/home/rb1820/BLA-ML/olympicenyl/orca_271/str_271.xyz,1.182534,INCLUDED_NO_FILTER,retained in no-S2-filter workflow,3.1691983450138648,3.248738724692951,20.0,-8.78331903661992,-8.842719135549556,-0.05940009892963647,0.05940009892963616,0.09646755140582997
olympicenyl_orca_272,olympicenyl,homodimer,272,/home/rb1820/BLA-ML/olympicenyl/orca_272/str_272.xyz,1.179389,INCLUDED_NO_FILTER,retained in no-S2-filter workflow,3.109924613501272,3.19149161790906,27.0,-6.410016762512379,-6.655760530509756,-0.24574376799737754,0.24574376799737685,0.28722882412206197
olympicenyl_orca_273,olympicenyl,homodimer,273,/home/rb1820/BLA-ML/olympicenyl/orca_273/str_273.xyz,0.98459,INCLUDED_NO_FILTER,retained in no-S2-filter workflow,2.537770367081758,2.9569225617983346,22.0,-1.4234828881666088,2.8277745511376864,4.251257439304295,-4.251257439304295,-4.111543306305248
olympicenyl_orca_274,olympicenyl,homodimer,274,/home/rb1820/BLA-ML/olympicenyl/orca_274/str_274.xyz,1.12636,INCLUDED_NO_FILTER,retained in no-S2-filter workflow,2.7056543937225648,3.055327193950135,23.0,-3.0434176397842614,-1.4422473993046423,1.601170240479619,-1.601170240479619,-1.4871762218493574
olympicenyl_orca_275,olympicenyl,homodimer,275,/home/rb1820/BLA-ML/olympicenyl/orca_275/str_275.xyz,1.178012,INCLUDED_NO_FILTER,retained in no-S2-filter workflow,3.172511058058686,3.237670487444896,21.0,-8.40778260717108,-8.501511938311625,-0.09372933114054412,0.09372933114054405,0.07612189131695501
olympicenyl_orca_276,olympicenyl,homodimer,276,/home/rb1820/BLA-ML/olympicenyl/orca_276/str_276.xyz,1.176942,INCLUDED_NO_FILTER,retained in no-S2-filter workflow,3.1268819930100498,3.219387152250275,25.0,-9.251265825195443,-9.57814762617127,-0.32688180097582753,0.3268818009758281,0.3543323501984528
olympicenyl_orca_277,olympicenyl,homodimer,277,/home/rb1820/BLA-ML/olympicenyl/orca_277/str_277.xyz,1.118503,INCLUDED_NO_FILTER,retained in no-S2-filter workflow,2.825684904773731,3.063857795672083,28.0,-4.336728706256337,-2.8225582267702256,1.5141704794861117,-1.5141704794861113,-1.5631406770993177
olympicenyl_orca_278,olympicenyl,homodimer,278,/home/rb1820/BLA-ML/olympicenyl/orca_278/str_278.xyz,1.184917,INCLUDED_NO_FILTER,retained in no-S2-filter workflow,3.0984479768993074,3.2034648979787432,23.0,-7.706809282359028,-7.694518047835699,0.012291234523329019,-0.012291234523329031,0.012214283858980046
olympicenyl_orca_279,olympicenyl,homodimer,279,/home/rb1820/BLA-ML/olympicenyl/orca_279/str_279.xyz,1.169279,INCLUDED_NO_FILTER,retained in no-S2-filter workflow,3.0080635734133288,3.1856061612679607,19.0,-7.93949133594565,-7.573204521477609,0.36628681446804046,-0.3662868144680411,-0.3482457723220973
olympicenyl_orca_280,olympicenyl,homodimer,280,/home/rb1820/BLA-ML/olympicenyl/orca_280/str_280.xyz,1.165705,INCLUDED_NO_FILTER,retained in no-S2-filter workflow,3.0806039085782726,3.217869440556651,23.0,-8.60558147052536,-8.489456818638532,0.11612465188682741,-0.11612465188682819,-0.12731933969821263
olympicenyl_orca_281,olympicenyl,homodimer,281,/home/rb1820/BLA-ML/olympicenyl/orca_281/str_281.xyz,1.167186,INCLUDED_NO_FILTER,retained in no-S2-filter workflow,3.018277575998013,3.166244311832542,21.0,-8.41285638580804,-8.268116463650651,0.1447399221573888,-0.14473992215738818,-0.15113237392309742
olympicenyl_orca_282,olympicenyl,homodimer,282,/home/rb1820/BLA-ML/olympicenyl/orca_282/str_282.xyz,1.175766,INCLUDED_NO_FILTER,retained in no-S2-filter workflow,3.0800026938857177,3.2018024383335857,24.0,-4.328542930594512,-4.659300594733986,-0.3307576641394739,0.3307576641394734,0.4433068198383845
olympicenyl_orca_283,olympicenyl,homodimer,283,/home/rb1820/BLA-ML/olympicenyl/orca_283/str_283.xyz,1.185641,INCLUDED_NO_FILTER,retained in no-S2-filter workflow,3.1504416251150875,3.2521000026847475,22.0,-10.010623479217658,-9.928652212786371,0.08197126643128709,-0.08197126643128705,-0.104890319939134
olympicenyl_orca_284,olympicenyl,homodimer,284,/home/rb1820/BLA-ML/olympicenyl/orca_284/str_284.xyz,1.183211,INCLUDED_NO_FILTER,retained in no-S2-filter workflow,3.2070797227330803,3.2939809737946284,12.0,-9.067359564202448,-9.177983986780502,-0.11062442257805424,0.11062442257805394,0.07471193744450133
olympicenyl_orca_285,olympicenyl,homodimer,285,/home/rb1820/BLA-ML/olympicenyl/orca_285/str_285.xyz,1.101801,INCLUDED_NO_FILTER,retained in no-S2-filter workflow,2.6905139697120752,3.0542545486405293,22.0,-3.1965103649334408,-1.1014301253103675,2.095080239623073,-2.095080239623073,-1.9859000400788598
olympicenyl_orca_286,olympicenyl,homodimer,286,/home/rb1820/BLA-ML/olympicenyl/orca_286/str_286.xyz,1.127563,INCLUDED_NO_FILTER,retained in no-S2-filter workflow,2.752972839184398,3.070301884667564,30.0,-3.0593820593337235,-1.5678419327948518,1.4915401265388715,-1.4915401265388717,-1.382475202633031
olympicenyl_orca_287,olympicenyl,homodimer,287,/home/rb1820/BLA-ML/olympicenyl/orca_287/str_287.xyz,1.182249,INCLUDED_NO_FILTER,retained in no-S2-filter workflow,2.945818576439722,3.154650871912209,21.0,-6.306357157299775,-6.110392080530684,0.19596507676909167,-0.1959650767690908,-0.1467106156168283
olympicenyl_orca_288,olympicenyl,homodimer,288,/home/rb1820/BLA-ML/olympicenyl/orca_288/str_288.xyz,1.17968,INCLUDED_NO_FILTER,retained in no-S2-filter workflow,3.1709415366299942,3.2353511042100123,22.0,-9.135184166669834,-9.235086585228679,-0.09990241855884427,0.09990241855884463,0.11264883115256374
olympicenyl_orca_289,olympicenyl,homodimer,289,/home/rb1820/BLA-ML/olympicenyl/orca_289/str_289.xyz,1.161833,INCLUDED_NO_FILTER,retained in no-S2-filter workflow,2.97107566758822,3.117707357053536,36.0,-3.3156070791428123,-3.4726163796628384,-0.15700930052002643,0.15700930052002615,0.1671336531950205
olympicenyl_orca_290,olympicenyl,homodimer,290,/home/rb1820/BLA-ML/olympicenyl/orca_290/str_290.xyz,1.186832,INCLUDED_NO_FILTER,retained in no-S2-filter workflow,3.011972640607048,3.1385102017170685,30.0,-5.398377192668942,-5.228410780235443,0.16996641243349928,-0.16996641243349941,-0.15783368708140877
olympicenyl_orca_291,olympicenyl,homodimer,291,/home/rb1820/BLA-ML/olympicenyl/orca_291/str_291.xyz,1.184356,INCLUDED_NO_FILTER,retained in no-S2-filter workflow,3.0380354689939697,3.198796905738148,28.0,-8.310418744208999,-8.29451259196489,0.015906152244109326,-0.015906152244108185,0.008864278983343965
olympicenyl_orca_292,olympicenyl,homodimer,292,/home/rb1820/BLA-ML/olympicenyl/orca_292/str_292.xyz,0.834059,INCLUDED_NO_FILTER,retained in no-S2-filter workflow,2.724518601547327,3.0260735644972825,24.0,-0.1484378424664883,6.881055898912945,7.029493741379434,-7.029493741379433,-7.04710046702014
olympicenyl_orca_293,olympicenyl,homodimer,293,/home/rb1820/BLA-ML/olympicenyl/orca_293/str_293.xyz,1.170281,INCLUDED_NO_FILTER,retained in no-S2-filter workflow,3.1537822542457805,3.194115601836649,21.0,-7.0531676657890925,-6.549416449180296,0.503751216608796,-0.5037512166087961,-0.6869724584094126
olympicenyl_orca_294,olympicenyl,homodimer,294,/home/rb1820/BLA-ML/olympicenyl/orca_294/str_294.xyz,1.137333,INCLUDED_NO_FILTER,retained in no-S2-filter workflow,2.811435126375594,3.124814511933585,14.0,-5.802619686256214,-4.591491043060565,1.2111286431956487,-1.2111286431956483,-1.3035584442228405
olympicenyl_orca_295,olympicenyl,homodimer,295,/home/rb1820/BLA-ML/olympicenyl/orca_295/str_295.xyz,1.152501,INCLUDED_NO_FILTER,retained in no-S2-filter workflow,3.1215846837600494,3.2098563758469,22.0,-6.7659788133616505,-6.885279340150342,-0.11930052678869106,0.11930052678869174,0.14112905532326714
olympicenyl_orca_296,olympicenyl,homodimer,296,/home/rb1820/BLA-ML/olympicenyl/orca_296/str_296.xyz,1.179295,INCLUDED_NO_FILTER,retained in no-S2-filter workflow,3.040029318970801,3.1590790534567783,32.0,-6.170602316157383,-6.52103774790766,-0.3504354317502772,0.35043543175027736,0.39248997440357414
olympicenyl_orca_297,olympicenyl,homodimer,297,/home/rb1820/BLA-ML/olympicenyl/orca_297/str_297.xyz,1.179713,INCLUDED_NO_FILTER,retained in no-S2-filter workflow,3.1369889457236675,3.2540265299717275,23.0,-8.59046696732933,-8.753708766574318,-0.16324179924498766,0.16324179924498772,0.1656538584524423
olympicenyl_orca_298,olympicenyl,homodimer,298,/home/rb1820/BLA-ML/olympicenyl/orca_298/str_298.xyz,1.178724,INCLUDED_NO_FILTER,retained in no-S2-filter workflow,3.0777588682077206,3.1775449049158,28.0,-8.523009188638923,-8.252973079344017,0.27003610929490796,-0.2700361092949066,-0.26051942184864885
olympicenyl_orca_299,olympicenyl,homodimer,299,/home/rb1820/BLA-ML/olympicenyl/orca_299/str_299.xyz,1.174241,INCLUDED_NO_FILTER,retained in no-S2-filter workflow,3.098947740142717,3.234140569945646,22.0,-8.829126897594653,-8.824255911095836,0.004870986498816849,-0.004870986498817231,0.0040478103828176515
olympicenyl_orca_300,olympicenyl,homodimer,300,/home/rb1820/BLA-ML/olympicenyl/orca_300/str_300.xyz,1.160695,INCLUDED_NO_FILTER,retained in no-S2-filter workflow,3.010497888305661,3.1219247648282265,29.0,-3.53596639094333,-2.9456193268446356,0.5903470640986945,-0.5903470640986943,-0.6028341746206807
olympicenyl_orca_301,olympicenyl,homodimer,301,/home/rb1820/BLA-ML/olympicenyl/orca_301/str_301.xyz,1.171106,INCLUDED_NO_FILTER,retained in no-S2-filter workflow,3.08415110262649,3.227528125569729,26.0,-7.643209159690467,-8.1970820768727,-0.5538729171822346,0.5538729171822334,0.5348336124469144
olympicenyl_orca_302,olympicenyl,homodimer,302,/home/rb1820/BLA-ML/olympicenyl/orca_302/str_302.xyz,1.17765,INCLUDED_NO_FILTER,retained in no-S2-filter workflow,3.2306468814142355,3.2683529375949605,20.0,-6.877394860589654,-7.595391571064268,-0.7179967104746142,0.7179967104746137,0.7756101499726409
olympicenyl_orca_303,olympicenyl,homodimer,303,/home/rb1820/BLA-ML/olympicenyl/orca_303/str_303.xyz,1.021828,INCLUDED_NO_FILTER,retained in no-S2-filter workflow,2.5561232851206097,2.958751647357995,25.0,-0.9926486740014903,2.57311216791647,3.5657608419179603,-3.5657608419179603,-3.426034777554289
olympicenyl_orca_304,olympicenyl,homodimer,304,/home/rb1820/BLA-ML/olympicenyl/orca_304/str_304.xyz,1.180702,INCLUDED_NO_FILTER,retained in no-S2-filter workflow,3.1514222642282594,3.2656163885516194,23.0,-8.69145716419786,-8.87465474306131,-0.18319757886344903,0.18319757886344945,0.19834429508005336
olympicenyl_orca_305,olympicenyl,homodimer,305,/home/rb1820/BLA-ML/olympicenyl/orca_305/str_305.xyz,1.122947,INCLUDED_NO_FILTER,retained in no-S2-filter workflow,2.8099242686647043,3.069794813797431,27.0,-4.547747378210665,-3.156678185804266,1.3910691924063987,-1.3910691924063987,-1.4696525532694893
olympicenyl_orca_306,olympicenyl,homodimer,306,/home/rb1820/BLA-ML/olympicenyl/orca_306/str_306.xyz,1.177108,INCLUDED_NO_FILTER,retained in no-S2-filter workflow,3.1012947234595223,3.236448594357941,22.0,-8.799677611276197,-8.82755748945501,-0.02787987817881391,0.027879878178813655,0.03919108003511518
olympicenyl_orca_307,olympicenyl,homodimer,307,/home/rb1820/BLA-ML/olympicenyl/orca_307/str_307.xyz,1.155518,INCLUDED_NO_FILTER,retained in no-S2-filter workflow,3.017055252007212,3.1079592130179363,29.0,-5.5089998243384874,-5.018264771398404,0.4907350529400834,-0.49073505294008335,-0.41253828040929363
olympicenyl_orca_308,olympicenyl,homodimer,308,/home/rb1820/BLA-ML/olympicenyl/orca_308/str_308.xyz,1.177757,INCLUDED_NO_FILTER,retained in no-S2-filter workflow,3.098670824656036,3.23537983746134,16.0,-9.872298023475512,-9.887345998814958,-0.015047975339447047,0.015047975339445685,0.0459318960321502
olympicenyl_orca_309,olympicenyl,homodimer,309,/home/rb1820/BLA-ML/olympicenyl/orca_309/str_309.xyz,1.171945,INCLUDED_NO_FILTER,retained in no-S2-filter workflow,3.12925497424127,3.213857546824319,16.0,-8.098344328264488,-8.172450806425255,-0.07410647816076771,0.07410647816076654,0.05163493394806373
olympicenyl_orca_310,olympicenyl,homodimer,310,/home/rb1820/BLA-ML/olympicenyl/orca_310/str_310.xyz,1.17337,INCLUDED_NO_FILTER,retained in no-S2-filter workflow,2.9129735194383293,3.11947248196894,16.0,-5.611074294889097,-5.184285481942337,0.42678881294675985,-0.42678881294675985,-0.45326924337657726
olympicenyl_orca_311,olympicenyl,homodimer,311,/home/rb1820/BLA-ML/olympicenyl/orca_311/str_311.xyz,1.084805,INCLUDED_NO_FILTER,retained in no-S2-filter workflow,2.6582540782767934,3.038961298369669,18.0,-1.9306936096758867,0.5646668097985046,2.495360419474391,-2.495360419474391,-2.4275302421515583
olympicenyl_orca_312,olympicenyl,homodimer,312,/home/rb1820/BLA-ML/olympicenyl/orca_312/str_312.xyz,1.171427,INCLUDED_NO_FILTER,retained in no-S2-filter workflow,3.1915293699383804,3.2371153384231546,23.0,-5.505114954554413,-6.465166627488518,-0.9600516729341049,0.9600516729341049,1.1127991920435285
olympicenyl_orca_313,olympicenyl,homodimer,313,/home/rb1820/BLA-ML/olympicenyl/orca_313/str_313.xyz,1.152564,INCLUDED_NO_FILTER,retained in no-S2-filter workflow,3.0399953902699925,3.164448601879024,24.0,-3.9187500755293825,-3.7765787353647844,0.14217134016459806,-0.1421713401645981,0.13151031554945192
olympicenyl_orca_314,olympicenyl,homodimer,314,/home/rb1820/BLA-ML/olympicenyl/orca_314/str_314.xyz,1.159829,INCLUDED_NO_FILTER,retained in no-S2-filter workflow,3.220613655733486,3.336286091134701,8.0,-8.885577868160627,-8.886715154418178,-0.0011372862575514387,0.0011372862575509401,-0.01206775395478843
olympicenyl_orca_315,olympicenyl,homodimer,315,/home/rb1820/BLA-ML/olympicenyl/orca_315/str_315.xyz,1.185387,INCLUDED_NO_FILTER,retained in no-S2-filter workflow,3.1489718068601773,3.2588817846199225,19.0,-8.224400404930602,-8.193515096487864,0.030885308442738273,-0.030885308442737625,-0.02938660521054004
olympicenyl_orca_316,olympicenyl,homodimer,316,/home/rb1820/BLA-ML/olympicenyl/orca_316/str_316.xyz,1.164962,INCLUDED_NO_FILTER,retained in no-S2-filter workflow,2.949394494340184,3.167829238131387,26.0,-7.163627572332645,-6.761421142397024,0.4022064299356205,-0.40220642993562095,-0.2812239498830431
olympicenyl_orca_317,olympicenyl,homodimer,317,/home/rb1820/BLA-ML/olympicenyl/orca_317/str_317.xyz,1.183277,INCLUDED_NO_FILTER,retained in no-S2-filter workflow,3.215897501561808,3.2557583144383164,20.0,-8.22743055278528,-8.377238270330082,-0.14980771754480135,0.14980771754480138,0.13274881821785733
olympicenyl_orca_318,olympicenyl,homodimer,318,/home/rb1820/BLA-ML/olympicenyl/orca_318/str_318.xyz,1.156843,INCLUDED_NO_FILTER,retained in no-S2-filter workflow,2.999628602415813,3.099282804748906,27.0,-4.429487772334093,-4.049693061685835,0.3797947106482576,-0.379794710648258,-0.4333345980957768
olympicenyl_orca_319,olympicenyl,homodimer,319,/home/rb1820/BLA-ML/olympicenyl/orca_319/str_319.xyz,1.171773,INCLUDED_NO_FILTER,retained in no-S2-filter workflow,3.08263940337978,3.219686083150384,15.0,-8.655663164725281,-8.895905052616287,-0.2402418878910067,0.2402418878910062,0.2592689774477712
olympicenyl_orca_320,olympicenyl,homodimer,320,/home/rb1820/BLA-ML/olympicenyl/orca_320/str_320.xyz,1.17959,INCLUDED_NO_FILTER,retained in no-S2-filter workflow,2.930821038569236,3.183788788647218,22.0,-6.991536469533012,-6.829276609500359,0.16225986003265327,-0.1622598600326537,-0.15543983102856807
olympicenyl_orca_321,olympicenyl,homodimer,321,/home/rb1820/BLA-ML/olympicenyl/orca_321/str_321.xyz,1.170512,INCLUDED_NO_FILTER,retained in no-S2-filter workflow,2.976740170542038,3.192529584015088,17.0,-5.767117139879251,-5.367831159087665,0.3992859807915873,-0.3992859807915865,-0.38153632921650793
olympicenyl_orca_322,olympicenyl,homodimer,322,/home/rb1820/BLA-ML/olympicenyl/orca_322/str_322.xyz,1.177403,INCLUDED_NO_FILTER,retained in no-S2-filter workflow,2.956144889743991,3.1501751941216094,20.0,-6.966641369526656,-6.92319149528465,0.04344987424200638,-0.04344987424200575,-0.0540810681814623
olympicenyl_orca_323,olympicenyl,homodimer,323,/home/rb1820/BLA-ML/olympicenyl/orca_323/str_323.xyz,1.173276,INCLUDED_NO_FILTER,retained in no-S2-filter workflow,3.12809930356423,3.191040049152062,21.0,-6.77481776311947,-6.396008986556662,0.37880877656280854,-0.3788087765628081,-0.5519285021541727
olympicenyl_orca_324,olympicenyl,homodimer,324,/home/rb1820/BLA-ML/olympicenyl/orca_324/str_324.xyz,1.182874,INCLUDED_NO_FILTER,retained in no-S2-filter workflow,3.107229209765009,3.1740086574781223,24.0,-3.7981590641857035,-3.3410319232371974,0.4571271409485061,-0.45712714094850604,-0.38489104297835297
olympicenyl_orca_325,olympicenyl,homodimer,325,/home/rb1820/BLA-ML/olympicenyl/orca_325/str_325.xyz,1.178609,INCLUDED_NO_FILTER,retained in no-S2-filter workflow,3.1144226220728406,3.2466490779888018,21.0,-8.415242621725483,-8.442582127647466,-0.027339505921982213,0.027339505921982976,0.007444643772769766
olympicenyl_orca_326,olympicenyl,homodimer,326,/home/rb1820/BLA-ML/olympicenyl/orca_326/str_326.xyz,1.018992,INCLUDED_NO_FILTER,retained in no-S2-filter workflow,2.665612078690509,3.009034782650976,20.0,-3.4475541043682534,-0.23087723771453716,3.2166768666537164,-3.2166768666537164,-3.188087389057292
olympicenyl_orca_327,olympicenyl,homodimer,327,/home/rb1820/BLA-ML/olympicenyl/orca_327/str_327.xyz,1.18122,INCLUDED_NO_FILTER,retained in no-S2-filter workflow,3.0789881799358616,3.2019399155479213,23.0,-6.887068199643988,-6.8257426644718375,0.061325535172150135,-0.061325535172150225,-0.051276664585797604
olympicenyl_orca_328,olympicenyl,homodimer,328,/home/rb1820/BLA-ML/olympicenyl/orca_328/str_328.xyz,1.165492,INCLUDED_NO_FILTER,retained in no-S2-filter workflow,3.016057866329227,3.1067606084575017,31.0,-3.2468391278888684,-3.7726341831836914,-0.5257950552948234,0.525795055294823,0.6171668934830818
olympicenyl_orca_329,olympicenyl,homodimer,329,/home/rb1820/BLA-ML/olympicenyl/orca_329/str_329.xyz,1.183783,INCLUDED_NO_FILTER,retained in no-S2-filter workflow,3.188292813601701,3.26862831140123,17.0,-9.888854665878398,-9.866615121926888,0.02223954395151012,-0.0222395439515104,-0.024133179694945994
olympicenyl_orca_330,olympicenyl,homodimer,330,/home/rb1820/BLA-ML/olympicenyl/orca_330/str_330.xyz,1.16185,INCLUDED_NO_FILTER,retained in no-S2-filter workflow,3.0698970926397275,3.234590677263603,15.0,-7.517047946336386,-6.775540105634807,0.7415078407015788,-0.7415078407015789,-0.7397868722421075
olympicenyl_orca_331,olympicenyl,homodimer,331,/home/rb1820/BLA-ML/olympicenyl/orca_331/str_331.xyz,1.175131,INCLUDED_NO_FILTER,retained in no-S2-filter workflow,3.09185193289888,3.219574383377689,23.0,-7.137962839667568,-7.1223918728155375,0.01557096685203037,-0.015570966852030743,0.011261199148330014
olympicenyl_orca_332,olympicenyl,homodimer,332,/home/rb1820/BLA-ML/olympicenyl/orca_332/str_332.xyz,1.149798,INCLUDED_NO_FILTER,retained in no-S2-filter workflow,3.052190015117937,3.18306478885659,22.0,-6.435671773877238,-5.911503604726433,0.5241681691508054,-0.5241681691508049,-0.4731940831024968
olympicenyl_orca_333,olympicenyl,homodimer,333,/home/rb1820/BLA-ML/olympicenyl/orca_333/str_333.xyz,1.038223,INCLUDED_NO_FILTER,retained in no-S2-filter workflow,2.8832756767290104,3.088438658361823,16.0,-2.5238739913387933,0.5563087199740275,3.0801827113128204,-3.080182711312821,-3.2288036840649976
olympicenyl_orca_334,olympicenyl,homodimer,334,/home/rb1820/BLA-ML/olympicenyl/orca_334/str_334.xyz,1.153995,INCLUDED_NO_FILTER,retained in no-S2-filter workflow,2.9781378119805564,3.113907338933836,19.0,-6.48143971522737,-5.954829272785976,0.526610442441393,-0.5266104424413935,-0.5182190631668204
olympicenyl_orca_335,olympicenyl,homodimer,335,/home/rb1820/BLA-ML/olympicenyl/orca_335/str_335.xyz,1.185189,INCLUDED_NO_FILTER,retained in no-S2-filter workflow,3.1772484431729087,3.256071308957838,17.0,-8.454954619650607,-8.329450937099923,0.12550368255068417,-0.12550368255068456,-0.1421337431695875
olympicenyl_orca_336,olympicenyl,homodimer,336,/home/rb1820/BLA-ML/olympicenyl/orca_336/str_336.xyz,1.182837,INCLUDED_NO_FILTER,retained in no-S2-filter workflow,3.174996021046278,3.230631714111607,19.0,-9.065518254289126,-9.113789138238443,-0.04827088394931749,0.04827088394931778,0.05954606581311772
olympicenyl_orca_337,olympicenyl,homodimer,337,/home/rb1820/BLA-ML/olympicenyl/orca_337/str_337.xyz,1.181644,INCLUDED_NO_FILTER,retained in no-S2-filter workflow,3.195148217683062,3.251208023189111,19.0,-9.292684542806626,-9.370705641491405,-0.07802109868477945,0.07802109868477913,0.08529366597668187
olympicenyl_orca_338,olympicenyl,homodimer,338,/home/rb1820/BLA-ML/olympicenyl/orca_338/str_338.xyz,1.136526,INCLUDED_NO_FILTER,retained in no-S2-filter workflow,2.691785946830137,3.0426175649661182,23.0,-3.285654878549002,-1.930612314528782,1.3550425640202204,-1.3550425640202202,-1.410877921210446
olympicenyl_orca_339,olympicenyl,homodimer,339,/home/rb1820/BLA-ML/olympicenyl/orca_339/str_339.xyz,1.186868,INCLUDED_NO_FILTER,retained in no-S2-filter workflow,2.9039531468408413,3.168127653067136,20.0,-6.803785596530098,-6.667612455689544,0.13617314084055387,-0.13617314084055376,-0.14463123607724615
olympicenyl_orca_340,olympicenyl,homodimer,340,/home/rb1820/BLA-ML/olympicenyl/orca_340/str_340.xyz,1.135052,INCLUDED_NO_FILTER,retained in no-S2-filter workflow,2.654866977056159,3.0611321715546445,18.0,-3.310192173241176,-1.9723176936421747,1.3378744795990014,-1.3378744795990012,-1.4747922442066694
olympicenyl_orca_341,olympicenyl,homodimer,341,/home/rb1820/BLA-ML/olympicenyl/orca_341/str_341.xyz,1.175479,INCLUDED_NO_FILTER,retained in no-S2-filter workflow,3.1419520763691047,3.21992215622591,16.0,-8.114086418764463,-8.050430457046755,0.06365596171770799,-0.06365596171770882,-0.08095933254066523
olympicenyl_orca_342,olympicenyl,homodimer,342,/home/rb1820/BLA-ML/olympicenyl/orca_342/str_342.xyz,1.184218,INCLUDED_NO_FILTER,retained in no-S2-filter workflow,3.1005003844526047,3.248993363138004,9.0,-6.934202833328956,-6.839095287371951,0.09510754595700588,-0.09510754595700543,-0.03245331004943619
olympicenyl_orca_343,olympicenyl,homodimer,343,/home/rb1820/BLA-ML/olympicenyl/orca_343/str_343.xyz,1.174706,INCLUDED_NO_FILTER,retained in no-S2-filter workflow,3.067397434063762,3.2209780636379186,24.0,-7.263057503369818,-7.391185252975503,-0.1281277496056855,0.12812774960568518,0.19873294079405657
olympicenyl_orca_344,olympicenyl,homodimer,344,/home/rb1820/BLA-ML/olympicenyl/orca_344/str_344.xyz,1.181655,INCLUDED_NO_FILTER,retained in no-S2-filter workflow,3.0572347798399653,3.186133980329506,22.0,-8.077099371317278,-8.03692013917357,0.04017923214370644,-0.04017923214370711,-0.03588017314515479
olympicenyl_orca_345,olympicenyl,homodimer,345,/home/rb1820/BLA-ML/olympicenyl/orca_345/str_345.xyz,1.172333,INCLUDED_NO_FILTER,retained in no-S2-filter workflow,3.1226946688825565,3.226025557699426,19.0,-7.946328652096684,-7.77554975632238,0.1707788957743033,-0.17077889577430394,-0.22120179677673857
olympicenyl_orca_346,olympicenyl,homodimer,346,/home/rb1820/BLA-ML/olympicenyl/orca_346/str_346.xyz,1.170803,INCLUDED_NO_FILTER,retained in no-S2-filter workflow,3.023113952816129,3.288331342449453,9.0,-8.287586830159198,-7.776105092053546,0.5114817381056508,-0.5114817381056511,-0.5079315644750455
olympicenyl_orca_347,olympicenyl,homodimer,347,/home/rb1820/BLA-ML/olympicenyl/orca_347/str_347.xyz,1.145742,INCLUDED_NO_FILTER,retained in no-S2-filter workflow,2.873205353655365,3.044820924942096,27.0,-3.272521526941823,-2.716625518637615,0.5558960083042078,-0.5558960083042077,-0.5831784771448438
olympicenyl_orca_348,olympicenyl,homodimer,348,/home/rb1820/BLA-ML/olympicenyl/orca_348/str_348.xyz,1.183072,INCLUDED_NO_FILTER,retained in no-S2-filter workflow,2.9785426395846306,3.121200745452944,32.0,-4.473682114344975,-4.570926265517362,-0.0972441511723861,0.0972441511723865,0.09908623333127053
olympicenyl_orca_349,olympicenyl,homodimer,349,/home/rb1820/BLA-ML/olympicenyl/orca_349/str_349.xyz,1.176119,INCLUDED_NO_FILTER,retained in no-S2-filter workflow,3.19878177565735,3.245317179500529,19.0,-7.026537337806651,-6.733703472275017,0.2928338655316353,-0.2928338655316347,-0.23544035691758847
olympicenyl_orca_350,olympicenyl,homodimer,350,/home/rb1820/BLA-ML/olympicenyl/orca_350/str_350.xyz,1.130393,INCLUDED_NO_FILTER,retained in no-S2-filter workflow,2.9107200131358866,3.1258052347121312,37.0,-5.026968512272227,-3.569590002062865,1.4573785102093628,-1.4573785102093626,-1.2152003288055186
olympicenyl_orca_351,olympicenyl,homodimer,351,/home/rb1820/BLA-ML/olympicenyl/orca_351/str_351.xyz,1.175823,INCLUDED_NO_FILTER,retained in no-S2-filter workflow,3.006095676738929,3.177471311403929,21.0,-8.961600069967117,-9.310052983547786,-0.3484529135806685,0.3484529135806689,0.410886535420139
olympicenyl_orca_352,olympicenyl,homodimer,352,/home/rb1820/BLA-ML/olympicenyl/orca_352/str_352.xyz,1.184062,INCLUDED_NO_FILTER,retained in no-S2-filter workflow,3.1439078684931454,3.2632856984203635,19.0,-8.367808141416713,-8.460536942681607,-0.0927288012648924,0.09272880126489369,0.0940610012974128
olympicenyl_orca_353,olympicenyl,homodimer,353,/home/rb1820/BLA-ML/olympicenyl/orca_353/str_353.xyz,1.129264,INCLUDED_NO_FILTER,retained in no-S2-filter workflow,2.7123474985523384,3.0851302456519507,24.0,-3.606060001154177,-2.333559728436828,1.2725002727173487,-1.2725002727173491,-1.3774823820723556
olympicenyl_orca_354,olympicenyl,homodimer,354,/home/rb1820/BLA-ML/olympicenyl/orca_354/str_354.xyz,1.185884,INCLUDED_NO_FILTER,retained in no-S2-filter workflow,3.179901634298925,3.259527318688659,18.0,-7.4311284537362665,-7.566114816636824,-0.13498636290055738,0.1349863629005572,0.11713546652560147
olympicenyl_orca_355,olympicenyl,homodimer,355,/home/rb1820/BLA-ML/olympicenyl/orca_355/str_355.xyz,1.185111,INCLUDED_NO_FILTER,retained in no-S2-filter workflow,3.106102910879012,3.248815399584319,9.0,-6.7461561850513725,-6.693929143828119,0.05222704122325401,-0.0522270412232535,-0.0008115266573112123
olympicenyl_orca_356,olympicenyl,homodimer,356,/home/rb1820/BLA-ML/olympicenyl/orca_356/str_356.xyz,1.145368,INCLUDED_NO_FILTER,retained in no-S2-filter workflow,2.8803149533347945,3.0426226099524745,28.0,-2.946950222981886,-2.413763536531398,0.533186686450488,-0.5331866864504882,-0.5687289511345792
olympicenyl_orca_357,olympicenyl,homodimer,357,/home/rb1820/BLA-ML/olympicenyl/orca_357/str_357.xyz,1.174151,INCLUDED_NO_FILTER,retained in no-S2-filter workflow,2.9853025607768164,3.153299022038367,18.0,-7.2456736742558565,-6.985905666271959,0.2597680079838971,-0.2597680079838973,-0.3179371912611044
olympicenyl_orca_358,olympicenyl,homodimer,358,/home/rb1820/BLA-ML/olympicenyl/orca_358/str_358.xyz,1.183921,INCLUDED_NO_FILTER,retained in no-S2-filter workflow,3.1962295118155613,3.2431022624812123,19.0,-9.327387176588017,-9.430430718833126,-0.10304354224510892,0.10304354224510881,0.11159548845044398
olympicenyl_orca_359,olympicenyl,homodimer,359,/home/rb1820/BLA-ML/olympicenyl/orca_359/str_359.xyz,1.186473,INCLUDED_NO_FILTER,retained in no-S2-filter workflow,3.0157554427151974,3.182161754134005,24.0,-6.0354084390100144,-6.011974103259505,0.023434335750509867,-0.023434335750509128,0.012017756458434725
olympicenyl_orca_360,olympicenyl,homodimer,360,/home/rb1820/BLA-ML/olympicenyl/orca_360/str_360.xyz,1.130809,INCLUDED_NO_FILTER,retained in no-S2-filter workflow,2.903281192736941,3.118083033702366,37.0,-5.070055023990403,-3.6211737771146515,1.4488812468757517,-1.448881246875752,-1.2280069408879104
olympicenyl_orca_361,olympicenyl,homodimer,361,/home/rb1820/BLA-ML/olympicenyl/orca_361/str_361.xyz,1.18031,INCLUDED_NO_FILTER,retained in no-S2-filter workflow,3.189376655831503,3.251467322762202,18.0,-8.84170528914483,-8.700805637128589,0.1408996520162408,-0.1408996520162411,-0.09755797152651535
olympicenyl_orca_362,olympicenyl,homodimer,362,/home/rb1820/BLA-ML/olympicenyl/orca_362/str_362.xyz,1.181002,INCLUDED_NO_FILTER,retained in no-S2-filter workflow,3.205776478610164,3.288191308166824,15.0,-9.443658221976271,-9.411405932986842,0.03225228898942957,-0.032252288989429445,0.016816075508454986
olympicenyl_orca_363,olympicenyl,homodimer,363,/home/rb1820/BLA-ML/olympicenyl/orca_363/str_363.xyz,1.177055,INCLUDED_NO_FILTER,retained in no-S2-filter workflow,3.148470024214961,3.209135654954043,18.0,-8.076234712784848,-8.272392642092788,-0.1961579293079393,0.1961579293079403,0.2160701067259163
olympicenyl_orca_364,olympicenyl,homodimer,364,/home/rb1820/BLA-ML/olympicenyl/orca_364/str_364.xyz,1.181212,INCLUDED_NO_FILTER,retained in no-S2-filter workflow,3.1897383107229373,3.253450739591739,19.0,-9.538577016135463,-9.56261623779803,-0.02403922166256702,0.024039221662567556,0.04214358963294185
olympicenyl_orca_365,olympicenyl,homodimer,365,/home/rb1820/BLA-ML/olympicenyl/orca_365/str_365.xyz,1.038956,INCLUDED_NO_FILTER,retained in no-S2-filter workflow,2.6725863629080258,3.013363997434836,21.0,-2.604427174836183,0.08489335895360298,2.689320533789786,-2.689320533789786,-2.667764027900785
olympicenyl_orca_366,olympicenyl,homodimer,366,/home/rb1820/BLA-ML/olympicenyl/orca_366/str_366.xyz,1.180817,INCLUDED_NO_FILTER,retained in no-S2-filter workflow,3.215758171405768,3.250782247533672,10.0,-7.705176593169212,-7.8842459955138455,-0.17906940234463392,0.1790694023446333,0.14392109624059657
olympicenyl_orca_367,olympicenyl,homodimer,367,/home/rb1820/BLA-ML/olympicenyl/orca_367/str_367.xyz,1.184797,INCLUDED_NO_FILTER,retained in no-S2-filter workflow,3.152291559970698,3.26292246112192,17.0,-8.19074383136379,-8.275601935729803,-0.08485810436601397,0.08485810436601327,0.07872991745634295
olympicenyl_orca_368,olympicenyl,homodimer,368,/home/rb1820/BLA-ML/olympicenyl/orca_368/str_368.xyz,1.172817,INCLUDED_NO_FILTER,retained in no-S2-filter workflow,2.9384742336389205,3.115148819539094,19.0,-3.709094053524626,-3.4446238761389525,0.26447017738567324,-0.26447017738567347,-0.2224138577792285
olympicenyl_orca_369,olympicenyl,homodimer,369,/home/rb1820/BLA-ML/olympicenyl/orca_369/str_369.xyz,1.180815,INCLUDED_NO_FILTER,retained in no-S2-filter workflow,3.1476292907123424,3.237255496351092,20.0,-7.8839053532155505,-7.924757631805243,-0.04085227858969226,0.04085227858969276,0.03099321518683773
olympicenyl_orca_370,olympicenyl,homodimer,370,/home/rb1820/BLA-ML/olympicenyl/orca_370/str_370.xyz,1.161039,INCLUDED_NO_FILTER,retained in no-S2-filter workflow,2.805650885217567,3.104429031670338,20.0,-5.823199847749165,-5.169512198895102,0.6536876488540623,-0.6536876488540626,-0.6987649324832441
olympicenyl_orca_371,olympicenyl,homodimer,371,/home/rb1820/BLA-ML/olympicenyl/orca_371/str_371.xyz,1.179984,INCLUDED_NO_FILTER,retained in no-S2-filter workflow,3.0134765924219926,3.186252754443242,20.0,-8.263647404561876,-8.051684981608508,0.211962422953368,-0.2119624229533681,-0.15084138365136113
olympicenyl_orca_372,olympicenyl,homodimer,372,/home/rb1820/BLA-ML/olympicenyl/orca_372/str_372.xyz,1.161433,INCLUDED_NO_FILTER,retained in no-S2-filter workflow,2.984312900079928,3.1540082320002183,12.0,-5.222199463797616,-4.431439113543125,0.7907603502544909,-0.7907603502544909,-0.7727327018273993
olympicenyl_orca_373,olympicenyl,homodimer,373,/home/rb1820/BLA-ML/olympicenyl/orca_373/str_373.xyz,1.178069,INCLUDED_NO_FILTER,retained in no-S2-filter workflow,3.1907840808625303,3.242789578086028,20.0,-6.698179514610906,-7.16810651409174,-0.46992699948083255,0.4699269994808333,0.5032347133430779
olympicenyl_orca_374,olympicenyl,homodimer,374,/home/rb1820/BLA-ML/olympicenyl/orca_374/str_374.xyz,1.181815,INCLUDED_NO_FILTER,retained in no-S2-filter workflow,3.0048540719397354,3.163380451210936,18.0,-5.327415143213933,-4.981422634017674,0.34599250919625907,-0.34599250919625923,-0.32041111094632235
olympicenyl_orca_375,olympicenyl,homodimer,375,/home/rb1820/BLA-ML/olympicenyl/orca_375/str_375.xyz,1.047376,INCLUDED_NO_FILTER,retained in no-S2-filter workflow,2.650617134476372,3.042309827808073,18.0,-3.2157288716637904,-0.5175643924916136,2.698164479172177,-2.698164479172177,-2.634296492015278
olympicenyl_orca_376,olympicenyl,homodimer,376,/home/rb1820/BLA-ML/olympicenyl/orca_376/str_376.xyz,1.18466,INCLUDED_NO_FILTER,retained in no-S2-filter workflow,3.059563351479388,3.1969685066094136,13.0,-5.356838337656203,-5.370706943955123,-0.013868606298919303,0.01386860629891995,0.06878118471437045
olympicenyl_orca_377,olympicenyl,homodimer,377,/home/rb1820/BLA-ML/olympicenyl/orca_377/str_377.xyz,1.180496,INCLUDED_NO_FILTER,retained in no-S2-filter workflow,3.097517703324182,3.193159934194352,18.0,-8.51908036183875,-8.46750525839678,0.05157510344196873,-0.05157510344196936,-0.054978809595608524
olympicenyl_orca_378,olympicenyl,homodimer,378,/home/rb1820/BLA-ML/olympicenyl/orca_378/str_378.xyz,1.159256,INCLUDED_NO_FILTER,retained in no-S2-filter workflow,2.936959579450732,3.106868332742833,15.0,-4.951215475082882,-4.25725761402097,0.6939578610619116,-0.6939578610619117,-0.7801107218346166
olympicenyl_orca_379,olympicenyl,homodimer,379,/home/rb1820/BLA-ML/olympicenyl/orca_379/str_379.xyz,1.183493,INCLUDED_NO_FILTER,retained in no-S2-filter workflow,2.99176023712862,3.214882311750805,14.0,-6.871389981456524,-6.866672044012767,0.004717937443756028,-0.004717937443756703,-0.031359731826166914
olympicenyl_orca_380,olympicenyl,homodimer,380,/home/rb1820/BLA-ML/olympicenyl/orca_380/str_380.xyz,1.178218,INCLUDED_NO_FILTER,retained in no-S2-filter workflow,3.1032521300599853,3.218282820122349,12.0,-8.422700346565119,-8.252364690088466,0.17033565647665352,-0.17033565647665228,-0.1995000383375194
olympicenyl_orca_381,olympicenyl,homodimer,381,/home/rb1820/BLA-ML/olympicenyl/orca_381/str_381.xyz,1.176581,INCLUDED_NO_FILTER,retained in no-S2-filter workflow,2.949103731126785,3.141816024467324,15.0,-7.743250628198314,-7.531934103133067,0.21131652506524642,-0.21131652506524645,-0.22751653368581515
olympicenyl_orca_382,olympicenyl,homodimer,382,/home/rb1820/BLA-ML/olympicenyl/orca_382/str_382.xyz,1.188018,INCLUDED_NO_FILTER,retained in no-S2-filter workflow,3.0689212332942017,3.170045238988788,19.0,-5.776806477259689,-5.793414773647319,-0.016608296387629354,0.01660829638762973,0.01948334788894801
olympicenyl_orca_383,olympicenyl,homodimer,383,/home/rb1820/BLA-ML/olympicenyl/orca_383/str_383.xyz,0.820381,INCLUDED_NO_FILTER,retained in no-S2-filter workflow,2.614409334358665,2.9891870643381604,18.0,1.1586177931968198,8.64680793542078,7.48819014222396,-7.48819014222396,-7.581736065305064
olympicenyl_orca_384,olympicenyl,homodimer,384,/home/rb1820/BLA-ML/olympicenyl/orca_384/str_384.xyz,1.186251,INCLUDED_NO_FILTER,retained in no-S2-filter workflow,3.149119996587274,3.257654965091085,15.0,-8.112970465320535,-8.191900178840447,-0.07892971351991339,0.07892971351991207,0.08323143913111064
olympicenyl_orca_385,olympicenyl,homodimer,385,/home/rb1820/BLA-ML/olympicenyl/orca_385/str_385.xyz,1.185453,INCLUDED_NO_FILTER,retained in no-S2-filter workflow,3.020517395207061,3.215956734810848,20.0,-8.452505893838795,-8.329845790478428,0.12266010336036835,-0.12266010336036715,-0.10468182753664212
olympicenyl_orca_386,olympicenyl,homodimer,386,/home/rb1820/BLA-ML/olympicenyl/orca_386/str_386.xyz,1.173181,INCLUDED_NO_FILTER,retained in no-S2-filter workflow,2.9715904663654475,3.1402855117078885,29.0,-6.2155149154945954,-5.772432820860221,0.4430820946343741,-0.44308209463437453,-0.357103292181324
olympicenyl_orca_387,olympicenyl,homodimer,387,/home/rb1820/BLA-ML/olympicenyl/orca_387/str_387.xyz,1.044145,INCLUDED_NO_FILTER,retained in no-S2-filter workflow,2.620227483864149,3.0094272900153887,21.0,-1.5867082492057172,1.7651078209494002,3.3518160701551176,-3.3518160701551176,-3.3252254378766843
olympicenyl_orca_388,olympicenyl,homodimer,388,/home/rb1820/BLA-ML/olympicenyl/orca_388/str_388.xyz,1.175185,INCLUDED_NO_FILTER,retained in no-S2-filter workflow,3.0647861366661493,3.223944576421656,19.0,-8.863682304343108,-8.741469405048207,0.12221289929490148,-0.12221289929490098,-0.14017234613194374
olympicenyl_orca_389,olympicenyl,homodimer,389,/home/rb1820/BLA-ML/olympicenyl/orca_389/str_389.xyz,1.187037,INCLUDED_NO_FILTER,retained in no-S2-filter workflow,3.22051517638555,3.299737617738846,10.0,-9.519064586533661,-9.408720738337859,0.11034384819580184,-0.1103438481958019,-0.09405681810505406
olympicenyl_orca_390,olympicenyl,homodimer,390,/home/rb1820/BLA-ML/olympicenyl/orca_390/str_390.xyz,0.916413,INCLUDED_NO_FILTER,retained in no-S2-filter workflow,2.7567755939345107,2.998761741615669,20.0,-2.102107255246739,3.2048081799571286,5.306915435203868,-5.306915435203868,-5.075016040716402
olympicenyl_orca_391,olympicenyl,homodimer,391,/home/rb1820/BLA-ML/olympicenyl/orca_391/str_391.xyz,1.16388,INCLUDED_NO_FILTER,retained in no-S2-filter workflow,2.962225740426895,3.1236675811525325,17.0,-4.008143422270639,-3.3086084572378263,0.6995349650328138,-0.6995349650328131,-0.6255454853951119
olympicenyl_orca_392,olympicenyl,homodimer,392,/home/rb1820/BLA-ML/olympicenyl/orca_392/str_392.xyz,1.177958,INCLUDED_NO_FILTER,retained in no-S2-filter workflow,3.19057589221926,3.2438882457439417,20.0,-6.288917462312992,-6.745206754994702,-0.4562892926817106,0.4562892926817099,0.4911893615835048
olympicenyl_orca_393,olympicenyl,homodimer,393,/home/rb1820/BLA-ML/olympicenyl/orca_393/str_393.xyz,1.18698,INCLUDED_NO_FILTER,retained in no-S2-filter workflow,3.2809685656099483,3.3917780600043725,5.0,-9.088362264247996,-8.929101786596073,0.15926047765192422,-0.15926047765192308,-0.1728867177825908
olympicenyl_orca_394,olympicenyl,homodimer,394,/home/rb1820/BLA-ML/olympicenyl/orca_394/str_394.xyz,1.173216,INCLUDED_NO_FILTER,retained in no-S2-filter workflow,2.995060444689089,3.166939522735269,22.0,-7.72576568537729,-7.941386374398347,-0.21562068902105644,0.21562068902105658,0.3098941467375331
olympicenyl_orca_395,olympicenyl,homodimer,395,/home/rb1820/BLA-ML/olympicenyl/orca_395/str_395.xyz,1.189072,INCLUDED_NO_FILTER,retained in no-S2-filter workflow,3.136303346711282,3.226783029415633,17.0,-8.100511904126414,-8.010741646906693,0.08977025721971986,-0.08977025721972076,-0.10555713044488346
olympicenyl_orca_396,olympicenyl,homodimer,396,/home/rb1820/BLA-ML/olympicenyl/orca_396/str_396.xyz,1.156744,INCLUDED_NO_FILTER,retained in no-S2-filter workflow,2.6615923196246585,3.070518302177545,15.0,-3.6819697846430213,-2.8152713069760247,0.8666984776669968,-0.8666984776669966,-0.8038368502234525
olympicenyl_orca_397,olympicenyl,homodimer,397,/home/rb1820/BLA-ML/olympicenyl/orca_397/str_397.xyz,1.186083,INCLUDED_NO_FILTER,retained in no-S2-filter workflow,3.0733149453904702,3.202990098568363,21.0,-6.996476321971404,-6.857001237513089,0.13947508445831486,-0.13947508445831502,-0.14252548903462348
olympicenyl_orca_398,olympicenyl,homodimer,398,/home/rb1820/BLA-ML/olympicenyl/orca_398/str_398.xyz,1.15758,INCLUDED_NO_FILTER,retained in no-S2-filter workflow,2.818076505216822,3.114830494672961,13.0,-5.105880280323874,-4.4113228953744965,0.6945573849493778,-0.6945573849493778,-0.7618386504363857
olympicenyl_orca_399,olympicenyl,homodimer,399,/home/rb1820/BLA-ML/olympicenyl/orca_399/str_399.xyz,0.971739,INCLUDED_NO_FILTER,retained in no-S2-filter workflow,2.609234180472066,2.9654780417672795,18.0,1.7627359887760432,6.316789014593533,4.55405302581749,-4.554053025817489,-4.771875853385068
olympicenyl_orca_400,olympicenyl,homodimer,400,/home/rb1820/BLA-ML/olympicenyl/orca_400/str_400.xyz,1.180006,INCLUDED_NO_FILTER,retained in no-S2-filter workflow,3.164389016548168,3.240791360858028,16.0,-7.453957803699325,-7.617486716168665,-0.16352891246934056,0.16352891246934043,0.16788512037236103
olympicenyl_orca_401,olympicenyl,homodimer,401,/home/rb1820/BLA-ML/olympicenyl/orca_401/str_401.xyz,1.17697,INCLUDED_NO_FILTER,retained in no-S2-filter workflow,3.068834238474365,3.1637544935907806,24.0,-6.99345256214698,-6.644602650292363,0.34884991185461717,-0.3488499118546171,-0.28004170343425994
olympicenyl_orca_402,olympicenyl,homodimer,402,/home/rb1820/BLA-ML/olympicenyl/orca_402/str_402.xyz,1.125531,INCLUDED_NO_FILTER,retained in no-S2-filter workflow,2.885426357395068,3.04376195128551,20.0,-3.3518591592540363,-1.9351977967958567,1.4166613624581796,-1.4166613624581796,-1.2038256109211012
olympicenyl_orca_403,olympicenyl,homodimer,403,/home/rb1820/BLA-ML/olympicenyl/orca_403/str_403.xyz,1.140279,INCLUDED_NO_FILTER,retained in no-S2-filter workflow,2.8659032171344903,3.074083012443219,20.0,-4.453267535698423,-3.456221729015189,0.9970458066832337,-0.997045806683234,-0.8442622263674726
olympicenyl_orca_404,olympicenyl,homodimer,404,/home/rb1820/BLA-ML/olympicenyl/orca_404/str_404.xyz,1.159192,INCLUDED_NO_FILTER,retained in no-S2-filter workflow,2.692063888691902,3.0666030173034144,15.0,-3.737976484198516,-3.0187538015400275,0.7192226826584889,-0.7192226826584887,-0.6301200235289568
olympicenyl_orca_405,olympicenyl,homodimer,405,/home/rb1820/BLA-ML/olympicenyl/orca_405/str_405.xyz,1.177648,INCLUDED_NO_FILTER,retained in no-S2-filter workflow,2.813105364953617,3.163674477211256,12.0,-6.189019908684631,-5.868654007289691,0.32036590139493976,-0.3203659013949398,-0.3049592186368688
olympicenyl_orca_406,olympicenyl,homodimer,406,/home/rb1820/BLA-ML/olympicenyl/orca_406/str_406.xyz,1.181622,INCLUDED_NO_FILTER,retained in no-S2-filter workflow,3.00092592035265,3.1281591639656154,27.0,-6.306258793875729,-6.41067106106264,-0.10441226718691075,0.10441226718691077,0.1390334457752358
olympicenyl_orca_407,olympicenyl,homodimer,407,/home/rb1820/BLA-ML/olympicenyl/orca_407/str_407.xyz,1.181017,INCLUDED_NO_FILTER,retained in no-S2-filter workflow,3.135821581931624,3.23366766473449,14.0,-8.09105101088053,-8.287129043154213,-0.19607803227368323,0.19607803227368237,0.17932475879821808
olympicenyl_orca_408,olympicenyl,homodimer,408,/home/rb1820/BLA-ML/olympicenyl/orca_408/str_408.xyz,1.183335,INCLUDED_NO_FILTER,retained in no-S2-filter workflow,3.2389101629298427,3.280300506450485,20.0,-8.705754354507027,-8.845993550940273,-0.14023919643324573,0.1402391964332459,0.135188108444674
olympicenyl_orca_409,olympicenyl,homodimer,409,/home/rb1820/BLA-ML/olympicenyl/orca_409/str_409.xyz,1.182694,INCLUDED_NO_FILTER,retained in no-S2-filter workflow,2.9756790976092,3.155967556112204,13.0,-4.6003886021256255,-4.641135847041687,-0.04074724491606155,0.0407472449160613,0.109368697633065
olympicenyl_orca_410,olympicenyl,homodimer,410,/home/rb1820/BLA-ML/olympicenyl/orca_410/str_410.xyz,1.180851,INCLUDED_NO_FILTER,retained in no-S2-filter workflow,3.1309722107262834,3.232408877236188,14.0,-8.054724793691749,-8.260509691477667,-0.2057848977859166,0.20578489778591802,0.18352223665490364
olympicenyl_orca_411,olympicenyl,homodimer,411,/home/rb1820/BLA-ML/olympicenyl/orca_411/str_411.xyz,1.08081,INCLUDED_NO_FILTER,retained in no-S2-filter workflow,2.6305842707389058,3.087313145406937,13.0,-1.9847585407935862,0.5259262423393483,2.5106847831329344,-2.5106847831329344,-2.525048059752916
olympicenyl_orca_412,olympicenyl,homodimer,412,/home/rb1820/BLA-ML/olympicenyl/orca_412/str_412.xyz,1.146311,INCLUDED_NO_FILTER,retained in no-S2-filter workflow,2.8764183141675823,3.0758924462898447,17.0,-4.6884751353982335,-3.9417599097477485,0.7467152256504845,-0.746715225650485,-0.6022725074420534
olympicenyl_orca_413,olympicenyl,homodimer,413,/home/rb1820/BLA-ML/olympicenyl/orca_413/str_413.xyz,1.186735,INCLUDED_NO_FILTER,retained in no-S2-filter workflow,3.0228751013116555,3.168496192652258,16.0,-5.123964955914618,-5.259505132873362,-0.13554017695874387,0.13554017695874432,0.1623703906344156
olympicenyl_orca_414,olympicenyl,homodimer,414,/home/rb1820/BLA-ML/olympicenyl/orca_414/str_414.xyz,1.182219,INCLUDED_NO_FILTER,retained in no-S2-filter workflow,3.2785920055656512,3.341877276201733,10.0,-8.233911398528122,-8.456063947788879,-0.222152549260757,0.22215254926075723,0.20642393809732695
olympicenyl_orca_415,olympicenyl,homodimer,415,/home/rb1820/BLA-ML/olympicenyl/orca_415/str_415.xyz,1.178936,INCLUDED_NO_FILTER,retained in no-S2-filter workflow,3.1248611653542286,3.190966563066592,16.0,-6.759199938299157,-6.320389306989529,0.4388106313096277,-0.43881063130962783,-0.4595454116080244
olympicenyl_orca_416,olympicenyl,homodimer,416,/home/rb1820/BLA-ML/olympicenyl/orca_416/str_416.xyz,1.181024,INCLUDED_NO_FILTER,retained in no-S2-filter workflow,3.13492300439106,3.2196881221909743,18.0,-7.828498263297683,-7.806841443621509,0.021656819676173444,-0.021656819676174166,-0.06585414300201808
olympicenyl_orca_417,olympicenyl,homodimer,417,/home/rb1820/BLA-ML/olympicenyl/orca_417/str_417.xyz,1.180046,INCLUDED_NO_FILTER,retained in no-S2-filter workflow,3.066694302548888,3.175767872718693,16.0,-5.761057365519457,-5.872681525675923,-0.11162416015646656,0.1116241601564667,0.14483776169393892
olympicenyl_orca_418,olympicenyl,homodimer,418,/home/rb1820/BLA-ML/olympicenyl/orca_418/str_418.xyz,1.187807,INCLUDED_NO_FILTER,retained in no-S2-filter workflow,3.115751682906825,3.2518165690149083,14.0,-6.058781621912336,-5.942422750382228,0.11635887153010771,-0.1163588715301076,-0.09881190030979692
olympicenyl_orca_419,olympicenyl,homodimer,419,/home/rb1820/BLA-ML/olympicenyl/orca_419/str_419.xyz,1.180422,INCLUDED_NO_FILTER,retained in no-S2-filter workflow,3.1483105776440743,3.243636663996416,11.0,-8.157335922846652,-8.350046896169435,-0.19271097332278242,0.1927109733227823,0.1713403164532763
olympicenyl_orca_420,olympicenyl,homodimer,420,/home/rb1820/BLA-ML/olympicenyl/orca_420/str_420.xyz,1.174683,INCLUDED_NO_FILTER,retained in no-S2-filter workflow,3.1925962557564302,3.2285419782593414,18.0,-7.415433009183379,-6.963854899372471,0.45157810981090796,-0.4515781098109075,-0.4484680875674867
olympicenyl_orca_421,olympicenyl,homodimer,421,/home/rb1820/BLA-ML/olympicenyl/orca_421/str_421.xyz,1.179472,INCLUDED_NO_FILTER,retained in no-S2-filter workflow,3.118524817370921,3.33949733193795,9.0,-7.715149970180066,-8.044900105033538,-0.3297501348534723,0.32975013485347127,0.35556187160024066
olympicenyl_orca_422,olympicenyl,homodimer,422,/home/rb1820/BLA-ML/olympicenyl/orca_422/str_422.xyz,1.180212,INCLUDED_NO_FILTER,retained in no-S2-filter workflow,3.1887002102736504,3.2428167100606062,17.0,-7.226508724849918,-7.0772172732086105,0.14929145164130692,-0.1492914516413073,-0.07924714041691949
olympicenyl_orca_423,olympicenyl,homodimer,423,/home/rb1820/BLA-ML/olympicenyl/orca_423/str_423.xyz,1.145414,INCLUDED_NO_FILTER,retained in no-S2-filter workflow,2.863135039933012,3.087340944317136,21.0,-2.7870186184890646,-1.633363989646547,1.1536546288425176,-1.1536546288425176,-0.9192314206600458
olympicenyl_orca_424,olympicenyl,homodimer,424,/home/rb1820/BLA-ML/olympicenyl/orca_424/str_424.xyz,1.130331,INCLUDED_NO_FILTER,retained in no-S2-filter workflow,2.591141513651526,3.035804269567732,16.0,-1.5740051055827058,0.0333915059810425,1.6073966115637481,-1.6073966115637484,-1.6896033790504166
olympicenyl_orca_425,olympicenyl,homodimer,425,/home/rb1820/BLA-ML/olympicenyl/orca_425/str_425.xyz,1.168159,INCLUDED_NO_FILTER,retained in no-S2-filter workflow,3.0240945028520936,3.179096061496022,17.0,-6.3968574953804245,-6.122461545592095,0.2743959497883284,-0.27439594978832904,-0.1551935143060268
olympicenyl_orca_426,olympicenyl,homodimer,426,/home/rb1820/BLA-ML/olympicenyl/orca_426/str_426.xyz,1.18355,INCLUDED_NO_FILTER,retained in no-S2-filter workflow,3.0656050424331256,3.2276904172398786,20.0,-7.43508545809623,-7.4593268456782145,-0.02424138758198396,0.02424138758198424,0.05120668225298175
olympicenyl_orca_427,olympicenyl,homodimer,427,/home/rb1820/BLA-ML/olympicenyl/orca_427/str_427.xyz,1.179519,INCLUDED_NO_FILTER,retained in no-S2-filter workflow,3.144139495311466,3.21864026005862,18.0,-8.078938644200583,-7.689190419046603,0.3897482251539806,-0.3897482251539808,-0.37983849501718003
olympicenyl_orca_428,olympicenyl,homodimer,428,/home/rb1820/BLA-ML/olympicenyl/orca_428/str_428.xyz,1.17347,INCLUDED_NO_FILTER,retained in no-S2-filter workflow,2.762992362543996,3.126251371540827,13.0,-5.274205471640613,-4.8995218851796345,0.37468358646097844,-0.37468358646097855,-0.29606744421787434
olympicenyl_orca_429,olympicenyl,homodimer,429,/home/rb1820/BLA-ML/olympicenyl/orca_429/str_429.xyz,1.156153,INCLUDED_NO_FILTER,retained in no-S2-filter workflow,3.0372143416636868,3.120907736506977,20.0,-4.012327641727086,-3.1694805085479416,0.8428471331791436,-0.8428471331791441,-0.64929149016992
olympicenyl_orca_430,olympicenyl,homodimer,430,/home/rb1820/BLA-ML/olympicenyl/orca_430/str_430.xyz,1.181396,INCLUDED_NO_FILTER,retained in no-S2-filter workflow,3.2381443636246905,3.345531617677841,9.0,-8.765159216208886,-8.769028051140996,-0.003868834932111114,0.003868834932109877,-0.016967272465501004
olympicenyl_orca_431,olympicenyl,homodimer,431,/home/rb1820/BLA-ML/olympicenyl/orca_431/str_431.xyz,1.180368,INCLUDED_NO_FILTER,retained in no-S2-filter workflow,3.134706379206468,3.2212035808134245,18.0,-6.419657095887657,-6.562966631461258,-0.14330953557360088,0.14330953557360093,0.24635345208036963
olympicenyl_orca_432,olympicenyl,homodimer,432,/home/rb1820/BLA-ML/olympicenyl/orca_432/str_432.xyz,1.17775,INCLUDED_NO_FILTER,retained in no-S2-filter workflow,2.865930590857729,3.076455253519577,29.0,-2.1896207317541934,-2.359793480475561,-0.17017274872136753,0.17017274872136756,0.1975858935025938
olympicenyl_orca_433,olympicenyl,homodimer,433,/home/rb1820/BLA-ML/olympicenyl/orca_433/str_433.xyz,1.173557,INCLUDED_NO_FILTER,retained in no-S2-filter workflow,3.070788074103902,3.2219377955106623,12.0,-4.49204925267633,-5.086177061323523,-0.5941278086471938,0.5941278086471931,0.7611665728339343
olympicenyl_orca_434,olympicenyl,homodimer,434,/home/rb1820/BLA-ML/olympicenyl/orca_434/str_434.xyz,1.181771,INCLUDED_NO_FILTER,retained in no-S2-filter workflow,3.167484012536581,3.261419055908079,15.0,-7.863430740039873,-7.887002573675749,-0.023571833635876744,0.023571833635876338,0.02597182796204578
olympicenyl_orca_435,olympicenyl,homodimer,435,/home/rb1820/BLA-ML/olympicenyl/orca_435/str_435.xyz,1.176574,INCLUDED_NO_FILTER,retained in no-S2-filter workflow,2.8128781227631663,3.2069171080126635,13.0,-6.280152931994738,-5.79687803671623,0.48327489527850764,-0.483274895278508,-0.539698253014202
olympicenyl_orca_436,olympicenyl,homodimer,436,/home/rb1820/BLA-ML/olympicenyl/orca_436/str_436.xyz,0.981883,INCLUDED_NO_FILTER,retained in no-S2-filter workflow,2.736352862027194,2.9784414135209114,16.0,-0.34452587455006173,4.216966301138452,4.561492175688514,-4.561492175688514,-4.274457847924799
olympicenyl_orca_437,olympicenyl,homodimer,437,/home/rb1820/BLA-ML/olympicenyl/orca_437/str_437.xyz,1.182104,INCLUDED_NO_FILTER,retained in no-S2-filter workflow,3.069326164613252,3.2662032710054616,12.0,-7.985355107309098,-8.285171364137982,-0.29981625682888413,0.29981625682888424,0.32557647015749147
olympicenyl_orca_438,olympicenyl,homodimer,438,/home/rb1820/BLA-ML/olympicenyl/orca_438/str_438.xyz,1.177158,INCLUDED_NO_FILTER,retained in no-S2-filter workflow,3.4570955840554216,3.5798373467221816,0.0,-7.023393541026784,-7.020294432350906,0.003099108675877712,-0.0030991086758778152,-0.009507814100139456
olympicenyl_orca_439,olympicenyl,homodimer,439,/home/rb1820/BLA-ML/olympicenyl/orca_439/str_439.xyz,1.17526,INCLUDED_NO_FILTER,retained in no-S2-filter workflow,2.806697205566677,3.127485701460647,15.0,-4.7968896592024,-4.673588751884406,0.12330090731799455,-0.12330090731799448,-0.03587673134012892
olympicenyl_orca_440,olympicenyl,homodimer,440,/home/rb1820/BLA-ML/olympicenyl/orca_440/str_440.xyz,1.132838,INCLUDED_NO_FILTER,retained in no-S2-filter workflow,2.9468704212772066,3.158647966650773,10.0,-2.8864701169043583,-1.5725163832075801,1.3139537336967781,-1.3139537336967781,-1.3697953038018231
olympicenyl_orca_441,olympicenyl,homodimer,441,/home/rb1820/BLA-ML/olympicenyl/orca_441/str_441.xyz,1.064178,INCLUDED_NO_FILTER,retained in no-S2-filter workflow,2.7172852022235903,3.0255636237137025,17.0,-1.2462394153525296,1.6455746926415045,2.891814107994034,-2.8918141079940343,-2.68403991467323
olympicenyl_orca_442,olympicenyl,homodimer,442,/home/rb1820/BLA-ML/olympicenyl/orca_442/str_442.xyz,1.187401,INCLUDED_NO_FILTER,retained in no-S2-filter workflow,3.115931581615264,3.2621650642644986,11.0,-6.028389888539458,-6.095238120846527,-0.06684823230706856,0.06684823230706893,0.05093747915953184
olympicenyl_orca_443,olympicenyl,homodimer,443,/home/rb1820/BLA-ML/olympicenyl/orca_443/str_443.xyz,1.032936,INCLUDED_NO_FILTER,retained in no-S2-filter workflow,2.698365633728716,2.98199340002389,14.0,1.3657330054171513,4.5985745430711065,3.232841537653955,-3.232841537653955,-3.3440210322199184
olympicenyl_orca_444,olympicenyl,homodimer,444,/home/rb1820/BLA-ML/olympicenyl/orca_444/str_444.xyz,1.146105,INCLUDED_NO_FILTER,retained in no-S2-filter workflow,2.704320045932905,3.0739765026209604,19.0,-2.536931949578628,-1.354462965559384,1.1824689840192442,-1.1824689840192442,-1.0453372478392031
olympicenyl_orca_445,olympicenyl,homodimer,445,/home/rb1820/BLA-ML/olympicenyl/orca_445/str_445.xyz,1.183123,INCLUDED_NO_FILTER,retained in no-S2-filter workflow,3.1195337740654336,3.1629116406741327,17.0,-5.74889860900147,-5.830886660634294,-0.08198805163282392,0.08198805163282419,0.09607314734075612
olympicenyl_orca_446,olympicenyl,homodimer,446,/home/rb1820/BLA-ML/olympicenyl/orca_446/str_446.xyz,1.189109,INCLUDED_NO_FILTER,retained in no-S2-filter workflow,3.2133710086706784,3.2998679958593726,11.0,-7.671981413535929,-7.580625144890927,0.09135626864500165,-0.09135626864500157,-0.09595783127727664
olympicenyl_orca_447,olympicenyl,homodimer,447,/home/rb1820/BLA-ML/olympicenyl/orca_447/str_447.xyz,1.181934,INCLUDED_NO_FILTER,retained in no-S2-filter workflow,3.0070796218131703,3.193093011922149,11.0,-5.368400821516184,-5.476461493359654,-0.10806067184347044,0.10806067184346979,0.10122439221477286
olympicenyl_orca_448,olympicenyl,homodimer,448,/home/rb1820/BLA-ML/olympicenyl/orca_448/str_448.xyz,1.153264,INCLUDED_NO_FILTER,retained in no-S2-filter workflow,2.90771303522251,3.132933038679542,12.0,-2.6058832697746417,-1.7465761082277784,0.8593071615468634,-0.8593071615468633,-0.8683497489104814
olympicenyl_orca_449,olympicenyl,homodimer,449,/home/rb1820/BLA-ML/olympicenyl/orca_449/str_449.xyz,1.180915,INCLUDED_NO_FILTER,retained in no-S2-filter workflow,2.746968976607543,3.1692064497754213,12.0,-4.975078812608149,-4.589453826561499,0.38562498604664924,-0.38562498604664963,-0.40037686537075956
olympicenyl_orca_450,olympicenyl,homodimer,450,/home/rb1820/BLA-ML/olympicenyl/orca_450/str_450.xyz,1.082936,INCLUDED_NO_FILTER,retained in no-S2-filter workflow,2.680090583946928,3.136177954246283,12.0,-1.0437157809372994,1.313048147083616,2.3567639280209156,-2.356763928020915,-2.524804996128716
olympicenyl_orca_451,olympicenyl,homodimer,451,/home/rb1820/BLA-ML/olympicenyl/orca_451/str_451.xyz,1.167826,INCLUDED_NO_FILTER,retained in no-S2-filter workflow,2.953289067591536,3.130648844573536,21.0,-4.360795235849363,-3.9930222806424744,0.36777295520688846,-0.36777295520688824,-0.47018050282536095
olympicenyl_orca_452,olympicenyl,homodimer,452,/home/rb1820/BLA-ML/olympicenyl/orca_452/str_452.xyz,1.160831,INCLUDED_NO_FILTER,retained in no-S2-filter workflow,3.247452472625599,3.5036198933420915,3.0,-5.540752483383584,-5.092881117159514,0.44787136622406953,-0.44787136622406987,-0.44775096179765317
olympicenyl_orca_453,olympicenyl,homodimer,453,/home/rb1820/BLA-ML/olympicenyl/orca_453/str_453.xyz,1.081963,INCLUDED_NO_FILTER,retained in no-S2-filter workflow,2.980919278032272,3.177927299823995,11.0,-2.3677235938175496,0.005349924829562705,2.373073518647112,-2.373073518647112,-2.4566492472298935
olympicenyl_orca_454,olympicenyl,homodimer,454,/home/rb1820/BLA-ML/olympicenyl/orca_454/str_454.xyz,1.133235,INCLUDED_NO_FILTER,retained in no-S2-filter workflow,3.011904044352819,3.201757612897916,12.0,-3.720270700756748,-2.9239908643612833,0.796279836395465,-0.7962798363954646,-0.9361605074149462
olympicenyl_orca_455,olympicenyl,homodimer,455,/home/rb1820/BLA-ML/olympicenyl/orca_455/str_455.xyz,1.184358,INCLUDED_NO_FILTER,retained in no-S2-filter workflow,3.1475368428494668,3.292759983408051,10.0,-7.097656394378618,-7.33781449665821,-0.2401581022795919,0.240158102279592,0.24036302057375736
olympicenyl_orca_456,olympicenyl,homodimer,456,/home/rb1820/BLA-ML/olympicenyl/orca_456/str_456.xyz,1.178437,INCLUDED_NO_FILTER,retained in no-S2-filter workflow,3.0878816097112822,3.321065304297696,7.0,-7.445160758375562,-7.668293264179386,-0.22313250580382457,0.22313250580382427,0.22764277024104868
olympicenyl_orca_457,olympicenyl,homodimer,457,/home/rb1820/BLA-ML/olympicenyl/orca_457/str_457.xyz,1.179585,INCLUDED_NO_FILTER,retained in no-S2-filter workflow,3.1271621637280043,3.330423596654243,8.0,-5.02353494786537,-5.11455813763305,-0.09102318976767912,0.09102318976767965,0.07304804529601316
olympicenyl_orca_458,olympicenyl,homodimer,458,/home/rb1820/BLA-ML/olympicenyl/orca_458/str_458.xyz,1.184605,INCLUDED_NO_FILTER,retained in no-S2-filter workflow,3.1809992331045125,3.2972245157769167,10.0,-7.513706706887202,-7.3319371909351405,0.18176951595206173,-0.1817695159520616,-0.18082509526988821
olympicenyl_orca_459,olympicenyl,homodimer,459,/home/rb1820/BLA-ML/olympicenyl/orca_459/str_459.xyz,1.18045,INCLUDED_NO_FILTER,retained in no-S2-filter workflow,2.807721652747358,3.0944373373222653,21.0,-2.4992516635915227,-2.6613983602360842,-0.1621466966445613,0.1621466966445615,0.1706470405750844
olympicenyl_orca_460,olympicenyl,homodimer,460,/home/rb1820/BLA-ML/olympicenyl/orca_460/str_460.xyz,1.168283,INCLUDED_NO_FILTER,retained in no-S2-filter workflow,2.819806536444146,3.1151800258512927,10.0,-0.6701638546102017,0.03832917970903491,0.7084930343192366,-0.7084930343192366,-0.775363239519042
olympicenyl_orca_461,olympicenyl,homodimer,461,/home/rb1820/BLA-ML/olympicenyl/orca_461/str_461.xyz,1.148285,INCLUDED_NO_FILTER,retained in no-S2-filter workflow,2.9345545092266283,3.1356555043921834,11.0,-1.438724553714108,-0.5856324115566749,0.8530921421574331,-0.8530921421574331,-0.7807507646036105
olympicenyl_orca_462,olympicenyl,homodimer,462,/home/rb1820/BLA-ML/olympicenyl/orca_462/str_462.xyz,1.052316,INCLUDED_NO_FILTER,retained in no-S2-filter workflow,2.8145166569467723,3.095730075135204,14.0,0.5402153094972941,3.626881182092647,3.086665872595353,-3.0866658725953533,-3.1373170284567697
olympicenyl_orca_463,olympicenyl,homodimer,463,/home/rb1820/BLA-ML/olympicenyl/orca_463/str_463.xyz,1.174876,INCLUDED_NO_FILTER,retained in no-S2-filter workflow,2.870573977610289,3.1696489778164447,13.0,-4.122852949247408,-3.738418178709166,0.3844347705382413,-0.3844347705382418,-0.40728478010191527
olympicenyl_orca_464,olympicenyl,homodimer,464,/home/rb1820/BLA-ML/olympicenyl/orca_464/str_464.xyz,1.152736,INCLUDED_NO_FILTER,retained in no-S2-filter workflow,2.943229828845149,3.2096484258821776,7.0,-2.126454169744125,-1.2466656393071969,0.879788530436928,-0.879788530436928,-0.9077937716113758
olympicenyl_orca_465,olympicenyl,homodimer,465,/home/rb1820/BLA-ML/olympicenyl/orca_465/str_465.xyz,1.075592,INCLUDED_NO_FILTER,retained in no-S2-filter workflow,2.781871652702583,3.212010058256195,9.0,-3.255500478078141,-0.8991871023739652,2.356313375704176,-2.356313375704176,-2.1937835957817815
olympicenyl_orca_466,olympicenyl,homodimer,466,/home/rb1820/BLA-ML/olympicenyl/orca_466/str_466.xyz,1.179829,INCLUDED_NO_FILTER,retained in no-S2-filter workflow,3.007409515158995,3.30898673088729,7.0,-4.396119125262706,-4.0282249159046675,0.36789420935803774,-0.3678942093580382,-0.34288664486782494
olympicenyl_orca_467,olympicenyl,homodimer,467,/home/rb1820/BLA-ML/olympicenyl/orca_467/str_467.xyz,1.186518,INCLUDED_NO_FILTER,retained in no-S2-filter workflow,3.3149519470182955,3.4814424415159744,3.0,-4.74165617298121,-4.795082245571296,-0.0534260725900858,0.053426072590085916,0.06746806785122228
olympicenyl_orca_468,olympicenyl,homodimer,468,/home/rb1820/BLA-ML/olympicenyl/orca_468/str_468.xyz,1.085529,INCLUDED_NO_FILTER,retained in no-S2-filter workflow,2.6629164965063827,3.030104736767419,15.0,0.21434551193979898,2.6401276916525833,2.4257821797127845,-2.4257821797127845,-2.1149565680026736
olympicenyl_orca_469,olympicenyl,homodimer,469,/home/rb1820/BLA-ML/olympicenyl/orca_469/str_469.xyz,1.184403,INCLUDED_NO_FILTER,retained in no-S2-filter workflow,3.100185573292708,3.2646514656091754,13.0,-5.619265018520662,-5.757078405836802,-0.1378133873161402,0.13781338731614046,0.09742781000230805
olympicenyl_orca_470,olympicenyl,homodimer,470,/home/rb1820/BLA-ML/olympicenyl/orca_470/str_470.xyz,1.17648,INCLUDED_NO_FILTER,retained in no-S2-filter workflow,2.89189478677611,3.189601481247105,11.0,-2.6959880711864055,-2.4341382666075577,0.2618498045788481,-0.26184980457884777,-0.18964349758273968
olympicenyl_orca_471,olympicenyl,homodimer,471,/home/rb1820/BLA-ML/olympicenyl/orca_471/str_471.xyz,1.184789,INCLUDED_NO_FILTER,retained in no-S2-filter workflow,3.2337750354202885,3.4512551437778347,3.0,-4.902175836094207,-5.148918960003309,-0.2467431239091024,0.24674312390910202,0.2566146801974716
olympicenyl_orca_472,olympicenyl,homodimer,472,/home/rb1820/BLA-ML/olympicenyl/orca_472/str_472.xyz,1.185724,INCLUDED_NO_FILTER,retained in no-S2-filter workflow,3.17741581558286,3.371730339941427,5.0,-5.534824386313823,-5.548402077274787,-0.013577690960963762,0.013577690960963729,0.017248517703245092
olympicenyl_orca_473,olympicenyl,homodimer,473,/home/rb1820/BLA-ML/olympicenyl/orca_473/str_473.xyz,1.184802,INCLUDED_NO_FILTER,retained in no-S2-filter workflow,2.8512041812449045,3.070519868606353,15.0,-2.498462563506197,-2.512670758560675,-0.014208195054477851,0.014208195054477901,0.0051232477786986585
olympicenyl_orca_474,olympicenyl,homodimer,474,/home/rb1820/BLA-ML/olympicenyl/orca_474/str_474.xyz,1.184511,INCLUDED_NO_FILTER,retained in no-S2-filter workflow,3.014476455947829,3.191037005457836,14.0,-3.592752961241592,-3.8396171675161646,-0.24686420627457253,0.2468642062745725,0.22419780029922043
olympicenyl_orca_475,olympicenyl,homodimer,475,/home/rb1820/BLA-ML/olympicenyl/orca_475/str_475.xyz,1.157508,INCLUDED_NO_FILTER,retained in no-S2-filter workflow,3.015858599722977,3.1649409678996494,11.0,-0.8942639723582909,-0.12909948012587533,0.7651644922324157,-0.7651644922324156,-0.8391153794364822
olympicenyl_orca_476,olympicenyl,homodimer,476,/home/rb1820/BLA-ML/olympicenyl/orca_476/str_476.xyz,1.183734,INCLUDED_NO_FILTER,retained in no-S2-filter workflow,3.102191547136529,3.375245556497542,5.0,-3.6234256161350586,-3.7816228792599436,-0.1581972631248849,0.1581972631248849,0.14208593674765524
olympicenyl_orca_477,olympicenyl,homodimer,477,/home/rb1820/BLA-ML/olympicenyl/orca_477/str_477.xyz,1.183814,INCLUDED_NO_FILTER,retained in no-S2-filter workflow,3.019678737066336,3.2293200508735795,11.0,-4.894151968577644,-5.024856297769702,-0.13070432919205802,0.1307043291920582,0.13129626692706697
olympicenyl_orca_478,olympicenyl,homodimer,478,/home/rb1820/BLA-ML/olympicenyl/orca_478/str_478.xyz,1.091815,INCLUDED_NO_FILTER,retained in no-S2-filter workflow,2.8704957430654057,3.1788289133637773,12.0,-4.820822214085951,-2.7326823647322955,2.088139849353656,-2.088139849353656,-2.1774955317517346
olympicenyl_orca_479,olympicenyl,homodimer,479,/home/rb1820/BLA-ML/olympicenyl/orca_479/str_479.xyz,1.174638,INCLUDED_NO_FILTER,retained in no-S2-filter workflow,2.8682417502659656,3.181557148476606,12.0,-1.2840745193306176,-0.9792368425417676,0.30483767678885,-0.30483767678885,-0.23227048335373734
olympicenyl_orca_480,olympicenyl,homodimer,480,/home/rb1820/BLA-ML/olympicenyl/orca_480/str_480.xyz,1.105429,INCLUDED_NO_FILTER,retained in no-S2-filter workflow,2.782882987264911,3.087775988596809,13.0,1.92492202533988,3.982412421282329,2.057490395942449,-2.057490395942449,-2.1313618399197383
olympicenyl_orca_481,olympicenyl,homodimer,481,/home/rb1820/BLA-ML/olympicenyl/orca_481/str_481.xyz,1.104828,INCLUDED_NO_FILTER,retained in no-S2-filter workflow,2.839117732889093,3.211805042036653,7.0,0.04157996615080222,2.0749484751358414,2.033368508985039,-2.0333685089850393,-2.0518088934551946
olympicenyl_orca_482,olympicenyl,homodimer,482,/home/rb1820/BLA-ML/olympicenyl/orca_482/str_482.xyz,1.186507,INCLUDED_NO_FILTER,retained in no-S2-filter workflow,3.418672682346282,3.6024664778789024,0.0,-4.482448053334335,-4.557781501434172,-0.07533344809983697,0.07533344809983689,0.09641962859126618
olympicenyl_orca_483,olympicenyl,homodimer,483,/home/rb1820/BLA-ML/olympicenyl/orca_483/str_483.xyz,1.142227,INCLUDED_NO_FILTER,retained in no-S2-filter workflow,2.832726699069135,3.105749065847951,12.0,3.4906583035908185,5.02650996521549,1.5358516616246707,-1.5358516616246711,-1.6075957445010993
olympicenyl_orca_484,olympicenyl,homodimer,484,/home/rb1820/BLA-ML/olympicenyl/orca_484/str_484.xyz,1.186094,INCLUDED_NO_FILTER,retained in no-S2-filter workflow,3.2531227885960043,3.4075325917755883,6.0,-4.2457424581143455,-4.225072831238954,0.020669626875391086,-0.020669626875391423,-0.03516768724248642
olympicenyl_orca_485,olympicenyl,homodimer,485,/home/rb1820/BLA-ML/olympicenyl/orca_485/str_485.xyz,1.127625,INCLUDED_NO_FILTER,retained in no-S2-filter workflow,2.863847334643588,3.2420382871744584,6.0,0.3269319245841637,1.6605437931000222,1.3336118685158584,-1.3336118685158584,-1.4263732628182024
olympicenyl_orca_486,olympicenyl,homodimer,486,/home/rb1820/BLA-ML/olympicenyl/orca_486/str_486.xyz,1.176552,INCLUDED_NO_FILTER,retained in no-S2-filter workflow,2.904509719709202,3.185629869663796,11.0,0.19307448637310132,0.16920796724579276,-0.023866519127308555,0.023866519127308555,0.054924392540917216
olympicenyl_orca_487,olympicenyl,homodimer,487,/home/rb1820/BLA-ML/olympicenyl/orca_487/str_487.xyz,1.150259,INCLUDED_NO_FILTER,retained in no-S2-filter workflow,3.0637340168646188,3.348146428884165,6.0,-3.9409466964604873,-3.4312331350810013,0.5097135613794863,-0.5097135613794861,-0.4602064170608773
olympicenyl_orca_488,olympicenyl,homodimer,488,/home/rb1820/BLA-ML/olympicenyl/orca_488/str_488.xyz,1.178677,INCLUDED_NO_FILTER,retained in no-S2-filter workflow,3.003121985532684,3.340723124984857,5.0,-1.5421409626256215,-1.3583895627127083,0.18375139991291317,-0.18375139991291323,-0.19572494191150258
olympicenyl_orca_489,olympicenyl,homodimer,489,/home/rb1820/BLA-ML/olympicenyl/orca_489/str_489.xyz,1.182927,INCLUDED_NO_FILTER,retained in no-S2-filter workflow,3.404574716201601,3.561648901969382,0.0,-6.240291038366125,-6.292884536966339,-0.05259349860021295,0.05259349860021345,0.06053249527451321
olympicenyl_orca_490,olympicenyl,homodimer,490,/home/rb1820/BLA-ML/olympicenyl/orca_490/str_490.xyz,1.181025,INCLUDED_NO_FILTER,retained in no-S2-filter workflow,3.4143129993598698,3.563113730595073,0.0,-6.317149611710359,-6.35159411311072,-0.034444501400360365,0.03444450140036093,0.046078972686552255
olympicenyl_orca_491,olympicenyl,homodimer,491,/home/rb1820/BLA-ML/olympicenyl/orca_491/str_491.xyz,1.183105,INCLUDED_NO_FILTER,retained in no-S2-filter workflow,3.5012252381707443,3.6705505197495527,0.0,-5.736204763777719,-5.7115547571342375,0.02465000664348114,-0.024650006643481603,-0.01793855606664785
olympicenyl_orca_492,olympicenyl,homodimer,492,/home/rb1820/BLA-ML/olympicenyl/orca_492/str_492.xyz,1.155761,INCLUDED_NO_FILTER,retained in no-S2-filter workflow,2.8638968534433675,3.1736999022981065,11.0,1.5702162502960701,2.491902665389581,0.9216864150935109,-0.9216864150935107,-0.8989939469770964
olympicenyl_orca_493,olympicenyl,homodimer,493,/home/rb1820/BLA-ML/olympicenyl/orca_493/str_493.xyz,1.164632,INCLUDED_NO_FILTER,retained in no-S2-filter workflow,3.5754065530014167,3.660749283277144,0.0,-5.8685817521499315,-5.413282405120244,0.45529934702968805,-0.4552993470296878,-0.33403037508817146
olympicenyl_orca_494,olympicenyl,homodimer,494,/home/rb1820/BLA-ML/olympicenyl/orca_494/str_494.xyz,1.181297,INCLUDED_NO_FILTER,retained in no-S2-filter workflow,3.2028168748642014,3.400182440271177,6.0,-6.718863620564968,-6.791785234683663,-0.07292161411869472,0.07292161411869458,0.07364437796284129
olympicenyl_orca_495,olympicenyl,homodimer,495,/home/rb1820/BLA-ML/olympicenyl/orca_495/str_495.xyz,1.181887,INCLUDED_NO_FILTER,retained in no-S2-filter workflow,3.14546667967602,3.479276145563224,4.0,-1.5380429887115659,-1.6129268042043707,-0.07488381549280486,0.07488381549280487,0.0698069893354678
olympicenyl_orca_496,olympicenyl,homodimer,496,/home/rb1820/BLA-ML/olympicenyl/orca_496/str_496.xyz,1.185155,INCLUDED_NO_FILTER,retained in no-S2-filter workflow,3.5620237249733555,3.729373896614008,0.0,-5.3844169603974334,-5.41048201847122,-0.026065058073786257,0.026065058073786673,0.029961151091384863
olympicenyl_orca_497,olympicenyl,homodimer,497,/home/rb1820/BLA-ML/olympicenyl/orca_497/str_497.xyz,1.18613,INCLUDED_NO_FILTER,retained in no-S2-filter workflow,3.124664745819737,3.35183273717751,6.0,-3.4080883599300553,-3.4570904493372474,-0.049002089407192174,0.049002089407192084,0.053303978861498624
olympicenyl_orca_498,olympicenyl,homodimer,498,/home/rb1820/BLA-ML/olympicenyl/orca_498/str_498.xyz,1.175436,INCLUDED_NO_FILTER,retained in no-S2-filter workflow,3.067564890308187,3.451650791124816,3.0,-0.9106563170257529,-0.9529551123608588,-0.04229879533510596,0.04229879533510594,0.056778314516690465
olympicenyl_orca_499,olympicenyl,homodimer,499,/home/rb1820/BLA-ML/olympicenyl/orca_499/str_499.xyz,1.149261,INCLUDED_NO_FILTER,retained in no-S2-filter workflow,2.7436462011101104,3.166985923620307,9.0,2.3335423833623636,3.338452461389609,1.0049100780272453,-1.0049100780272453,-0.9591179101603209
olympicenyl_orca_500,olympicenyl,homodimer,500,/home/rb1820/BLA-ML/olympicenyl/orca_500/str_500.xyz,1.165701,INCLUDED_NO_FILTER,retained in no-S2-filter workflow,3.056511890836393,3.5192031506714345,3.0,-1.0598630116960905,-0.5057773681982255,0.554085643497865,-0.554085643497865,-0.5739944810055203
olympicenyl_orca_501,olympicenyl,homodimer,501,/home/rb1820/BLA-ML/olympicenyl/orca_501/str_501.xyz,1.167902,INCLUDED_NO_FILTER,retained in no-S2-filter workflow,3.3298888553534884,3.5044916585391883,2.0,-1.0324004072097746,-0.578922562662425,0.4534778445473496,-0.4534778445473495,-0.4624894101935364
olympicenyl_orca_502,olympicenyl,homodimer,502,/home/rb1820/BLA-ML/olympicenyl/orca_502/str_502.xyz,1.18311,INCLUDED_NO_FILTER,retained in no-S2-filter workflow,3.271590837172492,3.509011871672472,2.0,-2.112964416642777,-2.159872586579592,-0.04690816993681485,0.046908169936815014,0.03656280860130723
olympicenyl_orca_503,olympicenyl,homodimer,503,/home/rb1820/BLA-ML/olympicenyl/orca_503/str_503.xyz,1.185986,INCLUDED_NO_FILTER,retained in no-S2-filter workflow,3.621524587517402,3.7389367871532855,0.0,-5.0915883692854,-5.061016306606755,0.030572062678644964,-0.03057206267864565,-0.014366020723212358
olympicenyl_orca_504,olympicenyl,homodimer,504,/home/rb1820/BLA-ML/olympicenyl/orca_504/str_504.xyz,1.184698,INCLUDED_NO_FILTER,retained in no-S2-filter workflow,3.5669280716677587,3.7910153327811913,0.0,-4.399340928292926,-4.395594900717033,0.003746027575892885,-0.0037460275758922634,-0.0005378616025124572
olympicenyl_orca_505,olympicenyl,homodimer,505,/home/rb1820/BLA-ML/olympicenyl/orca_505/str_505.xyz,1.183559,INCLUDED_NO_FILTER,retained in no-S2-filter workflow,2.9723994021518854,3.301055479937081,5.0,0.2941268737951719,0.23599595485736982,-0.058130918937802055,0.05813091893780206,0.1028639323309117
olympicenyl_orca_506,olympicenyl,homodimer,506,/home/rb1820/BLA-ML/olympicenyl/orca_506/str_506.xyz,1.184675,INCLUDED_NO_FILTER,retained in no-S2-filter workflow,3.422103671724745,3.635784537693751,0.0,-4.230090707619911,-4.189314435489808,0.04077627213010282,-0.0407762721301026,-0.03217191154729093
olympicenyl_orca_507,olympicenyl,homodimer,507,/home/rb1820/BLA-ML/olympicenyl/orca_507/str_507.xyz,1.180431,INCLUDED_NO_FILTER,retained in no-S2-filter workflow,3.263213495621492,3.432798817220593,4.0,-2.279934970014119,-2.2107620668378187,0.06917290317630062,-0.06917290317630043,-0.05122184330131274
olympicenyl_orca_508,olympicenyl,homodimer,508,/home/rb1820/BLA-ML/olympicenyl/orca_508/str_508.xyz,1.181105,INCLUDED_NO_FILTER,retained in no-S2-filter workflow,3.0423039515801413,3.247991018821172,8.0,1.284472301911774,0.7690707694513003,-0.5154015324604738,0.5154015324604738,0.5219340527298072
olympicenyl_orca_509,olympicenyl,homodimer,509,/home/rb1820/BLA-ML/olympicenyl/orca_509/str_509.xyz,1.175077,INCLUDED_NO_FILTER,retained in no-S2-filter workflow,2.7090101672063738,3.051793645585028,11.0,3.993545437805534,4.338257902279149,0.34471246447361514,-0.3447124644736146,-0.2573920808785175
olympicenyl_orca_510,olympicenyl,homodimer,510,/home/rb1820/BLA-ML/olympicenyl/orca_510/str_510.xyz,1.184782,INCLUDED_NO_FILTER,retained in no-S2-filter workflow,4.006958737097087,4.128472834132974,0.0,-3.1597664836820476,-3.081199080284662,0.07856740339738581,-0.07856740339738577,-0.08141230218577777
olympicenyl_orca_511,olympicenyl,homodimer,511,/home/rb1820/BLA-ML/olympicenyl/orca_511/str_511.xyz,1.185545,INCLUDED_NO_FILTER,retained in no-S2-filter workflow,3.3030659850359654,3.619831957903247,2.0,-4.258284995111168,-4.197896555527104,0.06038843958406387,-0.060388439584063924,-0.0568796261145732
olympicenyl_orca_512,olympicenyl,homodimer,512,/home/rb1820/BLA-ML/olympicenyl/orca_512/str_512.xyz,1.185392,INCLUDED_NO_FILTER,retained in no-S2-filter workflow,3.302667937926633,3.6106780411363433,2.0,-4.084674551850008,-4.018235618898554,0.06643893295145335,-0.06643893295145364,-0.06374381204729063
olympicenyl_orca_513,olympicenyl,homodimer,513,/home/rb1820/BLA-ML/olympicenyl/orca_513/str_513.xyz,1.185276,INCLUDED_NO_FILTER,retained in no-S2-filter workflow,3.448130265293716,3.755062949942526,0.0,-4.383130982492092,-4.382918234774591,0.0002127477175007916,-0.0002127477175006831,0.0036838112723414085
olympicenyl_orca_514,olympicenyl,homodimer,514,/home/rb1820/BLA-ML/olympicenyl/orca_514/str_514.xyz,1.185983,INCLUDED_NO_FILTER,retained in no-S2-filter workflow,3.1916570671593743,3.57024974768168,2.0,-0.2785769625312036,-0.5122547073159548,-0.23367774478475117,0.23367774478475117,0.24827818909924543
olympicenyl_orca_515,olympicenyl,homodimer,515,/home/rb1820/BLA-ML/olympicenyl/orca_515/str_515.xyz,1.185671,INCLUDED_NO_FILTER,retained in no-S2-filter workflow,3.2511246050257565,3.660282076100285,1.0,-2.6264263680792816,-2.6956886895539083,-0.06926232147462641,0.06926232147462663,0.06421357378570147
olympicenyl_orca_516,olympicenyl,homodimer,516,/home/rb1820/BLA-ML/olympicenyl/orca_516/str_516.xyz,1.184981,INCLUDED_NO_FILTER,retained in no-S2-filter workflow,3.503872200408533,3.707135617884494,0.0,-4.39921085371762,-4.393868297123973,0.005342556593647566,-0.005342556593647352,-0.006249366375210563
olympicenyl_orca_517,olympicenyl,homodimer,517,/home/rb1820/BLA-ML/olympicenyl/orca_517/str_517.xyz,1.186362,INCLUDED_NO_FILTER,retained in no-S2-filter workflow,4.039700469303314,4.179620740219295,0.0,-2.52173524764853,-2.487617668663475,0.03411757898505523,-0.034117578985055186,-0.04232656651997724
olympicenyl_orca_518,olympicenyl,homodimer,518,/home/rb1820/BLA-ML/olympicenyl/orca_518/str_518.xyz,1.185949,INCLUDED_NO_FILTER,retained in no-S2-filter workflow,3.3415933015573533,3.661804310678567,1.0,-3.8057505778239005,-3.78605061504678,0.019699962777120605,-0.019699962777120383,-0.016978259428185538
olympicenyl_orca_519,olympicenyl,homodimer,519,/home/rb1820/BLA-ML/olympicenyl/orca_519/str_519.xyz,1.186497,INCLUDED_NO_FILTER,retained in no-S2-filter workflow,3.494463044420132,3.682135539886455,0.0,-2.7553709110770965,-2.773583979484175,-0.018213068407078883,0.01821306840707848,0.018406995012510308
olympicenyl_orca_520,olympicenyl,homodimer,520,/home/rb1820/BLA-ML/olympicenyl/orca_520/str_520.xyz,1.186047,INCLUDED_NO_FILTER,retained in no-S2-filter workflow,3.40759472063619,3.669024680341738,0.0,-3.6205305215014403,-3.616434559505874,0.004095961995566043,-0.004095961995566277,-0.00793485337276767
olympicenyl_orca_521,olympicenyl,homodimer,521,/home/rb1820/BLA-ML/olympicenyl/orca_521/str_521.xyz,1.186025,INCLUDED_NO_FILTER,retained in no-S2-filter workflow,3.4989265074587226,3.6891066269955126,0.0,-3.707293940927564,-3.71801254575905,-0.010718604831485987,0.010718604831486012,0.006558645607476876
olympicenyl_orca_522,olympicenyl,homodimer,522,/home/rb1820/BLA-ML/olympicenyl/orca_522/str_522.xyz,1.185767,INCLUDED_NO_FILTER,retained in no-S2-filter workflow,3.468433140401788,3.797944891230576,0.0,-3.203435952955946,-3.210704474275625,-0.007268521319679101,0.007268521319679255,0.015167360717532663
olympicenyl_orca_523,olympicenyl,homodimer,523,/home/rb1820/BLA-ML/olympicenyl/orca_523/str_523.xyz,1.188216,INCLUDED_NO_FILTER,retained in no-S2-filter workflow,4.047813179490105,4.199014977143401,0.0,-1.6341987780166027,-1.612042200983628,0.02215657703297479,-0.0221565770329748,-0.027587498446067782
olympicenyl_orca_524,olympicenyl,homodimer,524,/home/rb1820/BLA-ML/olympicenyl/orca_524/str_524.xyz,1.183742,INCLUDED_NO_FILTER,retained in no-S2-filter workflow,3.136175738185145,3.575618492318021,1.0,-0.9294890673139187,-0.9969856116400814,-0.06749654432616269,0.0674965443261627,0.0732764527605424
olympicenyl_orca_525,olympicenyl,homodimer,525,/home/rb1820/BLA-ML/olympicenyl/orca_525/str_525.xyz,1.186364,INCLUDED_NO_FILTER,retained in no-S2-filter workflow,3.5837772774622048,3.746918664734808,0.0,-3.1705159701282986,-3.146122881523726,0.024393088604572642,-0.024393088604572455,-0.025357796207180705
olympicenyl_orca_526,olympicenyl,homodimer,526,/home/rb1820/BLA-ML/olympicenyl/orca_526/str_526.xyz,1.186176,INCLUDED_NO_FILTER,retained in no-S2-filter workflow,3.3643350819168525,3.5801148712425315,2.0,-2.668669930038172,-2.6420405695629494,0.026629360475222866,-0.026629360475222796,-0.028040470780478194
olympicenyl_orca_527,olympicenyl,homodimer,527,/home/rb1820/BLA-ML/olympicenyl/orca_527/str_527.xyz,1.185108,INCLUDED_NO_FILTER,retained in no-S2-filter workflow,3.440535573135365,3.88641467209698,0.0,-2.7451656887464555,-2.736556778846642,0.008608909899813721,-0.008608909899813444,-0.010146212880755012
olympicenyl_orca_528,olympicenyl,homodimer,528,/home/rb1820/BLA-ML/olympicenyl/orca_528/str_528.xyz,1.185461,INCLUDED_NO_FILTER,retained in no-S2-filter workflow,3.255706409913357,3.6828136575163968,2.0,-2.1785843976094603,-2.2025419142077665,-0.02395751659830599,0.02395751659830614,0.02602761212993454
olympicenyl_orca_529,olympicenyl,homodimer,529,/home/rb1820/BLA-ML/olympicenyl/orca_529/str_529.xyz,1.186134,INCLUDED_NO_FILTER,retained in no-S2-filter workflow,3.56673943268163,3.8222006765452496,0.0,-2.585841377733424,-2.5826816404125013,0.0031597373209228275,-0.003159737320922673,-0.000888998947552011
olympicenyl_orca_530,olympicenyl,homodimer,530,/home/rb1820/BLA-ML/olympicenyl/orca_530/str_530.xyz,1.186477,INCLUDED_NO_FILTER,retained in no-S2-filter workflow,3.4287779037291326,3.804054543646882,0.0,-1.8296062630120375,-1.8127875061961285,0.016818756815909053,-0.016818756815909053,-0.019914984676146386
olympicenyl_orca_531,olympicenyl,homodimer,531,/home/rb1820/BLA-ML/olympicenyl/orca_531/str_531.xyz,1.185868,INCLUDED_NO_FILTER,retained in no-S2-filter workflow,3.293220437461988,3.650826948958661,1.0,-2.315541342999226,-2.3010238271409933,0.014517515858232875,-0.014517515858232688,-0.015590518297101452
olympicenyl_orca_532,olympicenyl,homodimer,532,/home/rb1820/BLA-ML/olympicenyl/orca_532/str_532.xyz,1.187523,INCLUDED_NO_FILTER,retained in no-S2-filter workflow,4.070936492850904,4.235117495779649,0.0,-0.9390784237169513,-0.9167158258596768,0.022362597857274482,-0.022362597857274458,-0.028940606851844408
olympicenyl_orca_533,olympicenyl,homodimer,533,/home/rb1820/BLA-ML/olympicenyl/orca_533/str_533.xyz,1.185747,INCLUDED_NO_FILTER,retained in no-S2-filter workflow,3.558827138882302,3.831359148801745,0.0,-2.7762622927184535,-2.7874523868883796,-0.011190094169926015,0.011190094169926112,0.011044349234776263
olympicenyl_orca_534,olympicenyl,homodimer,534,/home/rb1820/BLA-ML/olympicenyl/orca_534/str_534.xyz,1.176894,INCLUDED_NO_FILTER,retained in no-S2-filter workflow,3.002527327697641,3.529824094514224,3.0,0.48854238110233633,0.8989290503212878,0.4103866692189514,-0.41038666921895145,-0.4098366947590099
olympicenyl_orca_535,olympicenyl,homodimer,535,/home/rb1820/BLA-ML/olympicenyl/orca_535/str_535.xyz,1.185261,INCLUDED_NO_FILTER,retained in no-S2-filter workflow,3.155091523287675,3.5921089685177776,1.0,-0.22557860118309364,-0.2858528520867979,-0.060274250903704245,0.06027425090370425,0.06419712702309127
olympicenyl_orca_536,olympicenyl,homodimer,536,/home/rb1820/BLA-ML/olympicenyl/orca_536/str_536.xyz,1.186492,INCLUDED_NO_FILTER,retained in no-S2-filter workflow,3.432180832605883,3.812416897974972,0.0,-1.630620122198108,-1.5994665076385828,0.031153614559525294,-0.031153614559525256,-0.03580220210667906
olympicenyl_orca_537,olympicenyl,homodimer,537,/home/rb1820/BLA-ML/olympicenyl/orca_537/str_537.xyz,1.185917,INCLUDED_NO_FILTER,retained in no-S2-filter workflow,3.289758241401416,3.6505075881658895,1.0,-2.138170541612483,-2.1425724302178497,-0.004401888605366821,0.004401888605366722,0.005107785409378396
olympicenyl_orca_538,olympicenyl,homodimer,538,/home/rb1820/BLA-ML/olympicenyl/orca_538/str_538.xyz,1.186231,INCLUDED_NO_FILTER,retained in no-S2-filter workflow,3.313168280422422,3.688010785034901,1.0,-1.8276964322999685,-1.839462725029611,-0.01176629272964264,0.011766292729642469,0.010428133090349845
olympicenyl_orca_539,olympicenyl,homodimer,539,/home/rb1820/BLA-ML/olympicenyl/orca_539/str_539.xyz,1.186017,INCLUDED_NO_FILTER,retained in no-S2-filter workflow,3.1572657246852973,3.593314132137609,1.0,0.3219153482954896,0.26006758223322746,-0.061847766062262145,0.061847766062262166,0.06808703979197472
olympicenyl_orca_540,olympicenyl,homodimer,540,/home/rb1820/BLA-ML/olympicenyl/orca_540/str_540.xyz,1.183656,INCLUDED_NO_FILTER,retained in no-S2-filter workflow,3.247902827269339,3.717632685952745,2.0,-0.9462239375015851,-0.8238475600202139,0.12237637748137117,-0.1223763774813712,-0.11966821039696207
olympicenyl_orca_541,olympicenyl,homodimer,541,/home/rb1820/BLA-ML/olympicenyl/orca_541/str_541.xyz,1.182009,INCLUDED_NO_FILTER,retained in no-S2-filter workflow,3.2330171527506875,3.6165985880931615,1.0,-0.8519148068653027,-0.7843137943029233,0.06760101256237944,-0.06760101256237949,-0.0634493743411283
olympicenyl_orca_542,olympicenyl,homodimer,542,/home/rb1820/BLA-ML/olympicenyl/orca_542/str_542.xyz,1.187256,INCLUDED_NO_FILTER,retained in no-S2-filter workflow,3.2976009758749014,3.702440852185601,1.0,0.29545229804489687,0.26409619939148243,-0.031356098653414384,0.03135609865341443,0.037537856863653685
olympicenyl_orca_543,olympicenyl,homodimer,543,/home/rb1820/BLA-ML/olympicenyl/orca_543/str_543.xyz,1.185728,INCLUDED_NO_FILTER,retained in no-S2-filter workflow,3.27751810778878,3.666271330929279,1.0,-1.1563905079715187,-1.130885388600489,0.025505119371029568,-0.025505119371029616,-0.02634055357275744
olympicenyl_orca_544,olympicenyl,homodimer,544,/home/rb1820/BLA-ML/olympicenyl/orca_544/str_544.xyz,1.180244,INCLUDED_NO_FILTER,retained in no-S2-filter workflow,2.922648168430296,3.2629507309024115,7.0,2.4452938200136094,2.6343240936855508,0.18903027367194125,-0.18903027367194136,-0.19924365280000567
olympicenyl_orca_545,olympicenyl,homodimer,545,/home/rb1820/BLA-ML/olympicenyl/orca_545/str_545.xyz,1.185294,INCLUDED_NO_FILTER,retained in no-S2-filter workflow,4.69113488293923,4.852710168935514,0.0,0.8714729066315852,0.9276239812067777,0.0561510745751925,-0.05615107457519253,-0.056824667388812866
olympicenyl_orca_546,olympicenyl,homodimer,546,/home/rb1820/BLA-ML/olympicenyl/orca_546/str_546.xyz,1.186669,INCLUDED_NO_FILTER,retained in no-S2-filter workflow,3.50891053196774,3.8303236123119446,0.0,-0.9229508881006654,-0.9034153257879464,0.019535562312719083,-0.019535562312719024,-0.01913214048575107
olympicenyl_orca_547,olympicenyl,homodimer,547,/home/rb1820/BLA-ML/olympicenyl/orca_547/str_547.xyz,1.184474,INCLUDED_NO_FILTER,retained in no-S2-filter workflow,3.387288533972456,3.4689965117292063,2.0,-1.1894149303568766,-1.1394353627432003,0.04997956761367622,-0.04997956761367628,-0.0343796097105169
olympicenyl_orca_548,olympicenyl,homodimer,548,/home/rb1820/BLA-ML/olympicenyl/orca_548/str_548.xyz,1.184142,INCLUDED_NO_FILTER,retained in no-S2-filter workflow,3.4704507743185875,3.632496652178392,0.0,-2.340608570543925,-2.33906695244754,0.001541618096385319,-0.0015416180963852,0.020045759816814446
olympicenyl_orca_549,olympicenyl,homodimer,549,/home/rb1820/BLA-ML/olympicenyl/orca_549/str_549.xyz,1.185179,INCLUDED_NO_FILTER,retained in no-S2-filter workflow,4.963300353824904,5.040536959178823,0.0,2.4999319044902366,2.521088312911131,0.021156408420894137,-0.02115640842089439,-0.02086674083434259
olympicenyl_orca_550,olympicenyl,homodimer,550,/home/rb1820/BLA-ML/olympicenyl/orca_550/str_550.xyz,1.183588,INCLUDED_NO_FILTER,retained in no-S2-filter workflow,3.3097870250926844,3.4802817663066405,2.0,-1.0977280257867104,-1.131523887005965,-0.033795861219254604,0.0337958612192546,0.04592553029437152
olympicenyl_orca_551,olympicenyl,homodimer,551,/home/rb1820/BLA-ML/olympicenyl/orca_551/str_551.xyz,1.186276,INCLUDED_NO_FILTER,retained in no-S2-filter workflow,5.623033826766776,5.805642689884264,0.0,1.9839810948827268,1.9830487174082931,-0.0009323774744337777,0.0009323774744336433,0.002397829773896465
fluorenyl_orca_0,fluorenyl,homodimer,0,/home/rb1820/BLA-ML/fluorenyl/orca_0/str_0.xyz,0.0,LOW_S2_INCLUDED_NO_FILTER,diagnostic only: final BS <S^2> below 0.10; retained in no-S2-filter workflow,2.417262730266587,2.7868758156400526,33.0,-3.472244200067811,24.921103475411986,28.393347675479795,-28.393347675479795,-27.676294952669252
fluorenyl_orca_1,fluorenyl,homodimer,1,/home/rb1820/BLA-ML/fluorenyl/orca_1/str_1.xyz,0.0,LOW_S2_INCLUDED_NO_FILTER,diagnostic only: final BS <S^2> below 0.10; retained in no-S2-filter workflow,2.470312014766632,2.826585175438576,31.0,-0.5394455124008699,23.470330753708964,24.009776266109835,-24.009776266109835,-23.584042506404142
fluorenyl_orca_2,fluorenyl,homodimer,2,/home/rb1820/BLA-ML/fluorenyl/orca_2/str_2.xyz,0.0,LOW_S2_INCLUDED_NO_FILTER,diagnostic only: final BS <S^2> below 0.10; retained in no-S2-filter workflow,2.382169419843303,2.739969134645608,42.0,4.990063091130421,25.488610749572597,20.498547658442178,-20.498547658442178,-20.611183958434157
fluorenyl_orca_3,fluorenyl,homodimer,3,/home/rb1820/BLA-ML/fluorenyl/orca_3/str_3.xyz,0.280266,INCLUDED_NO_FILTER,retained in no-S2-filter workflow,2.500123499308373,2.7761161561726624,41.0,4.382996871096005,20.285220142515744,15.902223271419736,-15.90222327141974,-15.979273076378028
fluorenyl_orca_4,fluorenyl,homodimer,4,/home/rb1820/BLA-ML/fluorenyl/orca_4/str_4.xyz,0.473339,INCLUDED_NO_FILTER,retained in no-S2-filter workflow,2.6224158884526205,2.7996181491097003,41.0,3.943794070131072,17.301677877347114,13.357883807216043,-13.35788380721604,-13.366364522989993
fluorenyl_orca_5,fluorenyl,homodimer,5,/home/rb1820/BLA-ML/fluorenyl/orca_5/str_5.xyz,0.539826,INCLUDED_NO_FILTER,retained in no-S2-filter workflow,2.64427733508729,2.8054473849884785,43.0,3.1957564856920886,15.420407343710062,12.224650858017974,-12.224650858017974,-12.161926290613584
fluorenyl_orca_6,fluorenyl,homodimer,6,/home/rb1820/BLA-ML/fluorenyl/orca_6/str_6.xyz,0.597117,INCLUDED_NO_FILTER,retained in no-S2-filter workflow,2.730029017378479,2.8221336463492235,45.0,3.242770328219703,14.385718794200645,11.142948465980941,-11.142948465980943,-11.066500397977705
fluorenyl_orca_7,fluorenyl,homodimer,7,/home/rb1820/BLA-ML/fluorenyl/orca_7/str_7.xyz,0.0,LOW_S2_INCLUDED_NO_FILTER,diagnostic only: final BS <S^2> below 0.10; retained in no-S2-filter workflow,2.314158087868262,2.7499864953393227,24.0,4.4736166186292605,27.751102488012204,23.277485869382943,-23.277485869382943,-23.690976450041816
fluorenyl_orca_8,fluorenyl,homodimer,8,/home/rb1820/BLA-ML/fluorenyl/orca_8/str_8.xyz,0.655321,INCLUDED_NO_FILTER,retained in no-S2-filter workflow,2.7469447602999177,2.858650362602002,38.0,1.9574286815506337,11.758604614881738,9.801175933331105,-9.801175933331105,-9.721244732190812
fluorenyl_orca_9,fluorenyl,homodimer,9,/home/rb1820/BLA-ML/fluorenyl/orca_9/str_9.xyz,0.527467,INCLUDED_NO_FILTER,retained in no-S2-filter workflow,2.5961256365149112,2.829945999210191,34.0,4.159465001326827,16.304843917219962,12.145378915893136,-12.145378915893136,-12.080594887825052
fluorenyl_orca_10,fluorenyl,homodimer,10,/home/rb1820/BLA-ML/fluorenyl/orca_10/str_10.xyz,0.584058,INCLUDED_NO_FILTER,retained in no-S2-filter workflow,2.679664187378672,2.823968772061855,35.0,5.139028404164253,16.319559555256895,11.18053115109264,-11.18053115109264,-10.966011074089593
fluorenyl_orca_11,fluorenyl,homodimer,11,/home/rb1820/BLA-ML/fluorenyl/orca_11/str_11.xyz,0.441712,INCLUDED_NO_FILTER,retained in no-S2-filter workflow,2.4160364309021163,2.813133401590288,27.0,0.9100806686367827,14.698826505600767,13.788745836963985,-13.788745836963985,-13.579306062033993
fluorenyl_orca_12,fluorenyl,homodimer,12,/home/rb1820/BLA-ML/fluorenyl/orca_12/str_12.xyz,0.614795,INCLUDED_NO_FILTER,retained in no-S2-filter workflow,2.575771198261977,2.854318407549948,36.0,3.266808452822397,13.633368988501052,10.366560535678655,-10.366560535678655,-10.285600373786085
fluorenyl_orca_13,fluorenyl,homodimer,13,/home/rb1820/BLA-ML/fluorenyl/orca_13/str_13.xyz,0.588487,INCLUDED_NO_FILTER,retained in no-S2-filter workflow,2.5432619347844634,2.855424251397336,36.0,3.6796316221060765,14.441312292625547,10.76168067051947,-10.761680670519471,-10.705700846752912
fluorenyl_orca_14,fluorenyl,homodimer,14,/home/rb1820/BLA-ML/fluorenyl/orca_14/str_14.xyz,0.511257,INCLUDED_NO_FILTER,retained in no-S2-filter workflow,2.442461101764981,2.8290784126581388,27.0,1.2199788140254189,13.878850071012167,12.658871256986748,-12.658871256986748,-12.383860449237496
fluorenyl_orca_15,fluorenyl,homodimer,15,/home/rb1820/BLA-ML/fluorenyl/orca_15/str_15.xyz,0.668078,INCLUDED_NO_FILTER,retained in no-S2-filter workflow,2.57144809063808,2.8877761408751312,32.0,2.180787550656501,11.415104347492184,9.234316796835682,-9.234316796835683,-9.242140943510087
fluorenyl_orca_16,fluorenyl,homodimer,16,/home/rb1820/BLA-ML/fluorenyl/orca_16/str_16.xyz,0.643642,INCLUDED_NO_FILTER,retained in no-S2-filter workflow,2.587091875310668,2.8686656800562016,36.0,3.6311215773923378,13.336408338356907,9.70528676096457,-9.705286760964569,-9.614880685817315
fluorenyl_orca_17,fluorenyl,homodimer,17,/home/rb1820/BLA-ML/fluorenyl/orca_17/str_17.xyz,0.677188,INCLUDED_NO_FILTER,retained in no-S2-filter workflow,2.5635836442269,2.88485782728748,30.0,2.8712963535702127,11.937692930986593,9.066396577416379,-9.06639657741638,-9.007392742670453
fluorenyl_orca_18,fluorenyl,homodimer,18,/home/rb1820/BLA-ML/fluorenyl/orca_18/str_18.xyz,0.693476,INCLUDED_NO_FILTER,retained in no-S2-filter workflow,2.6282132644302227,2.887813814392603,34.0,3.353704379075049,12.079749137578256,8.726044758503207,-8.726044758503207,-8.605778326846748
fluorenyl_orca_19,fluorenyl,homodimer,19,/home/rb1820/BLA-ML/fluorenyl/orca_19/str_19.xyz,0.55582,INCLUDED_NO_FILTER,retained in no-S2-filter workflow,2.458819214699205,2.840685118002788,26.0,1.7227212100306974,13.559378499274636,11.836657289243938,-11.83665728924394,-11.543935469817198
fluorenyl_orca_20,fluorenyl,homodimer,20,/home/rb1820/BLA-ML/fluorenyl/orca_20/str_20.xyz,0.693081,INCLUDED_NO_FILTER,retained in no-S2-filter workflow,2.603111830304804,2.8832018549251703,31.0,3.572256029981521,12.245992845552085,8.673736815570564,-8.673736815570564,-8.582200159847783
fluorenyl_orca_21,fluorenyl,homodimer,21,/home/rb1820/BLA-ML/fluorenyl/orca_21/str_21.xyz,0.71212,INCLUDED_NO_FILTER,retained in no-S2-filter workflow,2.60738750787667,2.8934093549879334,30.0,3.5210183019850216,11.817618738998775,8.296600437013753,-8.296600437013753,-8.214555560100434
fluorenyl_orca_22,fluorenyl,homodimer,22,/home/rb1820/BLA-ML/fluorenyl/orca_22/str_22.xyz,0.550383,INCLUDED_NO_FILTER,retained in no-S2-filter workflow,2.368576198494574,2.8517363829717435,25.0,3.1287779894031624,14.149913710782327,11.021135721379164,-11.021135721379164,-10.82666281907918
fluorenyl_orca_23,fluorenyl,homodimer,23,/home/rb1820/BLA-ML/fluorenyl/orca_23/str_23.xyz,0.52414,INCLUDED_NO_FILTER,retained in no-S2-filter workflow,2.3989528695823505,2.8374383320018515,22.0,4.290463327583487,16.293644699789414,12.003181372205928,-12.003181372205926,-12.10885577839583
fluorenyl_orca_24,fluorenyl,homodimer,24,/home/rb1820/BLA-ML/fluorenyl/orca_24/str_24.xyz,0.679049,INCLUDED_NO_FILTER,retained in no-S2-filter workflow,2.535249430510458,2.8886116971101083,26.0,1.1737752883272758,10.563027971986621,9.389252683659345,-9.389252683659345,-9.104679660019688
fluorenyl_orca_25,fluorenyl,homodimer,25,/home/rb1820/BLA-ML/fluorenyl/orca_25/str_25.xyz,0.711773,INCLUDED_NO_FILTER,retained in no-S2-filter workflow,2.5658656036794087,2.892651400019292,29.0,6.938790531759703,14.901619725607931,7.962829193848228,-7.962829193848228,-7.728160608494005
fluorenyl_orca_26,fluorenyl,homodimer,26,/home/rb1820/BLA-ML/fluorenyl/orca_26/str_26.xyz,0.765374,INCLUDED_NO_FILTER,retained in no-S2-filter workflow,2.555685913634107,2.905740860754048,25.0,1.860548288265963,9.224692778106151,7.364144489840189,-7.364144489840188,-7.239541180165827
fluorenyl_orca_27,fluorenyl,homodimer,27,/home/rb1820/BLA-ML/fluorenyl/orca_27/str_27.xyz,0.612454,INCLUDED_NO_FILTER,retained in no-S2-filter workflow,2.387150066075329,2.863176410608665,23.0,3.2178145619010095,13.218870384642674,10.001055822741664,-10.001055822741664,-9.830700636383074
fluorenyl_orca_28,fluorenyl,homodimer,28,/home/rb1820/BLA-ML/fluorenyl/orca_28/str_28.xyz,0.654289,INCLUDED_NO_FILTER,retained in no-S2-filter workflow,2.5104610305935013,2.861303894728613,27.0,2.9553031879144953,12.788872547793803,9.83356935987931,-9.833569359879307,-9.53942374303275
fluorenyl_orca_29,fluorenyl,homodimer,29,/home/rb1820/BLA-ML/fluorenyl/orca_29/str_29.xyz,0.783442,INCLUDED_NO_FILTER,retained in no-S2-filter workflow,2.5980235291677825,2.905722518064329,25.0,2.8138334291669067,9.8175750720223,7.0037416428553945,-7.003741642855394,-6.808151392335009
fluorenyl_orca_30,fluorenyl,homodimer,30,/home/rb1820/BLA-ML/fluorenyl/orca_30/str_30.xyz,0.695583,INCLUDED_NO_FILTER,retained in no-S2-filter workflow,2.5075618645871405,2.874817628463391,27.0,2.707048755737137,11.717327169090396,9.010278413353259,-9.010278413353259,-8.768159459989494
fluorenyl_orca_31,fluorenyl,homodimer,31,/home/rb1820/BLA-ML/fluorenyl/orca_31/str_31.xyz,0.78347,INCLUDED_NO_FILTER,retained in no-S2-filter workflow,2.5465642048218515,2.902533740366141,25.0,2.455492476036416,9.341633013965417,6.886140537929,-6.886140537929001,-6.810270495147365
fluorenyl_orca_32,fluorenyl,homodimer,32,/home/rb1820/BLA-ML/fluorenyl/orca_32/str_32.xyz,0.752134,INCLUDED_NO_FILTER,retained in no-S2-filter workflow,2.5614904571199024,2.8843604988132423,21.0,2.2280815266164993,10.075325816542176,7.847244289925675,-7.847244289925676,-7.497723149743251
fluorenyl_orca_33,fluorenyl,homodimer,33,/home/rb1820/BLA-ML/fluorenyl/orca_33/str_33.xyz,0.802576,INCLUDED_NO_FILTER,retained in no-S2-filter workflow,2.6106609810303985,2.9202114819352154,28.0,6.7332380948827035,12.777558326699674,6.044320231816972,-6.044320231816971,-5.916554020872794
fluorenyl_orca_34,fluorenyl,homodimer,34,/home/rb1820/BLA-ML/fluorenyl/orca_34/str_34.xyz,0.784991,INCLUDED_NO_FILTER,retained in no-S2-filter workflow,2.647965889308885,2.882758668475846,21.0,2.312120491945397,9.570919264819198,7.258798772873802,-7.258798772873801,-6.884405226914787
fluorenyl_orca_35,fluorenyl,homodimer,35,/home/rb1820/BLA-ML/fluorenyl/orca_35/str_35.xyz,0.825943,INCLUDED_NO_FILTER,retained in no-S2-filter workflow,2.6303706825052022,2.932069619907221,25.0,2.312348441054691,8.267576721322202,5.955228280267511,-5.9552282802675105,-5.869996229261728
fluorenyl_orca_36,fluorenyl,homodimer,36,/home/rb1820/BLA-ML/fluorenyl/orca_36/str_36.xyz,0.698612,INCLUDED_NO_FILTER,retained in no-S2-filter workflow,2.4577491832342147,2.879762057291021,24.0,8.104340646863507,16.220759630006356,8.116418983142848,-8.116418983142848,-7.981415951237521
fluorenyl_orca_37,fluorenyl,homodimer,37,/home/rb1820/BLA-ML/fluorenyl/orca_37/str_37.xyz,0.791596,INCLUDED_NO_FILTER,retained in no-S2-filter workflow,2.6387463921664964,2.8977341706356228,21.0,1.81237591327341,8.915268540395964,7.102892627122553,-7.102892627122554,-6.6999665269766515
fluorenyl_orca_38,fluorenyl,homodimer,38,/home/rb1820/BLA-ML/fluorenyl/orca_38/str_38.xyz,0.804692,INCLUDED_NO_FILTER,retained in no-S2-filter workflow,2.5278637135357345,2.9004825138691777,26.0,3.015936752108165,9.417883942910528,6.401947190802362,-6.401947190802363,-6.4232538716083125
fluorenyl_orca_39,fluorenyl,homodimer,39,/home/rb1820/BLA-ML/fluorenyl/orca_39/str_39.xyz,0.547642,INCLUDED_NO_FILTER,retained in no-S2-filter workflow,2.344138588443581,2.810587472441409,28.0,11.358608290248055,21.37988467833132,10.021276388083264,-10.021276388083264,-10.002313782755612
fluorenyl_orca_40,fluorenyl,homodimer,40,/home/rb1820/BLA-ML/fluorenyl/orca_40/str_40.xyz,0.687609,INCLUDED_NO_FILTER,retained in no-S2-filter workflow,2.344201978127679,2.8359487290408203,20.0,6.076227136995075,14.097499055484684,8.02127191848961,-8.02127191848961,-8.161262767405011
fluorenyl_orca_41,fluorenyl,homodimer,41,/home/rb1820/BLA-ML/fluorenyl/orca_41/str_41.xyz,0.808848,INCLUDED_NO_FILTER,retained in no-S2-filter workflow,2.598033032500507,2.9061920833494725,25.0,3.9874291650763083,10.284396965167117,6.296967800090808,-6.296967800090808,-6.235461185548136
fluorenyl_orca_42,fluorenyl,homodimer,42,/home/rb1820/BLA-ML/fluorenyl/orca_42/str_42.xyz,0.789891,INCLUDED_NO_FILTER,retained in no-S2-filter workflow,2.49937943900867,2.916799967920211,22.0,2.527622213961846,9.48942802371965,6.961805809757805,-6.961805809757804,-6.807697763427478
fluorenyl_orca_43,fluorenyl,homodimer,43,/home/rb1820/BLA-ML/fluorenyl/orca_43/str_43.xyz,0.836771,INCLUDED_NO_FILTER,retained in no-S2-filter workflow,2.638790147614705,2.9164737597792936,23.0,1.7391942411047325,7.498083823663498,5.758889582558766,-5.758889582558766,-5.594025602537936
fluorenyl_orca_44,fluorenyl,homodimer,44,/home/rb1820/BLA-ML/fluorenyl/orca_44/str_44.xyz,0.901544,INCLUDED_NO_FILTER,retained in no-S2-filter workflow,2.7278256034662185,2.9878065946277936,25.0,0.7075400424919672,4.911664069872731,4.204124027380764,-4.204124027380764,-4.139429326898752
fluorenyl_orca_45,fluorenyl,homodimer,45,/home/rb1820/BLA-ML/fluorenyl/orca_45/str_45.xyz,0.817274,INCLUDED_NO_FILTER,retained in no-S2-filter workflow,2.529544774692992,2.910928819361293,21.0,3.0103065162106946,9.3870884843705,6.376781968159805,-6.376781968159805,-6.250748650035154
fluorenyl_orca_46,fluorenyl,homodimer,46,/home/rb1820/BLA-ML/fluorenyl/orca_46/str_46.xyz,0.918403,INCLUDED_NO_FILTER,retained in no-S2-filter workflow,2.703581490960481,3.0685167900254027,20.0,-1.934155152747819,1.9779844994148448,3.9121396521626637,-3.9121396521626637,-3.913522012126107
fluorenyl_orca_47,fluorenyl,homodimer,47,/home/rb1820/BLA-ML/fluorenyl/orca_47/str_47.xyz,0.884598,INCLUDED_NO_FILTER,retained in no-S2-filter workflow,2.690600354813681,2.9942344921516826,21.0,0.7173562510157606,5.359722214214133,4.642365963198373,-4.6423659631983725,-4.522984037021392
fluorenyl_orca_48,fluorenyl,homodimer,48,/home/rb1820/BLA-ML/fluorenyl/orca_48/str_48.xyz,0.916407,INCLUDED_NO_FILTER,retained in no-S2-filter workflow,2.635480588047325,2.9389063482291387,26.0,4.47656868047595,8.202445554579326,3.725876874103376,-3.725876874103376,-3.737212236175216
fluorenyl_orca_49,fluorenyl,homodimer,49,/home/rb1820/BLA-ML/fluorenyl/orca_49/str_49.xyz,0.923309,INCLUDED_NO_FILTER,retained in no-S2-filter workflow,2.638847380567716,2.959951034645943,22.0,3.728402850679517,7.348957615363585,3.6205547646840683,-3.6205547646840683,-3.605683642168029
fluorenyl_orca_50,fluorenyl,homodimer,50,/home/rb1820/BLA-ML/fluorenyl/orca_50/str_50.xyz,0.838653,INCLUDED_NO_FILTER,retained in no-S2-filter workflow,2.541767931827278,2.9418901875303742,27.0,2.39444218910573,7.963231920618128,5.568789731512398,-5.568789731512398,-5.718567738185568
fluorenyl_orca_51,fluorenyl,homodimer,51,/home/rb1820/BLA-ML/fluorenyl/orca_51/str_51.xyz,0.884255,INCLUDED_NO_FILTER,retained in no-S2-filter workflow,2.652115880251956,2.921489792663019,27.0,2.586657214033912,7.170412100556506,4.583754886522594,-4.583754886522594,-4.52635012115478
fluorenyl_orca_52,fluorenyl,homodimer,52,/home/rb1820/BLA-ML/fluorenyl/orca_52/str_52.xyz,0.912465,INCLUDED_NO_FILTER,retained in no-S2-filter workflow,2.733777497773082,2.995958338703629,25.0,1.0793234232673352,5.021086057615856,3.94176263434852,-3.94176263434852,-3.891153232139767
fluorenyl_orca_53,fluorenyl,homodimer,53,/home/rb1820/BLA-ML/fluorenyl/orca_53/str_53.xyz,0.888294,INCLUDED_NO_FILTER,retained in no-S2-filter workflow,2.685162950224712,2.996164601310109,21.0,1.2203517554556904,5.770271681325437,4.549919925869746,-4.549919925869746,-4.434159783031658
fluorenyl_orca_54,fluorenyl,homodimer,54,/home/rb1820/BLA-ML/fluorenyl/orca_54/str_54.xyz,0.93807,INCLUDED_NO_FILTER,retained in no-S2-filter workflow,2.655892731524258,2.9756880358577864,20.0,2.780308742985156,6.090445508353533,3.3101367653683775,-3.3101367653683775,-3.334277841122483
fluorenyl_orca_55,fluorenyl,homodimer,55,/home/rb1820/BLA-ML/fluorenyl/orca_55/str_55.xyz,0.892951,INCLUDED_NO_FILTER,retained in no-S2-filter workflow,2.593179620283538,2.94550611428963,20.0,2.928800224887898,7.57973228040556,4.6509320555176625,-4.6509320555176625,-4.524718403053892
fluorenyl_orca_56,fluorenyl,homodimer,56,/home/rb1820/BLA-ML/fluorenyl/orca_56/str_56.xyz,0.91482,INCLUDED_NO_FILTER,retained in no-S2-filter workflow,2.692801285348315,3.0162333831867527,24.0,0.13614473656361814,4.0063770533604615,3.8702323167968435,-3.8702323167968435,-3.9258829248667384
fluorenyl_orca_57,fluorenyl,homodimer,57,/home/rb1820/BLA-ML/fluorenyl/orca_57/str_57.xyz,0.967027,INCLUDED_NO_FILTER,retained in no-S2-filter workflow,2.808943361339664,3.006854715429248,22.0,-1.119012703535148,1.4314311577852867,2.5504438613204345,-2.550443861320435,-2.6216742530336763
fluorenyl_orca_58,fluorenyl,homodimer,58,/home/rb1820/BLA-ML/fluorenyl/orca_58/str_58.xyz,0.926358,INCLUDED_NO_FILTER,retained in no-S2-filter workflow,2.698436830520862,3.0099716895389896,22.0,0.9226851691133027,4.569462860627415,3.6467776915141124,-3.646777691514113,-3.6806595216448246
fluorenyl_orca_59,fluorenyl,homodimer,59,/home/rb1820/BLA-ML/fluorenyl/orca_59/str_59.xyz,0.853043,INCLUDED_NO_FILTER,retained in no-S2-filter workflow,2.7217585163993148,2.960316170783785,26.0,4.688739565279607,9.67870882682953,4.989969261549923,-4.9899692615499225,-5.066566751811938
fluorenyl_orca_60,fluorenyl,homodimer,60,/home/rb1820/BLA-ML/fluorenyl/orca_60/str_60.xyz,0.939476,INCLUDED_NO_FILTER,retained in no-S2-filter workflow,2.6856366689116102,2.975452526326225,25.0,2.0262249046039362,5.130016547982691,3.1037916433787545,-3.1037916433787545,-3.1200023219500204
fluorenyl_orca_61,fluorenyl,homodimer,61,/home/rb1820/BLA-ML/fluorenyl/orca_61/str_61.xyz,0.974303,INCLUDED_NO_FILTER,retained in no-S2-filter workflow,2.735209732246409,3.0344429508800714,17.0,-0.17096296391547647,2.5491815713753927,2.7201445352908693,-2.7201445352908693,-2.6537887166850003
fluorenyl_orca_62,fluorenyl,homodimer,62,/home/rb1820/BLA-ML/fluorenyl/orca_62/str_62.xyz,0.885034,INCLUDED_NO_FILTER,retained in no-S2-filter workflow,2.5979923848894195,2.876728910263811,28.0,5.9142177939159355,10.165075488943641,4.250857695027705,-4.2508576950277055,-4.224918524690698
fluorenyl_orca_63,fluorenyl,homodimer,63,/home/rb1820/BLA-ML/fluorenyl/orca_63/str_63.xyz,0.902495,INCLUDED_NO_FILTER,retained in no-S2-filter workflow,2.6915247606296777,2.961932884936353,23.0,1.8394881007992168,5.776258620554787,3.9367705197555702,-3.93677051975557,-3.964182911687446
fluorenyl_orca_64,fluorenyl,homodimer,64,/home/rb1820/BLA-ML/fluorenyl/orca_64/str_64.xyz,0.987869,INCLUDED_NO_FILTER,retained in no-S2-filter workflow,2.8448631162228164,3.031033801464808,22.0,-1.392521971053711,0.6140427253892874,2.0065646964429984,-2.0065646964429984,-2.0729283989852787
fluorenyl_orca_65,fluorenyl,homodimer,65,/home/rb1820/BLA-ML/fluorenyl/orca_65/str_65.xyz,0.964614,INCLUDED_NO_FILTER,retained in no-S2-filter workflow,2.660752294030225,2.9995006217716003,17.0,1.8651725360974536,4.756602990525742,2.8914304544282885,-2.8914304544282885,-2.8332681204895938
fluorenyl_orca_66,fluorenyl,homodimer,66,/home/rb1820/BLA-ML/fluorenyl/orca_66/str_66.xyz,0.937552,INCLUDED_NO_FILTER,retained in no-S2-filter workflow,2.799936008267177,2.949421274385537,28.0,2.1369062605801052,5.185963688772637,3.0490574281925324,-3.049057428192532,-3.125916820312398
fluorenyl_orca_67,fluorenyl,homodimer,67,/home/rb1820/BLA-ML/fluorenyl/orca_67/str_67.xyz,0.94671,INCLUDED_NO_FILTER,retained in no-S2-filter workflow,2.638481925280687,2.950528089246707,22.0,4.158872621740372,7.471311980949989,3.3124393592096166,-3.312439359209617,-3.2535284039689785
fluorenyl_orca_68,fluorenyl,homodimer,68,/home/rb1820/BLA-ML/fluorenyl/orca_68/str_68.xyz,0.920878,INCLUDED_NO_FILTER,retained in no-S2-filter workflow,2.7178790666227464,3.0168851514200603,14.0,0.34567379075990523,4.449045866464549,4.103372075704644,-4.103372075704644,-4.060749160852494
fluorenyl_orca_69,fluorenyl,homodimer,69,/home/rb1820/BLA-ML/fluorenyl/orca_69/str_69.xyz,0.822778,INCLUDED_NO_FILTER,retained in no-S2-filter workflow,2.7133415016733857,2.829806295948776,33.0,11.570423198955385,16.46195415010187,4.891530951146485,-4.8915309511464855,-5.040177600710084
fluorenyl_orca_70,fluorenyl,homodimer,70,/home/rb1820/BLA-ML/fluorenyl/orca_70/str_70.xyz,0.967306,INCLUDED_NO_FILTER,retained in no-S2-filter workflow,2.8142907505034565,3.04107654158292,22.0,0.23788801581052763,2.604918413677879,2.3670303978673517,-2.3670303978673517,-2.423739683768092
fluorenyl_orca_71,fluorenyl,homodimer,71,/home/rb1820/BLA-ML/fluorenyl/orca_71/str_71.xyz,0.997067,INCLUDED_NO_FILTER,retained in no-S2-filter workflow,2.762059828978273,3.0143061836438187,20.0,1.1741948361825143,2.9749932360611693,1.8007983998786552,-1.800798399878655,-1.8617907411179395
fluorenyl_orca_72,fluorenyl,homodimer,72,/home/rb1820/BLA-ML/fluorenyl/orca_72/str_72.xyz,0.928249,INCLUDED_NO_FILTER,retained in no-S2-filter workflow,2.7045780596813205,3.0145176610152977,13.0,0.6652141714366957,4.614799288122591,3.949585116685895,-3.9495851166858955,-3.914727373703294
fluorenyl_orca_73,fluorenyl,homodimer,73,/home/rb1820/BLA-ML/fluorenyl/orca_73/str_73.xyz,0.885754,INCLUDED_NO_FILTER,retained in no-S2-filter workflow,2.6316530852412665,2.8740105903754385,25.0,6.522050501104849,10.413330765781481,3.8912802646766305,-3.891280264676632,-4.036406838968454
fluorenyl_orca_74,fluorenyl,homodimer,74,/home/rb1820/BLA-ML/fluorenyl/orca_74/str_74.xyz,0.992078,INCLUDED_NO_FILTER,retained in no-S2-filter workflow,2.908805846482537,3.082778079227258,21.0,-0.9515933195561945,1.0278079676940344,1.979401287250229,-1.979401287250229,-1.9822631678992113
fluorenyl_orca_75,fluorenyl,homodimer,75,/home/rb1820/BLA-ML/fluorenyl/orca_75/str_75.xyz,0.970017,INCLUDED_NO_FILTER,retained in no-S2-filter workflow,2.6913955202761497,2.97400011350955,24.0,2.553482785511416,4.7690201831172985,2.2155373976058828,-2.2155373976058823,-2.33037649941862
fluorenyl_orca_76,fluorenyl,homodimer,76,/home/rb1820/BLA-ML/fluorenyl/orca_76/str_76.xyz,1.02309,INCLUDED_NO_FILTER,retained in no-S2-filter workflow,2.7468939242068635,3.0490483709620086,16.0,-0.051201218902611687,1.27168858730961,1.3228898062122216,-1.3228898062122216,-1.3186544867745262
fluorenyl_orca_77,fluorenyl,homodimer,77,/home/rb1820/BLA-ML/fluorenyl/orca_77/str_77.xyz,0.941564,INCLUDED_NO_FILTER,retained in no-S2-filter workflow,2.6865864637879127,3.021743891199506,13.0,0.7377328547543275,4.39247200878472,3.654739154030393,-3.6547391540303926,-3.628800579653881
fluorenyl_orca_78,fluorenyl,homodimer,78,/home/rb1820/BLA-ML/fluorenyl/orca_78/str_78.xyz,1.021132,INCLUDED_NO_FILTER,retained in no-S2-filter workflow,2.933711427327014,3.095377816757896,20.0,-2.078592607765066,-0.9210906782669985,1.157501929498067,-1.1575019294980673,-1.1963827569075414
fluorenyl_orca_79,fluorenyl,homodimer,79,/home/rb1820/BLA-ML/fluorenyl/orca_79/str_79.xyz,1.000395,INCLUDED_NO_FILTER,retained in no-S2-filter workflow,2.828898719131516,3.0403603220623987,23.0,1.06751848660724,2.645095495861032,1.5775770092537924,-1.5775770092537922,-1.6494918648817976
fluorenyl_orca_80,fluorenyl,homodimer,80,/home/rb1820/BLA-ML/fluorenyl/orca_80/str_80.xyz,1.065289,INCLUDED_NO_FILTER,retained in no-S2-filter workflow,3.2107337275426024,3.3090259045891,10.0,-4.492800739830636,-4.732947487276587,-0.24014674744595194,0.24014674744595155,0.21917423354286036
fluorenyl_orca_81,fluorenyl,homodimer,81,/home/rb1820/BLA-ML/fluorenyl/orca_81/str_81.xyz,0.973995,INCLUDED_NO_FILTER,retained in no-S2-filter workflow,2.6936131507701284,3.077290450702068,12.0,0.005339447971983009,2.883993032615614,2.8786535846436307,-2.878653584643631,-2.881805080057836
fluorenyl_orca_82,fluorenyl,homodimer,82,/home/rb1820/BLA-ML/fluorenyl/orca_82/str_82.xyz,1.038677,INCLUDED_NO_FILTER,retained in no-S2-filter workflow,2.9502983151229643,3.0460906730296844,13.0,-1.2154820328799953,0.024300153122877807,1.239782186002873,-1.239782186002873,-1.0986473522388769
fluorenyl_orca_83,fluorenyl,homodimer,83,/home/rb1820/BLA-ML/fluorenyl/orca_83/str_83.xyz,1.025741,INCLUDED_NO_FILTER,retained in no-S2-filter workflow,2.8606944973298987,3.1191248377527425,15.0,-1.911645422810572,-0.8896717137596946,1.0219737090508776,-1.0219737090508774,-1.0636198496813642
fluorenyl_orca_84,fluorenyl,homodimer,84,/home/rb1820/BLA-ML/fluorenyl/orca_84/str_84.xyz,1.071197,INCLUDED_NO_FILTER,retained in no-S2-filter workflow,3.230517655305404,3.2939289522344595,13.0,-4.621186341880888,-4.832026360010537,-0.2108400181296485,0.21084001812964903,0.20977850515683283
fluorenyl_orca_85,fluorenyl,homodimer,85,/home/rb1820/BLA-ML/fluorenyl/orca_85/str_85.xyz,1.068412,INCLUDED_NO_FILTER,retained in no-S2-filter workflow,3.1877383903393763,3.2497053358378216,11.0,-4.445229141163001,-4.262753754859116,0.1824753863038843,-0.18247538630388505,-0.16371827460392474
fluorenyl_orca_86,fluorenyl,homodimer,86,/home/rb1820/BLA-ML/fluorenyl/orca_86/str_86.xyz,1.044517,INCLUDED_NO_FILTER,retained in no-S2-filter workflow,2.928125657790968,3.0621440883125457,15.0,-1.4377367319836964,-0.39991908956405936,1.037817642419637,-1.037817642419637,-0.9436550115337008
fluorenyl_orca_87,fluorenyl,homodimer,87,/home/rb1820/BLA-ML/fluorenyl/orca_87/str_87.xyz,1.033802,INCLUDED_NO_FILTER,retained in no-S2-filter workflow,2.880258887627164,3.0402699020711874,19.0,-0.9024684943463706,0.47861256203404035,1.3810810563804108,-1.381081056380411,-1.2030443068803427
fluorenyl_orca_88,fluorenyl,homodimer,88,/home/rb1820/BLA-ML/fluorenyl/orca_88/str_88.xyz,1.07024,INCLUDED_NO_FILTER,retained in no-S2-filter workflow,3.196265371541082,3.2946166589772767,10.0,-4.929939323268865,-5.100560687937085,-0.17062136466821967,0.17062136466821975,0.1931730143453585
fluorenyl_orca_89,fluorenyl,homodimer,89,/home/rb1820/BLA-ML/fluorenyl/orca_89/str_89.xyz,0.950967,INCLUDED_NO_FILTER,retained in no-S2-filter workflow,2.6666074191662825,3.0175240293865384,12.0,0.3783032399162845,3.534957437220179,3.1566541973038946,-3.1566541973038946,-2.9023703736894126
fluorenyl_orca_90,fluorenyl,homodimer,90,/home/rb1820/BLA-ML/fluorenyl/orca_90/str_90.xyz,1.033239,INCLUDED_NO_FILTER,retained in no-S2-filter workflow,2.97442789131299,3.1290873719787173,19.0,-2.139196699728471,-1.3165307909015567,0.8226659088269139,-0.8226659088269141,-0.8528532750781104
fluorenyl_orca_91,fluorenyl,homodimer,91,/home/rb1820/BLA-ML/fluorenyl/orca_91/str_91.xyz,0.985395,INCLUDED_NO_FILTER,retained in no-S2-filter workflow,2.685728147478103,3.1001479060708816,12.0,0.001983287566846841,2.60045318930489,2.598469901738043,-2.598469901738043,-2.6017893699941856
fluorenyl_orca_92,fluorenyl,homodimer,92,/home/rb1820/BLA-ML/fluorenyl/orca_92/str_92.xyz,1.04519,INCLUDED_NO_FILTER,retained in no-S2-filter workflow,2.945464185671402,3.062670366461256,16.0,-1.1082410359051347,-0.07972796590106421,1.0285130700040706,-1.0285130700040706,-0.9390789747309805
fluorenyl_orca_93,fluorenyl,homodimer,93,/home/rb1820/BLA-ML/fluorenyl/orca_93/str_93.xyz,1.049701,INCLUDED_NO_FILTER,retained in no-S2-filter workflow,2.8904757527785234,2.98973688997961,16.0,-1.5053895462037246,-1.0097796419437417,0.4956099042599829,-0.49560990425998286,-0.5951794019520373
fluorenyl_orca_94,fluorenyl,homodimer,94,/home/rb1820/BLA-ML/fluorenyl/orca_94/str_94.xyz,0.953715,INCLUDED_NO_FILTER,retained in no-S2-filter workflow,2.678332288238994,3.0149643339544463,12.0,0.6290055827795524,3.668643960665551,3.0396383778859986,-3.0396383778859986,-2.789088529925651
fluorenyl_orca_95,fluorenyl,homodimer,95,/home/rb1820/BLA-ML/fluorenyl/orca_95/str_95.xyz,1.074569,INCLUDED_NO_FILTER,retained in no-S2-filter workflow,3.1748731550488225,3.245668656891317,14.0,-4.351229777559469,-4.271825501178519,0.07940427638095064,-0.07940427638095038,-0.0667830774924969
fluorenyl_orca_96,fluorenyl,homodimer,96,/home/rb1820/BLA-ML/fluorenyl/orca_96/str_96.xyz,1.059832,INCLUDED_NO_FILTER,retained in no-S2-filter workflow,2.9751741180529496,3.164669324991979,18.0,-2.679527613497167,-2.351706654863048,0.32782095863411953,-0.3278209586341192,-0.2696560992052488
fluorenyl_orca_97,fluorenyl,homodimer,97,/home/rb1820/BLA-ML/fluorenyl/orca_97/str_97.xyz,1.073151,INCLUDED_NO_FILTER,retained in no-S2-filter workflow,3.21009942740494,3.3098747535170103,11.0,-5.611679087917037,-5.648783347843501,-0.037104259926463566,0.03710425992646371,0.016116898684722436
fluorenyl_orca_98,fluorenyl,homodimer,98,/home/rb1820/BLA-ML/fluorenyl/orca_98/str_98.xyz,0.974286,INCLUDED_NO_FILTER,retained in no-S2-filter workflow,2.730984868538292,3.037239132071241,13.0,-0.06912696391897107,2.397493318426659,2.4666202823456302,-2.4666202823456302,-2.2311434321649304
fluorenyl_orca_99,fluorenyl,homodimer,99,/home/rb1820/BLA-ML/fluorenyl/orca_99/str_99.xyz,1.071305,INCLUDED_NO_FILTER,retained in no-S2-filter workflow,3.038996865676328,3.2402546627495177,15.0,-4.108934598937992,-4.172722304933588,-0.06378770599559654,0.0637877059955958,0.08545699156159436
fluorenyl_orca_100,fluorenyl,homodimer,100,/home/rb1820/BLA-ML/fluorenyl/orca_100/str_100.xyz,0.994791,INCLUDED_NO_FILTER,retained in no-S2-filter workflow,2.6906125431010763,3.116250776755034,11.0,-0.011033119441131235,2.3539274810752246,2.3649606005163557,-2.3649606005163557,-2.3683292073099436
fluorenyl_orca_101,fluorenyl,homodimer,101,/home/rb1820/BLA-ML/fluorenyl/orca_101/str_101.xyz,1.06077,INCLUDED_NO_FILTER,retained in no-S2-filter workflow,2.8821803650203086,3.16563970097592,16.0,-2.536697181976128,-2.219207942782651,0.31748923919347716,-0.31748923919347716,-0.25860278170417716
fluorenyl_orca_102,fluorenyl,homodimer,102,/home/rb1820/BLA-ML/fluorenyl/orca_102/str_102.xyz,0.98383,INCLUDED_NO_FILTER,retained in no-S2-filter workflow,2.776407928036965,3.046617331065949,13.0,-0.524525289890496,1.7068544303080462,2.231379720198542,-2.231379720198542,-2.0147225779195206
fluorenyl_orca_103,fluorenyl,homodimer,103,/home/rb1820/BLA-ML/fluorenyl/orca_103/str_103.xyz,1.071704,INCLUDED_NO_FILTER,retained in no-S2-filter workflow,2.876977517659575,3.2097720616982195,16.0,-2.86291620369656,-2.7173703993912497,0.1455458043053101,-0.14554580430531017,-0.12501493706170974
fluorenyl_orca_104,fluorenyl,homodimer,104,/home/rb1820/BLA-ML/fluorenyl/orca_104/str_104.xyz,0.995937,INCLUDED_NO_FILTER,retained in no-S2-filter workflow,2.825320273256188,3.057018613639809,13.0,-0.8899593803650745,1.0492579759608183,1.9392173563258928,-1.9392173563258928,-1.761029756168768
fluorenyl_orca_105,fluorenyl,homodimer,105,/home/rb1820/BLA-ML/fluorenyl/orca_105/str_105.xyz,1.073206,INCLUDED_NO_FILTER,retained in no-S2-filter workflow,3.133844821783831,3.217488375988817,15.0,-4.256747490168901,-4.214417899896604,0.04232959027229642,-0.042329590272296436,-0.05204259570283565
fluorenyl_orca_106,fluorenyl,homodimer,106,/home/rb1820/BLA-ML/fluorenyl/orca_106/str_106.xyz,1.042821,INCLUDED_NO_FILTER,retained in no-S2-filter workflow,3.0142406664413857,3.1530031173450097,18.0,-2.056749502499935,-1.4948105164517995,0.5619389860481352,-0.5619389860481354,-0.5922488131006276
fluorenyl_orca_107,fluorenyl,homodimer,107,/home/rb1820/BLA-ML/fluorenyl/orca_107/str_107.xyz,1.051591,INCLUDED_NO_FILTER,retained in no-S2-filter workflow,2.9084772398690366,3.086282694271238,16.0,-1.8492638375301527,-1.1917358488361847,0.657527988693968,-0.657527988693968,-0.5284415501772575
fluorenyl_orca_108,fluorenyl,homodimer,108,/home/rb1820/BLA-ML/fluorenyl/orca_108/str_108.xyz,1.068609,INCLUDED_NO_FILTER,retained in no-S2-filter workflow,3.061813610437797,3.245953883911735,16.0,-4.305620008872155,-4.555733724610231,-0.25011371573807717,0.2501137157380766,0.2716423064142113
fluorenyl_orca_109,fluorenyl,homodimer,109,/home/rb1820/BLA-ML/fluorenyl/orca_109/str_109.xyz,1.00309,INCLUDED_NO_FILTER,retained in no-S2-filter workflow,2.698227614181996,3.1328765123853826,11.0,-0.06254943408550703,2.0858223564577116,2.148371790543219,-2.1483717905432185,-2.1650928425744054
fluorenyl_orca_110,fluorenyl,homodimer,110,/home/rb1820/BLA-ML/fluorenyl/orca_110/str_110.xyz,1.014735,INCLUDED_NO_FILTER,retained in no-S2-filter workflow,2.907458215360105,3.069710335590788,14.0,-1.5234831788338965,-0.26856368094839517,1.2549194978855014,-1.2549194978855014,-1.06154111919521
fluorenyl_orca_111,fluorenyl,homodimer,111,/home/rb1820/BLA-ML/fluorenyl/orca_111/str_111.xyz,1.044861,INCLUDED_NO_FILTER,retained in no-S2-filter workflow,2.868099007583148,3.082667356321216,20.0,-0.976522986436707,-0.06633980462456157,0.9101831818121454,-0.9101831818121454,-0.7331786431496873
fluorenyl_orca_112,fluorenyl,homodimer,112,/home/rb1820/BLA-ML/fluorenyl/orca_112/str_112.xyz,1.07171,INCLUDED_NO_FILTER,retained in no-S2-filter workflow,3.144207319610234,3.2124798572581232,13.0,-4.268514900504211,-4.288635056830999,-0.02012015632678683,0.02012015632678743,0.019876293141265045
fluorenyl_orca_113,fluorenyl,homodimer,113,/home/rb1820/BLA-ML/fluorenyl/orca_113/str_113.xyz,1.064213,INCLUDED_NO_FILTER,retained in no-S2-filter workflow,3.0414307838496017,3.132490924313835,13.0,-3.1039711205333846,-2.883672594324961,0.22029852620842383,-0.2202985262084236,-0.17859791177655593
fluorenyl_orca_114,fluorenyl,homodimer,114,/home/rb1820/BLA-ML/fluorenyl/orca_114/str_114.xyz,1.058017,INCLUDED_NO_FILTER,retained in no-S2-filter workflow,3.0079698316737526,3.120600477089482,13.0,-2.7538771624013854,-2.331151037677041,0.4227261247243448,-0.42272612472434457,-0.35106017394894473
fluorenyl_orca_115,fluorenyl,homodimer,115,/home/rb1820/BLA-ML/fluorenyl/orca_115/str_115.xyz,1.018494,INCLUDED_NO_FILTER,retained in no-S2-filter workflow,2.9216026551073653,3.069908545136024,15.0,-1.6089779781411135,-0.467449009821634,1.1415289683194796,-1.1415289683194796,-0.9498491699245233
fluorenyl_orca_116,fluorenyl,homodimer,116,/home/rb1820/BLA-ML/fluorenyl/orca_116/str_116.xyz,1.040911,INCLUDED_NO_FILTER,retained in no-S2-filter workflow,2.827601889308637,3.074792451089465,20.0,-0.30627124918371473,0.7659816922600808,1.0722529414437956,-1.0722529414437956,-0.8649142532430392
fluorenyl_orca_117,fluorenyl,homodimer,117,/home/rb1820/BLA-ML/fluorenyl/orca_117/str_117.xyz,1.067136,INCLUDED_NO_FILTER,retained in no-S2-filter workflow,3.0366664338157268,3.17513241535353,12.0,-3.6285963010853934,-3.4780787260203283,0.15051757506506527,-0.15051757506506513,-0.11486174552394024
fluorenyl_orca_118,fluorenyl,homodimer,118,/home/rb1820/BLA-ML/fluorenyl/orca_118/str_118.xyz,1.071589,INCLUDED_NO_FILTER,retained in no-S2-filter workflow,3.0922766907782475,3.1966540159550325,15.0,-3.794768752245375,-3.791061063551943,0.0037076886934319197,-0.0037076886934319653,0.003082038291196021
fluorenyl_orca_119,fluorenyl,homodimer,119,/home/rb1820/BLA-ML/fluorenyl/orca_119/str_119.xyz,1.043493,INCLUDED_NO_FILTER,retained in no-S2-filter workflow,2.8139514561999066,3.058635901115948,20.0,-0.33400599072160575,0.6111385488006571,0.9451445395222628,-0.9451445395222628,-0.7455191727439985
fluorenyl_orca_120,fluorenyl,homodimer,120,/home/rb1820/BLA-ML/fluorenyl/orca_120/str_120.xyz,1.068038,INCLUDED_NO_FILTER,retained in no-S2-filter workflow,3.1134217168464144,3.1872189448625763,14.0,-3.474807419393955,-3.443221758215582,0.031585661178372616,-0.03158566117837269,-0.031119109751124974
fluorenyl_orca_121,fluorenyl,homodimer,121,/home/rb1820/BLA-ML/fluorenyl/orca_121/str_121.xyz,1.068468,INCLUDED_NO_FILTER,retained in no-S2-filter workflow,3.066110705490664,3.208511128422706,14.0,-3.9370701085581725,-3.937055902995405,1.4205562767107136e-05,-1.4205562767433122e-05,0.009633383892543534
fluorenyl_orca_122,fluorenyl,homodimer,122,/home/rb1820/BLA-ML/fluorenyl/orca_122/str_122.xyz,1.046159,INCLUDED_NO_FILTER,retained in no-S2-filter workflow,2.871902422036694,3.075708048953884,20.0,-0.7802428955383166,0.1418181890438152,0.9220610845821319,-0.9220610845821318,-0.7458600086848088
fluorenyl_orca_123,fluorenyl,homodimer,123,/home/rb1820/BLA-ML/fluorenyl/orca_123/str_123.xyz,1.075992,INCLUDED_NO_FILTER,retained in no-S2-filter workflow,3.228268216209808,3.2845899396247527,13.0,-4.358084223553491,-4.368604185213416,-0.010519961659924373,0.010519961659924526,0.0029571646592918555
fluorenyl_orca_124,fluorenyl,homodimer,124,/home/rb1820/BLA-ML/fluorenyl/orca_124/str_124.xyz,1.012025,INCLUDED_NO_FILTER,retained in no-S2-filter workflow,2.717272260272844,3.1557334903230503,10.0,-0.20364285785092587,1.6989758881969026,1.9026187460478285,-1.9026187460478285,-1.9299950498981373
fluorenyl_orca_125,fluorenyl,homodimer,125,/home/rb1820/BLA-ML/fluorenyl/orca_125/str_125.xyz,1.074258,INCLUDED_NO_FILTER,retained in no-S2-filter workflow,3.1661803219882203,3.2546510866439475,11.0,-5.049630657911853,-5.086597342050141,-0.036966684138288707,0.03696668413828874,0.02482477345916445
fluorenyl_orca_126,fluorenyl,homodimer,126,/home/rb1820/BLA-ML/fluorenyl/orca_126/str_126.xyz,1.025924,INCLUDED_NO_FILTER,retained in no-S2-filter workflow,2.913304448821862,3.078421217904648,12.0,-1.7124221738142642,-0.8451515223519445,0.8672706514623199,-0.8672706514623197,-0.6696719548788258
fluorenyl_orca_127,fluorenyl,homodimer,127,/home/rb1820/BLA-ML/fluorenyl/orca_127/str_127.xyz,1.070892,INCLUDED_NO_FILTER,retained in no-S2-filter workflow,3.052845240719611,3.180302601107948,13.0,-2.562028008153557,-2.4670101175562604,0.09501789059729646,-0.0950178905972967,-0.06075006853403875
fluorenyl_orca_128,fluorenyl,homodimer,128,/home/rb1820/BLA-ML/fluorenyl/orca_128/str_128.xyz,1.073992,INCLUDED_NO_FILTER,retained in no-S2-filter workflow,3.0567799963817968,3.282912877340354,10.0,-4.852412889080485,-4.839412230638785,0.013000658441700178,-0.013000658441700175,-0.019832843629020047
fluorenyl_orca_129,fluorenyl,homodimer,129,/home/rb1820/BLA-ML/fluorenyl/orca_129/str_129.xyz,1.057442,INCLUDED_NO_FILTER,retained in no-S2-filter workflow,2.958107001663723,3.121158274092216,19.0,-2.084237241913476,-1.6478103928681984,0.4364268490452774,-0.4364268490452774,-0.3162996617399836
fluorenyl_orca_130,fluorenyl,homodimer,130,/home/rb1820/BLA-ML/fluorenyl/orca_130/str_130.xyz,1.041179,INCLUDED_NO_FILTER,retained in no-S2-filter workflow,2.8258704351545583,3.098726149394349,20.0,-0.2461083598446399,0.8678579978282508,1.1139663576728907,-1.1139663576728907,-0.9200887722096487
fluorenyl_orca_131,fluorenyl,homodimer,131,/home/rb1820/BLA-ML/fluorenyl/orca_131/str_131.xyz,1.048038,INCLUDED_NO_FILTER,retained in no-S2-filter workflow,3.020242997255292,3.1544067078253373,19.0,-1.5476368480681144,-1.1379189684631414,0.409717879604973,-0.40971787960497297,-0.42894657253650115
fluorenyl_orca_132,fluorenyl,homodimer,132,/home/rb1820/BLA-ML/fluorenyl/orca_132/str_132.xyz,1.028609,INCLUDED_NO_FILTER,retained in no-S2-filter workflow,2.908939272975084,3.0736800228500867,13.0,-1.4996292564907627,-0.7611757917738414,0.7384534647169213,-0.7384534647169213,-0.5282382127310711
fluorenyl_orca_133,fluorenyl,homodimer,133,/home/rb1820/BLA-ML/fluorenyl/orca_133/str_133.xyz,1.055266,INCLUDED_NO_FILTER,retained in no-S2-filter workflow,3.00924946440494,3.110903340963068,13.0,-2.048528694116576,-1.8469401335260822,0.2015885605904937,-0.20158856059049368,-0.07091604664510731
fluorenyl_orca_134,fluorenyl,homodimer,134,/home/rb1820/BLA-ML/fluorenyl/orca_134/str_134.xyz,1.075192,INCLUDED_NO_FILTER,retained in no-S2-filter workflow,3.0862301657821685,3.2183465390093,11.0,-2.658636092386955,-2.635172273847924,0.02346381853903077,-0.02346381853903079,-0.011868167380515438
fluorenyl_orca_135,fluorenyl,homodimer,135,/home/rb1820/BLA-ML/fluorenyl/orca_135/str_135.xyz,1.050923,INCLUDED_NO_FILTER,retained in no-S2-filter workflow,2.9820536411065666,3.1319329824418065,14.0,-2.519826451074835,-2.33633757734693,0.18348887372790498,-0.1834888737279048,-0.04044214629450593
fluorenyl_orca_136,fluorenyl,homodimer,136,/home/rb1820/BLA-ML/fluorenyl/orca_136/str_136.xyz,1.072369,INCLUDED_NO_FILTER,retained in no-S2-filter workflow,3.126898229293705,3.323144701801303,7.0,-4.508597857250118,-4.6729429530869435,-0.1643450958368258,0.16434509583682555,0.16465324516689184
fluorenyl_orca_137,fluorenyl,homodimer,137,/home/rb1820/BLA-ML/fluorenyl/orca_137/str_137.xyz,1.072057,INCLUDED_NO_FILTER,retained in no-S2-filter workflow,3.1214787193135014,3.2514466780616744,13.0,-2.710512192731914,-2.7026948334315777,0.007817359300336148,-0.007817359300336335,0.009061316014742138
fluorenyl_orca_138,fluorenyl,homodimer,138,/home/rb1820/BLA-ML/fluorenyl/orca_138/str_138.xyz,1.022189,INCLUDED_NO_FILTER,retained in no-S2-filter workflow,2.7588849522336734,3.201184185002265,8.0,-0.5297582651984273,1.0838120806908214,1.6135703458892487,-1.6135703458892485,-1.6386884508684267
fluorenyl_orca_139,fluorenyl,homodimer,139,/home/rb1820/BLA-ML/fluorenyl/orca_139/str_139.xyz,1.069563,INCLUDED_NO_FILTER,retained in no-S2-filter workflow,3.1273592113953907,3.267375208306158,13.0,-3.572313154712357,-3.6647954395326763,-0.09248228482031962,0.09248228482031928,0.10624600145203589
fluorenyl_orca_140,fluorenyl,homodimer,140,/home/rb1820/BLA-ML/fluorenyl/orca_140/str_140.xyz,1.028291,INCLUDED_NO_FILTER,retained in no-S2-filter workflow,2.9087724644817143,3.0732531742700737,13.0,-1.38837632097787,-0.6477720913541433,0.7406042296237266,-0.7406042296237266,-0.5278287855098444
fluorenyl_orca_141,fluorenyl,homodimer,141,/home/rb1820/BLA-ML/fluorenyl/orca_141/str_141.xyz,0.944938,INCLUDED_NO_FILTER,retained in no-S2-filter workflow,2.7541002860769823,3.0497618445886774,16.0,2.984504688942827,6.638077271466411,3.6535725825235836,-3.653572582523584,-3.4057574184910897
fluorenyl_orca_142,fluorenyl,homodimer,142,/home/rb1820/BLA-ML/fluorenyl/orca_142/str_142.xyz,1.072233,INCLUDED_NO_FILTER,retained in no-S2-filter workflow,3.133838478402386,3.265746375496001,12.0,-2.265089031540811,-2.2915084510824864,-0.026419419541675496,0.02641941954167537,0.05191074216684233
fluorenyl_orca_143,fluorenyl,homodimer,143,/home/rb1820/BLA-ML/fluorenyl/orca_143/str_143.xyz,1.067981,INCLUDED_NO_FILTER,retained in no-S2-filter workflow,3.0639027823091154,3.2926061294964795,12.0,-4.931212042987371,-5.239314553050218,-0.30810251006284617,0.30810251006284695,0.3174385367904433
fluorenyl_orca_144,fluorenyl,homodimer,144,/home/rb1820/BLA-ML/fluorenyl/orca_144/str_144.xyz,1.004206,INCLUDED_NO_FILTER,retained in no-S2-filter workflow,2.7345126915111857,3.1177989130514185,9.0,2.0162595496561355,3.774062963200414,1.7578034135442784,-1.7578034135442784,-1.7345279992496097
fluorenyl_orca_145,fluorenyl,homodimer,145,/home/rb1820/BLA-ML/fluorenyl/orca_145/str_145.xyz,1.02766,INCLUDED_NO_FILTER,retained in no-S2-filter workflow,2.8870246879516865,3.0649859398743127,16.0,-0.6662555968622372,-0.04007621324214803,0.6261793836200893,-0.6261793836200892,-0.3317435311930029
fluorenyl_orca_146,fluorenyl,homodimer,146,/home/rb1820/BLA-ML/fluorenyl/orca_146/str_146.xyz,1.07463,INCLUDED_NO_FILTER,retained in no-S2-filter workflow,2.9817709254531213,3.2183411249395526,12.0,-3.539046163528747,-3.4616456396824242,0.07740052384632304,-0.07740052384632268,-0.07838722342340398
fluorenyl_orca_147,fluorenyl,homodimer,147,/home/rb1820/BLA-ML/fluorenyl/orca_147/str_147.xyz,1.066277,INCLUDED_NO_FILTER,retained in no-S2-filter workflow,3.1786964425352213,3.305029694501683,9.0,-3.854240006900692,-3.8166591999457933,0.03758080695489856,-0.03758080695489863,-0.06166607624430398
fluorenyl_orca_148,fluorenyl,homodimer,148,/home/rb1820/BLA-ML/fluorenyl/orca_148/str_148.xyz,1.026382,INCLUDED_NO_FILTER,retained in no-S2-filter workflow,2.771376353728568,3.2112035404048016,8.0,-0.30545947217597097,1.17323971779407,1.478699189970041,-1.478699189970041,-1.504061214489769
fluorenyl_orca_149,fluorenyl,homodimer,149,/home/rb1820/BLA-ML/fluorenyl/orca_149/str_149.xyz,1.028044,INCLUDED_NO_FILTER,retained in no-S2-filter workflow,2.7891201276967093,3.056550101919448,17.0,3.461663118304559,4.934656216515368,1.4729930982108086,-1.4729930982108086,-1.285190284120059
fluorenyl_orca_150,fluorenyl,homodimer,150,/home/rb1820/BLA-ML/fluorenyl/orca_150/str_150.xyz,1.051621,INCLUDED_NO_FILTER,retained in no-S2-filter workflow,3.019528800623734,3.150299735198117,20.0,-0.6707935947996244,-0.3861689162217432,0.2846246785778812,-0.2846246785778812,-0.30907484212382585
fluorenyl_orca_151,fluorenyl,homodimer,151,/home/rb1820/BLA-ML/fluorenyl/orca_151/str_151.xyz,1.06689,INCLUDED_NO_FILTER,retained in no-S2-filter workflow,3.309637632985041,3.370084651868466,7.0,-3.2358027360304247,-3.3813391578271244,-0.14553642179669965,0.14553642179669968,0.151847293356556
fluorenyl_orca_152,fluorenyl,homodimer,152,/home/rb1820/BLA-ML/fluorenyl/orca_152/str_152.xyz,1.067281,INCLUDED_NO_FILTER,retained in no-S2-filter workflow,3.063608002553358,3.316044899598632,7.0,-2.2091446680715756,-2.465567938898622,-0.25642327082704636,0.2564232708270464,0.2552481609971733
fluorenyl_orca_153,fluorenyl,homodimer,153,/home/rb1820/BLA-ML/fluorenyl/orca_153/str_153.xyz,1.037919,INCLUDED_NO_FILTER,retained in no-S2-filter workflow,2.8142339666878504,3.0752933608080686,17.0,3.1750671111682705,4.411436364737995,1.2363692535697242,-1.2363692535697242,-1.0510057929470427
fluorenyl_orca_154,fluorenyl,homodimer,154,/home/rb1820/BLA-ML/fluorenyl/orca_154/str_154.xyz,1.063168,INCLUDED_NO_FILTER,retained in no-S2-filter workflow,2.776725994829256,3.1010409082430552,13.0,-2.212445413755315,-2.8261201293473097,-0.6136747155919947,0.6136747155919946,0.6385475254416471
fluorenyl_orca_155,fluorenyl,homodimer,155,/home/rb1820/BLA-ML/fluorenyl/orca_155/str_155.xyz,1.068593,INCLUDED_NO_FILTER,retained in no-S2-filter workflow,3.382396208056805,3.4739133038714343,2.0,-2.7365234085510557,-2.9141325555763196,-0.1776091470252636,0.17760914702526387,0.1712030245865095
fluorenyl_orca_156,fluorenyl,homodimer,156,/home/rb1820/BLA-ML/fluorenyl/orca_156/str_156.xyz,1.06526,INCLUDED_NO_FILTER,retained in no-S2-filter workflow,2.8932432255356755,3.1778050430635068,14.0,-3.213789240559445,-3.399355953177101,-0.18556671261765612,0.18556671261765612,0.16024220350367457
fluorenyl_orca_157,fluorenyl,homodimer,157,/home/rb1820/BLA-ML/fluorenyl/orca_157/str_157.xyz,1.065791,INCLUDED_NO_FILTER,retained in no-S2-filter workflow,3.159973369855576,3.227914410760055,9.0,-0.43508222924404016,-0.20313726720034903,0.2319449620436911,-0.23194496204369114,-0.16362986387709527
fluorenyl_orca_158,fluorenyl,homodimer,158,/home/rb1820/BLA-ML/fluorenyl/orca_158/str_158.xyz,1.042929,INCLUDED_NO_FILTER,retained in no-S2-filter workflow,2.838373418695047,3.0867164700506167,17.0,2.8246416341412766,3.8339627780385626,1.009321143897286,-1.009321143897286,-0.8320166523344956
fluorenyl_orca_159,fluorenyl,homodimer,159,/home/rb1820/BLA-ML/fluorenyl/orca_159/str_159.xyz,1.036209,INCLUDED_NO_FILTER,retained in no-S2-filter workflow,2.828828246922133,3.269722835156024,7.0,-0.49142035053003835,0.6797271000893829,1.1711474506194213,-1.1711474506194213,-1.1964408658314865
fluorenyl_orca_160,fluorenyl,homodimer,160,/home/rb1820/BLA-ML/fluorenyl/orca_160/str_160.xyz,1.035844,INCLUDED_NO_FILTER,retained in no-S2-filter workflow,2.875220841048188,3.157848097972709,10.0,2.192668865241315,3.013459285724696,0.820790420483381,-0.8207904204833811,-0.8450787819633154
fluorenyl_orca_161,fluorenyl,homodimer,161,/home/rb1820/BLA-ML/fluorenyl/orca_161/str_161.xyz,1.053832,INCLUDED_NO_FILTER,retained in no-S2-filter workflow,3.163566631842329,3.3129738062480856,8.0,-2.067055552465971,-1.6805588183746683,0.3864967340913027,-0.3864967340913028,-0.38646540849706157
fluorenyl_orca_162,fluorenyl,homodimer,162,/home/rb1820/BLA-ML/fluorenyl/orca_162/str_162.xyz,1.065321,INCLUDED_NO_FILTER,retained in no-S2-filter workflow,3.085523450843968,3.1554916342727344,12.0,1.0930225304629462,1.1146200643187583,0.021597533855812024,-0.02159753385581209,0.04767254220393169
fluorenyl_orca_163,fluorenyl,homodimer,163,/home/rb1820/BLA-ML/fluorenyl/orca_163/str_163.xyz,1.069441,INCLUDED_NO_FILTER,retained in no-S2-filter workflow,3.153317562485431,3.252350905101442,9.0,-0.7489408762009304,-0.680598998874543,0.06834187732638744,-0.06834187732638741,-0.025613940002145452
fluorenyl_orca_164,fluorenyl,homodimer,164,/home/rb1820/BLA-ML/fluorenyl/orca_164/str_164.xyz,1.060382,INCLUDED_NO_FILTER,retained in no-S2-filter workflow,3.2818319513901097,3.3748841695574057,6.0,-1.0654141895126217,-0.8103310536535466,0.2550831358590751,-0.25508313585907505,-0.28386148539928246
fluorenyl_orca_165,fluorenyl,homodimer,165,/home/rb1820/BLA-ML/fluorenyl/orca_165/str_165.xyz,1.056353,INCLUDED_NO_FILTER,retained in no-S2-filter workflow,3.021245061570311,3.303907669042727,6.0,-1.3937827085070795,-1.2153198788272426,0.17846282967983695,-0.17846282967983695,-0.11174202584156001
fluorenyl_orca_166,fluorenyl,homodimer,166,/home/rb1820/BLA-ML/fluorenyl/orca_166/str_166.xyz,1.070927,INCLUDED_NO_FILTER,retained in no-S2-filter workflow,3.1868000017650018,3.39209912272443,4.0,-3.890905558662151,-4.006296196309642,-0.11539063764749141,0.11539063764749136,0.1240923670126628
fluorenyl_orca_167,fluorenyl,homodimer,167,/home/rb1820/BLA-ML/fluorenyl/orca_167/str_167.xyz,1.066488,INCLUDED_NO_FILTER,retained in no-S2-filter workflow,2.887098210880376,3.1643691596118737,14.0,-2.293661141158867,-2.4946729258385223,-0.2010117846796553,0.2010117846796553,0.20619642326336018
fluorenyl_orca_168,fluorenyl,homodimer,168,/home/rb1820/BLA-ML/fluorenyl/orca_168/str_168.xyz,1.012823,INCLUDED_NO_FILTER,retained in no-S2-filter workflow,2.822631023215325,3.1800100631478574,9.0,0.8902873331377565,2.517578831290483,1.6272914981527264,-1.6272914981527264,-1.4925303176366789
fluorenyl_orca_169,fluorenyl,homodimer,169,/home/rb1820/BLA-ML/fluorenyl/orca_169/str_169.xyz,1.061613,INCLUDED_NO_FILTER,retained in no-S2-filter workflow,2.983142247835341,3.1636323697656046,13.0,0.7307649738538188,1.0672153373894908,0.33645036353567204,-0.33645036353567204,-0.2648586212375702
fluorenyl_orca_170,fluorenyl,homodimer,170,/home/rb1820/BLA-ML/fluorenyl/orca_170/str_170.xyz,1.070997,INCLUDED_NO_FILTER,retained in no-S2-filter workflow,3.193607005022346,3.414196657409476,4.0,-3.6156558107918286,-3.723027336632362,-0.10737152584053342,0.10737152584053344,0.1079805801919207
fluorenyl_orca_171,fluorenyl,homodimer,171,/home/rb1820/BLA-ML/fluorenyl/orca_171/str_171.xyz,1.064423,INCLUDED_NO_FILTER,retained in no-S2-filter workflow,3.3003304855370623,3.4574272127809365,4.0,-4.1807688413825375,-3.942615471272518,0.23815337011002,-0.23815337011001958,-0.22135602715535896
fluorenyl_orca_172,fluorenyl,homodimer,172,/home/rb1820/BLA-ML/fluorenyl/orca_172/str_172.xyz,1.04724,INCLUDED_NO_FILTER,retained in no-S2-filter workflow,3.1201939046791884,3.38444267525375,5.0,-2.28034383769401,-1.6627484083941826,0.6175954292998272,-0.6175954292998274,-0.5669871260995212
fluorenyl_orca_173,fluorenyl,homodimer,173,/home/rb1820/BLA-ML/fluorenyl/orca_173/str_173.xyz,1.071305,INCLUDED_NO_FILTER,retained in no-S2-filter workflow,3.2233939814495915,3.440439774709329,4.0,-3.3660022803523235,-3.4458750910441394,-0.07987281069181547,0.07987281069181584,0.08545488375755439
fluorenyl_orca_174,fluorenyl,homodimer,174,/home/rb1820/BLA-ML/fluorenyl/orca_174/str_174.xyz,1.042338,INCLUDED_NO_FILTER,retained in no-S2-filter workflow,2.8857183079195554,3.3174487575770484,7.0,-0.1799417817444619,0.7640098955714296,0.9439516773158915,-0.9439516773158916,-0.9710480900629284
fluorenyl_orca_175,fluorenyl,homodimer,175,/home/rb1820/BLA-ML/fluorenyl/orca_175/str_175.xyz,1.06863,INCLUDED_NO_FILTER,retained in no-S2-filter workflow,3.293766032404005,3.5297546007222858,2.0,-4.258721729096314,-4.128313942007939,0.13040778708837558,-0.13040778708837575,-0.12926409247500992
fluorenyl_orca_176,fluorenyl,homodimer,176,/home/rb1820/BLA-ML/fluorenyl/orca_176/str_176.xyz,1.044593,INCLUDED_NO_FILTER,retained in no-S2-filter workflow,2.91719982592165,3.0318803117678845,17.0,1.0611756032416901,1.52740201752387,0.4662264142821798,-0.4662264142821799,-0.4617005472264255
fluorenyl_orca_177,fluorenyl,homodimer,177,/home/rb1820/BLA-ML/fluorenyl/orca_177/str_177.xyz,1.066215,INCLUDED_NO_FILTER,retained in no-S2-filter workflow,3.337621184715492,3.517955571090078,2.0,-4.129711876864414,-3.925986268111165,0.20372560875325008,-0.20372560875324952,-0.18815954635797238
fluorenyl_orca_178,fluorenyl,homodimer,178,/home/rb1820/BLA-ML/fluorenyl/orca_178/str_178.xyz,1.07288,INCLUDED_NO_FILTER,retained in no-S2-filter workflow,3.376798427575189,3.635824163805855,1.0,-4.034473239172547,-4.034245376027432,0.00022786314511493873,-0.00022786314511513694,-0.0036649745894332675
fluorenyl_orca_179,fluorenyl,homodimer,179,/home/rb1820/BLA-ML/fluorenyl/orca_179/str_179.xyz,1.068467,INCLUDED_NO_FILTER,retained in no-S2-filter workflow,3.303983111331514,3.5667303361691887,1.0,-4.438166076514319,-4.309641124104145,0.1285249524101749,-0.12852495241017436,-0.1254633811380259
fluorenyl_orca_180,fluorenyl,homodimer,180,/home/rb1820/BLA-ML/fluorenyl/orca_180/str_180.xyz,1.072213,INCLUDED_NO_FILTER,retained in no-S2-filter workflow,3.1346211853185246,3.388103905873808,4.0,-2.1185531691523196,-2.196789593267201,-0.07823642411488163,0.07823642411488141,0.0738060218645804
fluorenyl_orca_181,fluorenyl,homodimer,181,/home/rb1820/BLA-ML/fluorenyl/orca_181/str_181.xyz,1.07151,INCLUDED_NO_FILTER,retained in no-S2-filter workflow,3.216853261839516,3.455101865056207,4.0,-3.0273434612422196,-3.100862425389072,-0.07351896414685254,0.07351896414685255,0.07498395127629331
fluorenyl_orca_182,fluorenyl,homodimer,182,/home/rb1820/BLA-ML/fluorenyl/orca_182/str_182.xyz,1.050569,INCLUDED_NO_FILTER,retained in no-S2-filter workflow,3.157645239883334,3.4164364776168967,4.0,-2.082716022153715,-1.5386433414934697,0.5440726806602453,-0.5440726806602452,-0.5019898443612243
fluorenyl_orca_183,fluorenyl,homodimer,183,/home/rb1820/BLA-ML/fluorenyl/orca_183/str_183.xyz,1.071015,INCLUDED_NO_FILTER,retained in no-S2-filter workflow,3.4282017674490346,3.536971253181618,0.0,-4.684663137056444,-4.72733183225935,-0.04266869520290651,0.04266869520290584,0.029929801024507263
fluorenyl_orca_184,fluorenyl,homodimer,184,/home/rb1820/BLA-ML/fluorenyl/orca_184/str_184.xyz,1.072033,INCLUDED_NO_FILTER,retained in no-S2-filter workflow,3.560724332216952,3.6883557599376218,0.0,-4.402148406951058,-4.299516319586604,0.10263208736445424,-0.10263208736445417,-0.09616641836700168
fluorenyl_orca_185,fluorenyl,homodimer,185,/home/rb1820/BLA-ML/fluorenyl/orca_185/str_185.xyz,1.057778,INCLUDED_NO_FILTER,retained in no-S2-filter workflow,3.2244764023805184,3.3635156210995865,7.0,0.2281679009710932,0.5457234615644425,0.3175555605933493,-0.31755556059334933,-0.3312332756311289
fluorenyl_orca_186,fluorenyl,homodimer,186,/home/rb1820/BLA-ML/fluorenyl/orca_186/str_186.xyz,1.070034,INCLUDED_NO_FILTER,retained in no-S2-filter workflow,3.401229205471591,3.616996063438472,0.0,-4.749077216727261,-4.734208115580418,0.014869101146843259,-0.014869101146842922,-0.01656298940030787
fluorenyl_orca_187,fluorenyl,homodimer,187,/home/rb1820/BLA-ML/fluorenyl/orca_187/str_187.xyz,0.994869,INCLUDED_NO_FILTER,retained in no-S2-filter workflow,3.0666980638534564,3.5386706296932777,3.0,-2.835221884441866,-0.837899035812889,1.9973228486289774,-1.9973228486289771,-1.6320329421724578
fluorenyl_orca_188,fluorenyl,homodimer,188,/home/rb1820/BLA-ML/fluorenyl/orca_188/str_188.xyz,1.070718,INCLUDED_NO_FILTER,retained in no-S2-filter workflow,3.436479668330732,3.6037391804944328,0.0,-4.299953043584211,-4.179943997748226,0.12000904583598493,-0.12000904583598526,-0.11220211500471144
fluorenyl_orca_189,fluorenyl,homodimer,189,/home/rb1820/BLA-ML/fluorenyl/orca_189/str_189.xyz,1.071282,INCLUDED_NO_FILTER,retained in no-S2-filter workflow,3.134653256073789,3.3894047908957057,5.0,-1.9889719601058269,-2.0714516667040455,-0.08247970659821845,0.08247970659821857,0.08546115359120865
fluorenyl_orca_190,fluorenyl,homodimer,190,/home/rb1820/BLA-ML/fluorenyl/orca_190/str_190.xyz,1.070548,INCLUDED_NO_FILTER,retained in no-S2-filter workflow,3.316485193413284,3.586027593174486,2.0,-3.6946855336109556,-3.6472505130476405,0.04743502056331542,-0.04743502056331517,-0.04464190567075521
fluorenyl_orca_191,fluorenyl,homodimer,191,/home/rb1820/BLA-ML/fluorenyl/orca_191/str_191.xyz,1.068292,INCLUDED_NO_FILTER,retained in no-S2-filter workflow,3.077702173621319,3.3479513137799204,6.0,-2.478977208911165,-2.5846006817048224,-0.10562347279365764,0.10562347279365758,0.10566555684079537
fluorenyl_orca_192,fluorenyl,homodimer,192,/home/rb1820/BLA-ML/fluorenyl/orca_192/str_192.xyz,1.072493,INCLUDED_NO_FILTER,retained in no-S2-filter workflow,3.449065947278492,3.612141368353491,0.0,-4.4658735747554,-4.440704981104248,0.025168593651151788,-0.025168593651152094,-0.026162142357028628
fluorenyl_orca_193,fluorenyl,homodimer,193,/home/rb1820/BLA-ML/fluorenyl/orca_193/str_193.xyz,1.064311,INCLUDED_NO_FILTER,retained in no-S2-filter workflow,3.128180239307186,3.324828110087805,6.0,-0.18584664587121316,-0.07761905463454363,0.10822759123666954,-0.10822759123666953,-0.11301971608531663
fluorenyl_orca_194,fluorenyl,homodimer,194,/home/rb1820/BLA-ML/fluorenyl/orca_194/str_194.xyz,1.07008,INCLUDED_NO_FILTER,retained in no-S2-filter workflow,3.5350517969549533,3.7318304481642137,0.0,-4.335914641388656,-4.2480812329588,0.08783340842985593,-0.08783340842985599,-0.08190415530061035
fluorenyl_orca_195,fluorenyl,homodimer,195,/home/rb1820/BLA-ML/fluorenyl/orca_195/str_195.xyz,1.068346,INCLUDED_NO_FILTER,retained in no-S2-filter workflow,3.324012533281921,3.6258047771267714,1.0,-4.288587429465477,-4.366058919559589,-0.07747149009411161,0.07747149009411203,0.07150068598980486
fluorenyl_orca_196,fluorenyl,homodimer,196,/home/rb1820/BLA-ML/fluorenyl/orca_196/str_196.xyz,1.071398,INCLUDED_NO_FILTER,retained in no-S2-filter workflow,3.6382085523431495,3.775688743845298,0.0,-4.568799300203753,-4.494512115707602,0.07428718449615038,-0.0742871844961508,-0.06737719728098046
fluorenyl_orca_197,fluorenyl,homodimer,197,/home/rb1820/BLA-ML/fluorenyl/orca_197/str_197.xyz,1.072859,INCLUDED_NO_FILTER,retained in no-S2-filter workflow,3.3621169413133147,3.649991310738332,1.0,-3.9877142615310808,-3.994643167770901,-0.006928906239820054,0.006928906239820343,0.00835692777028374
fluorenyl_orca_198,fluorenyl,homodimer,198,/home/rb1820/BLA-ML/fluorenyl/orca_198/str_198.xyz,1.071496,INCLUDED_NO_FILTER,retained in no-S2-filter workflow,3.217287783153528,3.4575914638102576,4.0,-2.947214559479765,-3.019782431429358,-0.07256787194959309,0.07256787194959324,0.07417788109758738
fluorenyl_orca_199,fluorenyl,homodimer,199,/home/rb1820/BLA-ML/fluorenyl/orca_199/str_199.xyz,1.071602,INCLUDED_NO_FILTER,retained in no-S2-filter workflow,3.3158152892749886,3.57857601250313,1.0,-2.3941230252964547,-2.3542249306895484,0.03989809460690624,-0.0398980946069063,-0.04295405282384834
fluorenyl_orca_200,fluorenyl,homodimer,200,/home/rb1820/BLA-ML/fluorenyl/orca_200/str_200.xyz,1.070158,INCLUDED_NO_FILTER,retained in no-S2-filter workflow,3.0242392568525176,3.3171204356483948,8.0,-1.2412416042950951,-1.3148427546202535,-0.07360115032515845,0.07360115032515835,0.0785650010808524
fluorenyl_orca_201,fluorenyl,homodimer,201,/home/rb1820/BLA-ML/fluorenyl/orca_201/str_201.xyz,1.071343,INCLUDED_NO_FILTER,retained in no-S2-filter workflow,3.721778565576882,3.84131027341551,0.0,-4.501530312761941,-4.449085981987605,0.052444330774335385,-0.05244433077433541,-0.046455451556076
fluorenyl_orca_202,fluorenyl,homodimer,202,/home/rb1820/BLA-ML/fluorenyl/orca_202/str_202.xyz,1.071446,INCLUDED_NO_FILTER,retained in no-S2-filter workflow,3.5881042150628395,3.8282363228181806,0.0,-4.5238524782771385,-4.497565337703412,0.026287140573726688,-0.02628714057372683,-0.030574157835181026
fluorenyl_orca_203,fluorenyl,homodimer,203,/home/rb1820/BLA-ML/fluorenyl/orca_203/str_203.xyz,1.072217,INCLUDED_NO_FILTER,retained in no-S2-filter workflow,3.4280282748415134,3.6847675487545,0.0,-3.683760424914957,-3.7076029962767874,-0.02384257136183041,0.023842571361830434,0.020393631683382818
fluorenyl_orca_204,fluorenyl,homodimer,204,/home/rb1820/BLA-ML/fluorenyl/orca_204/str_204.xyz,1.025564,INCLUDED_NO_FILTER,retained in no-S2-filter workflow,2.876207768790437,3.2078911973082094,9.0,1.466712124962959,2.7563065163102727,1.2895943913473136,-1.2895943913473136,-1.17254817298115
fluorenyl_orca_205,fluorenyl,homodimer,205,/home/rb1820/BLA-ML/fluorenyl/orca_205/str_205.xyz,1.069523,INCLUDED_NO_FILTER,retained in no-S2-filter workflow,3.02627600512066,3.3283415681117505,5.0,-1.7876211634510182,-1.668115119780734,0.1195060436702842,-0.11950604367028417,-0.12412645427723223
fluorenyl_orca_206,fluorenyl,homodimer,206,/home/rb1820/BLA-ML/fluorenyl/orca_206/str_206.xyz,1.072036,INCLUDED_NO_FILTER,retained in no-S2-filter workflow,3.545951458738556,3.824171169493094,0.0,-4.451376859660293,-4.45683141488091,-0.005454555220616941,0.00545455522061733,0.006841349010492159
fluorenyl_orca_207,fluorenyl,homodimer,207,/home/rb1820/BLA-ML/fluorenyl/orca_207/str_207.xyz,1.07013,INCLUDED_NO_FILTER,retained in no-S2-filter workflow,3.4568433164998846,3.6770857231178864,0.0,-3.8148465522732824,-3.7519921316907987,0.06285442058248404,-0.0628544205824837,-0.06008453700054828
fluorenyl_orca_208,fluorenyl,homodimer,208,/home/rb1820/BLA-ML/fluorenyl/orca_208/str_208.xyz,1.067668,INCLUDED_NO_FILTER,retained in no-S2-filter workflow,3.266368569536505,3.577707361646097,2.0,-2.9749912268535836,-3.1238145971902807,-0.14882337033669726,0.14882337033669701,0.16162370473226995
fluorenyl_orca_209,fluorenyl,homodimer,209,/home/rb1820/BLA-ML/fluorenyl/orca_209/str_209.xyz,1.066501,INCLUDED_NO_FILTER,retained in no-S2-filter workflow,3.1416433901501137,3.484937104941648,3.0,-1.074510032197822,-0.9485907375245124,0.12591929467330973,-0.12591929467330965,-0.10932797139552686
fluorenyl_orca_210,fluorenyl,homodimer,210,/home/rb1820/BLA-ML/fluorenyl/orca_210/str_210.xyz,1.072311,INCLUDED_NO_FILTER,retained in no-S2-filter workflow,3.523051901415013,3.791795194765291,0.0,-3.932731600236318,-3.933124328979816,-0.00039272874349816875,0.0003927287434981608,-0.0048058336730063544
fluorenyl_orca_211,fluorenyl,homodimer,211,/home/rb1820/BLA-ML/fluorenyl/orca_211/str_211.xyz,1.066064,INCLUDED_NO_FILTER,retained in no-S2-filter workflow,3.3947812238768003,3.741392569128364,1.0,-2.479750988396279,-2.3262954553884083,0.15345553300787101,-0.15345553300787085,-0.13681228027294579
fluorenyl_orca_212,fluorenyl,homodimer,212,/home/rb1820/BLA-ML/fluorenyl/orca_212/str_212.xyz,1.061277,INCLUDED_NO_FILTER,retained in no-S2-filter workflow,3.508074486235229,3.843743843113635,0.0,-4.133920352629969,-3.8586406053299758,0.2752797472999929,-0.2752797472999928,-0.18720466680983794
fluorenyl_orca_213,fluorenyl,homodimer,213,/home/rb1820/BLA-ML/fluorenyl/orca_213/str_213.xyz,1.072362,INCLUDED_NO_FILTER,retained in no-S2-filter workflow,3.482032983141616,3.7637579649897006,0.0,-4.0410158995807475,-4.061338883858141,-0.02032298427739246,0.020322984277393097,0.020593700214573296
fluorenyl_orca_214,fluorenyl,homodimer,214,/home/rb1820/BLA-ML/fluorenyl/orca_214/str_214.xyz,1.070765,INCLUDED_NO_FILTER,retained in no-S2-filter workflow,3.488659694210788,3.748541096379512,0.0,-4.081477234128908,-4.126289648528891,-0.04481241439998243,0.04481241439998307,0.03940654580963532
fluorenyl_orca_215,fluorenyl,homodimer,215,/home/rb1820/BLA-ML/fluorenyl/orca_215/str_215.xyz,1.071674,INCLUDED_NO_FILTER,retained in no-S2-filter workflow,3.1628298476817327,3.358023517545542,6.0,-0.9632115331731029,-0.9150511788263758,0.048160354346727156,-0.04816035434672716,-0.05700817724393026
fluorenyl_orca_216,fluorenyl,homodimer,216,/home/rb1820/BLA-ML/fluorenyl/orca_216/str_216.xyz,1.0714,INCLUDED_NO_FILTER,retained in no-S2-filter workflow,3.2869502193834594,3.492468138702678,3.0,-3.0259690109434083,-3.072656306301844,-0.0466872953584355,0.046687295358435854,0.05033740462231023
fluorenyl_orca_217,fluorenyl,homodimer,217,/home/rb1820/BLA-ML/fluorenyl/orca_217/str_217.xyz,1.037833,INCLUDED_NO_FILTER,retained in no-S2-filter workflow,2.943446434549166,3.223822829664292,10.0,1.9865594019567323,2.782279035550361,0.7957196335936285,-0.7957196335936285,-0.7304230645503298
fluorenyl_orca_218,fluorenyl,homodimer,218,/home/rb1820/BLA-ML/fluorenyl/orca_218/str_218.xyz,1.045249,INCLUDED_NO_FILTER,retained in no-S2-filter workflow,2.907959918776537,3.375695400529724,4.0,1.8099506161603824,2.547289873183937,0.7373392570235546,-0.7373392570235544,-0.7185064112835975
fluorenyl_orca_219,fluorenyl,homodimer,219,/home/rb1820/BLA-ML/fluorenyl/orca_219/str_219.xyz,1.071812,INCLUDED_NO_FILTER,retained in no-S2-filter workflow,3.547126190878342,3.794643251392556,0.0,-3.6846657987221887,-3.6970616164811174,-0.012395817758928975,0.012395817758928729,0.01627419939824648
fluorenyl_orca_220,fluorenyl,homodimer,220,/home/rb1820/BLA-ML/fluorenyl/orca_220/str_220.xyz,1.071844,INCLUDED_NO_FILTER,retained in no-S2-filter workflow,3.5135168914163324,3.780694611764832,0.0,-3.731002950707357,-3.7245605726148954,0.0064423780924616385,-0.00644237809246162,-0.008942411395007621
fluorenyl_orca_221,fluorenyl,homodimer,221,/home/rb1820/BLA-ML/fluorenyl/orca_221/str_221.xyz,1.072471,INCLUDED_NO_FILTER,retained in no-S2-filter workflow,3.455711840629633,3.763649780602921,0.0,-3.1329356589120563,-3.117824297653271,0.015111361258785568,-0.015111361258785205,-0.015694947190382447
fluorenyl_orca_222,fluorenyl,homodimer,222,/home/rb1820/BLA-ML/fluorenyl/orca_222/str_222.xyz,1.071711,INCLUDED_NO_FILTER,retained in no-S2-filter workflow,3.526941012791972,3.654879433250726,0.0,-3.066112178795432,-3.033455424847535,0.03265675394789686,-0.032656753947897244,-0.03118419929480032
fluorenyl_orca_223,fluorenyl,homodimer,223,/home/rb1820/BLA-ML/fluorenyl/orca_223/str_223.xyz,1.072332,INCLUDED_NO_FILTER,retained in no-S2-filter workflow,3.6006811498988087,3.879153223323069,0.0,-3.3461089160070423,-3.338700251744843,0.007408664262199318,-0.007408664262199327,-0.0076552256281687825
fluorenyl_orca_224,fluorenyl,homodimer,224,/home/rb1820/BLA-ML/fluorenyl/orca_224/str_224.xyz,1.059836,INCLUDED_NO_FILTER,retained in no-S2-filter workflow,3.3564459146068053,3.562696028154022,2.0,-1.7484060068065241,-1.476026360465656,0.272379646340868,-0.2723796463408681,-0.24614920336783164
fluorenyl_orca_225,fluorenyl,homodimer,225,/home/rb1820/BLA-ML/fluorenyl/orca_225/str_225.xyz,1.072017,INCLUDED_NO_FILTER,retained in no-S2-filter workflow,3.647820124748976,3.856464039065925,0.0,-3.2516635644636556,-3.252390623309155,-0.0007270588454994126,0.0007270588454995064,0.00014364928857002468
fluorenyl_orca_226,fluorenyl,homodimer,226,/home/rb1820/BLA-ML/fluorenyl/orca_226/str_226.xyz,1.069998,INCLUDED_NO_FILTER,retained in no-S2-filter workflow,3.5106531144623387,3.86795733918123,0.0,-3.428806997801884,-3.4587696609140206,-0.029962663112136485,0.02996266311213658,0.03933775199250755
fluorenyl_orca_227,fluorenyl,homodimer,227,/home/rb1820/BLA-ML/fluorenyl/orca_227/str_227.xyz,1.06912,INCLUDED_NO_FILTER,retained in no-S2-filter workflow,3.397656019681352,3.7635595761560223,1.0,-2.2728565452431067,-2.214730931258241,0.05812561398486528,-0.0581256139848656,-0.04422565830165359
fluorenyl_orca_228,fluorenyl,homodimer,228,/home/rb1820/BLA-ML/fluorenyl/orca_228/str_228.xyz,1.067266,INCLUDED_NO_FILTER,retained in no-S2-filter workflow,3.0120949091817377,3.3249360914885138,6.0,-1.1731756779762534,-1.2154894042548514,-0.04231372627859791,0.042313726278597974,0.06010432025424861
fluorenyl_orca_229,fluorenyl,homodimer,229,/home/rb1820/BLA-ML/fluorenyl/orca_229/str_229.xyz,1.070139,INCLUDED_NO_FILTER,retained in no-S2-filter workflow,3.642076295195994,3.8532880926618303,0.0,-3.7800300732402112,-3.7734289302238415,0.006601143016369451,-0.006601143016369715,0.004403923338019755
fluorenyl_orca_230,fluorenyl,homodimer,230,/home/rb1820/BLA-ML/fluorenyl/orca_230/str_230.xyz,1.071102,INCLUDED_NO_FILTER,retained in no-S2-filter workflow,3.5036135995182205,3.7983701621635575,0.0,-3.218807457658177,-3.157085219843247,0.06172223781493006,-0.061722237814930025,-0.05753480593039573
fluorenyl_orca_231,fluorenyl,homodimer,231,/home/rb1820/BLA-ML/fluorenyl/orca_231/str_231.xyz,1.071882,INCLUDED_NO_FILTER,retained in no-S2-filter workflow,3.3476517614434065,3.724195951267173,2.0,-1.9402899137680825,-1.9146356460468772,0.025654267721205142,-0.02565426772120527,-0.02534073546054194
fluorenyl_orca_232,fluorenyl,homodimer,232,/home/rb1820/BLA-ML/fluorenyl/orca_232/str_232.xyz,1.065741,INCLUDED_NO_FILTER,retained in no-S2-filter workflow,3.533646651221697,3.837477388904194,0.0,-3.2459480111515715,-3.0888665759129763,0.1570814352385951,-0.1570814352385952,-0.11332555275764378
fluorenyl_orca_233,fluorenyl,homodimer,233,/home/rb1820/BLA-ML/fluorenyl/orca_233/str_233.xyz,1.071788,INCLUDED_NO_FILTER,retained in no-S2-filter workflow,3.618964501155856,3.750933633687508,0.0,-3.5444752148538945,-3.5359392643580527,0.008535950495841878,-0.008535950495841771,-0.009814808058159041
fluorenyl_orca_234,fluorenyl,homodimer,234,/home/rb1820/BLA-ML/fluorenyl/orca_234/str_234.xyz,1.07145,INCLUDED_NO_FILTER,retained in no-S2-filter workflow,3.3483036192671074,3.7476898999003234,1.0,-2.6326434451872043,-2.6280044395533526,0.004639005633851577,-0.004639005633851667,0.0012517843916128868
fluorenyl_orca_235,fluorenyl,homodimer,235,/home/rb1820/BLA-ML/fluorenyl/orca_235/str_235.xyz,1.072337,INCLUDED_NO_FILTER,retained in no-S2-filter workflow,3.562594422341196,3.764047362816563,0.0,-2.9447177162709424,-2.956956816052181,-0.012239099781238516,0.012239099781238494,0.008450367240435241
fluorenyl_orca_236,fluorenyl,homodimer,236,/home/rb1820/BLA-ML/fluorenyl/orca_236/str_236.xyz,1.070181,INCLUDED_NO_FILTER,retained in no-S2-filter workflow,3.492057842275195,3.7045805571396,0.0,-3.726804652529896,-3.6572127304812514,0.06959192204864433,-0.0695919220486445,-0.050222719860245846
fluorenyl_orca_237,fluorenyl,homodimer,237,/home/rb1820/BLA-ML/fluorenyl/orca_237/str_237.xyz,1.071704,INCLUDED_NO_FILTER,retained in no-S2-filter workflow,3.486307766801969,3.730493786604488,0.0,-2.3601768046665224,-2.3373048317372813,0.02287197292924115,-0.022871972929241036,-0.02258988293317854
fluorenyl_orca_238,fluorenyl,homodimer,238,/home/rb1820/BLA-ML/fluorenyl/orca_238/str_238.xyz,1.071175,INCLUDED_NO_FILTER,retained in no-S2-filter workflow,3.462668534873308,3.7129495909809314,0.0,-2.2143782835094483,-2.1928592492170997,0.02151903429234855,-0.021519034292348582,-0.01877082542251296
fluorenyl_orca_239,fluorenyl,homodimer,239,/home/rb1820/BLA-ML/fluorenyl/orca_239/str_239.xyz,1.072,INCLUDED_NO_FILTER,retained in no-S2-filter workflow,3.415734712992129,3.8191517614804296,0.0,-2.6739215762664346,-2.672384518765936,0.0015370575004984152,-0.0015370575004984843,-0.003682162548219736
fluorenyl_orca_240,fluorenyl,homodimer,240,/home/rb1820/BLA-ML/fluorenyl/orca_240/str_240.xyz,1.068794,INCLUDED_NO_FILTER,retained in no-S2-filter workflow,3.4814458183918373,3.841028419000173,0.0,-3.231357551156034,-3.1473454802021212,0.08401207095391308,-0.08401207095391294,-0.06392557789015862
fluorenyl_orca_241,fluorenyl,homodimer,241,/home/rb1820/BLA-ML/fluorenyl/orca_241/str_241.xyz,1.03765,INCLUDED_NO_FILTER,retained in no-S2-filter workflow,3.0111161143184595,3.3495323360333926,5.0,1.1037168142803355,2.0738699331599926,0.9701531188796568,-0.970153118879657,-0.895398408312742
fluorenyl_orca_242,fluorenyl,homodimer,242,/home/rb1820/BLA-ML/fluorenyl/orca_242/str_242.xyz,1.071876,INCLUDED_NO_FILTER,retained in no-S2-filter workflow,3.260709208847033,3.662069646384327,2.0,-2.66372735285633,-2.669245918431522,-0.005518565575191948,0.005518565575191925,0.006009316286073041
fluorenyl_orca_243,fluorenyl,homodimer,243,/home/rb1820/BLA-ML/fluorenyl/orca_243/str_243.xyz,1.07125,INCLUDED_NO_FILTER,retained in no-S2-filter workflow,3.493288969809137,3.796029353062459,0.0,-1.9868295931502575,-2.0044296971526276,-0.017600104002370102,0.01760010400237011,0.015979055518245744
fluorenyl_orca_244,fluorenyl,homodimer,244,/home/rb1820/BLA-ML/fluorenyl/orca_244/str_244.xyz,1.066402,INCLUDED_NO_FILTER,retained in no-S2-filter workflow,3.4804932809764466,3.879769241163368,0.0,-2.6706550625175804,-2.5276565676020337,0.14299849491554661,-0.14299849491554673,-0.1183377837024513
fluorenyl_orca_245,fluorenyl,homodimer,245,/home/rb1820/BLA-ML/fluorenyl/orca_245/str_245.xyz,1.071458,INCLUDED_NO_FILTER,retained in no-S2-filter workflow,3.3737384504679064,3.7682710863913713,1.0,-2.2236389032606283,-2.225542510380147,-0.001903607119518457,0.0019036071195186466,0.006747765562281849
fluorenyl_orca_246,fluorenyl,homodimer,246,/home/rb1820/BLA-ML/fluorenyl/orca_246/str_246.xyz,1.071919,INCLUDED_NO_FILTER,retained in no-S2-filter workflow,3.349266013116296,3.741231367273464,1.0,-1.8768825613125066,-1.8542419047201573,0.02264065659234944,-0.022640656592349373,-0.024191448988937214
fluorenyl_orca_247,fluorenyl,homodimer,247,/home/rb1820/BLA-ML/fluorenyl/orca_247/str_247.xyz,1.072063,INCLUDED_NO_FILTER,retained in no-S2-filter workflow,3.6579037073501737,3.925013645070455,0.0,-2.9253263556941107,-2.924178194076154,0.0011481616179565674,-0.0011481616179565002,-0.0012472541517438707
fluorenyl_orca_248,fluorenyl,homodimer,248,/home/rb1820/BLA-ML/fluorenyl/orca_248/str_248.xyz,1.066621,INCLUDED_NO_FILTER,retained in no-S2-filter workflow,3.491904915349552,3.786055848653562,0.0,-1.7805446926707662,-1.666244066618128,0.11430062605263817,-0.11430062605263824,-0.08989617746851852
fluorenyl_orca_249,fluorenyl,homodimer,249,/home/rb1820/BLA-ML/fluorenyl/orca_249/str_249.xyz,1.071876,INCLUDED_NO_FILTER,retained in no-S2-filter workflow,3.522819574059204,3.821774287650408,0.0,-2.416184631315848,-2.4019874522320634,0.014197179083784693,-0.014197179083784484,-0.005949466155547256
fluorenyl_orca_250,fluorenyl,homodimer,250,/home/rb1820/BLA-ML/fluorenyl/orca_250/str_250.xyz,1.070668,INCLUDED_NO_FILTER,retained in no-S2-filter workflow,3.4576357373461577,3.874275471267605,0.0,-2.5752108934621867,-2.5943132413273347,-0.01910234786514775,0.019102347865147973,0.01978274416297454
fluorenyl_orca_251,fluorenyl,homodimer,251,/home/rb1820/BLA-ML/fluorenyl/orca_251/str_251.xyz,1.069444,INCLUDED_NO_FILTER,retained in no-S2-filter workflow,3.400192068934596,3.776529091466575,0.0,-2.3348689064554504,-2.2830193686851463,0.051849537770304314,-0.0518495377703041,-0.045651967160277085
fluorenyl_orca_252,fluorenyl,homodimer,252,/home/rb1820/BLA-ML/fluorenyl/orca_252/str_252.xyz,1.068813,INCLUDED_NO_FILTER,retained in no-S2-filter workflow,3.4998314752892665,3.844533301544556,0.0,-2.3538121725063306,-2.3762443855826594,-0.022432213076329068,0.02243221307632881,0.055755463639128866
fluorenyl_orca_253,fluorenyl,homodimer,253,/home/rb1820/BLA-ML/fluorenyl/orca_253/str_253.xyz,1.072039,INCLUDED_NO_FILTER,retained in no-S2-filter workflow,3.5952368663719354,3.84848438603875,0.0,-2.370917839799541,-2.3743646847089908,-0.003446844909449895,0.0034468449094497977,0.0035411686914916807
fluorenyl_orca_254,fluorenyl,homodimer,254,/home/rb1820/BLA-ML/fluorenyl/orca_254/str_254.xyz,1.071688,INCLUDED_NO_FILTER,retained in no-S2-filter workflow,3.35231726132281,3.5834239595833006,3.0,-1.9957879567123973,-1.933957806672278,0.061830150040119346,-0.06183015004011927,-0.05649154150189939
fluorenyl_orca_255,fluorenyl,homodimer,255,/home/rb1820/BLA-ML/fluorenyl/orca_255/str_255.xyz,1.072177,INCLUDED_NO_FILTER,retained in no-S2-filter workflow,3.6074556076286735,3.911192320771099,0.0,-2.1569016554885736,-2.151263452102819,0.0056382033857547646,-0.005638203385754714,-0.006732230347737733
fluorenyl_orca_256,fluorenyl,homodimer,256,/home/rb1820/BLA-ML/fluorenyl/orca_256/str_256.xyz,1.070142,INCLUDED_NO_FILTER,retained in no-S2-filter workflow,3.530302516739971,3.8222826113943618,0.0,-3.0188349874662537,-2.9788430092747973,0.03999197819145643,-0.03999197819145639,-0.02835073887196593
fluorenyl_orca_257,fluorenyl,homodimer,257,/home/rb1820/BLA-ML/fluorenyl/orca_257/str_257.xyz,1.070079,INCLUDED_NO_FILTER,retained in no-S2-filter workflow,3.2037924520144228,3.5127219706844834,4.0,-1.3539063626948151,-1.407309060518831,-0.053402697824015785,0.053402697824015855,0.06326309155467957
fluorenyl_orca_258,fluorenyl,homodimer,258,/home/rb1820/BLA-ML/fluorenyl/orca_258/str_258.xyz,1.071936,INCLUDED_NO_FILTER,retained in no-S2-filter workflow,3.674991758561496,3.981780550936004,0.0,-1.9472231881296356,-1.950643658230173,-0.003420470100537439,0.003420470100537365,0.0004109229159450223
fluorenyl_orca_259,fluorenyl,homodimer,259,/home/rb1820/BLA-ML/fluorenyl/orca_259/str_259.xyz,1.058563,INCLUDED_NO_FILTER,retained in no-S2-filter workflow,3.2580807778997163,3.4329051395855084,4.0,-0.5846029264486058,-0.23138512321632929,0.35321780323227653,-0.3532178032322765,-0.3109075733653216
fluorenyl_orca_260,fluorenyl,homodimer,260,/home/rb1820/BLA-ML/fluorenyl/orca_260/str_260.xyz,1.071548,INCLUDED_NO_FILTER,retained in no-S2-filter workflow,3.5437132030038314,3.814091856759032,0.0,-2.1926106958138494,-2.1898966169153185,0.002714078898530755,-0.002714078898530925,0.000851720408704626
fluorenyl_orca_261,fluorenyl,homodimer,261,/home/rb1820/BLA-ML/fluorenyl/orca_261/str_261.xyz,1.0688,INCLUDED_NO_FILTER,retained in no-S2-filter workflow,3.554415304655111,3.84997143232817,0.0,-1.8343793924550598,-1.7749914133332483,0.05938797912181157,-0.059387979121811485,-0.04545062345014128
fluorenyl_orca_262,fluorenyl,homodimer,262,/home/rb1820/BLA-ML/fluorenyl/orca_262/str_262.xyz,1.072549,INCLUDED_NO_FILTER,retained in no-S2-filter workflow,3.418742820886153,3.711336791699017,0.0,-1.9755942801812967,-1.9795050095599251,-0.0039107293786285685,0.003910729378628464,0.001278754684219674
fluorenyl_orca_263,fluorenyl,homodimer,263,/home/rb1820/BLA-ML/fluorenyl/orca_263/str_263.xyz,1.07153,INCLUDED_NO_FILTER,retained in no-S2-filter workflow,3.5279639282291875,3.883779163147977,0.0,-2.058342653660496,-2.061783377849052,-0.003440724188555941,0.0034407241885561213,0.0036566062166394353
fluorenyl_orca_264,fluorenyl,homodimer,264,/home/rb1820/BLA-ML/fluorenyl/orca_264/str_264.xyz,1.071913,INCLUDED_NO_FILTER,retained in no-S2-filter workflow,3.428740226476094,3.777898296474085,0.0,-1.9112062721975684,-1.8930258957894657,0.018180376408102897,-0.018180376408102772,-0.014103975799198087
fluorenyl_orca_265,fluorenyl,homodimer,265,/home/rb1820/BLA-ML/fluorenyl/orca_265/str_265.xyz,1.072191,INCLUDED_NO_FILTER,retained in no-S2-filter workflow,3.604691697502621,3.99034724981032,0.0,-2.141020303731796,-2.144146010010056,-0.00312570627826024,0.003125706278260143,0.004089091275899737
fluorenyl_orca_266,fluorenyl,homodimer,266,/home/rb1820/BLA-ML/fluorenyl/orca_266/str_266.xyz,1.072476,INCLUDED_NO_FILTER,retained in no-S2-filter workflow,3.176458530129015,3.716802022121365,2.0,-1.4211367432314104,-1.3891997595793948,0.031936983652015416,-0.03193698365201558,-0.03144935542471461
fluorenyl_orca_267,fluorenyl,homodimer,267,/home/rb1820/BLA-ML/fluorenyl/orca_267/str_267.xyz,1.070292,INCLUDED_NO_FILTER,retained in no-S2-filter workflow,3.5229406341881115,3.809709279455345,0.0,-1.9866294396487072,-1.9486062158700355,0.03802322377867179,-0.03802322377867173,-0.02612401768963557
fluorenyl_orca_268,fluorenyl,homodimer,268,/home/rb1820/BLA-ML/fluorenyl/orca_268/str_268.xyz,1.070497,INCLUDED_NO_FILTER,retained in no-S2-filter workflow,3.172682756675092,3.531886231128606,2.0,-0.3787890483900835,-0.37343258671592816,0.005356461674155324,-0.005356461674155322,-0.0075373024950678436
fluorenyl_orca_269,fluorenyl,homodimer,269,/home/rb1820/BLA-ML/fluorenyl/orca_269/str_269.xyz,1.069516,INCLUDED_NO_FILTER,retained in no-S2-filter workflow,3.639954424246912,3.902876201825177,0.0,-1.8016682347387807,-1.7556103690286293,0.04605786571015125,-0.04605786571015136,-0.03984794454737495
fluorenyl_orca_270,fluorenyl,homodimer,270,/home/rb1820/BLA-ML/fluorenyl/orca_270/str_270.xyz,1.07143,INCLUDED_NO_FILTER,retained in no-S2-filter workflow,3.5360324381899675,3.756483156182487,0.0,-2.9850852601186695,-2.9969191958850163,-0.011833935766346872,0.011833935766346837,0.008364067611140502
fluorenyl_orca_271,fluorenyl,homodimer,271,/home/rb1820/BLA-ML/fluorenyl/orca_271/str_271.xyz,1.064525,INCLUDED_NO_FILTER,retained in no-S2-filter workflow,3.244081889308528,3.505563364345174,3.0,0.21584740252903714,0.4283796919420886,0.21253228941305144,-0.21253228941305144,-0.21190038722255286
fluorenyl_orca_272,fluorenyl,homodimer,272,/home/rb1820/BLA-ML/fluorenyl/orca_272/str_272.xyz,1.069982,INCLUDED_NO_FILTER,retained in no-S2-filter workflow,3.554517046624781,3.840167913059565,0.0,-2.0165782253600884,-1.9904393056508167,0.026138919709271388,-0.026138919709271624,-0.019435630182772945
fluorenyl_orca_273,fluorenyl,homodimer,273,/home/rb1820/BLA-ML/fluorenyl/orca_273/str_273.xyz,1.070805,INCLUDED_NO_FILTER,retained in no-S2-filter workflow,3.415801489323174,3.805914649209334,0.0,-1.7366222655600436,-1.7424379750595116,-0.005815709499467876,0.005815709499467969,0.008587724890954496
fluorenyl_orca_274,fluorenyl,homodimer,274,/home/rb1820/BLA-ML/fluorenyl/orca_274/str_274.xyz,1.072543,INCLUDED_NO_FILTER,retained in no-S2-filter workflow,3.4423120063254826,3.748752139909792,0.0,-1.8990526210244085,-1.9064521406241162,-0.007399519599707722,0.007399519599707638,0.00939729258016353
fluorenyl_orca_275,fluorenyl,homodimer,275,/home/rb1820/BLA-ML/fluorenyl/orca_275/str_275.xyz,1.071223,INCLUDED_NO_FILTER,retained in no-S2-filter workflow,3.5278356548452368,3.889867385726705,0.0,-1.9768465474877868,-1.9870147191145413,-0.010168171626754558,0.01016817162675454,0.007479080657987636
fluorenyl_orca_276,fluorenyl,homodimer,276,/home/rb1820/BLA-ML/fluorenyl/orca_276/str_276.xyz,1.070131,INCLUDED_NO_FILTER,retained in no-S2-filter workflow,3.5740258928237387,3.860112466016132,0.0,-1.7993491925614438,-1.7776470898806245,0.021702102680819294,-0.02170210268081929,-0.011543110098959364
fluorenyl_orca_277,fluorenyl,homodimer,277,/home/rb1820/BLA-ML/fluorenyl/orca_277/str_277.xyz,1.07131,INCLUDED_NO_FILTER,retained in no-S2-filter workflow,3.6208818325918455,4.025953663041925,0.0,-1.8482841559297791,-1.831488354046584,0.016795801883195235,-0.01679580188319507,-0.016457256402770515
fluorenyl_orca_278,fluorenyl,homodimer,278,/home/rb1820/BLA-ML/fluorenyl/orca_278/str_278.xyz,1.070431,INCLUDED_NO_FILTER,retained in no-S2-filter workflow,3.627483627644587,3.890854893687448,0.0,-2.121012137185872,-2.10175036364974,0.019261773536132034,-0.019261773536131788,-0.013410018904872256
fluorenyl_orca_279,fluorenyl,homodimer,279,/home/rb1820/BLA-ML/fluorenyl/orca_279/str_279.xyz,1.071601,INCLUDED_NO_FILTER,retained in no-S2-filter workflow,3.4076866524890708,3.699731874657308,0.0,-2.271789472886262,-2.271671555714734,0.00011791717152833575,-0.00011791717152842551,-0.00381872173025144
fluorenyl_orca_280,fluorenyl,homodimer,280,/home/rb1820/BLA-ML/fluorenyl/orca_280/str_280.xyz,1.053301,INCLUDED_NO_FILTER,retained in no-S2-filter workflow,3.051245802927005,3.442652570037828,3.0,1.9722745805018214,2.573379008147819,0.6011044276459976,-0.6011044276459976,-0.6126562222066698
fluorenyl_orca_281,fluorenyl,homodimer,281,/home/rb1820/BLA-ML/fluorenyl/orca_281/str_281.xyz,1.071738,INCLUDED_NO_FILTER,retained in no-S2-filter workflow,3.3741851482542984,3.6963748064594575,2.0,-2.255073809664439,-2.2706077119013672,-0.015533902236928495,0.015533902236928299,0.012182655673912635
fluorenyl_orca_282,fluorenyl,homodimer,282,/home/rb1820/BLA-ML/fluorenyl/orca_282/str_282.xyz,1.068472,INCLUDED_NO_FILTER,retained in no-S2-filter workflow,3.2101993961809,3.5028514698035664,3.0,0.06970603774862615,0.14734102414945766,0.07763498640083151,-0.07763498640083151,-0.0912069522919164
fluorenyl_orca_283,fluorenyl,homodimer,283,/home/rb1820/BLA-ML/fluorenyl/orca_283/str_283.xyz,1.061407,INCLUDED_NO_FILTER,retained in no-S2-filter workflow,3.178333619550544,3.771474133766745,1.0,-1.0627991372820986,-0.7205641328427311,0.34223500443936755,-0.3422350044393675,-0.3139425566415114
fluorenyl_orca_284,fluorenyl,homodimer,284,/home/rb1820/BLA-ML/fluorenyl/orca_284/str_284.xyz,1.072009,INCLUDED_NO_FILTER,retained in no-S2-filter workflow,3.504014829098308,3.859811513242781,0.0,-1.6958321486313679,-1.713235075918331,-0.01740292728696309,0.017402927286963132,0.015406203610292435
fluorenyl_orca_285,fluorenyl,homodimer,285,/home/rb1820/BLA-ML/fluorenyl/orca_285/str_285.xyz,1.057022,INCLUDED_NO_FILTER,retained in no-S2-filter workflow,3.1673521443674435,3.440913109831972,2.0,1.7841037092769767,2.1121355606571566,0.32803185138017976,-0.3280318513801799,-0.3264631594567895
fluorenyl_orca_286,fluorenyl,homodimer,286,/home/rb1820/BLA-ML/fluorenyl/orca_286/str_286.xyz,1.072387,INCLUDED_NO_FILTER,retained in no-S2-filter workflow,3.352867027333506,3.9509744888079568,1.0,-1.3067879200241235,-1.3183271704417177,-0.011539250417594194,0.011539250417594182,0.011033044589499497
fluorenyl_orca_287,fluorenyl,homodimer,287,/home/rb1820/BLA-ML/fluorenyl/orca_287/str_287.xyz,1.069791,INCLUDED_NO_FILTER,retained in no-S2-filter workflow,3.112036246985053,3.8126236602290753,1.0,-0.6602608714897841,-0.7684463944967491,-0.10818552300696505,0.10818552300696505,0.10981695628684562
fluorenyl_orca_288,fluorenyl,homodimer,288,/home/rb1820/BLA-ML/fluorenyl/orca_288/str_288.xyz,1.072316,INCLUDED_NO_FILTER,retained in no-S2-filter workflow,3.614697205884244,4.069646059342087,0.0,-1.2942111442438167,-1.2853755579325976,0.008835586311219196,-0.008835586311219057,-0.008459956269192492
fluorenyl_orca_289,fluorenyl,homodimer,289,/home/rb1820/BLA-ML/fluorenyl/orca_289/str_289.xyz,1.072003,INCLUDED_NO_FILTER,retained in no-S2-filter workflow,3.679086498612801,3.8550153494389576,0.0,-1.8464861291589991,-1.8504590328257475,-0.003972903666748482,0.003972903666748406,0.00554121231251492
fluorenyl_orca_290,fluorenyl,homodimer,290,/home/rb1820/BLA-ML/fluorenyl/orca_290/str_290.xyz,1.06962,INCLUDED_NO_FILTER,retained in no-S2-filter workflow,3.0011664278292103,3.3223256779662003,5.0,2.2251666415307128,2.227159695698403,0.001993054167690052,-0.0019930541676904667,0.0051338100960318656
fluorenyl_orca_291,fluorenyl,homodimer,291,/home/rb1820/BLA-ML/fluorenyl/orca_291/str_291.xyz,1.066643,INCLUDED_NO_FILTER,retained in no-S2-filter workflow,3.688183633543227,3.889318986258922,0.0,-1.7174273826421949,-1.5356694919007348,0.18175789074146004,-0.1817578907414601,-0.16309668641826236
fluorenyl_orca_292,fluorenyl,homodimer,292,/home/rb1820/BLA-ML/fluorenyl/orca_292/str_292.xyz,1.072194,INCLUDED_NO_FILTER,retained in no-S2-filter workflow,3.448627209223978,3.797628205293925,0.0,-1.846669368833772,-1.8568302570473576,-0.01016088821358547,0.010160888213585517,0.009697685722153127
fluorenyl_orca_293,fluorenyl,homodimer,293,/home/rb1820/BLA-ML/fluorenyl/orca_293/str_293.xyz,1.071516,INCLUDED_NO_FILTER,retained in no-S2-filter workflow,3.402955316191844,3.696454268627163,0.0,-2.1555520671004618,-2.15618654630603,-0.0006344792055684971,0.0006344792055683612,-0.0024886435225912606
fluorenyl_orca_294,fluorenyl,homodimer,294,/home/rb1820/BLA-ML/fluorenyl/orca_294/str_294.xyz,1.069795,INCLUDED_NO_FILTER,retained in no-S2-filter workflow,3.4394241647746293,3.840286513291295,0.0,-0.9462589367648611,-0.8833555987121128,0.06290333805274831,-0.06290333805274828,-0.06810341379384599
fluorenyl_orca_295,fluorenyl,homodimer,295,/home/rb1820/BLA-ML/fluorenyl/orca_295/str_295.xyz,1.072235,INCLUDED_NO_FILTER,retained in no-S2-filter workflow,3.752974967324848,4.031348825591872,0.0,-1.5057412627571396,-1.4995746919943345,0.006166570762805199,-0.006166570762805135,-0.006640844126285073
fluorenyl_orca_296,fluorenyl,homodimer,296,/home/rb1820/BLA-ML/fluorenyl/orca_296/str_296.xyz,1.072568,INCLUDED_NO_FILTER,retained in no-S2-filter workflow,3.151964822684244,3.736356739104976,1.0,-0.13213708902924617,-0.1053270479722246,0.026810041057021568,-0.026810041057021575,-0.028032570425752038
fluorenyl_orca_297,fluorenyl,homodimer,297,/home/rb1820/BLA-ML/fluorenyl/orca_297/str_297.xyz,1.064262,INCLUDED_NO_FILTER,retained in no-S2-filter workflow,3.0371267516319747,3.5080864808524894,3.0,0.9161317945721194,0.8738997625855078,-0.04223203198661161,0.04223203198661152,0.018082597580870385
fluorenyl_orca_298,fluorenyl,homodimer,298,/home/rb1820/BLA-ML/fluorenyl/orca_298/str_298.xyz,1.071078,INCLUDED_NO_FILTER,retained in no-S2-filter workflow,3.4981440834397577,3.838078576412113,0.0,-1.714560624441583,-1.7262436171682485,-0.011682992726665498,0.011682992726665509,0.015471295458800993
fluorenyl_orca_299,fluorenyl,homodimer,299,/home/rb1820/BLA-ML/fluorenyl/orca_299/str_299.xyz,1.071998,INCLUDED_NO_FILTER,retained in no-S2-filter workflow,3.42721699942444,3.833457731273948,0.0,-1.550578471295232,-1.5690290463875145,-0.018450575092282668,0.01845057509228254,0.010145666950038157
fluorenyl_orca_300,fluorenyl,homodimer,300,/home/rb1820/BLA-ML/fluorenyl/orca_300/str_300.xyz,1.072363,INCLUDED_NO_FILTER,retained in no-S2-filter workflow,3.263600683432137,3.866180390319574,1.0,-0.5236825145564541,-0.5110529030514643,0.012629611504989823,-0.012629611504989757,-0.009194889080128332
fluorenyl_orca_301,fluorenyl,homodimer,301,/home/rb1820/BLA-ML/fluorenyl/orca_301/str_301.xyz,1.071482,INCLUDED_NO_FILTER,retained in no-S2-filter workflow,3.8085957750480857,4.152293203109553,0.0,-0.7341504465459089,-0.7226328634531702,0.011517583092738632,-0.011517583092738648,-0.006629832229669952
fluorenyl_orca_302,fluorenyl,homodimer,302,/home/rb1820/BLA-ML/fluorenyl/orca_302/str_302.xyz,1.072062,INCLUDED_NO_FILTER,retained in no-S2-filter workflow,3.4155558298515003,4.105697925821223,0.0,-1.0221131222609592,-1.0150362153819295,0.00707690687902972,-0.007076906879029732,-0.006442845739448089
fluorenyl_orca_303,fluorenyl,homodimer,303,/home/rb1820/BLA-ML/fluorenyl/orca_303/str_303.xyz,1.071755,INCLUDED_NO_FILTER,retained in no-S2-filter workflow,3.554732907227358,3.8056488510409054,0.0,-1.3373782570464423,-1.3538909768188998,-0.016512719772457402,0.016512719772457496,0.010887947275860954
fluorenyl_orca_304,fluorenyl,homodimer,304,/home/rb1820/BLA-ML/fluorenyl/orca_304/str_304.xyz,1.071762,INCLUDED_NO_FILTER,retained in no-S2-filter workflow,3.4439556022458366,3.962473066608168,0.0,0.07126109158250302,0.10288237324910762,0.0316212816666046,-0.031621281666604606,-0.030897630852086078
fluorenyl_orca_305,fluorenyl,homodimer,305,/home/rb1820/BLA-ML/fluorenyl/orca_305/str_305.xyz,1.071775,INCLUDED_NO_FILTER,retained in no-S2-filter workflow,3.3995215477924967,3.8753855394528025,1.0,-0.5162117513407184,-0.5016041390302287,0.014607612310489668,-0.014607612310489682,-0.012933353769667644
fluorenyl_orca_306,fluorenyl,homodimer,306,/home/rb1820/BLA-ML/fluorenyl/orca_306/str_306.xyz,1.072136,INCLUDED_NO_FILTER,retained in no-S2-filter workflow,3.537274057188529,4.15211070510206,0.0,-1.0275745404906726,-1.029468467615583,-0.0018939271249104903,0.0018939271249103218,0.0012104136981412328
fluorenyl_orca_307,fluorenyl,homodimer,307,/home/rb1820/BLA-ML/fluorenyl/orca_307/str_307.xyz,1.072258,INCLUDED_NO_FILTER,retained in no-S2-filter workflow,3.647570814900425,4.192243286388994,0.0,-0.4769926758710889,-0.4741696501096178,0.002823025761471067,-0.0028230257614710874,-0.003341809759160097
fluorenyl_orca_308,fluorenyl,homodimer,308,/home/rb1820/BLA-ML/fluorenyl/orca_308/str_308.xyz,1.072098,INCLUDED_NO_FILTER,retained in no-S2-filter workflow,3.42616590936742,3.7431354488839377,0.0,-1.6496706151862897,-1.657157826096067,-0.007487210909777505,0.007487210909777442,0.007076040216377866
fluorenyl_orca_309,fluorenyl,homodimer,309,/home/rb1820/BLA-ML/fluorenyl/orca_309/str_309.xyz,1.072293,INCLUDED_NO_FILTER,retained in no-S2-filter workflow,3.5902936881691394,4.065279694765756,0.0,-0.8274876646747641,-0.8308222569170438,-0.0033345922422797734,0.0033345922422797214,0.0018556839520876833
fluorenyl_orca_310,fluorenyl,homodimer,310,/home/rb1820/BLA-ML/fluorenyl/orca_310/str_310.xyz,1.072187,INCLUDED_NO_FILTER,retained in no-S2-filter workflow,3.7782385477175744,4.25998682086302,0.0,-0.57768173351419,-0.577866628552293,-0.00018489503810289762,0.00018489503810292796,0.0015955049963760626
fluorenyl_orca_311,fluorenyl,homodimer,311,/home/rb1820/BLA-ML/fluorenyl/orca_311/str_311.xyz,1.072412,INCLUDED_NO_FILTER,retained in no-S2-filter workflow,3.664583869818483,3.9850422926601055,0.0,-0.7214938031945877,-0.7202626359207105,0.0012311672738771874,-0.0012311672738771762,-0.0018186685496734967
fluorenyl_orca_312,fluorenyl,homodimer,312,/home/rb1820/BLA-ML/fluorenyl/orca_312/str_312.xyz,1.071897,INCLUDED_NO_FILTER,retained in no-S2-filter workflow,3.717618194803776,4.340391065302265,0.0,-0.49833060596728546,-0.4950519963093617,0.0032786096579237225,-0.003278609657923759,-0.0034514403423582807
fluorenyl_orca_313,fluorenyl,homodimer,313,/home/rb1820/BLA-ML/fluorenyl/orca_313/str_313.xyz,1.069354,INCLUDED_NO_FILTER,retained in no-S2-filter workflow,3.3292624113896814,3.674908308758344,1.0,0.5525557546251713,0.5589449036265731,0.006389149001401902,-0.0063891490014018615,0.008693868585144315
fluorenyl_orca_314,fluorenyl,homodimer,314,/home/rb1820/BLA-ML/fluorenyl/orca_314/str_314.xyz,1.072196,INCLUDED_NO_FILTER,retained in no-S2-filter workflow,3.888264383007025,4.360608387689275,0.0,-0.6429253687977687,-0.648608028719277,-0.00568265992150827,0.005682659921508293,0.005214148900043014
fluorenyl_orca_315,fluorenyl,homodimer,315,/home/rb1820/BLA-ML/fluorenyl/orca_315/str_315.xyz,1.072212,INCLUDED_NO_FILTER,retained in no-S2-filter workflow,3.5637129874869142,4.182687869781305,0.0,-0.833669992778614,-0.8330245829958149,0.0006454097827990616,-0.0006454097827990335,-0.0017574256304306868
fluorenyl_orca_316,fluorenyl,homodimer,316,/home/rb1820/BLA-ML/fluorenyl/orca_316/str_316.xyz,1.072151,INCLUDED_NO_FILTER,retained in no-S2-filter workflow,3.5727956680278505,4.270995105011295,0.0,-0.25682023771158524,-0.24951951135681957,0.007300726354765646,-0.007300726354765669,-0.008018101046685905
fluorenyl_orca_317,fluorenyl,homodimer,317,/home/rb1820/BLA-ML/fluorenyl/orca_317/str_317.xyz,1.070823,INCLUDED_NO_FILTER,retained in no-S2-filter workflow,3.413962930887424,3.894494200650283,0.0,0.0016828461137309621,-0.009158507076150728,-0.01084135318988169,0.01084135318988169,0.015731628494905642
fluorenyl_orca_318,fluorenyl,homodimer,318,/home/rb1820/BLA-ML/fluorenyl/orca_318/str_318.xyz,1.064142,INCLUDED_NO_FILTER,retained in no-S2-filter workflow,3.3775939901740086,3.582527501392432,2.0,0.14972060665345474,0.34799109103901643,0.19827048438556166,-0.1982704843855617,-0.1811073430694606
fluorenyl_orca_319,fluorenyl,homodimer,319,/home/rb1820/BLA-ML/fluorenyl/orca_319/str_319.xyz,1.072275,INCLUDED_NO_FILTER,retained in no-S2-filter workflow,3.750415516382563,4.224409693844601,0.0,-0.5186774801537666,-0.5237064672443624,-0.005028987090595825,0.005028987090595849,0.00375070787796139
fluorenyl_orca_320,fluorenyl,homodimer,320,/home/rb1820/BLA-ML/fluorenyl/orca_320/str_320.xyz,1.07214,INCLUDED_NO_FILTER,retained in no-S2-filter workflow,3.5494279372522817,4.000262175816849,0.0,-0.9609540120274641,-0.9670890717464978,-0.006135059719033692,0.00613505971903372,0.006592660694018093
fluorenyl_orca_321,fluorenyl,homodimer,321,/home/rb1820/BLA-ML/fluorenyl/orca_321/str_321.xyz,1.071473,INCLUDED_NO_FILTER,retained in no-S2-filter workflow,3.504049144636624,3.803475120281609,0.0,-1.0989039176653665,-1.0673176861271498,0.03158623153821675,-0.031586231538216714,-0.024666993314527152
fluorenyl_orca_322,fluorenyl,homodimer,322,/home/rb1820/BLA-ML/fluorenyl/orca_322/str_322.xyz,1.071669,INCLUDED_NO_FILTER,retained in no-S2-filter workflow,3.622176599446314,4.275209632372631,0.0,-0.27330624317012725,-0.28017327888570687,-0.006867035715579606,0.006867035715579617,0.005844804783496971
fluorenyl_orca_323,fluorenyl,homodimer,323,/home/rb1820/BLA-ML/fluorenyl/orca_323/str_323.xyz,1.072268,INCLUDED_NO_FILTER,retained in no-S2-filter workflow,3.604532194416333,4.177806071430328,0.0,-0.4847384897176859,-0.48418311867343333,0.0005553710442525764,-0.0005553710442525728,0.00013114949063103287
fluorenyl_orca_324,fluorenyl,homodimer,324,/home/rb1820/BLA-ML/fluorenyl/orca_324/str_324.xyz,1.072161,INCLUDED_NO_FILTER,retained in no-S2-filter workflow,3.645729548354727,4.22026619953241,0.0,-0.2134719246897495,-0.20829536685217923,0.005176557837570249,-0.0051765578375702614,-0.00463610659920205
fluorenyl_orca_325,fluorenyl,homodimer,325,/home/rb1820/BLA-ML/fluorenyl/orca_325/str_325.xyz,1.056326,INCLUDED_NO_FILTER,retained in no-S2-filter workflow,3.1865096593595914,3.548128145078305,3.0,1.9238986809991234,2.3490913483783054,0.4251926673791818,-0.42519266737918193,-0.3999053850166965
fluorenyl_orca_326,fluorenyl,homodimer,326,/home/rb1820/BLA-ML/fluorenyl/orca_326/str_326.xyz,1.072391,INCLUDED_NO_FILTER,retained in no-S2-filter workflow,3.994516145971572,4.393155538782395,0.0,-0.0033447980808416003,-0.0008254328991414092,0.0025193651817001913,-0.0025193651817001913,-0.0025193651817001913
fluorenyl_orca_327,fluorenyl,homodimer,327,/home/rb1820/BLA-ML/fluorenyl/orca_327/str_327.xyz,1.072148,INCLUDED_NO_FILTER,retained in no-S2-filter workflow,3.5479499561146213,4.001015246496001,0.0,-0.9220707664315686,-0.9326278785280948,-0.010557112096526248,0.010557112096526211,0.010181772004167033
fluorenyl_orca_328,fluorenyl,homodimer,328,/home/rb1820/BLA-ML/fluorenyl/orca_328/str_328.xyz,1.072273,INCLUDED_NO_FILTER,retained in no-S2-filter workflow,3.543450531976504,4.140314232590098,0.0,-0.41601945529195017,-0.4189892436657722,-0.0029697883738220585,0.0029697883738220576,0.0007573171063344764
fluorenyl_orca_329,fluorenyl,homodimer,329,/home/rb1820/BLA-ML/fluorenyl/orca_329/str_329.xyz,1.070895,INCLUDED_NO_FILTER,retained in no-S2-filter workflow,3.577270873630192,3.864526692286398,0.0,-0.5725787587310929,-0.5622392286065362,0.010339530124556677,-0.010339530124556684,-0.009549608405452603
fluorenyl_orca_330,fluorenyl,homodimer,330,/home/rb1820/BLA-ML/fluorenyl/orca_330/str_330.xyz,1.072156,INCLUDED_NO_FILTER,retained in no-S2-filter workflow,3.687877432398119,4.444533689213255,0.0,-0.14662547644259113,-0.14198951800703627,0.004635958435554849,-0.0046359584355548655,-0.004096282200745094
fluorenyl_orca_331,fluorenyl,homodimer,331,/home/rb1820/BLA-ML/fluorenyl/orca_331/str_331.xyz,1.072087,INCLUDED_NO_FILTER,retained in no-S2-filter workflow,3.8853115210359466,4.519350268205034,0.0,-0.4860813894506052,-0.4841523431406053,0.0019290463099999164,-0.0019290463099999045,-0.00173012297541153
fluorenyl_orca_332,fluorenyl,homodimer,332,/home/rb1820/BLA-ML/fluorenyl/orca_332/str_332.xyz,1.07234,INCLUDED_NO_FILTER,retained in no-S2-filter workflow,3.5771499332866186,4.244646399551948,0.0,-0.40448397438577616,-0.40418807162729986,0.00029590275847627307,-0.0002959027584762963,-0.0018125135747448229
fluorenyl_orca_333,fluorenyl,homodimer,333,/home/rb1820/BLA-ML/fluorenyl/orca_333/str_333.xyz,1.07212,INCLUDED_NO_FILTER,retained in no-S2-filter workflow,3.823701782602596,4.53848574969314,0.0,-0.4528521172086126,-0.485229294957489,-0.03237717774887637,0.032377177748876385,0.03236398198578372
fluorenyl_orca_334,fluorenyl,homodimer,334,/home/rb1820/BLA-ML/fluorenyl/orca_334/str_334.xyz,1.071668,INCLUDED_NO_FILTER,retained in no-S2-filter workflow,3.453784490720763,4.003375582484017,0.0,0.3199191083167227,0.3684087495573884,0.04848964124066569,-0.04848964124066568,-0.04766658335806784
fluorenyl_orca_335,fluorenyl,homodimer,335,/home/rb1820/BLA-ML/fluorenyl/orca_335/str_335.xyz,1.071965,INCLUDED_NO_FILTER,retained in no-S2-filter workflow,3.580765723782701,4.166767351579484,0.0,-0.13061918877091214,-0.11405944345352712,0.016559745317385032,-0.016559745317385022,-0.0128472270045078
fluorenyl_orca_336,fluorenyl,homodimer,336,/home/rb1820/BLA-ML/fluorenyl/orca_336/str_336.xyz,1.072458,INCLUDED_NO_FILTER,retained in no-S2-filter workflow,3.832201934845009,4.219036431879502,0.0,0.29074006213073467,0.28902087186019654,-0.0017191902705381648,0.001719190270538129,0.002453239709719557
fluorenyl_orca_337,fluorenyl,homodimer,337,/home/rb1820/BLA-ML/fluorenyl/orca_337/str_337.xyz,1.072076,INCLUDED_NO_FILTER,retained in no-S2-filter workflow,3.641707485453901,4.211412538849434,0.0,-0.06758192830059284,-0.06233257371326521,0.00524935458732763,-0.005249354587327629,-0.005997245613514182
fluorenyl_orca_338,fluorenyl,homodimer,338,/home/rb1820/BLA-ML/fluorenyl/orca_338/str_338.xyz,1.072242,INCLUDED_NO_FILTER,retained in no-S2-filter workflow,3.9183468155921215,4.641620776698625,0.0,-0.07164801207241396,-0.0740004710587351,-0.002352458986321138,0.0023524589863211376,0.002594162023695501
fluorenyl_orca_339,fluorenyl,homodimer,339,/home/rb1820/BLA-ML/fluorenyl/orca_339/str_339.xyz,1.072329,INCLUDED_NO_FILTER,retained in no-S2-filter workflow,3.578257463977133,4.246164476901309,0.0,-0.3583003777525809,-0.34405598107775215,0.014244396674828696,-0.014244396674828741,-0.01391251845622038
fluorenyl_orca_340,fluorenyl,homodimer,340,/home/rb1820/BLA-ML/fluorenyl/orca_340/str_340.xyz,1.072159,INCLUDED_NO_FILTER,retained in no-S2-filter workflow,3.913339575084366,4.526145657801368,0.0,0.26423727160321214,0.2669449631135447,0.0027076915103325643,-0.002707691510332566,-0.002707691510332566
fluorenyl_orca_341,fluorenyl,homodimer,341,/home/rb1820/BLA-ML/fluorenyl/orca_341/str_341.xyz,1.072104,INCLUDED_NO_FILTER,retained in no-S2-filter workflow,3.618225846501506,4.163602247561055,0.0,0.1595195699068389,0.1644388632805597,0.004919293373720774,-0.0049192933737207956,-0.00424202149882405
fluorenyl_orca_342,fluorenyl,homodimer,342,/home/rb1820/BLA-ML/fluorenyl/orca_342/str_342.xyz,1.072316,INCLUDED_NO_FILTER,retained in no-S2-filter workflow,3.973064502609309,4.545948122461847,0.0,0.2564722460110209,0.2651559467441897,0.008683700733168754,-0.008683700733168764,-0.009075073583470872
fluorenyl_orca_343,fluorenyl,homodimer,343,/home/rb1820/BLA-ML/fluorenyl/orca_343/str_343.xyz,1.071944,INCLUDED_NO_FILTER,retained in no-S2-filter workflow,3.879094085182975,4.635204195218355,0.0,0.12777596649245374,0.12177877248559824,-0.0059971940068555135,0.0059971940068555,0.005924869685558845
fluorenyl_orca_344,fluorenyl,homodimer,344,/home/rb1820/BLA-ML/fluorenyl/orca_344/str_344.xyz,1.071993,INCLUDED_NO_FILTER,retained in no-S2-filter workflow,3.355183792619336,3.78335802587073,1.0,-0.952876624069047,-0.9489386362696199,0.003937987799427133,-0.003937987799427112,-0.0078019237453185175
fluorenyl_orca_345,fluorenyl,homodimer,345,/home/rb1820/BLA-ML/fluorenyl/orca_345/str_345.xyz,1.072035,INCLUDED_NO_FILTER,retained in no-S2-filter workflow,3.9166477037300456,4.563688432397287,0.0,0.35665597275091143,0.3583668264935814,0.001710853742670002,-0.0017108537426699932,-0.001342212560985212
fluorenyl_orca_346,fluorenyl,homodimer,346,/home/rb1820/BLA-ML/fluorenyl/orca_346/str_346.xyz,1.071908,INCLUDED_NO_FILTER,retained in no-S2-filter workflow,4.136241681010847,4.643812556072054,0.0,0.7479109868828704,0.749243603017099,0.0013326161342286297,-0.001332616134228637,-0.0013076614107960793
fluorenyl_orca_347,fluorenyl,homodimer,347,/home/rb1820/BLA-ML/fluorenyl/orca_347/str_347.xyz,1.071942,INCLUDED_NO_FILTER,retained in no-S2-filter workflow,3.9345404745150048,4.569235150519537,0.0,0.5384747256318219,0.5380073917518635,-0.0004673338799583571,0.00046733387995834264,-1.7958962762465447e-05
fluorenyl_orca_348,fluorenyl,homodimer,348,/home/rb1820/BLA-ML/fluorenyl/orca_348/str_348.xyz,1.072027,INCLUDED_NO_FILTER,retained in no-S2-filter workflow,3.8366308369220494,4.5908610899142985,0.0,0.20946258583690536,0.214425719586533,0.004963133749627652,-0.004963133749627646,-0.0037759014977907235
fluorenyl_orca_349,fluorenyl,homodimer,349,/home/rb1820/BLA-ML/fluorenyl/orca_349/str_349.xyz,1.072183,INCLUDED_NO_FILTER,retained in no-S2-filter workflow,3.695063141767474,4.5276709061293205,0.0,-0.2183536064165629,-0.2159139305282975,0.0024396758882654066,-0.002439675888265408,-0.0023038930400078594
fluorenyl_orca_350,fluorenyl,homodimer,350,/home/rb1820/BLA-ML/fluorenyl/orca_350/str_350.xyz,1.072041,INCLUDED_NO_FILTER,retained in no-S2-filter workflow,3.9831770384886025,4.627043915315124,0.0,0.4127950881749856,0.4126307848750754,-0.0001643032999102514,0.00016430329991024006,-0.0011475455289319259
fluorenyl_orca_351,fluorenyl,homodimer,351,/home/rb1820/BLA-ML/fluorenyl/orca_351/str_351.xyz,1.072173,INCLUDED_NO_FILTER,retained in no-S2-filter workflow,4.211725288018105,4.754528524238055,0.0,0.08355231854383786,0.0885520944356472,0.004999775891809332,-0.004999775891809333,-0.004750069872733187
fluorenyl_orca_352,fluorenyl,homodimer,352,/home/rb1820/BLA-ML/fluorenyl/orca_352/str_352.xyz,1.071931,INCLUDED_NO_FILTER,retained in no-S2-filter workflow,4.030096692210514,4.8248144625480665,0.0,0.6629268291389662,0.6596699997364338,-0.003256829402532418,0.0032568294025323574,0.004291958745816116
fluorenyl_orca_353,fluorenyl,homodimer,353,/home/rb1820/BLA-ML/fluorenyl/orca_353/str_353.xyz,1.072172,INCLUDED_NO_FILTER,retained in no-S2-filter workflow,4.16082932779695,4.765303480949523,0.0,0.8965034156294254,0.8930296599368905,-0.0034737556925348305,0.00347375569253483,0.0036543295191364678
fluorenyl_orca_354,fluorenyl,homodimer,354,/home/rb1820/BLA-ML/fluorenyl/orca_354/str_354.xyz,1.072139,INCLUDED_NO_FILTER,retained in no-S2-filter workflow,3.9797163253058816,4.515184846115086,0.0,0.4374755754335217,0.4476729551914614,0.010197379757939638,-0.010197379757939662,-0.008948714740168895
fluorenyl_orca_355,fluorenyl,homodimer,355,/home/rb1820/BLA-ML/fluorenyl/orca_355/str_355.xyz,1.07212,INCLUDED_NO_FILTER,retained in no-S2-filter workflow,4.057658510507656,4.700746053004442,0.0,0.973799847484412,0.9748433782119372,0.0010435307275253561,-0.001043530727525277,-0.0013704339952199662
fluorenyl_orca_356,fluorenyl,homodimer,356,/home/rb1820/BLA-ML/fluorenyl/orca_356/str_356.xyz,1.07208,INCLUDED_NO_FILTER,retained in no-S2-filter workflow,4.0234976449746505,4.771610249178934,0.0,0.7046661369940814,0.7051266266272498,0.00046048963316831716,-0.00046048963316835945,-0.0009307418689250557
fluorenyl_orca_357,fluorenyl,homodimer,357,/home/rb1820/BLA-ML/fluorenyl/orca_357/str_357.xyz,1.071718,INCLUDED_NO_FILTER,retained in no-S2-filter workflow,3.404198412296308,3.863061218539346,0.0,-0.21637319461903148,-0.21173627045974805,0.004636924159283434,-0.004636924159283434,-0.00496479980925682
fluorenyl_orca_358,fluorenyl,homodimer,358,/home/rb1820/BLA-ML/fluorenyl/orca_358/str_358.xyz,1.07223,INCLUDED_NO_FILTER,retained in no-S2-filter workflow,3.968024837402053,4.646648731121725,0.0,0.5535646355106234,0.5533204533680469,-0.00024418214257653853,0.00024418214257648785,2.1594020066739716e-05
fluorenyl_orca_359,fluorenyl,homodimer,359,/home/rb1820/BLA-ML/fluorenyl/orca_359/str_359.xyz,1.072444,INCLUDED_NO_FILTER,retained in no-S2-filter workflow,3.8187512724667823,4.203507692184701,0.0,0.3745420353467305,0.37224528728369144,-0.0022967480630390657,0.0022967480630390336,0.0021772630161321915
fluorenyl_orca_360,fluorenyl,homodimer,360,/home/rb1820/BLA-ML/fluorenyl/orca_360/str_360.xyz,1.070935,INCLUDED_NO_FILTER,retained in no-S2-filter workflow,3.491818375630499,4.014209070657258,0.0,-0.3338943605635038,-0.3374486213174306,-0.0035542607539267974,0.0035542607539267856,0.004018585936191921
fluorenyl_orca_361,fluorenyl,homodimer,361,/home/rb1820/BLA-ML/fluorenyl/orca_361/str_361.xyz,1.072119,INCLUDED_NO_FILTER,retained in no-S2-filter workflow,4.879253211690418,5.696026257938148,0.0,1.006748628026711,1.0104018319100119,0.0036532038833007085,-0.003653203883300815,-0.003290952378450007
fluorenyl_orca_362,fluorenyl,homodimer,362,/home/rb1820/BLA-ML/fluorenyl/orca_362/str_362.xyz,1.07237,INCLUDED_NO_FILTER,retained in no-S2-filter workflow,4.979988570388239,5.284054232440347,0.0,0.5303404389463197,0.5326427982230598,0.0023023592767401737,-0.0023023592767401624,-0.0023023592767401624
fluorenyl_orca_363,fluorenyl,homodimer,363,/home/rb1820/BLA-ML/fluorenyl/orca_363/str_363.xyz,1.072288,INCLUDED_NO_FILTER,retained in no-S2-filter workflow,3.88037402154276,4.561121486564933,0.0,1.0415562917720753,1.0521211103254073,0.010564818553332073,-0.010564818553332023,-0.012131959834354444
fluorenyl_orca_364,fluorenyl,homodimer,364,/home/rb1820/BLA-ML/fluorenyl/orca_364/str_364.xyz,1.072063,INCLUDED_NO_FILTER,retained in no-S2-filter workflow,5.342950085212336,6.161963105218826,0.0,1.2094516492093392,1.2115251751941827,0.002073525984843449,-0.0020735259848434495,-0.0018986262081476246
fluorenyl_orca_365,fluorenyl,homodimer,365,/home/rb1820/BLA-ML/fluorenyl/orca_365/str_365.xyz,1.07225,INCLUDED_NO_FILTER,retained in no-S2-filter workflow,6.050938681990701,6.568321301337575,0.0,1.2011808860784012,1.1977154154779062,-0.0034654706004950127,0.0034654706004950686,0.0032004198803445294
fluorenyl_orca_366,fluorenyl,homodimer,366,/home/rb1820/BLA-ML/fluorenyl/orca_366/str_366.xyz,1.072241,INCLUDED_NO_FILTER,retained in no-S2-filter workflow,6.347646226991733,6.9480934141105495,0.0,1.2431747425713613,1.2401595086813582,-0.003015233890003235,0.003015233890003133,0.0029784356793218225
CPBP_orca_0,CPBP,homodimer,0,/home/rb1820/BLA-ML/CPBP/orca_0/str_0.xyz,0.308567,INCLUDED_NO_FILTER,retained in no-S2-filter workflow,2.8958869147670265,2.9503739844939862,66.0,-12.564703087700506,-0.13363842245646024,12.431064665244046,-12.431064665244046,-13.192966333841651
CPBP_orca_1,CPBP,homodimer,1,/home/rb1820/BLA-ML/CPBP/orca_1/str_1.xyz,0.284106,INCLUDED_NO_FILTER,retained in no-S2-filter workflow,2.877966139048916,2.9485879678719096,67.0,-12.719160694300935,-0.0695557261354589,12.649604968165477,-12.649604968165477,-13.441872974726845
CPBP_orca_2,CPBP,homodimer,2,/home/rb1820/BLA-ML/CPBP/orca_2/str_2.xyz,0.436221,INCLUDED_NO_FILTER,retained in no-S2-filter workflow,2.911687840062565,2.971395282913626,61.0,-12.406274495611626,-1.1628970408098405,11.243377454801786,-11.243377454801786,-11.7407074325875
CPBP_orca_3,CPBP,homodimer,3,/home/rb1820/BLA-ML/CPBP/orca_3/str_3.xyz,0.195611,INCLUDED_NO_FILTER,retained in no-S2-filter workflow,2.84995203543601,2.9439909512391376,68.0,-13.555538864911716,-0.3342059423321794,13.221332922579537,-13.221332922579537,-14.290890282050585
CPBP_orca_4,CPBP,homodimer,4,/home/rb1820/BLA-ML/CPBP/orca_4/str_4.xyz,0.501871,INCLUDED_NO_FILTER,retained in no-S2-filter workflow,2.933940752852072,2.967809543155937,59.0,-10.938332743881416,-0.2596799873703826,10.678652756511033,-10.678652756511033,-11.001578239487154
CPBP_orca_5,CPBP,homodimer,5,/home/rb1820/BLA-ML/CPBP/orca_5/str_5.xyz,0.540199,INCLUDED_NO_FILTER,retained in no-S2-filter workflow,2.916103569011432,2.97245132872663,61.0,-10.967870632801581,-0.6904818577449554,10.277388775056625,-10.277388775056625,-10.58576589291583
CPBP_orca_6,CPBP,homodimer,6,/home/rb1820/BLA-ML/CPBP/orca_6/str_6.xyz,0.806734,INCLUDED_NO_FILTER,retained in no-S2-filter workflow,3.0655577325972767,3.0971941116046056,36.0,-1.243269475382126,12.678086078957083,13.92135555433921,-13.92135555433921,-14.218569158364263
CPBP_orca_7,CPBP,homodimer,7,/home/rb1820/BLA-ML/CPBP/orca_7/str_7.xyz,0.320862,INCLUDED_NO_FILTER,retained in no-S2-filter workflow,2.898903443799848,2.950759356400129,63.0,-12.334908935721566,0.03905738120039092,12.373966316921958,-12.373966316921956,-13.10310748982007
CPBP_orca_8,CPBP,homodimer,8,/home/rb1820/BLA-ML/CPBP/orca_8/str_8.xyz,0.12119,INCLUDED_NO_FILTER,retained in no-S2-filter workflow,2.836025202734536,2.938880589488881,67.0,-13.731755493679863,0.004260745410767229,13.736016239090631,-13.73601623909063,-14.955165479859984
CPBP_orca_9,CPBP,homodimer,9,/home/rb1820/BLA-ML/CPBP/orca_9/str_9.xyz,0.803485,INCLUDED_NO_FILTER,retained in no-S2-filter workflow,3.042267706133289,3.0797337107161704,41.0,-1.3121991400243127,12.479767674214395,13.791966814238709,-13.791966814238709,-14.026506153530594
CPBP_orca_10,CPBP,homodimer,10,/home/rb1820/BLA-ML/CPBP/orca_10/str_10.xyz,0.586479,INCLUDED_NO_FILTER,retained in no-S2-filter workflow,2.949758667967168,2.9749401649472125,59.0,-11.649977622797158,-2.0375621084532103,9.612415514343947,-9.612415514343947,-10.027538196161938
CPBP_orca_11,CPBP,homodimer,11,/home/rb1820/BLA-ML/CPBP/orca_11/str_11.xyz,0.800224,INCLUDED_NO_FILTER,retained in no-S2-filter workflow,3.0542829928530613,3.089488364484115,49.0,-1.3435905382092437,12.379704091011265,13.723294629220508,-13.723294629220508,-14.186943594629483
CPBP_orca_12,CPBP,homodimer,12,/home/rb1820/BLA-ML/CPBP/orca_12/str_12.xyz,0.327351,INCLUDED_NO_FILTER,retained in no-S2-filter workflow,2.8880017778213247,2.9509587542572127,64.0,-11.694601072022678,0.7639218840893798,12.45852295611206,-12.458522956112057,-13.151232099180598
CPBP_orca_13,CPBP,homodimer,13,/home/rb1820/BLA-ML/CPBP/orca_13/str_13.xyz,0.821087,INCLUDED_NO_FILTER,retained in no-S2-filter workflow,3.034533600802689,3.07125747233718,56.0,-1.8494381610430695,10.918795017839606,12.768233178882676,-12.768233178882676,-13.053205361302298
CPBP_orca_14,CPBP,homodimer,14,/home/rb1820/BLA-ML/CPBP/orca_14/str_14.xyz,0.673701,INCLUDED_NO_FILTER,retained in no-S2-filter workflow,2.883430832830712,2.987820829408278,62.0,-10.484951181212205,-1.734507942117216,8.75044323909499,-8.750443239094988,-8.964008105124464
CPBP_orca_15,CPBP,homodimer,15,/home/rb1820/BLA-ML/CPBP/orca_15/str_15.xyz,0.177386,INCLUDED_NO_FILTER,retained in no-S2-filter workflow,2.8370547480386024,2.9523425497641727,68.0,-14.269018272201471,-0.9869460380735986,13.282072234127872,-13.282072234127872,-14.473896314616598
CPBP_orca_16,CPBP,homodimer,16,/home/rb1820/BLA-ML/CPBP/orca_16/str_16.xyz,0.888323,INCLUDED_NO_FILTER,retained in no-S2-filter workflow,3.0271907535077114,3.083998476890628,54.0,-3.786204460394096,7.036656000558125,10.82286046095222,-10.82286046095222,-11.181581315441143
CPBP_orca_17,CPBP,homodimer,17,/home/rb1820/BLA-ML/CPBP/orca_17/str_17.xyz,0.330063,INCLUDED_NO_FILTER,retained in no-S2-filter workflow,2.8951388002510496,2.9546571082628583,64.0,-11.88225687863101,0.5223655347000238,12.404622413331035,-12.404622413331033,-13.086564162161004
CPBP_orca_18,CPBP,homodimer,18,/home/rb1820/BLA-ML/CPBP/orca_18/str_18.xyz,0.918573,INCLUDED_NO_FILTER,retained in no-S2-filter workflow,3.0141001128511684,3.0601713767171885,56.0,-3.191582063227142,6.384326408384225,9.575908471611367,-9.575908471611367,-10.098020198815593
CPBP_orca_19,CPBP,homodimer,19,/home/rb1820/BLA-ML/CPBP/orca_19/str_19.xyz,0.726032,INCLUDED_NO_FILTER,retained in no-S2-filter workflow,2.809794351740112,2.977273052342432,61.0,-9.519953862353413,-1.4439710103455148,8.075982852007897,-8.075982852007899,-8.250866111557945
CPBP_orca_20,CPBP,homodimer,20,/home/rb1820/BLA-ML/CPBP/orca_20/str_20.xyz,0.889565,INCLUDED_NO_FILTER,retained in no-S2-filter workflow,3.0108813975088893,3.0656631814419284,57.0,-3.19295523833118,6.761199188450985,9.954154426782166,-9.954154426782164,-10.15788867725336
CPBP_orca_21,CPBP,homodimer,21,/home/rb1820/BLA-ML/CPBP/orca_21/str_21.xyz,0.920754,INCLUDED_NO_FILTER,retained in no-S2-filter workflow,2.996710039895475,3.0546990755338714,58.0,-3.6096381630175043,5.8123477852773915,9.421985948294896,-9.421985948294896,-9.618604083751098
CPBP_orca_22,CPBP,homodimer,22,/home/rb1820/BLA-ML/CPBP/orca_22/str_22.xyz,0.868138,INCLUDED_NO_FILTER,retained in no-S2-filter workflow,3.0137594012230737,3.074236915692066,58.0,-2.9686092471933816,8.036172224847498,11.004781472040879,-11.004781472040879,-11.18590913039581
CPBP_orca_23,CPBP,homodimer,23,/home/rb1820/BLA-ML/CPBP/orca_23/str_23.xyz,1.027659,INCLUDED_NO_FILTER,retained in no-S2-filter workflow,2.9572606883382533,3.0552956608771686,48.0,-6.688535818573763,0.2455450487778367,6.9340808673516,-6.9340808673516,-7.157322876256362
CPBP_orca_24,CPBP,homodimer,24,/home/rb1820/BLA-ML/CPBP/orca_24/str_24.xyz,1.093794,INCLUDED_NO_FILTER,retained in no-S2-filter workflow,2.942230589549172,3.056509942667026,47.0,-7.764420359283484,-2.2576235801266105,5.506796779156874,-5.506796779156874,-5.694690267586152
CPBP_orca_25,CPBP,homodimer,25,/home/rb1820/BLA-ML/CPBP/orca_25/str_25.xyz,0.401435,INCLUDED_NO_FILTER,retained in no-S2-filter workflow,2.839749865799807,2.9296826881758493,50.0,-15.81470687391368,-3.7086044506418974,12.106102423271784,-12.106102423271782,-12.710085097776375
CPBP_orca_26,CPBP,homodimer,26,/home/rb1820/BLA-ML/CPBP/orca_26/str_26.xyz,1.101338,INCLUDED_NO_FILTER,retained in no-S2-filter workflow,2.933776727224534,3.049358990008404,46.0,-7.673203289401823,-2.299936404102356,5.373266885299468,-5.373266885299468,-5.553069350739036
CPBP_orca_27,CPBP,homodimer,27,/home/rb1820/BLA-ML/CPBP/orca_27/str_27.xyz,0.325813,INCLUDED_NO_FILTER,retained in no-S2-filter workflow,2.817375865483329,2.9134181068729075,50.0,-15.160421430728633,-2.1281595899086176,13.032261840820015,-13.032261840820015,-13.616521216598407
CPBP_orca_28,CPBP,homodimer,28,/home/rb1820/BLA-ML/CPBP/orca_28/str_28.xyz,0.378888,INCLUDED_NO_FILTER,retained in no-S2-filter workflow,2.8100425171699293,2.932142464132011,48.0,-15.884743326292131,-3.435978360622816,12.448764965669316,-12.448764965669316,-13.05217890339263
CPBP_orca_29,CPBP,homodimer,29,/home/rb1820/BLA-ML/CPBP/orca_29/str_29.xyz,0.518096,INCLUDED_NO_FILTER,retained in no-S2-filter workflow,2.8338583507433097,2.951784435592637,49.0,-16.06565007877604,-5.485743464829443,10.5799066139466,-10.579906613946598,-11.238708809659784
CPBP_orca_30,CPBP,homodimer,30,/home/rb1820/BLA-ML/CPBP/orca_30/str_30.xyz,0.412514,INCLUDED_NO_FILTER,retained in no-S2-filter workflow,2.808878979246248,2.930601436621336,46.0,-15.837874887643462,-3.9067225010621516,11.93115238658131,-11.93115238658131,-12.61769177173285
CPBP_orca_31,CPBP,homodimer,31,/home/rb1820/BLA-ML/CPBP/orca_31/str_31.xyz,0.406512,INCLUDED_NO_FILTER,retained in no-S2-filter workflow,2.7939267378197945,2.920620154640625,45.0,-15.424954722515249,-3.487638522802125,11.937316199713123,-11.937316199713123,-12.682044307618341
CPBP_orca_32,CPBP,homodimer,32,/home/rb1820/BLA-ML/CPBP/orca_32/str_32.xyz,1.129639,INCLUDED_NO_FILTER,retained in no-S2-filter workflow,2.927437304993565,3.0463984224579748,44.0,-7.881452650222838,-3.0698841514306814,4.811568498792156,-4.811568498792156,-4.973270746856035
CPBP_orca_33,CPBP,homodimer,33,/home/rb1820/BLA-ML/CPBP/orca_33/str_33.xyz,0.394284,INCLUDED_NO_FILTER,retained in no-S2-filter workflow,2.842938370992739,2.930196429440158,50.0,-15.64539701650097,-3.4203215995225014,12.22507541697847,-12.22507541697847,-12.812074917946429
CPBP_orca_34,CPBP,homodimer,34,/home/rb1820/BLA-ML/CPBP/orca_34/str_34.xyz,0.39169,INCLUDED_NO_FILTER,retained in no-S2-filter workflow,2.817701877305035,2.9417416929854725,50.0,-15.840025107872668,-3.4417275564622765,12.39829755141039,-12.39829755141039,-12.86738810075092
CPBP_orca_35,CPBP,homodimer,35,/home/rb1820/BLA-ML/CPBP/orca_35/str_35.xyz,1.225141,INCLUDED_NO_FILTER,retained in no-S2-filter workflow,2.926411762836706,3.051824488219003,40.0,-9.931070501286246,-6.595091596158397,3.3359789051278477,-3.335978905127849,-3.493813693053781
CPBP_orca_36,CPBP,homodimer,36,/home/rb1820/BLA-ML/CPBP/orca_36/str_36.xyz,0.884098,INCLUDED_NO_FILTER,retained in no-S2-filter workflow,3.014167613734162,3.068370478405324,49.0,-5.869341543229923,1.6187289481283336,7.488070491358257,-7.488070491358256,-7.318677222406004
CPBP_orca_37,CPBP,homodimer,37,/home/rb1820/BLA-ML/CPBP/orca_37/str_37.xyz,0.402824,INCLUDED_NO_FILTER,retained in no-S2-filter workflow,2.832222007139754,2.9358998196864983,52.0,-15.699616687706845,-3.5317261011548604,12.167890586551984,-12.167890586551984,-12.708730170910172
CPBP_orca_38,CPBP,homodimer,38,/home/rb1820/BLA-ML/CPBP/orca_38/str_38.xyz,0.943641,INCLUDED_NO_FILTER,retained in no-S2-filter workflow,3.053881835184022,3.092240662280428,47.0,-6.995628620568869,-0.7933063515619402,6.202322269006929,-6.202322269006929,-6.214138637323556
CPBP_orca_39,CPBP,homodimer,39,/home/rb1820/BLA-ML/CPBP/orca_39/str_39.xyz,0.487392,INCLUDED_NO_FILTER,retained in no-S2-filter workflow,2.808031758888752,2.972068346557621,43.0,-15.60373838321006,-4.246670096073256,11.357068287136803,-11.357068287136803,-11.666383693063473
CPBP_orca_40,CPBP,homodimer,40,/home/rb1820/BLA-ML/CPBP/orca_40/str_40.xyz,0.922796,INCLUDED_NO_FILTER,retained in no-S2-filter workflow,2.996623270643335,3.0625248868414774,46.0,-5.165210597599245,1.6661890985537648,6.831399696153009,-6.83139969615301,-6.650983870008023
CPBP_orca_41,CPBP,homodimer,41,/home/rb1820/BLA-ML/CPBP/orca_41/str_41.xyz,0.875671,INCLUDED_NO_FILTER,retained in no-S2-filter workflow,3.006679323960043,3.0612060610129097,49.0,-5.723482418253973,1.9074576201816573,7.6309400384356305,-7.6309400384356305,-7.344498066043309
CPBP_orca_42,CPBP,homodimer,42,/home/rb1820/BLA-ML/CPBP/orca_42/str_42.xyz,0.412775,INCLUDED_NO_FILTER,retained in no-S2-filter workflow,2.8512972579417952,2.9386346266288754,52.0,-15.303910488614811,-3.165453758488854,12.138456730125956,-12.138456730125958,-12.547211972872557
CPBP_orca_43,CPBP,homodimer,43,/home/rb1820/BLA-ML/CPBP/orca_43/str_43.xyz,0.96398,INCLUDED_NO_FILTER,retained in no-S2-filter workflow,2.970963092664673,3.0582035699412886,45.0,-6.133065465647868,-0.22167596342359716,5.911389502224271,-5.911389502224271,-5.8424050184177645
CPBP_orca_44,CPBP,homodimer,44,/home/rb1820/BLA-ML/CPBP/orca_44/str_44.xyz,1.191247,INCLUDED_NO_FILTER,retained in no-S2-filter workflow,2.92265961167254,3.044737866692944,41.0,-8.773504747130499,-5.062815994876068,3.7106887522544305,-3.7106887522544305,-3.838920653199697
CPBP_orca_45,CPBP,homodimer,45,/home/rb1820/BLA-ML/CPBP/orca_45/str_45.xyz,0.394515,INCLUDED_NO_FILTER,retained in no-S2-filter workflow,2.7701858124077354,2.944620149678042,50.0,-15.128875439985753,-2.8209268152720672,12.307948624713685,-12.307948624713687,-12.807963476112473
CPBP_orca_46,CPBP,homodimer,46,/home/rb1820/BLA-ML/CPBP/orca_46/str_46.xyz,0.959223,INCLUDED_NO_FILTER,retained in no-S2-filter workflow,3.061627429490967,3.1009058005042864,49.0,-7.120471049532154,-0.9640186101874445,6.156452439344709,-6.156452439344709,-5.900803828810656
CPBP_orca_47,CPBP,homodimer,47,/home/rb1820/BLA-ML/CPBP/orca_47/str_47.xyz,0.983505,INCLUDED_NO_FILTER,retained in no-S2-filter workflow,3.000722528270354,3.076744793897594,49.0,-7.4579756384526315,-2.3915671923978157,5.066408446054815,-5.066408446054815,-5.244616482750473
CPBP_orca_48,CPBP,homodimer,48,/home/rb1820/BLA-ML/CPBP/orca_48/str_48.xyz,1.060867,INCLUDED_NO_FILTER,retained in no-S2-filter workflow,2.960968085725806,3.066179603276157,42.0,-8.354648873714043,-4.414059960024434,3.9405889136896084,-3.9405889136896084,-3.911427213204642
CPBP_orca_49,CPBP,homodimer,49,/home/rb1820/BLA-ML/CPBP/orca_49/str_49.xyz,0.87215,INCLUDED_NO_FILTER,retained in no-S2-filter workflow,3.024212053055588,3.070084764521041,48.0,-5.525543437853437,2.2176821470176566,7.743225584871094,-7.743225584871094,-7.49916367169856
CPBP_orca_50,CPBP,homodimer,50,/home/rb1820/BLA-ML/CPBP/orca_50/str_50.xyz,1.099585,INCLUDED_NO_FILTER,retained in no-S2-filter workflow,2.939252485663061,3.0594063989497333,44.0,-9.430847777936204,-6.4531618742636505,2.9776859036725534,-2.977685903672554,-3.0493923606009927
CPBP_orca_51,CPBP,homodimer,51,/home/rb1820/BLA-ML/CPBP/orca_51/str_51.xyz,1.146575,INCLUDED_NO_FILTER,retained in no-S2-filter workflow,2.8134566417482856,2.9815045356026486,39.0,-10.47113667770003,-7.852708477628748,2.6184282000712833,-2.618428200071283,-2.2011770246721065
CPBP_orca_52,CPBP,homodimer,52,/home/rb1820/BLA-ML/CPBP/orca_52/str_52.xyz,0.994874,INCLUDED_NO_FILTER,retained in no-S2-filter workflow,3.045504229161769,3.108811851227641,46.0,-7.597531858400098,-2.2849287677214907,5.312603090678607,-5.312603090678607,-5.283160390528661
CPBP_orca_53,CPBP,homodimer,53,/home/rb1820/BLA-ML/CPBP/orca_53/str_53.xyz,0.701115,INCLUDED_NO_FILTER,retained in no-S2-filter workflow,2.79716925676043,2.9642676847249967,53.0,-11.048533471064442,-2.844042904354785,8.204490566709657,-8.204490566709657,-7.318388006393027
CPBP_orca_54,CPBP,homodimer,54,/home/rb1820/BLA-ML/CPBP/orca_54/str_54.xyz,1.128918,INCLUDED_NO_FILTER,retained in no-S2-filter workflow,2.928340235985297,3.0700612658264217,41.0,-9.609543859894783,-7.240941562638743,2.3686022972560394,-2.3686022972560403,-2.4902542725827077
CPBP_orca_55,CPBP,homodimer,55,/home/rb1820/BLA-ML/CPBP/orca_55/str_55.xyz,0.727093,INCLUDED_NO_FILTER,retained in no-S2-filter workflow,2.798608914968456,2.974843758853331,55.0,-10.530472212037992,-2.6780398633376707,7.8524323487003205,-7.852432348700321,-7.007345453915378
CPBP_orca_56,CPBP,homodimer,56,/home/rb1820/BLA-ML/CPBP/orca_56/str_56.xyz,1.084838,INCLUDED_NO_FILTER,retained in no-S2-filter workflow,2.793781175937102,2.978536735566104,46.0,-9.394664041844276,-6.06114296460101,3.333521077243267,-3.333521077243266,-2.9259090907582435
CPBP_orca_57,CPBP,homodimer,57,/home/rb1820/BLA-ML/CPBP/orca_57/str_57.xyz,1.210439,INCLUDED_NO_FILTER,retained in no-S2-filter workflow,2.8639280814378494,3.083607579306644,42.0,-10.883177259059488,-8.928046639432711,1.9551306196267755,-1.955130619626777,-1.9354269194213085
CPBP_orca_58,CPBP,homodimer,58,/home/rb1820/BLA-ML/CPBP/orca_58/str_58.xyz,0.398468,INCLUDED_NO_FILTER,retained in no-S2-filter workflow,2.8266067305741456,2.9400545567334744,52.0,-15.398255668418788,-3.0966204658980194,12.301635202520767,-12.301635202520767,-12.758081690631533
CPBP_orca_59,CPBP,homodimer,59,/home/rb1820/BLA-ML/CPBP/orca_59/str_59.xyz,1.001991,INCLUDED_NO_FILTER,retained in no-S2-filter workflow,2.944778923574591,3.011171422690707,51.0,-10.517430890470713,-5.074498495145697,5.442932395325015,-5.442932395325016,-5.460898229613102
CPBP_orca_60,CPBP,homodimer,60,/home/rb1820/BLA-ML/CPBP/orca_60/str_60.xyz,0.672731,INCLUDED_NO_FILTER,retained in no-S2-filter workflow,2.780155168501028,2.948774287636714,53.0,-10.801091729469332,-2.2691698994392935,8.531921830030038,-8.53192183003004,-7.5777997013546665
CPBP_orca_61,CPBP,homodimer,61,/home/rb1820/BLA-ML/CPBP/orca_61/str_61.xyz,0.420611,INCLUDED_NO_FILTER,retained in no-S2-filter workflow,2.8336379164546903,2.9473787656491948,52.0,-15.456419262876125,-3.3678197197609205,12.088599543115205,-12.088599543115205,-12.492278472635864
CPBP_orca_62,CPBP,homodimer,62,/home/rb1820/BLA-ML/CPBP/orca_62/str_62.xyz,1.156468,INCLUDED_NO_FILTER,retained in no-S2-filter workflow,2.818635242609776,2.972446380144204,41.0,-9.669469870693549,-7.179599320167864,2.4898705505256835,-2.4898705505256844,-2.0885845510320964
CPBP_orca_63,CPBP,homodimer,63,/home/rb1820/BLA-ML/CPBP/orca_63/str_63.xyz,1.213855,INCLUDED_NO_FILTER,retained in no-S2-filter workflow,2.954727078183831,3.0889095029705524,44.0,-7.774619648587634,-4.838688848420588,2.9359308001670454,-2.9359308001670454,-2.6109463627153238
CPBP_orca_64,CPBP,homodimer,64,/home/rb1820/BLA-ML/CPBP/orca_64/str_64.xyz,1.016593,INCLUDED_NO_FILTER,retained in no-S2-filter workflow,2.9440277201327087,3.0221934820005374,44.0,-10.626723495775018,-5.3509491279275005,5.275774367847517,-5.275774367847517,-5.360764608599163
CPBP_orca_65,CPBP,homodimer,65,/home/rb1820/BLA-ML/CPBP/orca_65/str_65.xyz,0.727724,INCLUDED_NO_FILTER,retained in no-S2-filter workflow,2.805182936408628,2.967432683595641,52.0,-11.18508089309235,-3.3307837629048422,7.854297130187507,-7.854297130187508,-6.967309783346812
CPBP_orca_66,CPBP,homodimer,66,/home/rb1820/BLA-ML/CPBP/orca_66/str_66.xyz,0.739799,INCLUDED_NO_FILTER,retained in no-S2-filter workflow,2.7774230237269,2.9759273720995405,52.0,-9.35419204153136,-1.7902828929466992,7.563909148584663,-7.563909148584662,-6.559721738585662
CPBP_orca_67,CPBP,homodimer,67,/home/rb1820/BLA-ML/CPBP/orca_67/str_67.xyz,1.226099,INCLUDED_NO_FILTER,retained in no-S2-filter workflow,2.952906057188281,3.0888667349232546,45.0,-8.181193797330499,-5.578954648842091,2.6022391484884086,-2.602239148488408,-2.281830672354623
CPBP_orca_68,CPBP,homodimer,68,/home/rb1820/BLA-ML/CPBP/orca_68/str_68.xyz,1.132768,INCLUDED_NO_FILTER,retained in no-S2-filter workflow,3.1498362197533214,3.1731068451481885,40.0,-7.322604556244525,-3.58413883242436,3.7384657238201657,-3.7384657238201653,-3.7423821384541
CPBP_orca_69,CPBP,homodimer,69,/home/rb1820/BLA-ML/CPBP/orca_69/str_69.xyz,1.042919,INCLUDED_NO_FILTER,retained in no-S2-filter workflow,2.9376870723474973,3.024259646755837,45.0,-10.689459002572212,-5.976814363480644,4.712644639091569,-4.712644639091568,-4.682142309552596
CPBP_orca_70,CPBP,homodimer,70,/home/rb1820/BLA-ML/CPBP/orca_70/str_70.xyz,1.17998,INCLUDED_NO_FILTER,retained in no-S2-filter workflow,2.97473461123706,3.091616575325711,40.0,-7.304226767343744,-3.5759867139145225,3.7282400534292215,-3.7282400534292215,-3.5261542160575274
CPBP_orca_71,CPBP,homodimer,71,/home/rb1820/BLA-ML/CPBP/orca_71/str_71.xyz,0.753485,INCLUDED_NO_FILTER,retained in no-S2-filter workflow,2.7737779287506044,2.9823777053190392,51.0,-9.277610938870145,-1.8700268473290076,7.407584091541137,-7.407584091541137,-6.427501579977611
CPBP_orca_72,CPBP,homodimer,72,/home/rb1820/BLA-ML/CPBP/orca_72/str_72.xyz,1.232141,INCLUDED_NO_FILTER,retained in no-S2-filter workflow,2.954996790900762,3.087280297034904,47.0,-8.28156105623739,-5.77266864835468,2.508892407882711,-2.50889240788271,-2.179165750424213
CPBP_orca_73,CPBP,homodimer,73,/home/rb1820/BLA-ML/CPBP/orca_73/str_73.xyz,0.700366,INCLUDED_NO_FILTER,retained in no-S2-filter workflow,2.785998315706858,2.96213029201146,52.0,-10.765847804292118,-2.6137112284225954,8.152136575869523,-8.152136575869523,-7.190155058142615
CPBP_orca_74,CPBP,homodimer,74,/home/rb1820/BLA-ML/CPBP/orca_74/str_74.xyz,0.594158,INCLUDED_NO_FILTER,retained in no-S2-filter workflow,2.8069866342905634,2.9970238757925034,42.0,-14.504271765929325,-4.301624201280483,10.202647564648842,-10.202647564648842,-10.128661296281518
CPBP_orca_75,CPBP,homodimer,75,/home/rb1820/BLA-ML/CPBP/orca_75/str_75.xyz,0.643175,INCLUDED_NO_FILTER,retained in no-S2-filter workflow,2.850382435063878,3.0047976639024787,59.0,-10.408264153846156,-1.238293891807833,9.169970262038325,-9.169970262038323,-9.617509622618453
CPBP_orca_76,CPBP,homodimer,76,/home/rb1820/BLA-ML/CPBP/orca_76/str_76.xyz,1.011931,INCLUDED_NO_FILTER,retained in no-S2-filter workflow,2.940230532400136,3.0136829661292523,52.0,-10.582557115450392,-5.316776980165643,5.265780135284749,-5.265780135284749,-5.276521618453958
CPBP_orca_77,CPBP,homodimer,77,/home/rb1820/BLA-ML/CPBP/orca_77/str_77.xyz,1.178677,INCLUDED_NO_FILTER,retained in no-S2-filter workflow,3.01032636472735,3.1127852746996347,42.0,-7.349598195957025,-4.205429567152771,3.1441686288042545,-3.1441686288042545,-3.0863434082726533
CPBP_orca_78,CPBP,homodimer,78,/home/rb1820/BLA-ML/CPBP/orca_78/str_78.xyz,1.333016,INCLUDED_NO_FILTER,retained in no-S2-filter workflow,3.1225732434909994,3.163853838993033,38.0,-11.775655339364793,-11.381402903976822,0.39425243538797067,-0.39425243538797083,-0.6603828754708498
CPBP_orca_79,CPBP,homodimer,79,/home/rb1820/BLA-ML/CPBP/orca_79/str_79.xyz,1.248638,INCLUDED_NO_FILTER,retained in no-S2-filter workflow,2.961630095641309,3.091288062142642,41.0,-8.68799194514068,-6.588271197615139,2.0997207475255424,-2.0997207475255415,-1.7749226620432665
CPBP_orca_80,CPBP,homodimer,80,/home/rb1820/BLA-ML/CPBP/orca_80/str_80.xyz,1.113778,INCLUDED_NO_FILTER,retained in no-S2-filter workflow,2.933135952569137,3.053114989218358,49.0,-11.56320564347898,-7.836746070425813,3.726459573053166,-3.726459573053167,-3.595997138041116
CPBP_orca_81,CPBP,homodimer,81,/home/rb1820/BLA-ML/CPBP/orca_81/str_81.xyz,0.993328,INCLUDED_NO_FILTER,retained in no-S2-filter workflow,2.936913048696723,3.01317550763474,49.0,-10.421452771075037,-4.594817389946944,5.826635381128092,-5.826635381128093,-5.916836049045258
CPBP_orca_82,CPBP,homodimer,82,/home/rb1820/BLA-ML/CPBP/orca_82/str_82.xyz,1.057875,INCLUDED_NO_FILTER,retained in no-S2-filter workflow,2.9324545255688856,3.0340707769423823,41.0,-10.93173480550977,-6.218933907082591,4.7128008984271785,-4.7128008984271785,-4.8808068538408405
CPBP_orca_83,CPBP,homodimer,83,/home/rb1820/BLA-ML/CPBP/orca_83/str_83.xyz,1.032226,INCLUDED_NO_FILTER,retained in no-S2-filter workflow,3.021181746639464,3.116560700471564,40.0,-8.520005417590665,-3.221605706973751,5.2983997106169145,-5.2983997106169145,-5.1268800441257
CPBP_orca_84,CPBP,homodimer,84,/home/rb1820/BLA-ML/CPBP/orca_84/str_84.xyz,1.343104,INCLUDED_NO_FILTER,retained in no-S2-filter workflow,3.125957986568749,3.1686816078350803,37.0,-11.808954871521514,-11.49513705141451,0.31381782010700415,-0.31381782010700476,-0.5707380275467671
CPBP_orca_85,CPBP,homodimer,85,/home/rb1820/BLA-ML/CPBP/orca_85/str_85.xyz,0.727139,INCLUDED_NO_FILTER,retained in no-S2-filter workflow,2.8055969769716467,2.9722995131210865,44.0,-12.991073190033195,-4.832059820836034,8.15901336919716,-8.159013369197162,-8.225256166361978
CPBP_orca_86,CPBP,homodimer,86,/home/rb1820/BLA-ML/CPBP/orca_86/str_86.xyz,1.266813,INCLUDED_NO_FILTER,retained in no-S2-filter workflow,2.9630064819995106,3.1012828575879885,38.0,-9.552876016186785,-7.895998697627795,1.6568773185589896,-1.6568773185589896,-1.3775103639912976
CPBP_orca_87,CPBP,homodimer,87,/home/rb1820/BLA-ML/CPBP/orca_87/str_87.xyz,0.727548,INCLUDED_NO_FILTER,retained in no-S2-filter workflow,2.798926193770647,2.9698561906999617,52.0,-10.934800409700333,-3.1218904914307055,7.812909918269629,-7.812909918269628,-6.8349330321093795
CPBP_orca_88,CPBP,homodimer,88,/home/rb1820/BLA-ML/CPBP/orca_88/str_88.xyz,1.145823,INCLUDED_NO_FILTER,retained in no-S2-filter workflow,3.048266028366492,3.1265186868301806,45.0,-9.845844556554413,-6.760505828919158,3.085338727635254,-3.0853387276352544,-3.097288248306726
CPBP_orca_89,CPBP,homodimer,89,/home/rb1820/BLA-ML/CPBP/orca_89/str_89.xyz,1.025569,INCLUDED_NO_FILTER,retained in no-S2-filter workflow,2.945612800320353,3.017081736189488,50.0,-10.638264316233819,-5.573801754481821,5.0644625617519985,-5.0644625617519985,-5.07024578960279
CPBP_orca_90,CPBP,homodimer,90,/home/rb1820/BLA-ML/CPBP/orca_90/str_90.xyz,0.758522,INCLUDED_NO_FILTER,retained in no-S2-filter workflow,2.7853715269796573,2.989227540956883,51.0,-9.482866045626597,-2.0562673054490737,7.426598740177524,-7.426598740177523,-6.623069719692713
CPBP_orca_91,CPBP,homodimer,91,/home/rb1820/BLA-ML/CPBP/orca_91/str_91.xyz,1.263659,INCLUDED_NO_FILTER,retained in no-S2-filter workflow,2.969417157327976,3.099910862325758,38.0,-9.321750783729152,-7.598681979787321,1.723068803941832,-1.7230688039418318,-1.4164740935920896
CPBP_orca_92,CPBP,homodimer,92,/home/rb1820/BLA-ML/CPBP/orca_92/str_92.xyz,1.025646,INCLUDED_NO_FILTER,retained in no-S2-filter workflow,2.946113653484863,3.0603790119254404,45.0,-10.911425408209752,-6.163552191935574,4.7478732162741775,-4.7478732162741775,-4.969167325343454
CPBP_orca_93,CPBP,homodimer,93,/home/rb1820/BLA-ML/CPBP/orca_93/str_93.xyz,1.233537,INCLUDED_NO_FILTER,retained in no-S2-filter workflow,3.0594438159466093,3.134588915662645,47.0,-8.41526937377803,-7.1369909215243155,1.2782784522537143,-1.2782784522537138,-1.1415996438568055
CPBP_orca_94,CPBP,homodimer,94,/home/rb1820/BLA-ML/CPBP/orca_94/str_94.xyz,1.069891,INCLUDED_NO_FILTER,retained in no-S2-filter workflow,2.9667888338337347,3.0368424838659305,50.0,-11.304966777014464,-6.896165862058882,4.408800914955583,-4.408800914955582,-4.375643356711282
CPBP_orca_95,CPBP,homodimer,95,/home/rb1820/BLA-ML/CPBP/orca_95/str_95.xyz,1.021693,INCLUDED_NO_FILTER,retained in no-S2-filter workflow,2.939060630307197,3.056029266758999,43.0,-10.642797165309243,-5.883477490563957,4.759319674745287,-4.759319674745287,-4.9519153082124845
CPBP_orca_96,CPBP,homodimer,96,/home/rb1820/BLA-ML/CPBP/orca_96/str_96.xyz,1.083677,INCLUDED_NO_FILTER,retained in no-S2-filter workflow,2.917963616311415,3.041392561049963,41.0,-10.525946870453318,-6.215652399682765,4.310294470770553,-4.310294470770553,-4.554660969884041
CPBP_orca_97,CPBP,homodimer,97,/home/rb1820/BLA-ML/CPBP/orca_97/str_97.xyz,1.140015,INCLUDED_NO_FILTER,retained in no-S2-filter workflow,2.967981390914387,3.116034469109962,46.0,-10.118075923033002,-7.035819649994215,3.0822562730387877,-3.0822562730387872,-3.1966093244163325
CPBP_orca_98,CPBP,homodimer,98,/home/rb1820/BLA-ML/CPBP/orca_98/str_98.xyz,1.258713,INCLUDED_NO_FILTER,retained in no-S2-filter workflow,3.1021505389958643,3.164048169883128,42.0,-7.06743574270602,-5.886389769472655,1.1810459732333656,-1.1810459732333651,-1.3588781786215183
CPBP_orca_99,CPBP,homodimer,99,/home/rb1820/BLA-ML/CPBP/orca_99/str_99.xyz,1.266503,INCLUDED_NO_FILTER,retained in no-S2-filter workflow,2.999462404983875,3.1329160899214967,38.0,-9.61608264235542,-8.695591669107051,0.9204909732483698,-0.9204909732483699,-0.7044272715713014
CPBP_orca_100,CPBP,homodimer,100,/home/rb1820/BLA-ML/CPBP/orca_100/str_100.xyz,1.0906,INCLUDED_NO_FILTER,retained in no-S2-filter workflow,2.9731401506063526,3.0948074316777303,43.0,-10.378551402799339,-6.507617782167744,3.870933620631595,-3.870933620631595,-3.7356149383599835
CPBP_orca_101,CPBP,homodimer,101,/home/rb1820/BLA-ML/CPBP/orca_101/str_101.xyz,1.051429,INCLUDED_NO_FILTER,retained in no-S2-filter workflow,2.959456206442094,3.078210168975267,44.0,-11.007395661704688,-6.463774475631422,4.543621186073266,-4.543621186073266,-4.655521858239552
CPBP_orca_102,CPBP,homodimer,102,/home/rb1820/BLA-ML/CPBP/orca_102/str_102.xyz,1.056935,INCLUDED_NO_FILTER,retained in no-S2-filter workflow,2.940354249997998,3.031307946823344,45.0,-10.746645220410612,-6.106851488937314,4.639793731473296,-4.639793731473297,-4.594992635493224
CPBP_orca_103,CPBP,homodimer,103,/home/rb1820/BLA-ML/CPBP/orca_103/str_103.xyz,1.136506,INCLUDED_NO_FILTER,retained in no-S2-filter workflow,2.9453229472150624,3.061135695438175,39.0,-11.432057730989875,-7.7890158529377045,3.643041878052171,-3.6430418780521707,-3.746693698421466
CPBP_orca_104,CPBP,homodimer,104,/home/rb1820/BLA-ML/CPBP/orca_104/str_104.xyz,1.318331,INCLUDED_NO_FILTER,retained in no-S2-filter workflow,3.1886520303747767,3.2208999118247945,31.0,-12.345787540364878,-12.610569857465986,-0.2647823171011082,0.26478231710110833,0.009265484771372456
CPBP_orca_105,CPBP,homodimer,105,/home/rb1820/BLA-ML/CPBP/orca_105/str_105.xyz,1.243544,INCLUDED_NO_FILTER,retained in no-S2-filter workflow,3.103794658186776,3.176294376091365,43.0,-9.420888997999665,-8.082127342960467,1.3387616550391988,-1.3387616550391979,-1.2096381538755825
CPBP_orca_106,CPBP,homodimer,106,/home/rb1820/BLA-ML/CPBP/orca_106/str_106.xyz,1.289001,INCLUDED_NO_FILTER,retained in no-S2-filter workflow,3.101189986887372,3.1475179182546715,38.0,-12.5762160637553,-13.923983992512206,-1.3477679287569062,1.3477679287569053,1.5045489198348676
CPBP_orca_107,CPBP,homodimer,107,/home/rb1820/BLA-ML/CPBP/orca_107/str_107.xyz,1.052806,INCLUDED_NO_FILTER,retained in no-S2-filter workflow,2.951032987893135,3.075250477239988,42.0,-10.950217883051796,-6.520119074906869,4.430098808144926,-4.430098808144926,-4.570844561397987
CPBP_orca_108,CPBP,homodimer,108,/home/rb1820/BLA-ML/CPBP/orca_108/str_108.xyz,1.090921,INCLUDED_NO_FILTER,retained in no-S2-filter workflow,2.951010739398401,3.0403508484921,43.0,-10.002316729769186,-6.190443346081124,3.8118733836880616,-3.811873383688062,-3.365433614410059
CPBP_orca_109,CPBP,homodimer,109,/home/rb1820/BLA-ML/CPBP/orca_109/str_109.xyz,1.343325,INCLUDED_NO_FILTER,retained in no-S2-filter workflow,2.967985914009547,3.0851745550017906,41.0,-12.17539909289345,-11.156386063794404,1.0190130290990467,-1.019013029099046,-1.0584293500662412
CPBP_orca_110,CPBP,homodimer,110,/home/rb1820/BLA-ML/CPBP/orca_110/str_110.xyz,1.064424,INCLUDED_NO_FILTER,retained in no-S2-filter workflow,2.9468209463059423,3.035576155995103,47.0,-10.672263310879709,-6.060031021011505,4.612232289868204,-4.612232289868204,-4.587723959438322
CPBP_orca_111,CPBP,homodimer,111,/home/rb1820/BLA-ML/CPBP/orca_111/str_111.xyz,1.304952,INCLUDED_NO_FILTER,retained in no-S2-filter workflow,3.0968377185124374,3.16149229939995,39.0,-13.215178235205228,-14.766007132995401,-1.5508288977901734,1.5508288977901739,1.6726022396477962
CPBP_orca_112,CPBP,homodimer,112,/home/rb1820/BLA-ML/CPBP/orca_112/str_112.xyz,1.285284,INCLUDED_NO_FILTER,retained in no-S2-filter workflow,3.059019512016285,3.1597275819611506,41.0,-9.45733041974425,-9.655321250027983,-0.19799083028373318,0.19799083028373232,-0.009797903065461355
CPBP_orca_113,CPBP,homodimer,113,/home/rb1820/BLA-ML/CPBP/orca_113/str_113.xyz,1.210921,INCLUDED_NO_FILTER,retained in no-S2-filter workflow,3.010956201551398,3.137143204174267,39.0,-8.58522974075388,-6.492047910948795,2.0931818298050837,-2.0931818298050846,-2.18407926602495
CPBP_orca_114,CPBP,homodimer,114,/home/rb1820/BLA-ML/CPBP/orca_114/str_114.xyz,0.772318,INCLUDED_NO_FILTER,retained in no-S2-filter workflow,2.797989721891464,2.96926986588394,53.0,-10.7809741026296,-3.5983099441727693,7.18266415845683,-7.182664158456831,-6.161829403326352
CPBP_orca_115,CPBP,homodimer,115,/home/rb1820/BLA-ML/CPBP/orca_115/str_115.xyz,1.023983,INCLUDED_NO_FILTER,retained in no-S2-filter workflow,2.887871400304645,3.040494789247861,51.0,-9.931253028706774,-5.519635446699413,4.411617582007362,-4.411617582007361,-4.655691576047042
CPBP_orca_116,CPBP,homodimer,116,/home/rb1820/BLA-ML/CPBP/orca_116/str_116.xyz,1.038893,INCLUDED_NO_FILTER,retained in no-S2-filter workflow,2.9386588880402544,3.059518077512996,45.0,-10.245170113827282,-5.979266091832182,4.2659040219951,-4.2659040219951,-3.9039596049520355
CPBP_orca_117,CPBP,homodimer,117,/home/rb1820/BLA-ML/CPBP/orca_117/str_117.xyz,0.360074,INCLUDED_NO_FILTER,retained in no-S2-filter workflow,2.806244292958452,2.9446435594208795,55.0,-10.233380886140004,3.593398441793242,13.826779327933247,-13.826779327933247,-15.5167840420049
CPBP_orca_118,CPBP,homodimer,118,/home/rb1820/BLA-ML/CPBP/orca_118/str_118.xyz,1.026384,INCLUDED_NO_FILTER,retained in no-S2-filter workflow,3.022990612501552,3.1031761452837108,48.0,-8.099881225678995,-3.5760398941379785,4.523841331541018,-4.523841331541017,-4.745511280863044
CPBP_orca_119,CPBP,homodimer,119,/home/rb1820/BLA-ML/CPBP/orca_119/str_119.xyz,1.197963,INCLUDED_NO_FILTER,retained in no-S2-filter workflow,2.967762742998687,3.0615944846434484,45.0,-9.300956602962245,-7.899638787087017,1.4013178158752277,-1.4013178158752275,-1.4737362645326897
CPBP_orca_120,CPBP,homodimer,120,/home/rb1820/BLA-ML/CPBP/orca_120/str_120.xyz,1.279532,INCLUDED_NO_FILTER,retained in no-S2-filter workflow,2.960201936156452,3.142114977226993,37.0,-11.400681986703617,-10.869837323188102,0.5308446635155137,-0.5308446635155146,-0.10107280992087198
CPBP_orca_121,CPBP,homodimer,121,/home/rb1820/BLA-ML/CPBP/orca_121/str_121.xyz,0.941474,INCLUDED_NO_FILTER,retained in no-S2-filter workflow,2.8631440675667776,3.020480104481062,51.0,-9.668210918512862,-4.427301321163974,5.240909597348889,-5.240909597348889,-4.642485455148016
CPBP_orca_122,CPBP,homodimer,122,/home/rb1820/BLA-ML/CPBP/orca_122/str_122.xyz,1.177323,INCLUDED_NO_FILTER,retained in no-S2-filter workflow,3.073054895634366,3.124068839119816,41.0,-10.759720644859497,-7.864242089652266,2.89547855520723,-2.895478555207231,-2.554893614249351
CPBP_orca_123,CPBP,homodimer,123,/home/rb1820/BLA-ML/CPBP/orca_123/str_123.xyz,1.08648,INCLUDED_NO_FILTER,retained in no-S2-filter workflow,2.9500384417126546,3.041819027566155,37.0,-9.97450892353012,-5.642801834701673,4.331707088828448,-4.3317070888284475,-4.657761909780812
CPBP_orca_124,CPBP,homodimer,124,/home/rb1820/BLA-ML/CPBP/orca_124/str_124.xyz,1.098012,INCLUDED_NO_FILTER,retained in no-S2-filter workflow,2.8995385733582046,3.1052299328645496,48.0,-10.141536073719497,-6.476191650174068,3.6653444235454287,-3.665344423545428,-3.738485523858402
CPBP_orca_125,CPBP,homodimer,125,/home/rb1820/BLA-ML/CPBP/orca_125/str_125.xyz,1.268083,INCLUDED_NO_FILTER,retained in no-S2-filter workflow,3.026076968095459,3.12914341758509,41.0,-9.241341264566685,-8.979269826784495,0.2620714377821909,-0.2620714377821898,-0.035803298789605975
CPBP_orca_126,CPBP,homodimer,126,/home/rb1820/BLA-ML/CPBP/orca_126/str_126.xyz,1.037402,INCLUDED_NO_FILTER,retained in no-S2-filter workflow,2.8964660619605014,3.042489843997624,50.0,-10.160384976284554,-5.903471669132795,4.256913307151759,-4.256913307151759,-4.015405170024389
CPBP_orca_127,CPBP,homodimer,127,/home/rb1820/BLA-ML/CPBP/orca_127/str_127.xyz,0.388459,INCLUDED_NO_FILTER,retained in no-S2-filter workflow,2.822944209548225,2.952345899971634,54.0,-10.29807920954374,3.202087891234584,13.500167100778325,-13.500167100778324,-15.159458655915039
CPBP_orca_128,CPBP,homodimer,128,/home/rb1820/BLA-ML/CPBP/orca_128/str_128.xyz,1.314616,INCLUDED_NO_FILTER,retained in no-S2-filter workflow,3.013037498265518,3.147150737215349,34.0,-12.222368613146378,-11.797448324873924,0.42492028827245343,-0.4249202882724532,-0.34496167653394494
CPBP_orca_129,CPBP,homodimer,129,/home/rb1820/BLA-ML/CPBP/orca_129/str_129.xyz,1.310805,INCLUDED_NO_FILTER,retained in no-S2-filter workflow,3.063594418694683,3.1892855618936147,36.0,-6.439774984971641,-5.103526446552744,1.3362485384188978,-1.3362485384188973,-1.4300804475784057
CPBP_orca_130,CPBP,homodimer,130,/home/rb1820/BLA-ML/CPBP/orca_130/str_130.xyz,1.289483,INCLUDED_NO_FILTER,retained in no-S2-filter workflow,3.069618884312632,3.149680995812351,40.0,-12.592459797116852,-13.891681226783579,-1.2992214296667277,1.2992214296667264,1.4339166941621464
CPBP_orca_131,CPBP,homodimer,131,/home/rb1820/BLA-ML/CPBP/orca_131/str_131.xyz,1.208577,INCLUDED_NO_FILTER,retained in no-S2-filter workflow,3.0173068880897054,3.0961575607154104,39.0,-7.824689054261652,-5.636301125312266,2.1883879289493864,-2.1883879289493864,-2.2094307733052796
CPBP_orca_132,CPBP,homodimer,132,/home/rb1820/BLA-ML/CPBP/orca_132/str_132.xyz,1.164933,INCLUDED_NO_FILTER,retained in no-S2-filter workflow,2.928121750106403,3.0791637585433693,37.0,-10.681063880948834,-7.556903456928512,3.1241604240203222,-3.124160424020322,-3.3890234195346354
CPBP_orca_133,CPBP,homodimer,133,/home/rb1820/BLA-ML/CPBP/orca_133/str_133.xyz,1.215542,INCLUDED_NO_FILTER,retained in no-S2-filter workflow,2.9536148433193894,3.122700906406993,40.0,-9.000566061471568,-6.9362835198802335,2.064282541591335,-2.064282541591335,-2.315973309147119
CPBP_orca_134,CPBP,homodimer,134,/home/rb1820/BLA-ML/CPBP/orca_134/str_134.xyz,1.085592,INCLUDED_NO_FILTER,retained in no-S2-filter workflow,2.9660108930100133,3.0468607958512472,36.0,-9.939841794738202,-5.600398798132854,4.339442996605347,-4.339442996605348,-4.691859701359368
CPBP_orca_135,CPBP,homodimer,135,/home/rb1820/BLA-ML/CPBP/orca_135/str_135.xyz,1.35794,INCLUDED_NO_FILTER,retained in no-S2-filter workflow,3.1845842530523267,3.209409665776998,34.0,-12.51861317689858,-13.122177728635824,-0.6035645517372453,0.6035645517372448,0.6472632433354715
CPBP_orca_136,CPBP,homodimer,136,/home/rb1820/BLA-ML/CPBP/orca_136/str_136.xyz,0.357783,INCLUDED_NO_FILTER,retained in no-S2-filter workflow,2.825584532561821,2.944722500377666,55.0,-10.404731214134824,3.3763000319571606,13.781031246091985,-13.781031246091985,-15.594474567040823
CPBP_orca_137,CPBP,homodimer,137,/home/rb1820/BLA-ML/CPBP/orca_137/str_137.xyz,1.087897,INCLUDED_NO_FILTER,retained in no-S2-filter workflow,2.9533225060508066,3.04701133743104,42.0,-10.85904507651834,-6.465607880835281,4.393437195683059,-4.39343719568306,-4.446541566834641
CPBP_orca_138,CPBP,homodimer,138,/home/rb1820/BLA-ML/CPBP/orca_138/str_138.xyz,1.314902,INCLUDED_NO_FILTER,retained in no-S2-filter workflow,2.985008051734276,3.1607153316270287,38.0,-11.239257218947577,-11.56362064743179,-0.3243634284842125,0.3243634284842134,0.7127774582131021
CPBP_orca_139,CPBP,homodimer,139,/home/rb1820/BLA-ML/CPBP/orca_139/str_139.xyz,1.314009,INCLUDED_NO_FILTER,retained in no-S2-filter workflow,2.939367813306984,3.0837600043322864,42.0,-11.148461896034672,-10.156802959516344,0.9916589365183264,-0.991658936518327,-0.9932236571229112
CPBP_orca_140,CPBP,homodimer,140,/home/rb1820/BLA-ML/CPBP/orca_140/str_140.xyz,1.093656,INCLUDED_NO_FILTER,retained in no-S2-filter workflow,2.881962833633499,2.999274375105675,46.0,-5.411942595817399,-1.6305190467290542,3.7814235490883448,-3.7814235490883448,-3.7453551806948866
CPBP_orca_141,CPBP,homodimer,141,/home/rb1820/BLA-ML/CPBP/orca_141/str_141.xyz,1.271416,INCLUDED_NO_FILTER,retained in no-S2-filter workflow,3.0055388235353906,3.107339618956984,42.0,-7.428105226105019,-6.164274965056542,1.2638302610484766,-1.2638302610484766,-1.4640406407757824
CPBP_orca_142,CPBP,homodimer,142,/home/rb1820/BLA-ML/CPBP/orca_142/str_142.xyz,1.136361,INCLUDED_NO_FILTER,retained in no-S2-filter workflow,2.94551989516245,3.061427058211524,39.0,-11.37589117130543,-7.727379636658922,3.648511534646507,-3.6485115346465076,-3.7437860187050482
CPBP_orca_143,CPBP,homodimer,143,/home/rb1820/BLA-ML/CPBP/orca_143/str_143.xyz,1.101385,INCLUDED_NO_FILTER,retained in no-S2-filter workflow,2.9584986293587883,3.0526611003789457,48.0,-11.334956009407176,-7.52359317760859,3.8113628317985855,-3.8113628317985855,-3.8440785596357143
CPBP_orca_144,CPBP,homodimer,144,/home/rb1820/BLA-ML/CPBP/orca_144/str_144.xyz,0.429606,INCLUDED_NO_FILTER,retained in no-S2-filter workflow,2.8038043567570226,2.9505991289844173,55.0,-9.956896655275376,3.006268359739459,12.963165015014834,-12.963165015014834,-14.357808043537897
CPBP_orca_145,CPBP,homodimer,145,/home/rb1820/BLA-ML/CPBP/orca_145/str_145.xyz,1.255105,INCLUDED_NO_FILTER,retained in no-S2-filter workflow,3.067849807221382,3.119643481142094,40.0,-9.69308325106689,-9.25938943127756,0.4336938197893287,-0.43369381978932964,-0.25103894365245694
CPBP_orca_146,CPBP,homodimer,146,/home/rb1820/BLA-ML/CPBP/orca_146/str_146.xyz,1.299381,INCLUDED_NO_FILTER,retained in no-S2-filter workflow,3.0371705693089663,3.0853371194415127,40.0,-11.81873976468597,-10.845614984840177,0.9731247798457927,-0.9731247798457936,-0.7574396936037626
CPBP_orca_147,CPBP,homodimer,147,/home/rb1820/BLA-ML/CPBP/orca_147/str_147.xyz,1.230479,INCLUDED_NO_FILTER,retained in no-S2-filter workflow,3.05637625408271,3.149634839229061,39.0,-10.88616072087424,-8.933790170339778,1.9523705505344637,-1.9523705505344626,-2.062919653391008
CPBP_orca_148,CPBP,homodimer,148,/home/rb1820/BLA-ML/CPBP/orca_148/str_148.xyz,1.08608,INCLUDED_NO_FILTER,retained in no-S2-filter workflow,2.860670748246538,3.048699764087732,46.0,-10.34823887946068,-7.3988392704906225,2.9493996089700567,-2.949399608970058,-3.0582288339646375
CPBP_orca_149,CPBP,homodimer,149,/home/rb1820/BLA-ML/CPBP/orca_149/str_149.xyz,1.326616,INCLUDED_NO_FILTER,retained in no-S2-filter workflow,3.002873318740608,3.160153940861318,36.0,-12.556513874612948,-13.16025304050051,-0.6037391658875612,0.6037391658875624,0.8858933942027125
CPBP_orca_150,CPBP,homodimer,150,/home/rb1820/BLA-ML/CPBP/orca_150/str_150.xyz,1.188816,INCLUDED_NO_FILTER,retained in no-S2-filter workflow,2.9409133116724377,3.0917598969731395,38.0,-10.961500895153883,-8.594725880454641,2.3667750146992432,-2.3667750146992415,-2.6977579694815557
CPBP_orca_151,CPBP,homodimer,151,/home/rb1820/BLA-ML/CPBP/orca_151/str_151.xyz,1.114462,INCLUDED_NO_FILTER,retained in no-S2-filter workflow,2.9573797652329863,3.0246510081948705,37.0,-9.46432573035186,-5.268946833064618,4.195378897287242,-4.195378897287242,-4.421223846305873
CPBP_orca_152,CPBP,homodimer,152,/home/rb1820/BLA-ML/CPBP/orca_152/str_152.xyz,1.36961,INCLUDED_NO_FILTER,retained in no-S2-filter workflow,3.1604867388799223,3.2278301632906112,40.0,-5.477537719795813,-4.857706555241564,0.6198311645542489,-0.6198311645542489,-0.7239386458893904
CPBP_orca_153,CPBP,homodimer,153,/home/rb1820/BLA-ML/CPBP/orca_153/str_153.xyz,1.196496,INCLUDED_NO_FILTER,retained in no-S2-filter workflow,3.02611519536669,3.1479884070977806,48.0,-9.129569074521786,-6.894798926884156,2.234770147637631,-2.2347701476376303,-2.4199598840378274
CPBP_orca_154,CPBP,homodimer,154,/home/rb1820/BLA-ML/CPBP/orca_154/str_154.xyz,1.337733,INCLUDED_NO_FILTER,retained in no-S2-filter workflow,3.144023233563931,3.199797470605939,33.0,-11.505402070428156,-12.525484719634031,-1.0200826492058739,1.0200826492058752,1.117733888654218
CPBP_orca_155,CPBP,homodimer,155,/home/rb1820/BLA-ML/CPBP/orca_155/str_155.xyz,1.073463,INCLUDED_NO_FILTER,retained in no-S2-filter workflow,2.922149576301824,3.033197848868104,44.0,-10.122477122640824,-5.4157077883401294,4.706769334300694,-4.706769334300694,-4.684455916245807
CPBP_orca_156,CPBP,homodimer,156,/home/rb1820/BLA-ML/CPBP/orca_156/str_156.xyz,0.400826,INCLUDED_NO_FILTER,retained in no-S2-filter workflow,2.8227097124534293,2.946074391130339,55.0,-9.826821830852166,3.3607538035270377,13.187575634379204,-13.187575634379204,-14.769538930354523
CPBP_orca_157,CPBP,homodimer,157,/home/rb1820/BLA-ML/CPBP/orca_157/str_157.xyz,1.292475,INCLUDED_NO_FILTER,retained in no-S2-filter workflow,3.014800726668857,3.0823925742172182,44.0,-12.018335966954918,-10.812774625530883,1.2055613414240343,-1.2055613414240351,-0.9907342255168654
CPBP_orca_158,CPBP,homodimer,158,/home/rb1820/BLA-ML/CPBP/orca_158/str_158.xyz,0.514711,INCLUDED_NO_FILTER,retained in no-S2-filter workflow,2.810810011321568,2.961007246810118,56.0,-9.513696814113718,2.220657966367196,11.734354780480915,-11.734354780480913,-12.892327191234177
CPBP_orca_159,CPBP,homodimer,159,/home/rb1820/BLA-ML/CPBP/orca_159/str_159.xyz,1.317949,INCLUDED_NO_FILTER,retained in no-S2-filter workflow,3.000897221992461,3.064275951625432,43.0,-11.170099853529132,-10.33921264750014,0.8308872060289908,-0.8308872060289918,-0.6326397273428395
CPBP_orca_160,CPBP,homodimer,160,/home/rb1820/BLA-ML/CPBP/orca_160/str_160.xyz,1.207361,INCLUDED_NO_FILTER,retained in no-S2-filter workflow,3.014249525238024,3.1573586539557086,37.0,-11.4938623055096,-9.197096522292622,2.296765783216977,-2.296765783216978,-2.0802531849673294
CPBP_orca_161,CPBP,homodimer,161,/home/rb1820/BLA-ML/CPBP/orca_161/str_161.xyz,1.351737,INCLUDED_NO_FILTER,retained in no-S2-filter workflow,3.179104269596614,3.2002323771199164,34.0,-13.602638613548056,-14.413927786774323,-0.8112891732262666,0.8112891732262675,0.8663569101231197
CPBP_orca_162,CPBP,homodimer,162,/home/rb1820/BLA-ML/CPBP/orca_162/str_162.xyz,1.082985,INCLUDED_NO_FILTER,retained in no-S2-filter workflow,2.8686349655062138,3.054206819815161,50.0,-10.358127009825772,-7.428779645552325,2.929347364273447,-2.929347364273447,-3.083653982186359
CPBP_orca_163,CPBP,homodimer,163,/home/rb1820/BLA-ML/CPBP/orca_163/str_163.xyz,1.195079,INCLUDED_NO_FILTER,retained in no-S2-filter workflow,3.0701940008569832,3.141323063928972,46.0,-8.96830669359951,-6.587510159662182,2.380796533937328,-2.3807965339373283,-2.474427507748011
CPBP_orca_164,CPBP,homodimer,164,/home/rb1820/BLA-ML/CPBP/orca_164/str_164.xyz,1.094652,INCLUDED_NO_FILTER,retained in no-S2-filter workflow,2.946372682494688,3.03868112973917,32.0,-9.731052609405557,-5.419080574431529,4.311972034974028,-4.311972034974028,-4.681903980935399
CPBP_orca_165,CPBP,homodimer,165,/home/rb1820/BLA-ML/CPBP/orca_165/str_165.xyz,1.092682,INCLUDED_NO_FILTER,retained in no-S2-filter workflow,2.9345637413885584,3.064353949202466,48.0,-10.078723071320576,-6.6563586104843715,3.4223644608362047,-3.4223644608362047,-3.5517820947139906
CPBP_orca_166,CPBP,homodimer,166,/home/rb1820/BLA-ML/CPBP/orca_166/str_166.xyz,1.100697,INCLUDED_NO_FILTER,retained in no-S2-filter workflow,2.9305048295637866,3.040463924097702,36.0,-9.846142667486529,-5.7079583647297305,4.138184302756798,-4.138184302756798,-4.480128316801231
CPBP_orca_167,CPBP,homodimer,167,/home/rb1820/BLA-ML/CPBP/orca_167/str_167.xyz,1.328314,INCLUDED_NO_FILTER,retained in no-S2-filter workflow,3.0984303395396524,3.180954284094143,47.0,-12.434299753413931,-13.084256898610079,-0.6499571451961484,0.6499571451961472,0.525720712300636
CPBP_orca_168,CPBP,homodimer,168,/home/rb1820/BLA-ML/CPBP/orca_168/str_168.xyz,1.319595,INCLUDED_NO_FILTER,retained in no-S2-filter workflow,2.9964813122238554,3.1510623860101425,37.0,-12.27515822336225,-12.819590165876635,-0.5444319425143826,0.5444319425143842,0.8643964100110448
CPBP_orca_169,CPBP,homodimer,169,/home/rb1820/BLA-ML/CPBP/orca_169/str_169.xyz,0.421882,INCLUDED_NO_FILTER,retained in no-S2-filter workflow,2.835346166490436,2.953440594181081,55.0,-9.815738581524817,3.068820203960923,12.884558785485739,-12.88455878548574,-14.30546449298214
CPBP_orca_170,CPBP,homodimer,170,/home/rb1820/BLA-ML/CPBP/orca_170/str_170.xyz,1.243598,INCLUDED_NO_FILTER,retained in no-S2-filter workflow,3.104906119493731,3.151255523570838,36.0,-10.519374912810811,-8.588861750293658,1.9305131625171534,-1.930513162517153,-2.072520425203047
CPBP_orca_171,CPBP,homodimer,171,/home/rb1820/BLA-ML/CPBP/orca_171/str_171.xyz,0.615993,INCLUDED_NO_FILTER,retained in no-S2-filter workflow,2.829435401472704,2.973244058655362,51.0,-9.27458127098808,1.0587965848909948,10.333377855879073,-10.333377855879075,-11.482051392432837
CPBP_orca_172,CPBP,homodimer,172,/home/rb1820/BLA-ML/CPBP/orca_172/str_172.xyz,1.364549,INCLUDED_NO_FILTER,retained in no-S2-filter workflow,2.930356693563376,3.069722233657856,35.0,-11.642409252285454,-10.750654141998323,0.8917551102871314,-0.8917551102871304,-0.8383668223821399
CPBP_orca_173,CPBP,homodimer,173,/home/rb1820/BLA-ML/CPBP/orca_173/str_173.xyz,1.333639,INCLUDED_NO_FILTER,retained in no-S2-filter workflow,3.15410771499678,3.1909256662616468,34.0,-10.703920196127068,-11.243984017479043,-0.5400638213519756,0.5400638213519748,0.6389533564926886
CPBP_orca_174,CPBP,homodimer,174,/home/rb1820/BLA-ML/CPBP/orca_174/str_174.xyz,1.131675,INCLUDED_NO_FILTER,retained in no-S2-filter workflow,2.955718870039095,3.077531184756606,48.0,-10.951288670273952,-7.753853952568695,3.197434717705257,-3.1974347177052564,-2.9330733874125325
CPBP_orca_175,CPBP,homodimer,175,/home/rb1820/BLA-ML/CPBP/orca_175/str_175.xyz,1.395526,INCLUDED_NO_FILTER,retained in no-S2-filter workflow,3.209284836076113,3.22555162919248,33.0,-10.987682600982929,-10.838370624091906,0.1493119768910224,-0.14931197689102227,-0.1879875685366681
CPBP_orca_176,CPBP,homodimer,176,/home/rb1820/BLA-ML/CPBP/orca_176/str_176.xyz,1.340353,INCLUDED_NO_FILTER,retained in no-S2-filter workflow,3.145413972147696,3.1859872130554128,35.0,-12.384463593027377,-11.995788823195385,0.3886747698319913,-0.3886747698319919,-0.3354272280182382
CPBP_orca_177,CPBP,homodimer,177,/home/rb1820/BLA-ML/CPBP/orca_177/str_177.xyz,1.122334,INCLUDED_NO_FILTER,retained in no-S2-filter workflow,2.927118679692335,3.0521470986376027,38.0,-11.182201385012851,-7.276880434510487,3.905320950502363,-3.9053209505023636,-3.940574253047843
CPBP_orca_178,CPBP,homodimer,178,/home/rb1820/BLA-ML/CPBP/orca_178/str_178.xyz,1.296128,INCLUDED_NO_FILTER,retained in no-S2-filter workflow,3.013560852572309,3.078148509114151,46.0,-11.958416483441242,-10.873159924461817,1.0852565589794263,-1.0852565589794256,-0.8838358046827075
CPBP_orca_179,CPBP,homodimer,179,/home/rb1820/BLA-ML/CPBP/orca_179/str_179.xyz,1.35601,INCLUDED_NO_FILTER,retained in no-S2-filter workflow,3.0262582398421234,3.115631305615984,40.0,-12.655166405967302,-12.152112045670584,0.5030543602967164,-0.5030543602967175,-0.45834197337089044
CPBP_orca_180,CPBP,homodimer,180,/home/rb1820/BLA-ML/CPBP/orca_180/str_180.xyz,1.280446,INCLUDED_NO_FILTER,retained in no-S2-filter workflow,3.028683426194992,3.1406174238119213,41.0,-11.051881799383793,-11.325819296426292,-0.27393749704249837,0.2739374970424997,0.4673939602196384
CPBP_orca_181,CPBP,homodimer,181,/home/rb1820/BLA-ML/CPBP/orca_181/str_181.xyz,1.358226,INCLUDED_NO_FILTER,retained in no-S2-filter workflow,3.191468909937527,3.204630812244809,29.0,-11.545723046873661,-12.572944812131732,-1.0272217652580722,1.027221765258071,1.0519485964078097
CPBP_orca_182,CPBP,homodimer,182,/home/rb1820/BLA-ML/CPBP/orca_182/str_182.xyz,1.334554,INCLUDED_NO_FILTER,retained in no-S2-filter workflow,2.993428696614844,3.0750449347979294,41.0,-11.59138822214966,-10.795198035620759,0.7961901865289023,-0.7961901865289018,-0.6562059477989752
CPBP_orca_183,CPBP,homodimer,183,/home/rb1820/BLA-ML/CPBP/orca_183/str_183.xyz,1.173994,INCLUDED_NO_FILTER,retained in no-S2-filter workflow,2.9438184979308635,3.0806558023084976,36.0,-10.850270721742852,-7.777034747495433,3.073235974247419,-3.073235974247419,-3.2634287286457084
CPBP_orca_184,CPBP,homodimer,184,/home/rb1820/BLA-ML/CPBP/orca_184/str_184.xyz,1.101128,INCLUDED_NO_FILTER,retained in no-S2-filter workflow,2.8929535915608526,3.057552372915917,49.0,-9.91930115393899,-6.905739895436159,3.013561258502833,-3.0135612585028317,-3.0686188471225604
CPBP_orca_185,CPBP,homodimer,185,/home/rb1820/BLA-ML/CPBP/orca_185/str_185.xyz,1.396072,INCLUDED_NO_FILTER,retained in no-S2-filter workflow,3.1399591665986564,3.22664731526419,35.0,-9.13773832480078,-9.198590739811973,-0.06085241501119142,0.06085241501119221,0.013606032399794188
CPBP_orca_186,CPBP,homodimer,186,/home/rb1820/BLA-ML/CPBP/orca_186/str_186.xyz,1.306917,INCLUDED_NO_FILTER,retained in no-S2-filter workflow,3.111465511538816,3.167845358348198,33.0,-14.243956475452705,-13.402290288203895,0.8416661872488104,-0.8416661872488103,-0.9275845730761674
CPBP_orca_187,CPBP,homodimer,187,/home/rb1820/BLA-ML/CPBP/orca_187/str_187.xyz,0.827638,INCLUDED_NO_FILTER,retained in no-S2-filter workflow,2.847139502351624,3.012221559275764,46.0,-8.834898972461527,-1.3600676817953408,7.474831290666187,-7.474831290666186,-8.18278477103405
CPBP_orca_188,CPBP,homodimer,188,/home/rb1820/BLA-ML/CPBP/orca_188/str_188.xyz,1.342014,INCLUDED_NO_FILTER,retained in no-S2-filter workflow,3.1162893961537947,3.186129763174804,33.0,-14.420190731086612,-15.566495155803134,-1.1463044247165226,1.1463044247165222,1.2399655773002003
CPBP_orca_189,CPBP,homodimer,189,/home/rb1820/BLA-ML/CPBP/orca_189/str_189.xyz,1.360662,INCLUDED_NO_FILTER,retained in no-S2-filter workflow,3.120045576795087,3.17199241203483,42.0,-11.121354098745863,-11.29070290784792,-0.1693488091020582,0.16934880910205763,0.15530514390824024
CPBP_orca_190,CPBP,homodimer,190,/home/rb1820/BLA-ML/CPBP/orca_190/str_190.xyz,1.065369,INCLUDED_NO_FILTER,retained in no-S2-filter workflow,3.033517361366713,3.112655311942546,48.0,-8.221343830759844,-4.435836034060994,3.7855077966988495,-3.78550779669885,-4.0225722301994775
CPBP_orca_191,CPBP,homodimer,191,/home/rb1820/BLA-ML/CPBP/orca_191/str_191.xyz,1.296999,INCLUDED_NO_FILTER,retained in no-S2-filter workflow,3.0403442521520616,3.0772534461397827,41.0,-11.399255653919425,-10.605466014167936,0.7937896397514898,-0.7937896397514894,-0.5619306345779123
CPBP_orca_192,CPBP,homodimer,192,/home/rb1820/BLA-ML/CPBP/orca_192/str_192.xyz,1.12261,INCLUDED_NO_FILTER,retained in no-S2-filter workflow,2.9779338590740325,3.0396214472872454,33.0,-9.925131179220859,-5.745621067368215,4.179510111852643,-4.179510111852644,-4.460949041800395
CPBP_orca_193,CPBP,homodimer,193,/home/rb1820/BLA-ML/CPBP/orca_193/str_193.xyz,0.529465,INCLUDED_NO_FILTER,retained in no-S2-filter workflow,2.81459635617524,2.9607146822898915,54.0,-9.487175940575243,2.0741874530202686,11.561363393595512,-11.561363393595512,-12.76564202445621
CPBP_orca_194,CPBP,homodimer,194,/home/rb1820/BLA-ML/CPBP/orca_194/str_194.xyz,1.080589,INCLUDED_NO_FILTER,retained in no-S2-filter workflow,2.9503842250239947,3.032587734534269,48.0,-10.499195639453081,-6.212659086729781,4.2865365527233,-4.2865365527233,-4.170295589111468
CPBP_orca_195,CPBP,homodimer,195,/home/rb1820/BLA-ML/CPBP/orca_195/str_195.xyz,1.333442,INCLUDED_NO_FILTER,retained in no-S2-filter workflow,3.0710932680832497,3.1647529750771257,37.0,-12.504179178272308,-14.276511665683548,-1.7723324874112403,1.7723324874112407,1.7479312320186082
CPBP_orca_196,CPBP,homodimer,196,/home/rb1820/BLA-ML/CPBP/orca_196/str_196.xyz,1.392408,INCLUDED_NO_FILTER,retained in no-S2-filter workflow,3.118068627494607,3.1950886198000217,33.0,-9.723600546074017,-9.904472070223298,-0.18087152414928181,0.1808715241492802,0.19605769647890448
CPBP_orca_197,CPBP,homodimer,197,/home/rb1820/BLA-ML/CPBP/orca_197/str_197.xyz,1.232528,INCLUDED_NO_FILTER,retained in no-S2-filter workflow,2.957429989313929,3.0924587936418586,43.0,-11.539231484072914,-9.492008971427756,2.047222512645157,-2.047222512645158,-2.157469280241589
CPBP_orca_199,CPBP,homodimer,199,/home/rb1820/BLA-ML/CPBP/orca_199/str_199.xyz,1.148832,INCLUDED_NO_FILTER,retained in no-S2-filter workflow,2.998409242400112,3.060673223080925,39.0,-10.820085285278402,-7.444396115491568,3.3756891697868343,-3.3756891697868348,-3.485671593853775
CPBP_orca_200,CPBP,homodimer,200,/home/rb1820/BLA-ML/CPBP/orca_200/str_200.xyz,1.355872,INCLUDED_NO_FILTER,retained in no-S2-filter workflow,3.040517014055191,3.100613301835678,29.0,-11.587007997230833,-11.169894414407668,0.4171135828231646,-0.41711358282316446,-0.3428409996677857
CPBP_orca_201,CPBP,homodimer,201,/home/rb1820/BLA-ML/CPBP/orca_201/str_201.xyz,0.838188,INCLUDED_NO_FILTER,retained in no-S2-filter workflow,2.8547763100973857,3.01284786449354,47.0,-8.829620170327425,-1.4528832105727427,7.376736959754683,-7.376736959754682,-7.834904919842706
CPBP_orca_202,CPBP,homodimer,202,/home/rb1820/BLA-ML/CPBP/orca_202/str_202.xyz,1.345784,INCLUDED_NO_FILTER,retained in no-S2-filter workflow,3.144926218922615,3.199632891874598,34.0,-13.012979098373396,-12.656698659746667,0.3562804386267294,-0.35628043862672953,-0.32246086877775326
CPBP_orca_203,CPBP,homodimer,203,/home/rb1820/BLA-ML/CPBP/orca_203/str_203.xyz,0.362586,INCLUDED_NO_FILTER,retained in no-S2-filter workflow,2.829953665568113,2.9507813882571514,53.0,-9.989294353137518,3.9293847640553654,13.918679117192884,-13.918679117192884,-15.762785248609855
CPBP_orca_204,CPBP,homodimer,204,/home/rb1820/BLA-ML/CPBP/orca_204/str_204.xyz,1.263908,INCLUDED_NO_FILTER,retained in no-S2-filter workflow,3.066532421735782,3.145141572482048,35.0,-11.199054026125932,-9.774931723268438,1.4241223028574928,-1.4241223028574943,-1.3802203219486984
CPBP_orca_205,CPBP,homodimer,205,/home/rb1820/BLA-ML/CPBP/orca_205/str_205.xyz,1.136437,INCLUDED_NO_FILTER,retained in no-S2-filter workflow,2.987617180268386,3.0373452819901496,48.0,-8.978893208940939,-5.991446089706465,2.9874471192344743,-2.9874471192344734,-2.47906524574024
CPBP_orca_206,CPBP,homodimer,206,/home/rb1820/BLA-ML/CPBP/orca_206/str_206.xyz,0.929926,INCLUDED_NO_FILTER,retained in no-S2-filter workflow,2.867409002815512,3.022412219673005,46.0,-8.371624914587112,-2.490314272649528,5.881310641937584,-5.881310641937585,-6.275759377699512
CPBP_orca_207,CPBP,homodimer,207,/home/rb1820/BLA-ML/CPBP/orca_207/str_207.xyz,0.506596,INCLUDED_NO_FILTER,retained in no-S2-filter workflow,2.8202477411400606,2.958733694926347,53.0,-9.70808811890181,2.197527563713606,11.905615682615414,-11.905615682615416,-13.24624523169897
CPBP_orca_208,CPBP,homodimer,208,/home/rb1820/BLA-ML/CPBP/orca_208/str_208.xyz,1.322188,INCLUDED_NO_FILTER,retained in no-S2-filter workflow,3.0859625370928483,3.1258920558993792,40.0,-11.811410849428423,-11.303998206551768,0.5074126428766564,-0.5074126428766554,-0.3168023671767308
CPBP_orca_209,CPBP,homodimer,209,/home/rb1820/BLA-ML/CPBP/orca_209/str_209.xyz,1.28419,INCLUDED_NO_FILTER,retained in no-S2-filter workflow,3.0826029395502865,3.143485524293256,45.0,-8.764334682616335,-8.123088895076979,0.6412457875393557,-0.641245787539356,-0.3780429905778835
CPBP_orca_210,CPBP,homodimer,210,/home/rb1820/BLA-ML/CPBP/orca_210/str_210.xyz,0.602126,INCLUDED_NO_FILTER,retained in no-S2-filter workflow,2.8181345839949743,2.9645196313983417,43.0,-12.737421448357962,-2.5800968148281718,10.157324633529791,-10.15732463352979,-10.280080298742492
CPBP_orca_211,CPBP,homodimer,211,/home/rb1820/BLA-ML/CPBP/orca_211/str_211.xyz,1.324793,INCLUDED_NO_FILTER,retained in no-S2-filter workflow,3.0093183619812374,3.1470074060658924,39.0,-10.400667969178421,-9.966542935945057,0.4341250332333643,-0.4341250332333644,-0.33968573984197903
CPBP_orca_212,CPBP,homodimer,212,/home/rb1820/BLA-ML/CPBP/orca_212/str_212.xyz,1.315145,INCLUDED_NO_FILTER,retained in no-S2-filter workflow,3.154420961694256,3.1754641651382074,38.0,-13.388197600898385,-13.699637978831104,-0.31144037793271856,0.31144037793271906,0.4248374443710734
CPBP_orca_213,CPBP,homodimer,213,/home/rb1820/BLA-ML/CPBP/orca_213/str_213.xyz,1.188986,INCLUDED_NO_FILTER,retained in no-S2-filter workflow,2.940983697871,3.091744456044812,38.0,-10.9047309907774,-8.512343463548634,2.392387527228767,-2.3923875272287667,-2.717485551243474
CPBP_orca_214,CPBP,homodimer,214,/home/rb1820/BLA-ML/CPBP/orca_214/str_214.xyz,1.263252,INCLUDED_NO_FILTER,retained in no-S2-filter workflow,3.0193590265594,3.1115688177252663,40.0,-9.236943622520428,-7.808041645956006,1.4289019765644229,-1.428901976564422,-1.3001630706152945
CPBP_orca_215,CPBP,homodimer,215,/home/rb1820/BLA-ML/CPBP/orca_215/str_215.xyz,1.325795,INCLUDED_NO_FILTER,retained in no-S2-filter workflow,3.124052321941078,3.181355429662206,33.0,-14.65707746403235,-14.112231297449311,0.5448461665830385,-0.5448461665830386,-0.6131649072257979
CPBP_orca_216,CPBP,homodimer,216,/home/rb1820/BLA-ML/CPBP/orca_216/str_216.xyz,1.347437,INCLUDED_NO_FILTER,retained in no-S2-filter workflow,3.1378451099204114,3.206488139746521,37.0,-13.790776433079824,-14.570099227755902,-0.7793227946760777,0.7793227946760783,0.8213707507146246
CPBP_orca_217,CPBP,homodimer,217,/home/rb1820/BLA-ML/CPBP/orca_217/str_217.xyz,1.323319,INCLUDED_NO_FILTER,retained in no-S2-filter workflow,2.973257153015244,3.107320685484229,41.0,-12.334845494585403,-11.842626393581352,0.4922191010040512,-0.49221910100405175,-0.4111705106820782
CPBP_orca_218,CPBP,homodimer,218,/home/rb1820/BLA-ML/CPBP/orca_218/str_218.xyz,1.365831,INCLUDED_NO_FILTER,retained in no-S2-filter workflow,3.145902094823271,3.2270047658868606,42.0,-11.211691319475575,-11.988097748341799,-0.7764064288662231,0.776406428866224,0.8348332017575757
CPBP_orca_219,CPBP,homodimer,219,/home/rb1820/BLA-ML/CPBP/orca_219/str_219.xyz,1.331845,INCLUDED_NO_FILTER,retained in no-S2-filter workflow,3.150230133638627,3.199058518331639,30.0,-14.17227125522998,-14.308372407740759,-0.1361011525107782,0.13610115251077914,0.03870435302838615
CPBP_orca_220,CPBP,homodimer,220,/home/rb1820/BLA-ML/CPBP/orca_220/str_220.xyz,0.853023,INCLUDED_NO_FILTER,retained in no-S2-filter workflow,2.854510060578674,3.0124230996578616,47.0,-8.581642106422745,-1.5878758435079092,6.9937662629148365,-6.993766262914836,-7.4894854070177175
CPBP_orca_221,CPBP,homodimer,221,/home/rb1820/BLA-ML/CPBP/orca_221/str_221.xyz,1.350643,INCLUDED_NO_FILTER,retained in no-S2-filter workflow,3.1327406841126253,3.202605193560103,35.0,-11.394859422399103,-11.178771824325214,0.21608759807388886,-0.216087598073889,-0.027787780816726837
CPBP_orca_222,CPBP,homodimer,222,/home/rb1820/BLA-ML/CPBP/orca_222/str_222.xyz,1.192479,INCLUDED_NO_FILTER,retained in no-S2-filter workflow,2.944411080771012,3.092947599234779,38.0,-11.166580556226018,-8.496898341263579,2.669682214962439,-2.669682214962439,-2.8521201875870172
CPBP_orca_223,CPBP,homodimer,223,/home/rb1820/BLA-ML/CPBP/orca_223/str_223.xyz,0.960784,INCLUDED_NO_FILTER,retained in no-S2-filter workflow,2.88721693120294,3.0353612878970218,47.0,-8.580891692928935,-3.1317418120056315,5.4491498809233025,-5.449149880923303,-5.910706275253863
CPBP_orca_224,CPBP,homodimer,224,/home/rb1820/BLA-ML/CPBP/orca_224/str_224.xyz,0.612956,INCLUDED_NO_FILTER,retained in no-S2-filter workflow,2.8294057913047417,2.9732920606344635,51.0,-9.181035703012055,1.1884361517727517,10.369471854784807,-10.369471854784807,-11.501668358947022
CPBP_orca_225,CPBP,homodimer,225,/home/rb1820/BLA-ML/CPBP/orca_225/str_225.xyz,1.321206,INCLUDED_NO_FILTER,retained in no-S2-filter workflow,2.985040931155634,3.149308394322607,37.0,-11.407249133776391,-11.570621146423482,-0.16337201264709192,0.16337201264709122,0.17707467383602982
CPBP_orca_226,CPBP,homodimer,226,/home/rb1820/BLA-ML/CPBP/orca_226/str_226.xyz,1.201728,INCLUDED_NO_FILTER,retained in no-S2-filter workflow,2.991389672148358,3.0920756523041235,33.0,-10.475889649006755,-8.5593528512056,1.916536797801153,-1.9165367978011538,-1.444217697639866
CPBP_orca_227,CPBP,homodimer,227,/home/rb1820/BLA-ML/CPBP/orca_227/str_227.xyz,1.111549,INCLUDED_NO_FILTER,retained in no-S2-filter workflow,2.869355798212481,3.0570119308210795,45.0,-10.769811730016945,-8.229773996947122,2.5400377330698225,-2.5400377330698234,-2.5990857996587753
CPBP_orca_228,CPBP,homodimer,228,/home/rb1820/BLA-ML/CPBP/orca_228/str_228.xyz,1.330407,INCLUDED_NO_FILTER,retained in no-S2-filter workflow,2.9445854277947507,3.033162482747738,37.0,-10.34319880548786,-9.648193785439348,0.6950050200485131,-0.6950050200485123,-0.5209554277742345
CPBP_orca_229,CPBP,homodimer,229,/home/rb1820/BLA-ML/CPBP/orca_229/str_229.xyz,1.203572,INCLUDED_NO_FILTER,retained in no-S2-filter workflow,3.011027709830426,3.0829434228831603,35.0,-10.521071895359269,-7.922963151181697,2.598108744177572,-2.598108744177572,-2.884464636146445
CPBP_orca_230,CPBP,homodimer,230,/home/rb1820/BLA-ML/CPBP/orca_230/str_230.xyz,1.275365,INCLUDED_NO_FILTER,retained in no-S2-filter workflow,3.080347585190288,3.144481598390038,33.0,-11.196073159073936,-9.925512520599874,1.2705606384740622,-1.2705606384740626,-1.2309770608942348
CPBP_orca_231,CPBP,homodimer,231,/home/rb1820/BLA-ML/CPBP/orca_231/str_231.xyz,1.343775,INCLUDED_NO_FILTER,retained in no-S2-filter workflow,3.064194824947736,3.186543964262376,34.0,-11.065834876011298,-11.677975892555626,-0.6121410165443271,0.612141016544328,0.9178694133387708
CPBP_orca_232,CPBP,homodimer,232,/home/rb1820/BLA-ML/CPBP/orca_232/str_232.xyz,1.386092,INCLUDED_NO_FILTER,retained in no-S2-filter workflow,3.133444164928662,3.19210047957092,35.0,-14.46505555146172,-14.22577875665752,0.2392767948042,-0.2392767948041996,-0.2462909567403937
CPBP_orca_233,CPBP,homodimer,233,/home/rb1820/BLA-ML/CPBP/orca_233/str_233.xyz,1.392343,INCLUDED_NO_FILTER,retained in no-S2-filter workflow,3.2129800155133768,3.2427833649705256,38.0,-5.258026624041471,-5.062429892294301,0.19559673174717015,-0.19559673174716963,-0.2585118738000176
CPBP_orca_234,CPBP,homodimer,234,/home/rb1820/BLA-ML/CPBP/orca_234/str_234.xyz,1.342346,INCLUDED_NO_FILTER,retained in no-S2-filter workflow,3.105968599011024,3.170480730523477,36.0,-13.45776685786698,-14.285454762792208,-0.8276879049252288,0.8276879049252273,0.9266115225717684
CPBP_orca_235,CPBP,homodimer,235,/home/rb1820/BLA-ML/CPBP/orca_235/str_235.xyz,1.357987,INCLUDED_NO_FILTER,retained in no-S2-filter workflow,3.06246474909882,3.1594788374922564,35.0,-12.545564977381387,-12.133923334589443,0.4116416427919439,-0.4116416427919436,-0.38424298948881663
CPBP_orca_236,CPBP,homodimer,236,/home/rb1820/BLA-ML/CPBP/orca_236/str_236.xyz,1.100168,INCLUDED_NO_FILTER,retained in no-S2-filter workflow,2.9092341528787315,3.0580412226852625,43.0,-8.929248522242068,-5.479835775584469,3.449412746657598,-3.4494127466575986,-3.5393088809643984
CPBP_orca_237,CPBP,homodimer,237,/home/rb1820/BLA-ML/CPBP/orca_237/str_237.xyz,1.386548,INCLUDED_NO_FILTER,retained in no-S2-filter workflow,3.169327791064525,3.209668707850537,35.0,-9.669537266324632,-9.461461909557949,0.20807535676668185,-0.20807535676668287,-0.23295349978456592
CPBP_orca_238,CPBP,homodimer,238,/home/rb1820/BLA-ML/CPBP/orca_238/str_238.xyz,0.900251,INCLUDED_NO_FILTER,retained in no-S2-filter workflow,2.879882800148965,3.0221632464571875,46.0,-8.598320279774304,-2.264048087443333,6.334272192330971,-6.334272192330971,-6.849804911265048
CPBP_orca_239,CPBP,homodimer,239,/home/rb1820/BLA-ML/CPBP/orca_239/str_239.xyz,1.352266,INCLUDED_NO_FILTER,retained in no-S2-filter workflow,2.995246240426658,3.0630158232354843,37.0,-9.80538674111579,-9.457507885765127,0.34787885535066343,-0.3478788553506629,-0.21176968718287803
CPBP_orca_240,CPBP,homodimer,240,/home/rb1820/BLA-ML/CPBP/orca_240/str_240.xyz,1.121429,INCLUDED_NO_FILTER,retained in no-S2-filter workflow,2.919736977492104,3.064867213139744,38.0,-9.937509204606233,-6.884440923021833,3.0530682815844,-3.0530682815844,-3.078179247123275
CPBP_orca_241,CPBP,homodimer,241,/home/rb1820/BLA-ML/CPBP/orca_241/str_241.xyz,1.331949,INCLUDED_NO_FILTER,retained in no-S2-filter workflow,3.0284112415920386,3.128402317151376,46.0,-13.739536559117788,-13.609053200384487,0.1304833587332996,-0.13048335873330075,-0.21757339432697975
CPBP_orca_242,CPBP,homodimer,242,/home/rb1820/BLA-ML/CPBP/orca_242/str_242.xyz,1.321763,INCLUDED_NO_FILTER,retained in no-S2-filter workflow,2.9971729250297776,3.141473834569769,38.0,-13.533912921856537,-14.360788209465253,-0.8268752876087165,0.8268752876087166,0.8390358102455728
CPBP_orca_243,CPBP,homodimer,243,/home/rb1820/BLA-ML/CPBP/orca_243/str_243.xyz,1.190391,INCLUDED_NO_FILTER,retained in no-S2-filter workflow,2.9986742775781123,3.06706199188251,38.0,-9.789702831314932,-7.026927167452795,2.7627756638621355,-2.7627756638621364,-2.9296777600706694
CPBP_orca_244,CPBP,homodimer,244,/home/rb1820/BLA-ML/CPBP/orca_244/str_244.xyz,0.995088,INCLUDED_NO_FILTER,retained in no-S2-filter workflow,2.8635036224123613,3.035061714412125,44.0,-8.428371853900662,-3.458578021433183,4.969793832467479,-4.969793832467479,-5.236337467729248
CPBP_orca_245,CPBP,homodimer,245,/home/rb1820/BLA-ML/CPBP/orca_245/str_245.xyz,1.315399,INCLUDED_NO_FILTER,retained in no-S2-filter workflow,3.038276489706996,3.0882443253644727,45.0,-11.555029945529853,-10.819954673658831,0.7350752718710218,-0.7350752718710218,-0.5585234372265084
CPBP_orca_246,CPBP,homodimer,246,/home/rb1820/BLA-ML/CPBP/orca_246/str_246.xyz,1.312286,INCLUDED_NO_FILTER,retained in no-S2-filter workflow,3.0905525629398376,3.1424455714081665,35.0,-12.180851313526713,-12.007334175428888,0.1735171380978255,-0.1735171380978251,-0.006442483959533618
CPBP_orca_247,CPBP,homodimer,247,/home/rb1820/BLA-ML/CPBP/orca_247/str_247.xyz,1.076537,INCLUDED_NO_FILTER,retained in no-S2-filter workflow,2.97155443265031,3.0477177438932443,37.0,-9.539188636645395,-5.417061250324091,4.122127386321304,-4.122127386321305,-4.0473296135071575
CPBP_orca_248,CPBP,homodimer,248,/home/rb1820/BLA-ML/CPBP/orca_248/str_248.xyz,1.087179,INCLUDED_NO_FILTER,retained in no-S2-filter workflow,3.033756044180542,3.105633530189274,35.0,-7.265525691329105,-2.502066106988975,4.76345958434013,-4.76345958434013,-5.118884305035501
CPBP_orca_249,CPBP,homodimer,249,/home/rb1820/BLA-ML/CPBP/orca_249/str_249.xyz,1.381512,INCLUDED_NO_FILTER,retained in no-S2-filter workflow,3.147605090647376,3.23536313029535,30.0,-11.949641330233314,-12.152190397632483,-0.2025490673991691,0.20254906739916834,0.15357035894383841
CPBP_orca_250,CPBP,homodimer,250,/home/rb1820/BLA-ML/CPBP/orca_250/str_250.xyz,1.388467,INCLUDED_NO_FILTER,retained in no-S2-filter workflow,3.1726628020212964,3.233985171016917,30.0,-12.764413634740787,-12.657577327515373,0.1068363072254153,-0.10683630722541437,-0.11969934773287605
CPBP_orca_251,CPBP,homodimer,251,/home/rb1820/BLA-ML/CPBP/orca_251/str_251.xyz,1.112627,INCLUDED_NO_FILTER,retained in no-S2-filter workflow,2.867577269269441,3.0438672162337803,43.0,-8.599527495073668,-5.4385211756468665,3.1610063194268014,-3.161006319426801,-3.130079801621547
CPBP_orca_252,CPBP,homodimer,252,/home/rb1820/BLA-ML/CPBP/orca_252/str_252.xyz,1.329976,INCLUDED_NO_FILTER,retained in no-S2-filter workflow,3.0951519095961046,3.155190009802469,40.0,-11.719822610619392,-11.949887360427393,-0.23006474980800076,0.23006474980800107,0.22995504442975445
CPBP_orca_253,CPBP,homodimer,253,/home/rb1820/BLA-ML/CPBP/orca_253/str_253.xyz,1.363973,INCLUDED_NO_FILTER,retained in no-S2-filter workflow,3.1533974594195966,3.227156212528814,30.0,-9.192616166868653,-9.83285379077057,-0.6402376239019177,0.6402376239019176,0.6340665574369098
CPBP_orca_254,CPBP,homodimer,254,/home/rb1820/BLA-ML/CPBP/orca_254/str_254.xyz,1.349615,INCLUDED_NO_FILTER,retained in no-S2-filter workflow,3.205778423492749,3.228022729595636,31.0,-11.607912597380697,-11.903190883238551,-0.2952782858578537,0.29527828585785443,0.5167433708440967
CPBP_orca_255,CPBP,homodimer,255,/home/rb1820/BLA-ML/CPBP/orca_255/str_255.xyz,1.21443,INCLUDED_NO_FILTER,retained in no-S2-filter workflow,3.004723463502586,3.1006008091506145,32.0,-10.20941059162636,-8.578419850814308,1.6309907408120536,-1.6309907408120523,-1.1448563365380675
CPBP_orca_256,CPBP,homodimer,256,/home/rb1820/BLA-ML/CPBP/orca_256/str_256.xyz,1.153,INCLUDED_NO_FILTER,retained in no-S2-filter workflow,2.9521047958878586,3.0604718246650924,39.0,-9.098234123341799,-6.3742566449114255,2.7239774784303723,-2.723977478430373,-2.7531453512549726
CPBP_orca_257,CPBP,homodimer,257,/home/rb1820/BLA-ML/CPBP/orca_257/str_257.xyz,1.288889,INCLUDED_NO_FILTER,retained in no-S2-filter workflow,2.9208607918918426,3.120434390699581,34.0,-11.187686409576871,-10.741717328193431,0.44596908138343927,-0.44596908138344027,-0.44232358295050034
CPBP_orca_258,CPBP,homodimer,258,/home/rb1820/BLA-ML/CPBP/orca_258/str_258.xyz,1.004053,INCLUDED_NO_FILTER,retained in no-S2-filter workflow,3.111928140794661,3.1514984470067384,54.0,-3.0835041918419255,3.6856239823578405,6.769128174199766,-6.769128174199766,-7.771015910968716
CPBP_orca_259,CPBP,homodimer,259,/home/rb1820/BLA-ML/CPBP/orca_259/str_259.xyz,1.203009,INCLUDED_NO_FILTER,retained in no-S2-filter workflow,2.9021290056585505,3.0776995974649606,41.0,-9.862251399847585,-8.060121334363103,1.802130065484483,-1.8021300654844818,-1.8150792879898319
CPBP_orca_260,CPBP,homodimer,260,/home/rb1820/BLA-ML/CPBP/orca_260/str_260.xyz,1.216457,INCLUDED_NO_FILTER,retained in no-S2-filter workflow,2.95906075328062,3.093412186357785,43.0,-11.196187457902589,-8.772180530945013,2.4240069269575746,-2.424006926957576,-2.515878607733253
CPBP_orca_261,CPBP,homodimer,261,/home/rb1820/BLA-ML/CPBP/orca_261/str_261.xyz,1.312607,INCLUDED_NO_FILTER,retained in no-S2-filter workflow,3.130372017980845,3.164934194250222,39.0,-8.52604632777124,-7.490431128498606,1.0356151992726352,-1.0356151992726348,-1.141572649249242
CPBP_orca_262,CPBP,homodimer,262,/home/rb1820/BLA-ML/CPBP/orca_262/str_262.xyz,1.349921,INCLUDED_NO_FILTER,retained in no-S2-filter workflow,3.130574195511333,3.187168311998716,34.0,-12.505998098119614,-12.610759832737388,-0.10476173461777345,0.1047617346177745,0.25290163279746913
CPBP_orca_263,CPBP,homodimer,263,/home/rb1820/BLA-ML/CPBP/orca_263/str_263.xyz,1.345685,INCLUDED_NO_FILTER,retained in no-S2-filter workflow,2.988951905438157,3.1099499820058734,36.0,-11.192560794550015,-10.418120871402062,0.7744399231479534,-0.7744399231479537,-0.7138326763973222
CPBP_orca_264,CPBP,homodimer,264,/home/rb1820/BLA-ML/CPBP/orca_264/str_264.xyz,1.375005,INCLUDED_NO_FILTER,retained in no-S2-filter workflow,3.233880078496133,3.2565038561935147,29.0,-10.506915284376758,-10.925588060512217,-0.41867277613545995,0.41867277613545895,0.46774972107718327
CPBP_orca_265,CPBP,homodimer,265,/home/rb1820/BLA-ML/CPBP/orca_265/str_265.xyz,1.312431,INCLUDED_NO_FILTER,retained in no-S2-filter workflow,3.120705503284488,3.1761343226642587,37.0,-11.871950460980843,-10.687482807228493,1.1844676537523489,-1.1844676537523497,-1.0275838527554892
CPBP_orca_266,CPBP,homodimer,266,/home/rb1820/BLA-ML/CPBP/orca_266/str_266.xyz,1.377552,INCLUDED_NO_FILTER,retained in no-S2-filter workflow,3.197202779014762,3.2291359275473503,33.0,-11.637048197912607,-11.705390077307841,-0.06834187939523491,0.06834187939523417,0.08870524571150185
CPBP_orca_267,CPBP,homodimer,267,/home/rb1820/BLA-ML/CPBP/orca_267/str_267.xyz,1.252794,INCLUDED_NO_FILTER,retained in no-S2-filter workflow,2.8914633295681127,3.0966400296730456,41.0,-10.3533966143533,-9.340155675387795,1.0132409389655048,-1.013240938965506,-1.0094516182477555
CPBP_orca_268,CPBP,homodimer,268,/home/rb1820/BLA-ML/CPBP/orca_268/str_268.xyz,1.274935,INCLUDED_NO_FILTER,retained in no-S2-filter workflow,3.110279694877123,3.162718537683617,38.0,-13.864155026068879,-12.535056236436715,1.3290987896321644,-1.3290987896321642,-1.3676518314809982
CPBP_orca_269,CPBP,homodimer,269,/home/rb1820/BLA-ML/CPBP/orca_269/str_269.xyz,1.375524,INCLUDED_NO_FILTER,retained in no-S2-filter workflow,3.194024305750311,3.2306284478609646,34.0,-13.471634221715988,-13.765361021788445,-0.29372680007245766,0.29372680007245755,0.2706958162959925
CPBP_orca_270,CPBP,homodimer,270,/home/rb1820/BLA-ML/CPBP/orca_270/str_270.xyz,1.165796,INCLUDED_NO_FILTER,retained in no-S2-filter workflow,3.0061434810208887,3.0677547078494216,37.0,-10.42352928440428,-7.084910696275409,3.338618588128871,-3.3386185881288712,-3.4780988946960703
CPBP_orca_271,CPBP,homodimer,271,/home/rb1820/BLA-ML/CPBP/orca_271/str_271.xyz,1.140426,INCLUDED_NO_FILTER,retained in no-S2-filter workflow,2.7973830913107025,3.02597325989952,39.0,-11.658414872432799,-8.465024695305354,3.1933901771274433,-3.193390177127444,-3.254560312158468
CPBP_orca_272,CPBP,homodimer,272,/home/rb1820/BLA-ML/CPBP/orca_272/str_272.xyz,1.28519,INCLUDED_NO_FILTER,retained in no-S2-filter workflow,3.139957374157075,3.195241407316207,42.0,-10.368040135292535,-10.512948748989325,-0.14490861369679026,0.1449086136967903,0.31032936245946985
CPBP_orca_273,CPBP,homodimer,273,/home/rb1820/BLA-ML/CPBP/orca_273/str_273.xyz,1.342047,INCLUDED_NO_FILTER,retained in no-S2-filter workflow,3.105517992556164,3.1848739580953604,34.0,-12.639705534473913,-12.583967798072624,0.05573773640128889,-0.055737736401288984,-0.040632392879080825
CPBP_orca_274,CPBP,homodimer,274,/home/rb1820/BLA-ML/CPBP/orca_274/str_274.xyz,1.28117,INCLUDED_NO_FILTER,retained in no-S2-filter workflow,3.103381101642486,3.147032171597421,37.0,-12.321612528400838,-10.842563387460345,1.4790491409404938,-1.479049140940493,-1.3989550271095492
CPBP_orca_275,CPBP,homodimer,275,/home/rb1820/BLA-ML/CPBP/orca_275/str_275.xyz,1.362979,INCLUDED_NO_FILTER,retained in no-S2-filter workflow,3.098566826061153,3.1493581222170315,35.0,-13.37491691310873,-13.13903048931402,0.23588642379470923,-0.23588642379471025,-0.23362496351844797
CPBP_orca_276,CPBP,homodimer,276,/home/rb1820/BLA-ML/CPBP/orca_276/str_276.xyz,1.366803,INCLUDED_NO_FILTER,retained in no-S2-filter workflow,3.1370251200453225,3.235805584226798,29.0,-12.462008286934818,-12.90702610911507,-0.4450178221802517,0.44501782218025276,0.40179622133288895
CPBP_orca_277,CPBP,homodimer,277,/home/rb1820/BLA-ML/CPBP/orca_277/str_277.xyz,1.125527,INCLUDED_NO_FILTER,retained in no-S2-filter workflow,2.9011262243436287,3.035464925673697,45.0,-12.770438014402083,-9.674636589805973,3.0958014245961105,-3.095801424596111,-3.0772045129512335
CPBP_orca_278,CPBP,homodimer,278,/home/rb1820/BLA-ML/CPBP/orca_278/str_278.xyz,1.373331,INCLUDED_NO_FILTER,retained in no-S2-filter workflow,3.081736078681657,3.224153575946344,25.0,-10.99303900744026,-10.974767918277374,0.018271089162885452,-0.018271089162885445,0.08009724005365193
CPBP_orca_279,CPBP,homodimer,279,/home/rb1820/BLA-ML/CPBP/orca_279/str_279.xyz,1.124928,INCLUDED_NO_FILTER,retained in no-S2-filter workflow,2.9740622679231628,3.061613534549987,33.0,-10.494679096605335,-6.492566205464238,4.002112891141097,-4.002112891141097,-4.329853356369929
CPBP_orca_280,CPBP,homodimer,280,/home/rb1820/BLA-ML/CPBP/orca_280/str_280.xyz,1.170037,INCLUDED_NO_FILTER,retained in no-S2-filter workflow,2.906125438583786,3.06768813421418,44.0,-9.354418063544912,-6.9438162628410875,2.4106018007038243,-2.410601800703825,-2.4027146472900327
CPBP_orca_281,CPBP,homodimer,281,/home/rb1820/BLA-ML/CPBP/orca_281/str_281.xyz,1.329493,INCLUDED_NO_FILTER,retained in no-S2-filter workflow,2.9728856173215643,3.1376388108711364,39.0,-12.029221840244107,-12.665687832228551,-0.6364659919844441,0.6364659919844442,0.8842544868923348
CPBP_orca_282,CPBP,homodimer,282,/home/rb1820/BLA-ML/CPBP/orca_282/str_282.xyz,1.35667,INCLUDED_NO_FILTER,retained in no-S2-filter workflow,3.127439245591189,3.170793858867896,29.0,-12.241038969609503,-12.56844489653972,-0.32740592693021714,0.32740592693021675,0.42079010229046965
CPBP_orca_283,CPBP,homodimer,283,/home/rb1820/BLA-ML/CPBP/orca_283/str_283.xyz,1.199174,INCLUDED_NO_FILTER,retained in no-S2-filter workflow,2.9739314499409115,3.0348650928391008,35.0,-8.32239677990967,-5.038731067664595,3.283665712245075,-3.2836657122450754,-3.3308424093540037
CPBP_orca_284,CPBP,homodimer,284,/home/rb1820/BLA-ML/CPBP/orca_284/str_284.xyz,1.194442,INCLUDED_NO_FILTER,retained in no-S2-filter workflow,2.997687564865759,3.050571313849807,33.0,-9.9856674035706,-7.216009366770554,2.7696580368000454,-2.7696580368000463,-3.0501031325035166
CPBP_orca_285,CPBP,homodimer,285,/home/rb1820/BLA-ML/CPBP/orca_285/str_285.xyz,1.368458,INCLUDED_NO_FILTER,retained in no-S2-filter workflow,3.116612200441572,3.1831553274401747,35.0,-12.18870383296105,-12.452124246039109,-0.26342041307805775,0.26342041307805886,0.22520105447232908
CPBP_orca_286,CPBP,homodimer,286,/home/rb1820/BLA-ML/CPBP/orca_286/str_286.xyz,1.326291,INCLUDED_NO_FILTER,retained in no-S2-filter workflow,3.022256612803986,3.0928450136377297,39.0,-11.34762950130957,-10.480685711409903,0.866943789899666,-0.8669437898996666,-0.7454419042486471
CPBP_orca_287,CPBP,homodimer,287,/home/rb1820/BLA-ML/CPBP/orca_287/str_287.xyz,1.369172,INCLUDED_NO_FILTER,retained in no-S2-filter workflow,3.1647079659392445,3.19793334880669,31.0,-13.729799840421997,-13.601220307892028,0.1285795325299686,-0.1285795325299688,-0.12246838154277562
CPBP_orca_288,CPBP,homodimer,288,/home/rb1820/BLA-ML/CPBP/orca_288/str_288.xyz,1.38242,INCLUDED_NO_FILTER,retained in no-S2-filter workflow,3.189381518939727,3.207148259397537,34.0,-11.469773669496679,-11.472837664551953,-0.0030639950552745704,0.0030639950552746598,0.031308973578468624
CPBP_orca_289,CPBP,homodimer,289,/home/rb1820/BLA-ML/CPBP/orca_289/str_289.xyz,1.141271,INCLUDED_NO_FILTER,retained in no-S2-filter workflow,2.8880483285003504,3.040953644844444,47.0,-12.375635342920607,-9.652275648025423,2.723359694895183,-2.7233596948951835,-2.669197802680404
CPBP_orca_290,CPBP,homodimer,290,/home/rb1820/BLA-ML/CPBP/orca_290/str_290.xyz,1.335959,INCLUDED_NO_FILTER,retained in no-S2-filter workflow,3.090656134413805,3.152369291308159,37.0,-11.549387850927374,-12.324164166390213,-0.7747763154628394,0.7747763154628391,0.8090807761838459
CPBP_orca_291,CPBP,homodimer,291,/home/rb1820/BLA-ML/CPBP/orca_291/str_291.xyz,1.370913,INCLUDED_NO_FILTER,retained in no-S2-filter workflow,3.0090503594476083,3.1259081588338944,38.0,-11.116303298726354,-10.287864259492322,0.8284390392340326,-0.8284390392340324,-0.8260823324426116
CPBP_orca_292,CPBP,homodimer,292,/home/rb1820/BLA-ML/CPBP/orca_292/str_292.xyz,1.267252,INCLUDED_NO_FILTER,retained in no-S2-filter workflow,3.096338767673845,3.148730282874326,35.0,-12.892924570566711,-11.516566351802284,1.3763582187644254,-1.3763582187644268,-1.4833328850901992
CPBP_orca_293,CPBP,homodimer,293,/home/rb1820/BLA-ML/CPBP/orca_293/str_293.xyz,1.285976,INCLUDED_NO_FILTER,retained in no-S2-filter workflow,3.099271178313248,3.1526108324253226,38.0,-12.774918867490875,-11.455705459367579,1.319213408123297,-1.3192134081232965,-1.2482884800684317
CPBP_orca_294,CPBP,homodimer,294,/home/rb1820/BLA-ML/CPBP/orca_294/str_294.xyz,1.325878,INCLUDED_NO_FILTER,retained in no-S2-filter workflow,3.1573086698758086,3.175316302183521,38.0,-12.71528375319642,-12.905027568506583,-0.18974381531016274,0.1897438153101625,0.2674646830980123
CPBP_orca_295,CPBP,homodimer,295,/home/rb1820/BLA-ML/CPBP/orca_295/str_295.xyz,1.096968,INCLUDED_NO_FILTER,retained in no-S2-filter workflow,2.774761634797213,3.068127225388926,35.0,-12.55003312232494,-8.961942582931558,3.5880905393933813,-3.5880905393933826,-3.3831248575117767
CPBP_orca_296,CPBP,homodimer,296,/home/rb1820/BLA-ML/CPBP/orca_296/str_296.xyz,1.375144,INCLUDED_NO_FILTER,retained in no-S2-filter workflow,3.1941705227554844,3.2305301801702404,34.0,-13.449588031820486,-13.74347447985802,-0.29388644803753505,0.2938864480375347,0.2755452910419347
CPBP_orca_297,CPBP,homodimer,297,/home/rb1820/BLA-ML/CPBP/orca_297/str_297.xyz,1.232158,INCLUDED_NO_FILTER,retained in no-S2-filter workflow,2.9479645329522937,3.0439289153394857,34.0,-8.60972647191051,-6.0369188738679425,2.572807598042569,-2.5728075980425684,-2.488535270579714
CPBP_orca_298,CPBP,homodimer,298,/home/rb1820/BLA-ML/CPBP/orca_298/str_298.xyz,1.133925,INCLUDED_NO_FILTER,retained in no-S2-filter workflow,2.834024911109276,3.072946281180613,32.0,-12.368945156209982,-9.064913371087972,3.30403178512201,-3.3040317851220102,-3.1437607247209165
CPBP_orca_299,CPBP,homodimer,299,/home/rb1820/BLA-ML/CPBP/orca_299/str_299.xyz,1.13037,INCLUDED_NO_FILTER,retained in no-S2-filter workflow,2.92031012557017,3.0372042011964204,42.0,-12.989427240101847,-9.949322697448725,3.0401045426531206,-3.040104542653122,-3.025922423884213
CPBP_orca_300,CPBP,homodimer,300,/home/rb1820/BLA-ML/CPBP/orca_300/str_300.xyz,1.361316,INCLUDED_NO_FILTER,retained in no-S2-filter workflow,3.111866426154087,3.219743675146882,31.0,-12.222625800278136,-12.540232203725344,-0.3176064034472075,0.3176064034472077,0.3050556858041631
CPBP_orca_301,CPBP,homodimer,301,/home/rb1820/BLA-ML/CPBP/orca_301/str_301.xyz,1.388586,INCLUDED_NO_FILTER,retained in no-S2-filter workflow,3.1908074932610857,3.2166960232946047,32.0,-13.051895077416557,-13.027351874809419,0.024543202607137233,-0.024543202607137715,-0.02226396766038441
CPBP_orca_302,CPBP,homodimer,302,/home/rb1820/BLA-ML/CPBP/orca_302/str_302.xyz,1.159719,INCLUDED_NO_FILTER,retained in no-S2-filter workflow,2.9498904179299297,3.0484999876061627,50.0,-12.681579939994638,-10.25224359119927,2.4293363487953665,-2.429336348795367,-2.368409308575067
CPBP_orca_303,CPBP,homodimer,303,/home/rb1820/BLA-ML/CPBP/orca_303/str_303.xyz,1.36689,INCLUDED_NO_FILTER,retained in no-S2-filter workflow,3.1206754424163483,3.188293308939131,35.0,-13.448753552636116,-13.706411849993637,-0.25765829735751994,0.257658297357521,0.3486662904183433
CPBP_orca_304,CPBP,homodimer,304,/home/rb1820/BLA-ML/CPBP/orca_304/str_304.xyz,1.121625,INCLUDED_NO_FILTER,retained in no-S2-filter workflow,2.9469111967888058,3.037707645583027,40.0,-12.923447851819647,-9.546643153487349,3.3768046983322977,-3.3768046983322986,-3.3899027711737593
CPBP_orca_305,CPBP,homodimer,305,/home/rb1820/BLA-ML/CPBP/orca_305/str_305.xyz,1.372346,INCLUDED_NO_FILTER,retained in no-S2-filter workflow,3.0934525135861377,3.1836275352054884,33.0,-14.15509129277073,-14.145211698898317,0.00987959387241537,-0.009879593872414105,0.03230180148171158
CPBP_orca_306,CPBP,homodimer,306,/home/rb1820/BLA-ML/CPBP/orca_306/str_306.xyz,1.362339,INCLUDED_NO_FILTER,retained in no-S2-filter workflow,3.1411703421775403,3.1984199204828383,34.0,-12.383203394401763,-12.304220632636595,0.07898276176516889,-0.07898276176516816,-0.09848871263214676
CPBP_orca_307,CPBP,homodimer,307,/home/rb1820/BLA-ML/CPBP/orca_307/str_307.xyz,1.343952,INCLUDED_NO_FILTER,retained in no-S2-filter workflow,2.9469545406568,2.988926900326723,47.0,-5.024159841387239,-4.868906022431938,0.15525381895530074,-0.155253818955301,0.0010371863226810163
CPBP_orca_308,CPBP,homodimer,308,/home/rb1820/BLA-ML/CPBP/orca_308/str_308.xyz,1.192808,INCLUDED_NO_FILTER,retained in no-S2-filter workflow,2.8358824682367136,3.060648793872546,34.0,-12.283596911203578,-9.88887620001228,2.3947207111912974,-2.3947207111912974,-2.338827643015211
CPBP_orca_309,CPBP,homodimer,309,/home/rb1820/BLA-ML/CPBP/orca_309/str_309.xyz,1.23457,INCLUDED_NO_FILTER,retained in no-S2-filter workflow,2.97342151369627,3.051451378113062,35.0,-8.738392704843953,-6.144107054665161,2.5942856501787923,-2.594285650178792,-2.521106975370227
CPBP_orca_310,CPBP,homodimer,310,/home/rb1820/BLA-ML/CPBP/orca_310/str_310.xyz,1.24984,INCLUDED_NO_FILTER,retained in no-S2-filter workflow,3.031789489951918,3.1270488855515346,33.0,-11.73112969240628,-10.23754443738224,1.4935852550240383,-1.4935852550240387,-1.7159848547470595
CPBP_orca_311,CPBP,homodimer,311,/home/rb1820/BLA-ML/CPBP/orca_311/str_311.xyz,1.347397,INCLUDED_NO_FILTER,retained in no-S2-filter workflow,3.089455843655582,3.150317606219061,41.0,-9.700900084451932,-10.070161786432077,-0.3692617019801463,0.36926170198014496,0.3444508779721165
CPBP_orca_312,CPBP,homodimer,312,/home/rb1820/BLA-ML/CPBP/orca_312/str_312.xyz,1.130719,INCLUDED_NO_FILTER,retained in no-S2-filter workflow,2.894957839699806,3.0400987682427663,45.0,-12.559241127789456,-9.629893983812593,2.9293471439768615,-2.9293471439768624,-2.8802759618555402
CPBP_orca_313,CPBP,homodimer,313,/home/rb1820/BLA-ML/CPBP/orca_313/str_313.xyz,1.176829,INCLUDED_NO_FILTER,retained in no-S2-filter workflow,2.9550532247847414,3.065545273941084,42.0,-12.41856417978347,-10.240874109263194,2.1776900705202755,-2.177690070520276,-2.1538424080806036
CPBP_orca_314,CPBP,homodimer,314,/home/rb1820/BLA-ML/CPBP/orca_314/str_314.xyz,1.355634,INCLUDED_NO_FILTER,retained in no-S2-filter workflow,3.021620895376724,3.1099140699895207,38.0,-12.98899911623181,-12.798391635007963,0.19060748122384658,-0.19060748122384652,-0.19214087238932898
CPBP_orca_315,CPBP,homodimer,315,/home/rb1820/BLA-ML/CPBP/orca_315/str_315.xyz,1.36371,INCLUDED_NO_FILTER,retained in no-S2-filter workflow,3.12205218106319,3.1975315476095405,31.0,-13.985006525854153,-14.285149315584302,-0.3001427897301494,0.30014278973014896,0.24344855570282853
CPBP_orca_316,CPBP,homodimer,316,/home/rb1820/BLA-ML/CPBP/orca_316/str_316.xyz,1.379808,INCLUDED_NO_FILTER,retained in no-S2-filter workflow,3.2071397699486828,3.245899355132684,27.0,-12.826494388982711,-12.914422902829894,-0.08792851384718291,0.08792851384718325,0.0709050966864968
CPBP_orca_317,CPBP,homodimer,317,/home/rb1820/BLA-ML/CPBP/orca_317/str_317.xyz,1.184319,INCLUDED_NO_FILTER,retained in no-S2-filter workflow,2.925350993844653,3.089557522568248,43.0,-11.310038736349767,-9.04189061499102,2.2681481213587467,-2.268148121358747,-2.0396553366510854
CPBP_orca_318,CPBP,homodimer,318,/home/rb1820/BLA-ML/CPBP/orca_318/str_318.xyz,1.285295,INCLUDED_NO_FILTER,retained in no-S2-filter workflow,3.101935868877257,3.1671235342443618,35.0,-10.365895255258014,-9.87968105535968,0.48621419989833375,-0.4862141998983347,-0.10729498314658592
CPBP_orca_319,CPBP,homodimer,319,/home/rb1820/BLA-ML/CPBP/orca_319/str_319.xyz,1.267153,INCLUDED_NO_FILTER,retained in no-S2-filter workflow,3.0579497612447986,3.135083788600244,39.0,-12.678517896504578,-11.23788443335758,1.4406334631469992,-1.4406334631469981,-1.4311519712805225
CPBP_orca_320,CPBP,homodimer,320,/home/rb1820/BLA-ML/CPBP/orca_320/str_320.xyz,1.17467,INCLUDED_NO_FILTER,retained in no-S2-filter workflow,2.8335433075114502,3.072035924969399,34.0,-12.465300724983216,-9.780676819936335,2.6846239050468785,-2.6846239050468803,-2.5734468079837116
CPBP_orca_321,CPBP,homodimer,321,/home/rb1820/BLA-ML/CPBP/orca_321/str_321.xyz,1.27174,INCLUDED_NO_FILTER,retained in no-S2-filter workflow,2.963163606857797,3.0705445006480057,33.0,-9.562373332705056,-7.7421736004761295,1.8201997322289267,-1.820199732228926,-1.6945626857139375
CPBP_orca_322,CPBP,homodimer,322,/home/rb1820/BLA-ML/CPBP/orca_322/str_322.xyz,1.351735,INCLUDED_NO_FILTER,retained in no-S2-filter workflow,3.2034895357170217,3.2483771143721105,27.0,-12.60288295483568,-13.303130725995773,-0.7002477711600917,0.7002477711600932,0.7780523977679117
CPBP_orca_323,CPBP,homodimer,323,/home/rb1820/BLA-ML/CPBP/orca_323/str_323.xyz,1.360759,INCLUDED_NO_FILTER,retained in no-S2-filter workflow,3.1337886835924063,3.212135771158426,30.0,-14.84711188078637,-14.683307023587366,0.1638048571990045,-0.16380485719900406,-0.23036662132886931
CPBP_orca_324,CPBP,homodimer,324,/home/rb1820/BLA-ML/CPBP/orca_324/str_324.xyz,1.220346,INCLUDED_NO_FILTER,retained in no-S2-filter workflow,2.959070394477964,3.038932462199578,36.0,-8.395523545651372,-5.574715722210081,2.82080782344129,-2.8208078234412906,-2.781456664743324
CPBP_orca_325,CPBP,homodimer,325,/home/rb1820/BLA-ML/CPBP/orca_325/str_325.xyz,1.365713,INCLUDED_NO_FILTER,retained in no-S2-filter workflow,3.096822121866196,3.1943428761192703,30.0,-11.179536305696427,-11.835190957220187,-0.6556546515237609,0.6556546515237596,0.6870170130014213
CPBP_orca_326,CPBP,homodimer,326,/home/rb1820/BLA-ML/CPBP/orca_326/str_326.xyz,1.180008,INCLUDED_NO_FILTER,retained in no-S2-filter workflow,2.941539471036106,3.0629907946511907,42.0,-12.218554149237788,-10.106734912433053,2.1118192368047337,-2.1118192368047346,-2.0802381860479557
CPBP_orca_327,CPBP,homodimer,327,/home/rb1820/BLA-ML/CPBP/orca_327/str_327.xyz,1.217306,INCLUDED_NO_FILTER,retained in no-S2-filter workflow,2.956248421293902,3.067672446607604,49.0,-11.395762499428951,-10.005869483046705,1.3898930163822443,-1.3898930163822456,-1.2674761556941956
CPBP_orca_328,CPBP,homodimer,328,/home/rb1820/BLA-ML/CPBP/orca_328/str_328.xyz,1.357606,INCLUDED_NO_FILTER,retained in no-S2-filter workflow,3.141373129241443,3.22553281181576,35.0,-11.496960185432762,-11.324577520245295,0.17238266518746773,-0.1723826651874667,-0.12786257611152152
CPBP_orca_329,CPBP,homodimer,329,/home/rb1820/BLA-ML/CPBP/orca_329/str_329.xyz,1.183506,INCLUDED_NO_FILTER,retained in no-S2-filter workflow,2.9687907018882225,3.0760925269997417,33.0,-10.249445624531065,-6.821734728226235,3.42771089630483,-3.4277108963048297,-3.6352712623675076
CPBP_orca_330,CPBP,homodimer,330,/home/rb1820/BLA-ML/CPBP/orca_330/str_330.xyz,1.337987,INCLUDED_NO_FILTER,retained in no-S2-filter workflow,3.134703870630612,3.185167198322413,32.0,-13.049298854765564,-12.4573381029136,0.5919607518519627,-0.5919607518519641,-0.45624546254476606
CPBP_orca_331,CPBP,homodimer,331,/home/rb1820/BLA-ML/CPBP/orca_331/str_331.xyz,1.144427,INCLUDED_NO_FILTER,retained in no-S2-filter workflow,2.961420376898812,3.0719691314770463,37.0,-7.827647294685624,-4.765986682088918,3.0616606125967065,-3.0616606125967065,-2.1736545831731755
CPBP_orca_332,CPBP,homodimer,332,/home/rb1820/BLA-ML/CPBP/orca_332/str_332.xyz,1.228853,INCLUDED_NO_FILTER,retained in no-S2-filter workflow,2.805427915526995,3.0333015315785583,35.0,-11.896042613463736,-10.23451634952892,1.6615262639348154,-1.6615262639348156,-1.7282460727637314
CPBP_orca_333,CPBP,homodimer,333,/home/rb1820/BLA-ML/CPBP/orca_333/str_333.xyz,1.142144,INCLUDED_NO_FILTER,retained in no-S2-filter workflow,2.942492880833528,3.0457113577565256,34.0,-12.958864735783846,-9.696501561219334,3.2623631745645123,-3.2623631745645127,-3.3370083936235737
CPBP_orca_334,CPBP,homodimer,334,/home/rb1820/BLA-ML/CPBP/orca_334/str_334.xyz,1.17531,INCLUDED_NO_FILTER,retained in no-S2-filter workflow,2.978073296467766,3.060853196010777,38.0,-13.355548778626309,-10.734889043774354,2.620659734851956,-2.620659734851955,-2.635729661495795
CPBP_orca_335,CPBP,homodimer,335,/home/rb1820/BLA-ML/CPBP/orca_335/str_335.xyz,1.369979,INCLUDED_NO_FILTER,retained in no-S2-filter workflow,3.144075400895064,3.2043428533557283,34.0,-10.42253638572219,-10.7093198463475,-0.2867834606253098,0.2867834606253101,0.32741301769373443
CPBP_orca_336,CPBP,homodimer,336,/home/rb1820/BLA-ML/CPBP/orca_336/str_336.xyz,1.172955,INCLUDED_NO_FILTER,retained in no-S2-filter workflow,2.937864570135416,3.0522819734246887,54.0,-12.065924212996045,-9.974971749248775,2.0909524637472705,-2.0909524637472696,-1.996982441235296
CPBP_orca_337,CPBP,homodimer,337,/home/rb1820/BLA-ML/CPBP/orca_337/str_337.xyz,0.808683,INCLUDED_NO_FILTER,retained in no-S2-filter workflow,3.0696100242052644,3.102008076194916,49.0,1.3636386512034482,15.140875645027817,13.777236993824369,-13.777236993824369,-14.393287521555562
CPBP_orca_338,CPBP,homodimer,338,/home/rb1820/BLA-ML/CPBP/orca_338/str_338.xyz,1.338934,INCLUDED_NO_FILTER,retained in no-S2-filter workflow,3.1058313274600944,3.166768115317307,32.0,-12.248600401634848,-12.27710627125148,-0.02850586961663062,0.02850586961663204,0.04238151918892186
CPBP_orca_339,CPBP,homodimer,339,/home/rb1820/BLA-ML/CPBP/orca_339/str_339.xyz,1.353766,INCLUDED_NO_FILTER,retained in no-S2-filter workflow,3.153159364281734,3.2053197675556846,29.0,-10.8603731059464,-10.353266719839064,0.507106386107336,-0.5071063861073348,-0.3494393315400366
CPBP_orca_340,CPBP,homodimer,340,/home/rb1820/BLA-ML/CPBP/orca_340/str_340.xyz,1.371993,INCLUDED_NO_FILTER,retained in no-S2-filter workflow,3.136366858365119,3.215154588409957,32.0,-11.23013128394859,-11.394673752898653,-0.16454246895006283,0.16454246895006364,0.10661396099007803
CPBP_orca_341,CPBP,homodimer,341,/home/rb1820/BLA-ML/CPBP/orca_341/str_341.xyz,1.228286,INCLUDED_NO_FILTER,retained in no-S2-filter workflow,3.002469069639048,3.0592879107587074,33.0,-9.082205284448019,-6.399080961085268,2.6831243233627506,-2.683124323362751,-2.6514165556489235
CPBP_orca_342,CPBP,homodimer,342,/home/rb1820/BLA-ML/CPBP/orca_342/str_342.xyz,1.293787,INCLUDED_NO_FILTER,retained in no-S2-filter workflow,2.934411573571848,3.0937448307032214,34.0,-9.920811852895998,-8.557029684459815,1.3637821684361833,-1.3637821684361828,-1.2273052070916233
CPBP_orca_343,CPBP,homodimer,343,/home/rb1820/BLA-ML/CPBP/orca_343/str_343.xyz,1.210934,INCLUDED_NO_FILTER,retained in no-S2-filter workflow,3.0021305196989845,3.086332672785694,42.0,-12.31288951785369,-10.611170457555117,1.7017190602985748,-1.701719060298574,-1.678491476979386
CPBP_orca_344,CPBP,homodimer,344,/home/rb1820/BLA-ML/CPBP/orca_344/str_344.xyz,1.366106,INCLUDED_NO_FILTER,retained in no-S2-filter workflow,3.133052341972882,3.218184872221204,29.0,-11.368356203976852,-11.673619512744636,-0.30526330876778424,0.30526330876778474,0.2896483545518045
CPBP_orca_345,CPBP,homodimer,345,/home/rb1820/BLA-ML/CPBP/orca_345/str_345.xyz,1.39027,INCLUDED_NO_FILTER,retained in no-S2-filter workflow,3.1847753300083337,3.22629801303388,37.0,-5.055958942348259,-5.118996380454102,-0.06303743810584299,0.06303743810584272,0.019328392322995214
CPBP_orca_346,CPBP,homodimer,346,/home/rb1820/BLA-ML/CPBP/orca_346/str_346.xyz,1.344476,INCLUDED_NO_FILTER,retained in no-S2-filter workflow,3.081112138330516,3.153279988392048,28.0,-10.835204004785563,-10.28649046287797,0.5487135419075936,-0.5487135419075937,-0.4069766442131968
CPBP_orca_347,CPBP,homodimer,347,/home/rb1820/BLA-ML/CPBP/orca_347/str_347.xyz,1.266884,INCLUDED_NO_FILTER,retained in no-S2-filter workflow,3.0565909917184664,3.134977271653588,39.0,-12.323028110026812,-10.869229122839728,1.4537989871870827,-1.4537989871870831,-1.4198644263796787
CPBP_orca_348,CPBP,homodimer,348,/home/rb1820/BLA-ML/CPBP/orca_348/str_348.xyz,1.369373,INCLUDED_NO_FILTER,retained in no-S2-filter workflow,3.101737609329848,3.180271162200949,33.0,-14.488246501147891,-14.368251755613619,0.11999474553427185,-0.1199947455342727,-0.1491490719269848
CPBP_orca_349,CPBP,homodimer,349,/home/rb1820/BLA-ML/CPBP/orca_349/str_349.xyz,1.235656,INCLUDED_NO_FILTER,retained in no-S2-filter workflow,2.928782070550781,3.0918845115723976,32.0,-10.033262622911796,-8.371860902738277,1.6614017201735183,-1.6614017201735187,-1.1249118256006128
CPBP_orca_350,CPBP,homodimer,350,/home/rb1820/BLA-ML/CPBP/orca_350/str_350.xyz,1.143183,INCLUDED_NO_FILTER,retained in no-S2-filter workflow,2.9763920571001345,3.0445497601339464,36.0,-13.247306730925613,-9.964111459184654,3.28319527174096,-3.2831952717409596,-3.3714087319311163
CPBP_orca_351,CPBP,homodimer,351,/home/rb1820/BLA-ML/CPBP/orca_351/str_351.xyz,1.338125,INCLUDED_NO_FILTER,retained in no-S2-filter workflow,3.039027171549769,3.1535927712350658,39.0,-13.071483526747107,-12.735744038533312,0.33573948821379507,-0.33573948821379496,-0.29023497338226
CPBP_orca_352,CPBP,homodimer,352,/home/rb1820/BLA-ML/CPBP/orca_352/str_352.xyz,1.319278,INCLUDED_NO_FILTER,retained in no-S2-filter workflow,2.9753787313354256,3.09641315853128,40.0,-10.12467476741716,-10.672616365834754,-0.5479415984175946,0.5479415984175944,0.5847417516347662
CPBP_orca_353,CPBP,homodimer,353,/home/rb1820/BLA-ML/CPBP/orca_353/str_353.xyz,0.519268,INCLUDED_NO_FILTER,retained in no-S2-filter workflow,2.8055585320913874,2.9385564382374616,53.0,-7.720326810950362,4.573100625344143,12.293427436294506,-12.293427436294504,-14.494612204074869
CPBP_orca_354,CPBP,homodimer,354,/home/rb1820/BLA-ML/CPBP/orca_354/str_354.xyz,1.041837,INCLUDED_NO_FILTER,retained in no-S2-filter workflow,2.834834874094227,3.0540716404905,36.0,-11.422707183361839,-6.852239206366621,4.570467976995217,-4.570467976995218,-4.335464542685085
CPBP_orca_355,CPBP,homodimer,355,/home/rb1820/BLA-ML/CPBP/orca_355/str_355.xyz,1.345609,INCLUDED_NO_FILTER,retained in no-S2-filter workflow,3.1348264867443283,3.190073071805382,32.0,-13.258555029479393,-12.826984952096021,0.43157007738337144,-0.4315700773833715,-0.3295684123114029
CPBP_orca_356,CPBP,homodimer,356,/home/rb1820/BLA-ML/CPBP/orca_356/str_356.xyz,1.348595,INCLUDED_NO_FILTER,retained in no-S2-filter workflow,3.1023223234380284,3.206787747134529,34.0,-12.175192630191868,-12.554171024424347,-0.37897839423247853,0.3789783942324796,0.39157800178116453
CPBP_orca_357,CPBP,homodimer,357,/home/rb1820/BLA-ML/CPBP/orca_357/str_357.xyz,1.356679,INCLUDED_NO_FILTER,retained in no-S2-filter workflow,3.148009400282506,3.1824393981004246,35.0,-10.58471512367753,-10.41421907131177,0.17049605236575915,-0.1704960523657597,-0.20184451827322647
CPBP_orca_358,CPBP,homodimer,358,/home/rb1820/BLA-ML/CPBP/orca_358/str_358.xyz,1.35839,INCLUDED_NO_FILTER,retained in no-S2-filter workflow,3.037366376055848,3.125375112796881,35.0,-13.74944592013824,-13.570725628383952,0.1787202917542891,-0.1787202917542885,-0.1999725366084526
CPBP_orca_359,CPBP,homodimer,359,/home/rb1820/BLA-ML/CPBP/orca_359/str_359.xyz,1.317484,INCLUDED_NO_FILTER,retained in no-S2-filter workflow,2.996281730786742,3.0654667054311497,37.0,-8.562286833322956,-7.23750746446924,1.324779368853717,-1.324779368853716,-1.2782266491558785
CPBP_orca_360,CPBP,homodimer,360,/home/rb1820/BLA-ML/CPBP/orca_360/str_360.xyz,1.186915,INCLUDED_NO_FILTER,retained in no-S2-filter workflow,2.9584641574722785,3.0382116935852963,36.0,-8.146194008995236,-4.595731084301981,3.5504629246932558,-3.550462924693255,-3.6728255076486134
CPBP_orca_361,CPBP,homodimer,361,/home/rb1820/BLA-ML/CPBP/orca_361/str_361.xyz,1.216733,INCLUDED_NO_FILTER,retained in no-S2-filter workflow,2.958825154423773,3.059962525668769,33.0,-10.862640533661114,-8.54040970764476,2.3222308260163547,-2.322230826016355,-2.733160529084561
CPBP_orca_362,CPBP,homodimer,362,/home/rb1820/BLA-ML/CPBP/orca_362/str_362.xyz,1.322984,INCLUDED_NO_FILTER,retained in no-S2-filter workflow,2.982712895399105,3.113123306219108,36.0,-13.706308407049688,-13.190442289066103,0.5158661179835847,-0.5158661179835846,-0.5265803463204346
CPBP_orca_363,CPBP,homodimer,363,/home/rb1820/BLA-ML/CPBP/orca_363/str_363.xyz,1.192573,INCLUDED_NO_FILTER,retained in no-S2-filter workflow,2.9638201264967385,3.0658258206407085,33.0,-9.809337062385048,-6.497289736643501,3.312047325741546,-3.3120473257415464,-3.476079362365142
CPBP_orca_364,CPBP,homodimer,364,/home/rb1820/BLA-ML/CPBP/orca_364/str_364.xyz,1.268115,INCLUDED_NO_FILTER,retained in no-S2-filter workflow,2.967114584532537,3.088107493027573,34.0,-9.935516826309607,-8.17687822717656,1.7586385991330473,-1.7586385991330467,-1.65237460065506
CPBP_orca_365,CPBP,homodimer,365,/home/rb1820/BLA-ML/CPBP/orca_365/str_365.xyz,1.272576,INCLUDED_NO_FILTER,retained in no-S2-filter workflow,2.940481947448137,3.121784969813043,37.0,-12.189270282540797,-10.403886400129954,1.7853838824108426,-1.7853838824108426,-1.7871743578518728
CPBP_orca_366,CPBP,homodimer,366,/home/rb1820/BLA-ML/CPBP/orca_366/str_366.xyz,1.113498,INCLUDED_NO_FILTER,retained in no-S2-filter workflow,2.864114040780964,3.093700414338053,30.0,-12.296097203761963,-8.71287586666481,3.5832213370971537,-3.5832213370971537,-3.3952741973801963
CPBP_orca_367,CPBP,homodimer,367,/home/rb1820/BLA-ML/CPBP/orca_367/str_367.xyz,1.370111,INCLUDED_NO_FILTER,retained in no-S2-filter workflow,3.17303931738093,3.224077474295348,25.0,-12.535233826588438,-12.467475738851153,0.0677580877372856,-0.06775808773728542,-0.0784463928757777
CPBP_orca_368,CPBP,homodimer,368,/home/rb1820/BLA-ML/CPBP/orca_368/str_368.xyz,1.360961,INCLUDED_NO_FILTER,retained in no-S2-filter workflow,3.095255677544725,3.1713447467656835,32.0,-11.270552507610766,-11.33447463483019,-0.06392212721942521,0.06392212721942414,0.13229468150601775
CPBP_orca_369,CPBP,homodimer,369,/home/rb1820/BLA-ML/CPBP/orca_369/str_369.xyz,1.169012,INCLUDED_NO_FILTER,retained in no-S2-filter workflow,2.972190622077924,3.069894202850141,35.0,-13.236080607563071,-10.464802464018131,2.7712781435449405,-2.77127814354494,-2.792273684486187
CPBP_orca_370,CPBP,homodimer,370,/home/rb1820/BLA-ML/CPBP/orca_370/str_370.xyz,1.369345,INCLUDED_NO_FILTER,retained in no-S2-filter workflow,3.1281732787372736,3.2075440800761705,33.0,-14.53743715201893,-14.571388653917063,-0.03395150189813252,0.033951501898133785,0.008134961285094278
CPBP_orca_371,CPBP,homodimer,371,/home/rb1820/BLA-ML/CPBP/orca_371/str_371.xyz,1.172425,INCLUDED_NO_FILTER,retained in no-S2-filter workflow,2.96445577295892,3.083664821023706,34.0,-8.304422232779128,-5.848556292750106,2.455865940029021,-2.455865940029022,-1.5781700236769902
CPBP_orca_372,CPBP,homodimer,372,/home/rb1820/BLA-ML/CPBP/orca_372/str_372.xyz,1.364283,INCLUDED_NO_FILTER,retained in no-S2-filter workflow,3.1081286785997406,3.1872163465929484,33.0,-10.251231832047619,-10.187180728311516,0.06405110373610388,-0.06405110373610334,-0.11256419438396925
CPBP_orca_373,CPBP,homodimer,373,/home/rb1820/BLA-ML/CPBP/orca_373/str_373.xyz,1.141201,INCLUDED_NO_FILTER,retained in no-S2-filter workflow,2.975404152162484,3.062554626783248,39.0,-9.986908944901739,-6.764581873906163,3.222327070995576,-3.2223270709955756,-3.5901932163315795
CPBP_orca_374,CPBP,homodimer,374,/home/rb1820/BLA-ML/CPBP/orca_374/str_374.xyz,1.310589,INCLUDED_NO_FILTER,retained in no-S2-filter workflow,3.038687391453584,3.114963041149494,42.0,-11.177583914368956,-10.673538372390865,0.5040455419780897,-0.5040455419780905,-0.34109701599054887
CPBP_orca_375,CPBP,homodimer,375,/home/rb1820/BLA-ML/CPBP/orca_375/str_375.xyz,0.811577,INCLUDED_NO_FILTER,retained in no-S2-filter workflow,3.0628888334830813,3.0994034328464943,48.0,1.6097609549373206,15.39232633474896,13.782565379811638,-13.78256537981164,-14.368759433648158
CPBP_orca_376,CPBP,homodimer,376,/home/rb1820/BLA-ML/CPBP/orca_376/str_376.xyz,1.251792,INCLUDED_NO_FILTER,retained in no-S2-filter workflow,2.9955539584073803,3.1018704985300407,40.0,-12.135070158947203,-11.177179899277803,0.9578902596693991,-0.9578902596693997,-0.9094765032966361
CPBP_orca_377,CPBP,homodimer,377,/home/rb1820/BLA-ML/CPBP/orca_377/str_377.xyz,1.331418,INCLUDED_NO_FILTER,retained in no-S2-filter workflow,3.0912492970623453,3.196392692555197,33.0,-13.434268245736646,-12.82244534573674,0.6118228999999064,-0.6118228999999058,-0.7389840687028038
CPBP_orca_378,CPBP,homodimer,378,/home/rb1820/BLA-ML/CPBP/orca_378/str_378.xyz,1.351175,INCLUDED_NO_FILTER,retained in no-S2-filter workflow,3.1327712486741337,3.1964848587377803,31.0,-13.166692827611211,-12.79678219638203,0.3699106312291806,-0.3699106312291818,-0.26601629064831656
CPBP_orca_379,CPBP,homodimer,379,/home/rb1820/BLA-ML/CPBP/orca_379/str_379.xyz,1.358274,INCLUDED_NO_FILTER,retained in no-S2-filter workflow,3.034022814876438,3.1155817025123724,37.0,-13.260499144846289,-13.009754755083847,0.2507443897624416,-0.25074438976244195,-0.26582993762109197
CPBP_orca_380,CPBP,homodimer,380,/home/rb1820/BLA-ML/CPBP/orca_380/str_380.xyz,1.352667,INCLUDED_NO_FILTER,retained in no-S2-filter workflow,3.1661990663417154,3.212314646937434,32.0,-9.119061939002748,-9.309788235420601,-0.1907262964178537,0.19072629641785355,0.18397127793982904
CPBP_orca_381,CPBP,homodimer,381,/home/rb1820/BLA-ML/CPBP/orca_381/str_381.xyz,1.014531,INCLUDED_NO_FILTER,retained in no-S2-filter workflow,2.8961499557503108,3.0158487317521843,31.0,-10.045281780023428,-5.316755832549538,4.728525947473889,-4.72852594747389,-3.897609102471674
CPBP_orca_382,CPBP,homodimer,382,/home/rb1820/BLA-ML/CPBP/orca_382/str_382.xyz,1.353397,INCLUDED_NO_FILTER,retained in no-S2-filter workflow,3.0231881464543235,3.160937220562111,30.0,-12.212286272793143,-11.889032556967473,0.32325371582567,-0.3232537158256701,-0.22497045291914297
CPBP_orca_383,CPBP,homodimer,383,/home/rb1820/BLA-ML/CPBP/orca_383/str_383.xyz,1.274016,INCLUDED_NO_FILTER,retained in no-S2-filter workflow,3.045619223596676,3.100456667390783,28.0,-9.950796926762626,-8.315026750232441,1.6357701765301855,-1.635770176530185,-1.5666212535012498
CPBP_orca_384,CPBP,homodimer,384,/home/rb1820/BLA-ML/CPBP/orca_384/str_384.xyz,1.355717,INCLUDED_NO_FILTER,retained in no-S2-filter workflow,3.0813403935983006,3.2116616978397707,31.0,-11.93092395814146,-12.501077656892248,-0.5701536987507883,0.5701536987507883,0.6523561367159392
CPBP_orca_385,CPBP,homodimer,385,/home/rb1820/BLA-ML/CPBP/orca_385/str_385.xyz,1.309914,INCLUDED_NO_FILTER,retained in no-S2-filter workflow,3.001972166233964,3.1304456396037854,37.0,-10.154425469972585,-9.115778382159819,1.0386470878127665,-1.038647087812766,-0.9630008618185926
CPBP_orca_386,CPBP,homodimer,386,/home/rb1820/BLA-ML/CPBP/orca_386/str_386.xyz,1.145144,INCLUDED_NO_FILTER,retained in no-S2-filter workflow,2.916756177941241,3.053711009026954,39.0,-10.589998439038045,-7.356525349026968,3.2334730900110777,-3.233473090011077,-3.3574606318460822
CPBP_orca_387,CPBP,homodimer,387,/home/rb1820/BLA-ML/CPBP/orca_387/str_387.xyz,1.345629,INCLUDED_NO_FILTER,retained in no-S2-filter workflow,3.0383607911631336,3.1367531198862304,30.0,-13.703021992914392,-13.44077894723127,0.26224304568312184,-0.26224304568312284,-0.2607601123879357
CPBP_orca_388,CPBP,homodimer,388,/home/rb1820/BLA-ML/CPBP/orca_388/str_388.xyz,1.214067,INCLUDED_NO_FILTER,retained in no-S2-filter workflow,2.921454134309875,3.0529115051386047,33.0,-10.162220028005637,-7.542649114162488,2.6195709138431487,-2.619570913843148,-3.0089580955883917
CPBP_orca_389,CPBP,homodimer,389,/home/rb1820/BLA-ML/CPBP/orca_389/str_389.xyz,1.293817,INCLUDED_NO_FILTER,retained in no-S2-filter workflow,3.0296898136601573,3.140567805042553,33.0,-10.471777505342395,-9.226421878655422,1.2453556266869714,-1.2453556266869725,-1.3019862130470976
CPBP_orca_390,CPBP,homodimer,390,/home/rb1820/BLA-ML/CPBP/orca_390/str_390.xyz,1.172197,INCLUDED_NO_FILTER,retained in no-S2-filter workflow,2.9694495203486624,3.069256321431036,33.0,-7.6505701352351165,-5.485620378392835,2.1649497568422813,-2.1649497568422813,-1.149934304543823
CPBP_orca_391,CPBP,homodimer,391,/home/rb1820/BLA-ML/CPBP/orca_391/str_391.xyz,0.814159,INCLUDED_NO_FILTER,retained in no-S2-filter workflow,3.0590747889942764,3.1005025750599566,47.0,1.5470706668678218,15.234748026983004,13.687677360115181,-13.687677360115183,-14.284103707903531
CPBP_orca_392,CPBP,homodimer,392,/home/rb1820/BLA-ML/CPBP/orca_392/str_392.xyz,1.023476,INCLUDED_NO_FILTER,retained in no-S2-filter workflow,2.910484361902098,3.024679871937849,31.0,-10.308857696237677,-5.727848951112244,4.581008745125432,-4.581008745125433,-3.7671846418676376
CPBP_orca_393,CPBP,homodimer,393,/home/rb1820/BLA-ML/CPBP/orca_393/str_393.xyz,1.368576,INCLUDED_NO_FILTER,retained in no-S2-filter workflow,3.191124407556536,3.225377126457297,25.0,-13.473568208576411,-13.97862784079787,-0.5050596322214579,0.5050596322214584,0.5012639980218534
CPBP_orca_394,CPBP,homodimer,394,/home/rb1820/BLA-ML/CPBP/orca_394/str_394.xyz,1.37512,INCLUDED_NO_FILTER,retained in no-S2-filter workflow,3.158012985417557,3.1929224755940533,31.0,-13.066754278985602,-12.996911511821432,0.06984276716416926,-0.06984276716416993,-0.05299674544411204
CPBP_orca_395,CPBP,homodimer,395,/home/rb1820/BLA-ML/CPBP/orca_395/str_395.xyz,1.309243,INCLUDED_NO_FILTER,retained in no-S2-filter workflow,3.029507981725984,3.130348246186512,31.0,-13.028526320706376,-11.921829161437001,1.1066971592693742,-1.106697159269375,-1.1518615872213942
CPBP_orca_396,CPBP,homodimer,396,/home/rb1820/BLA-ML/CPBP/orca_396/str_396.xyz,1.223334,INCLUDED_NO_FILTER,retained in no-S2-filter workflow,3.042121589853437,3.11224116701693,36.0,-10.32127815240044,-8.639645529853295,1.6816326225471439,-1.681632622547145,-1.652400203201081
CPBP_orca_397,CPBP,homodimer,397,/home/rb1820/BLA-ML/CPBP/orca_397/str_397.xyz,1.354751,INCLUDED_NO_FILTER,retained in no-S2-filter workflow,3.1155134416796355,3.216438062347732,30.0,-12.983243520947765,-13.415580711276323,-0.43233719032855916,0.43233719032855866,0.3528896818368299
CPBP_orca_398,CPBP,homodimer,398,/home/rb1820/BLA-ML/CPBP/orca_398/str_398.xyz,1.278436,INCLUDED_NO_FILTER,retained in no-S2-filter workflow,2.9399978419145585,3.1078559447737524,39.0,-10.531156240639715,-9.45445286579819,1.0767033748415247,-1.0767033748415251,-1.2343612249844131
CPBP_orca_399,CPBP,homodimer,399,/home/rb1820/BLA-ML/CPBP/orca_399/str_399.xyz,1.28475,INCLUDED_NO_FILTER,retained in no-S2-filter workflow,2.882076195850136,3.088393397564479,34.0,-12.727827389107945,-11.630932326111752,1.0968950629961933,-1.096895062996193,-1.0962246933428639
CPBP_orca_400,CPBP,homodimer,400,/home/rb1820/BLA-ML/CPBP/orca_400/str_400.xyz,1.380724,INCLUDED_NO_FILTER,retained in no-S2-filter workflow,3.1397906491872742,3.16931529956106,35.0,-11.142400805317171,-11.164571630003259,-0.022170824686086867,0.022170824686087443,0.008442141764357203
CPBP_orca_401,CPBP,homodimer,401,/home/rb1820/BLA-ML/CPBP/orca_401/str_401.xyz,1.292827,INCLUDED_NO_FILTER,retained in no-S2-filter workflow,2.9096082919512027,3.109793209098838,35.0,-11.497326307228395,-9.869618424416863,1.627707882811531,-1.6277078828115314,-1.7482521079788558
CPBP_orca_402,CPBP,homodimer,402,/home/rb1820/BLA-ML/CPBP/orca_402/str_402.xyz,1.342697,INCLUDED_NO_FILTER,retained in no-S2-filter workflow,3.0363571203226765,3.148435754605078,39.0,-10.34514609546552,-9.422423907037741,0.9227221884277791,-0.9227221884277785,-0.8327307846406526
CPBP_orca_403,CPBP,homodimer,403,/home/rb1820/BLA-ML/CPBP/orca_403/str_403.xyz,1.221323,INCLUDED_NO_FILTER,retained in no-S2-filter workflow,2.891300839187368,3.044979853553931,27.0,-13.493783800908082,-10.918569299732615,2.5752145011754672,-2.5752145011754664,-2.7343703893258957
CPBP_orca_404,CPBP,homodimer,404,/home/rb1820/BLA-ML/CPBP/orca_404/str_404.xyz,1.35011,INCLUDED_NO_FILTER,retained in no-S2-filter workflow,3.047268055822047,3.1130076500585484,34.0,-13.445570316917653,-13.409172060462645,0.036398256455007584,-0.03639825645500849,-0.05931307340881986
CPBP_orca_405,CPBP,homodimer,405,/home/rb1820/BLA-ML/CPBP/orca_405/str_405.xyz,1.173403,INCLUDED_NO_FILTER,retained in no-S2-filter workflow,2.9770184195861766,3.07715572866753,35.0,-11.163203154179227,-8.170418744352638,2.992784409826589,-2.992784409826589,-2.9238723427265496
CPBP_orca_406,CPBP,homodimer,406,/home/rb1820/BLA-ML/CPBP/orca_406/str_406.xyz,1.268858,INCLUDED_NO_FILTER,retained in no-S2-filter workflow,3.064749665425244,3.0976209840825337,30.0,-9.786566453136713,-8.183056675478019,1.6035097776586946,-1.6035097776586937,-1.533194601693543
CPBP_orca_407,CPBP,homodimer,407,/home/rb1820/BLA-ML/CPBP/orca_407/str_407.xyz,1.354628,INCLUDED_NO_FILTER,retained in no-S2-filter workflow,3.067957167254907,3.1964039614990742,33.0,-8.507324336014339,-8.993539491577522,-0.4862151555631833,0.4862151555631833,0.525383936958864
CPBP_orca_408,CPBP,homodimer,408,/home/rb1820/BLA-ML/CPBP/orca_408/str_408.xyz,1.299774,INCLUDED_NO_FILTER,retained in no-S2-filter workflow,2.992250804430141,3.12464364061178,32.0,-13.199565032618189,-12.684369884956489,0.5151951476616995,-0.5151951476617,-0.5212688078141552
CPBP_orca_409,CPBP,homodimer,409,/home/rb1820/BLA-ML/CPBP/orca_409/str_409.xyz,1.134701,INCLUDED_NO_FILTER,retained in no-S2-filter workflow,2.973669550208601,3.0637313721317265,37.0,-7.8153241205817405,-4.353274147062975,3.462049973518766,-3.4620499735187655,-2.7117190480115685
CPBP_orca_410,CPBP,homodimer,410,/home/rb1820/BLA-ML/CPBP/orca_410/str_410.xyz,1.308642,INCLUDED_NO_FILTER,retained in no-S2-filter workflow,2.86070313442171,3.132768489739113,35.0,-10.683793874706176,-8.979198946643564,1.7045949280626111,-1.7045949280626118,-1.7125099317199757
CPBP_orca_411,CPBP,homodimer,411,/home/rb1820/BLA-ML/CPBP/orca_411/str_411.xyz,1.381015,INCLUDED_NO_FILTER,retained in no-S2-filter workflow,3.1485353606139133,3.2304503607022603,31.0,-11.934834642290802,-12.407424251169545,-0.472589608878742,0.47258960887874224,0.47300182055940354
CPBP_orca_412,CPBP,homodimer,412,/home/rb1820/BLA-ML/CPBP/orca_412/str_412.xyz,1.231103,INCLUDED_NO_FILTER,retained in no-S2-filter workflow,2.941521557142011,3.0771886761524967,33.0,-9.172863925600213,-7.440676052379393,1.7321878732208202,-1.7321878732208198,-1.1326029817357162
CPBP_orca_413,CPBP,homodimer,413,/home/rb1820/BLA-ML/CPBP/orca_413/str_413.xyz,1.354917,INCLUDED_NO_FILTER,retained in no-S2-filter workflow,3.0468732491193897,3.1291997855939195,32.0,-12.043959549673206,-11.813560568853864,0.2303989808193424,-0.2303989808193414,-0.3038662615506915
CPBP_orca_414,CPBP,homodimer,414,/home/rb1820/BLA-ML/CPBP/orca_414/str_414.xyz,1.299902,INCLUDED_NO_FILTER,retained in no-S2-filter workflow,3.155258249292841,3.199462911359112,24.0,-11.868095249908663,-11.355708747877745,0.5123865020309177,-0.5123865020309175,-0.4705052016426201
CPBP_orca_415,CPBP,homodimer,415,/home/rb1820/BLA-ML/CPBP/orca_415/str_415.xyz,1.339749,INCLUDED_NO_FILTER,retained in no-S2-filter workflow,3.0626714616069246,3.18786522657229,22.0,-12.39486905739197,-11.828096625580395,0.566772431811575,-0.5667724318115752,-0.5508016185525726
CPBP_orca_416,CPBP,homodimer,416,/home/rb1820/BLA-ML/CPBP/orca_416/str_416.xyz,1.316325,INCLUDED_NO_FILTER,retained in no-S2-filter workflow,2.891887982240741,3.124713016280257,38.0,-10.173241884213134,-8.636046521997557,1.5371953622155776,-1.5371953622155772,-1.677435841060746
CPBP_orca_417,CPBP,homodimer,417,/home/rb1820/BLA-ML/CPBP/orca_417/str_417.xyz,1.375784,INCLUDED_NO_FILTER,retained in no-S2-filter workflow,3.205629158671609,3.271864252702669,19.0,-14.233594150695444,-14.256396494351737,-0.022802343656291718,0.02280234365629319,-0.006394877324954251
CPBP_orca_418,CPBP,homodimer,418,/home/rb1820/BLA-ML/CPBP/orca_418/str_418.xyz,1.348029,INCLUDED_NO_FILTER,retained in no-S2-filter workflow,3.0822434553713243,3.132720278042138,25.0,-14.135578255070454,-13.491780142399005,0.6437981126714484,-0.6437981126714494,-0.6733684822808161
CPBP_orca_419,CPBP,homodimer,419,/home/rb1820/BLA-ML/CPBP/orca_419/str_419.xyz,1.032814,INCLUDED_NO_FILTER,retained in no-S2-filter workflow,2.906526015486593,3.0243560877107813,31.0,-10.074713487130959,-5.64132916030499,4.433384326825968,-4.433384326825968,-3.6028701072130036
CPBP_orca_420,CPBP,homodimer,420,/home/rb1820/BLA-ML/CPBP/orca_420/str_420.xyz,1.315137,INCLUDED_NO_FILTER,retained in no-S2-filter workflow,3.022434851974602,3.1475106761084737,34.0,-10.375077984828318,-9.37335758020213,1.001720404626188,-1.0017204046261874,-0.9904062447276196
CPBP_orca_421,CPBP,homodimer,421,/home/rb1820/BLA-ML/CPBP/orca_421/str_421.xyz,1.188349,INCLUDED_NO_FILTER,retained in no-S2-filter workflow,2.971875335703237,3.0786323498354635,35.0,-7.82177915438486,-6.099387310720379,1.7223918436644805,-1.7223918436644805,-0.7054792785052229
CPBP_orca_422,CPBP,homodimer,422,/home/rb1820/BLA-ML/CPBP/orca_422/str_422.xyz,1.224873,INCLUDED_NO_FILTER,retained in no-S2-filter workflow,2.914093214127057,3.080445840684893,24.0,-12.828099348054508,-10.26814083484352,2.559958513210989,-2.5599585132109883,-2.649857604297183
CPBP_orca_423,CPBP,homodimer,423,/home/rb1820/BLA-ML/CPBP/orca_423/str_423.xyz,1.19331,INCLUDED_NO_FILTER,retained in no-S2-filter workflow,2.934592025246139,3.048560081108447,34.0,-8.71362094766861,-5.6252858771462515,3.08833507052236,-3.0883350705223593,-3.283337261231929
CPBP_orca_424,CPBP,homodimer,424,/home/rb1820/BLA-ML/CPBP/orca_424/str_424.xyz,1.344675,INCLUDED_NO_FILTER,retained in no-S2-filter workflow,2.9580300414876977,3.082009359226668,34.0,-12.79922614101601,-12.52347616152344,0.27574997949257013,-0.27574997949256996,-0.2960496422221457
CPBP_orca_425,CPBP,homodimer,425,/home/rb1820/BLA-ML/CPBP/orca_425/str_425.xyz,1.333959,INCLUDED_NO_FILTER,retained in no-S2-filter workflow,3.0184564310604443,3.1133129180291306,33.0,-13.153899401054312,-12.47259602475108,0.6813033763032313,-0.6813033763032319,-0.7693266367429277
CPBP_orca_426,CPBP,homodimer,426,/home/rb1820/BLA-ML/CPBP/orca_426/str_426.xyz,1.215896,INCLUDED_NO_FILTER,retained in no-S2-filter workflow,2.937211078513705,3.0565498904973643,33.0,-10.775914312397763,-8.285356734154927,2.4905575782428353,-2.4905575782428357,-2.8937208289584935
CPBP_orca_427,CPBP,homodimer,427,/home/rb1820/BLA-ML/CPBP/orca_427/str_427.xyz,1.32556,INCLUDED_NO_FILTER,retained in no-S2-filter workflow,3.110943558205322,3.1840764769500502,27.0,-12.825581625466356,-13.263086234605819,-0.43750460913946365,0.437504609139463,0.5117832574246703
CPBP_orca_428,CPBP,homodimer,428,/home/rb1820/BLA-ML/CPBP/orca_428/str_428.xyz,1.320003,INCLUDED_NO_FILTER,retained in no-S2-filter workflow,2.8947142317195733,3.1380387617332426,37.0,-10.545618412117365,-8.978142300350529,1.5674761117668372,-1.5674761117668368,-1.6606395728041328
CPBP_orca_429,CPBP,homodimer,429,/home/rb1820/BLA-ML/CPBP/orca_429/str_429.xyz,1.155004,INCLUDED_NO_FILTER,retained in no-S2-filter workflow,2.893201891697,3.054636956657751,37.0,-10.78234524227309,-7.676028478107649,3.106316764165441,-3.106316764165441,-3.1595737702586413
CPBP_orca_430,CPBP,homodimer,430,/home/rb1820/BLA-ML/CPBP/orca_430/str_430.xyz,1.362056,INCLUDED_NO_FILTER,retained in no-S2-filter workflow,3.1016128254259265,3.17475751908116,30.0,-11.797093914467093,-11.393464579185475,0.403629335281618,-0.40362933528161804,-0.4560373667356865
CPBP_orca_431,CPBP,homodimer,431,/home/rb1820/BLA-ML/CPBP/orca_431/str_431.xyz,1.302559,INCLUDED_NO_FILTER,retained in no-S2-filter workflow,2.9571882121558684,3.1009142231635147,32.0,-10.130653491467246,-9.17090593154845,0.9597475599187953,-0.9597475599187959,-0.754395152868832
CPBP_orca_432,CPBP,homodimer,432,/home/rb1820/BLA-ML/CPBP/orca_432/str_432.xyz,1.351335,INCLUDED_NO_FILTER,retained in no-S2-filter workflow,2.923576092834649,3.057763641854521,45.0,-10.750602708167486,-11.173431421901153,-0.4228287137336679,0.4228287137336668,0.4267766598348395
CPBP_orca_433,CPBP,homodimer,433,/home/rb1820/BLA-ML/CPBP/orca_433/str_433.xyz,1.328174,INCLUDED_NO_FILTER,retained in no-S2-filter workflow,2.988101719692631,3.1382035897013165,29.0,-11.596326053966136,-10.668503975050132,0.9278220789160043,-0.9278220789160034,-1.0513585649296768
CPBP_orca_434,CPBP,homodimer,434,/home/rb1820/BLA-ML/CPBP/orca_434/str_434.xyz,1.263392,INCLUDED_NO_FILTER,retained in no-S2-filter workflow,2.984338056396348,3.126188556607231,30.0,-10.71211471773454,-9.840425141849416,0.871689575885125,-0.8716895758851244,-0.8589817979320058
CPBP_orca_435,CPBP,homodimer,435,/home/rb1820/BLA-ML/CPBP/orca_435/str_435.xyz,1.353569,INCLUDED_NO_FILTER,retained in no-S2-filter workflow,3.067172860090152,3.200783436327044,29.0,-11.130947528780894,-11.036222360196106,0.09472516858478773,-0.09472516858478741,-0.04956263036755715
CPBP_orca_436,CPBP,homodimer,436,/home/rb1820/BLA-ML/CPBP/orca_436/str_436.xyz,1.172279,INCLUDED_NO_FILTER,retained in no-S2-filter workflow,2.95295816143636,3.085275168195872,33.0,-7.914554949020535,-5.5608000637565755,2.3537548852639594,-2.3537548852639594,-1.4168157757865103
CPBP_orca_437,CPBP,homodimer,437,/home/rb1820/BLA-ML/CPBP/orca_437/str_437.xyz,1.369632,INCLUDED_NO_FILTER,retained in no-S2-filter workflow,3.0167079254883378,3.157840205166321,33.0,-12.482660036257212,-12.67697393704358,-0.1943139007863683,0.19431390078636923,0.2043642576979412
CPBP_orca_438,CPBP,homodimer,438,/home/rb1820/BLA-ML/CPBP/orca_438/str_438.xyz,1.366769,INCLUDED_NO_FILTER,retained in no-S2-filter workflow,3.169806691654908,3.2300057629798253,30.0,-12.842410898305266,-13.127164818140962,-0.28475391983569576,0.28475391983569587,0.3156952629262193
CPBP_orca_439,CPBP,homodimer,439,/home/rb1820/BLA-ML/CPBP/orca_439/str_439.xyz,1.232276,INCLUDED_NO_FILTER,retained in no-S2-filter workflow,2.910937548266584,3.068975290292878,36.0,-10.09401771933825,-8.13468263265891,1.9593350866793389,-1.9593350866793404,-1.8452310591441758
CPBP_orca_440,CPBP,homodimer,440,/home/rb1820/BLA-ML/CPBP/orca_440/str_440.xyz,1.299519,INCLUDED_NO_FILTER,retained in no-S2-filter workflow,2.8971124984632377,3.096051458067398,30.0,-12.680093002535497,-11.853250694352875,0.826842308182622,-0.8268423081826217,-0.8286988067051029
CPBP_orca_441,CPBP,homodimer,441,/home/rb1820/BLA-ML/CPBP/orca_441/str_441.xyz,1.236829,INCLUDED_NO_FILTER,retained in no-S2-filter workflow,2.92654615853328,3.0513164496193754,29.0,-10.945337853121334,-8.659085412536507,2.2862524405848275,-2.2862524405848266,-2.516923011133385
CPBP_orca_442,CPBP,homodimer,442,/home/rb1820/BLA-ML/CPBP/orca_442/str_442.xyz,1.189783,INCLUDED_NO_FILTER,retained in no-S2-filter workflow,2.9670999742603312,3.0512011602602973,29.0,-11.63882221549454,-8.813336307032225,2.825485908462316,-2.8254859084623156,-2.896493232667815
CPBP_orca_443,CPBP,homodimer,443,/home/rb1820/BLA-ML/CPBP/orca_443/str_443.xyz,1.343327,INCLUDED_NO_FILTER,retained in no-S2-filter workflow,3.058932536054312,3.1552429700942257,31.0,-10.948859335127372,-10.337091381718619,0.6117679534087531,-0.6117679534087532,-0.7773368435383716
CPBP_orca_444,CPBP,homodimer,444,/home/rb1820/BLA-ML/CPBP/orca_444/str_444.xyz,1.365957,INCLUDED_NO_FILTER,retained in no-S2-filter workflow,3.1118819835323595,3.190274751006247,26.0,-13.825023038233898,-13.809889116835565,0.015133921398331479,-0.015133921398332362,-0.024237866595564483
CPBP_orca_445,CPBP,homodimer,445,/home/rb1820/BLA-ML/CPBP/orca_445/str_445.xyz,1.207069,INCLUDED_NO_FILTER,retained in no-S2-filter workflow,2.8611245912661136,3.078405804415713,30.0,-11.88936770312279,-9.661089812847937,2.228277890274853,-2.2282778902748532,-2.1789441279996673
CPBP_orca_446,CPBP,homodimer,446,/home/rb1820/BLA-ML/CPBP/orca_446/str_446.xyz,1.375564,INCLUDED_NO_FILTER,retained in no-S2-filter workflow,3.007792704636881,3.1909138527070104,27.0,-12.95905945085613,-12.357027962459663,0.6020314883964659,-0.6020314883964666,-0.6378368508985801
CPBP_orca_447,CPBP,homodimer,447,/home/rb1820/BLA-ML/CPBP/orca_447/str_447.xyz,1.359733,INCLUDED_NO_FILTER,retained in no-S2-filter workflow,3.145715534166276,3.2302978530585262,30.0,-12.561555493230088,-12.563337910618088,-0.001782417387998882,0.0017824173880001126,-0.07083380408962192
CPBP_orca_448,CPBP,homodimer,448,/home/rb1820/BLA-ML/CPBP/orca_448/str_448.xyz,1.36358,INCLUDED_NO_FILTER,retained in no-S2-filter workflow,3.0721126089391184,3.1656176715163022,31.0,-10.708541761376793,-10.99019601294904,-0.28165425157224866,0.2816542515722471,0.340114255891125
CPBP_orca_449,CPBP,homodimer,449,/home/rb1820/BLA-ML/CPBP/orca_449/str_449.xyz,1.309652,INCLUDED_NO_FILTER,retained in no-S2-filter workflow,2.920982608797844,3.0574113031764343,28.0,-12.961620705989953,-12.883457025191493,0.07816368079846049,-0.07816368079845937,-0.270948130442767
CPBP_orca_450,CPBP,homodimer,450,/home/rb1820/BLA-ML/CPBP/orca_450/str_450.xyz,1.36568,INCLUDED_NO_FILTER,retained in no-S2-filter workflow,3.133087306648592,3.177833043962248,29.0,-13.203737426542526,-12.988067702554938,0.2156697239875888,-0.2156697239875882,-0.28157334372128595
CPBP_orca_451,CPBP,homodimer,451,/home/rb1820/BLA-ML/CPBP/orca_451/str_451.xyz,1.346615,INCLUDED_NO_FILTER,retained in no-S2-filter workflow,3.037951717122398,3.1690126055349763,36.0,-12.128866754638155,-12.005689447972372,0.12317730666578298,-0.12317730666578264,-0.056058746719506836
CPBP_orca_452,CPBP,homodimer,452,/home/rb1820/BLA-ML/CPBP/orca_452/str_452.xyz,1.168964,INCLUDED_NO_FILTER,retained in no-S2-filter workflow,2.9989251035406634,3.058238457612858,35.0,-13.096526272692342,-10.057876697099115,3.038649575593228,-3.0386495755932277,-3.188542994394692
CPBP_orca_453,CPBP,homodimer,453,/home/rb1820/BLA-ML/CPBP/orca_453/str_453.xyz,1.348699,INCLUDED_NO_FILTER,retained in no-S2-filter workflow,3.097026810600123,3.1828026200087733,35.0,-14.220236021236776,-14.43692294187787,-0.21668692064109488,0.21668692064109507,0.21990577133844447
CPBP_orca_454,CPBP,homodimer,454,/home/rb1820/BLA-ML/CPBP/orca_454/str_454.xyz,1.232053,INCLUDED_NO_FILTER,retained in no-S2-filter workflow,3.014146419146849,3.075491572580784,32.0,-9.213923242887159,-6.8232481532108045,2.3906750896763533,-2.3906750896763542,-2.359344852106842
CPBP_orca_455,CPBP,homodimer,455,/home/rb1820/BLA-ML/CPBP/orca_455/str_455.xyz,1.371019,INCLUDED_NO_FILTER,retained in no-S2-filter workflow,3.148643357108051,3.225677276017565,31.0,-12.71052932913074,-12.613299406349784,0.09722992278095732,-0.0972299227809561,-0.023479560985062875
CPBP_orca_456,CPBP,homodimer,456,/home/rb1820/BLA-ML/CPBP/orca_456/str_456.xyz,0.480005,INCLUDED_NO_FILTER,retained in no-S2-filter workflow,2.786546786134539,2.92326641968847,53.0,-7.182390652826987,5.472277491631569,12.654668144458556,-12.654668144458556,-15.034783478738987
CPBP_orca_457,CPBP,homodimer,457,/home/rb1820/BLA-ML/CPBP/orca_457/str_457.xyz,1.273205,INCLUDED_NO_FILTER,retained in no-S2-filter workflow,3.0074719871487,3.128539727451798,30.0,-10.710778751922248,-10.005231513552786,0.7055472383694621,-0.7055472383694621,-0.6897011556128323
CPBP_orca_458,CPBP,homodimer,458,/home/rb1820/BLA-ML/CPBP/orca_458/str_458.xyz,1.24915,INCLUDED_NO_FILTER,retained in no-S2-filter workflow,2.928791661352211,3.0975988100651173,35.0,-10.748212203718346,-8.92168209958592,1.8265301041324247,-1.8265301041324253,-1.6206581418408121
CPBP_orca_459,CPBP,homodimer,459,/home/rb1820/BLA-ML/CPBP/orca_459/str_459.xyz,1.209525,INCLUDED_NO_FILTER,retained in no-S2-filter workflow,2.97329889247719,3.070684232495583,27.0,-12.106183258421355,-9.60862163561031,2.497561622811045,-2.4975616228110447,-2.5313631368100555
CPBP_orca_460,CPBP,homodimer,460,/home/rb1820/BLA-ML/CPBP/orca_460/str_460.xyz,1.35755,INCLUDED_NO_FILTER,retained in no-S2-filter workflow,3.069601029758731,3.1288891991414283,32.0,-11.902849550801278,-11.530106590631615,0.3727429601696628,-0.37274296016966346,-0.46344343481329453
CPBP_orca_461,CPBP,homodimer,461,/home/rb1820/BLA-ML/CPBP/orca_461/str_461.xyz,1.188225,INCLUDED_NO_FILTER,retained in no-S2-filter workflow,2.8780548332649247,3.06505198025451,35.0,-11.125689584909608,-8.513360620537341,2.6123289643722685,-2.612328964372267,-2.568378198328631
CPBP_orca_462,CPBP,homodimer,462,/home/rb1820/BLA-ML/CPBP/orca_462/str_462.xyz,1.179638,INCLUDED_NO_FILTER,retained in no-S2-filter workflow,3.0216123752646338,3.062037184128251,30.0,-11.227119718624518,-8.691915335152398,2.53520438347212,-2.53520438347212,-2.553350838051209
CPBP_orca_463,CPBP,homodimer,463,/home/rb1820/BLA-ML/CPBP/orca_463/str_463.xyz,1.191755,INCLUDED_NO_FILTER,retained in no-S2-filter workflow,2.950222533673416,3.110440211371702,31.0,-9.559674750044753,-6.637665517530288,2.922009232514464,-2.9220092325144646,-2.488358524593857
CPBP_orca_464,CPBP,homodimer,464,/home/rb1820/BLA-ML/CPBP/orca_464/str_464.xyz,1.224886,INCLUDED_NO_FILTER,retained in no-S2-filter workflow,3.0435863979788893,3.112336567187754,36.0,-10.013683030816617,-8.401094070972695,1.6125889598439227,-1.6125889598439223,-1.5959375389197668
CPBP_orca_465,CPBP,homodimer,465,/home/rb1820/BLA-ML/CPBP/orca_465/str_465.xyz,1.292375,INCLUDED_NO_FILTER,retained in no-S2-filter workflow,2.9936288871971826,3.103147523537989,30.0,-10.655130025043562,-9.769184573733138,0.8859454513104228,-0.8859454513104232,-0.8165186045640329
CPBP_orca_466,CPBP,homodimer,466,/home/rb1820/BLA-ML/CPBP/orca_466/str_466.xyz,1.358336,INCLUDED_NO_FILTER,retained in no-S2-filter workflow,3.129291087683886,3.160545697441865,30.0,-13.383412893186197,-13.344869754128442,0.03854313905775431,-0.038543139057754416,-0.048883239807697265
CPBP_orca_467,CPBP,homodimer,467,/home/rb1820/BLA-ML/CPBP/orca_467/str_467.xyz,1.305774,INCLUDED_NO_FILTER,retained in no-S2-filter workflow,2.8485084467033324,3.119855498506108,35.0,-10.305770169397944,-8.60716711726277,1.6986030521351727,-1.698603052135173,-1.704065420356172
CPBP_orca_468,CPBP,homodimer,468,/home/rb1820/BLA-ML/CPBP/orca_468/str_468.xyz,1.357835,INCLUDED_NO_FILTER,retained in no-S2-filter workflow,3.1322546690749147,3.2014583717220915,32.0,-12.70151267493521,-12.649369108140176,0.05214356679503372,-0.05214356679503318,-0.06902329970347054
CPBP_orca_469,CPBP,homodimer,469,/home/rb1820/BLA-ML/CPBP/orca_469/str_469.xyz,1.32021,INCLUDED_NO_FILTER,retained in no-S2-filter workflow,3.0171963746463413,3.0795675188331093,29.0,-12.034823404555283,-12.026246245471528,0.008577159083755018,-0.008577159083754893,-0.20078163596013265
CPBP_orca_470,CPBP,homodimer,470,/home/rb1820/BLA-ML/CPBP/orca_470/str_470.xyz,1.224999,INCLUDED_NO_FILTER,retained in no-S2-filter workflow,2.8211875967359785,3.055079043566612,35.0,-12.270097862128514,-10.5985134271153,1.671584435013214,-1.671584435013214,-1.6702700466930986
CPBP_orca_471,CPBP,homodimer,471,/home/rb1820/BLA-ML/CPBP/orca_471/str_471.xyz,1.244797,INCLUDED_NO_FILTER,retained in no-S2-filter workflow,2.927738415953983,3.0884701136594384,39.0,-9.586156106599145,-7.741600568822505,1.844555537776641,-1.8445555377766398,-1.6154953288045046
CPBP_orca_472,CPBP,homodimer,472,/home/rb1820/BLA-ML/CPBP/orca_472/str_472.xyz,1.228296,INCLUDED_NO_FILTER,retained in no-S2-filter workflow,2.9867240649884543,3.067638256459392,29.0,-13.141725603729899,-11.00542834043248,2.1362972632974193,-2.1362972632974184,-2.089488307677952
CPBP_orca_473,CPBP,homodimer,473,/home/rb1820/BLA-ML/CPBP/orca_473/str_473.xyz,1.25642,INCLUDED_NO_FILTER,retained in no-S2-filter workflow,2.980639043518228,3.0957004917141657,45.0,-11.144793347795083,-9.428815107907791,1.7159782398872925,-1.715978239887292,-1.7095157100212202
CPBP_orca_474,CPBP,homodimer,474,/home/rb1820/BLA-ML/CPBP/orca_474/str_474.xyz,1.148085,INCLUDED_NO_FILTER,retained in no-S2-filter workflow,2.929938435669703,3.081317568884037,35.0,-7.8193072317992005,-4.698264410524299,3.121042821274902,-3.1210428212749015,-2.420558359653011
CPBP_orca_475,CPBP,homodimer,475,/home/rb1820/BLA-ML/CPBP/orca_475/str_475.xyz,1.19887,INCLUDED_NO_FILTER,retained in no-S2-filter workflow,2.970515544103499,3.106260844874312,24.0,-12.423566237756711,-10.34069291927543,2.082873318481281,-2.0828733184812815,-2.006740471203458
CPBP_orca_476,CPBP,homodimer,476,/home/rb1820/BLA-ML/CPBP/orca_476/str_476.xyz,1.345976,INCLUDED_NO_FILTER,retained in no-S2-filter workflow,3.0915397076126445,3.1541399956008256,27.0,-11.784159527202208,-11.490271327350248,0.29388819985196063,-0.2938881998519598,-0.4073335718818223
CPBP_orca_477,CPBP,homodimer,477,/home/rb1820/BLA-ML/CPBP/orca_477/str_477.xyz,1.338182,INCLUDED_NO_FILTER,retained in no-S2-filter workflow,3.093508878480666,3.2093718897868144,31.0,-13.387713458346173,-12.934946526859331,0.4527669314868413,-0.4527669314868419,-0.5540259070019378
CPBP_orca_478,CPBP,homodimer,478,/home/rb1820/BLA-ML/CPBP/orca_478/str_478.xyz,1.320901,INCLUDED_NO_FILTER,retained in no-S2-filter workflow,2.97542575701524,3.141711350308173,30.0,-11.168474059879255,-10.566856201435524,0.6016178584437303,-0.6016178584437313,-0.5273137456983008
CPBP_orca_479,CPBP,homodimer,479,/home/rb1820/BLA-ML/CPBP/orca_479/str_479.xyz,1.334476,INCLUDED_NO_FILTER,retained in no-S2-filter workflow,3.063669198541362,3.1644706003486074,29.0,-13.177966638906566,-12.827219217539305,0.3507474213672616,-0.3507474213672612,-0.3123214449559937
CPBP_orca_480,CPBP,homodimer,480,/home/rb1820/BLA-ML/CPBP/orca_480/str_480.xyz,1.361597,INCLUDED_NO_FILTER,retained in no-S2-filter workflow,3.157159002788541,3.203424563896504,25.0,-12.797481108700453,-13.432011334044935,-0.6345302253444832,0.6345302253444824,0.6681855868619397
CPBP_orca_481,CPBP,homodimer,481,/home/rb1820/BLA-ML/CPBP/orca_481/str_481.xyz,1.255002,INCLUDED_NO_FILTER,retained in no-S2-filter workflow,3.055869676932192,3.118400715552645,33.0,-8.616845020765329,-6.807588968562695,1.8092560522026333,-1.8092560522026337,-2.0724212024002098
CPBP_orca_482,CPBP,homodimer,482,/home/rb1820/BLA-ML/CPBP/orca_482/str_482.xyz,1.376149,INCLUDED_NO_FILTER,retained in no-S2-filter workflow,3.150518462551443,3.231575849857065,25.0,-10.623547089821413,-10.361427254135029,0.26211983568638325,-0.2621198356863843,-0.1710906294444392
CPBP_orca_483,CPBP,homodimer,483,/home/rb1820/BLA-ML/CPBP/orca_483/str_483.xyz,1.342536,INCLUDED_NO_FILTER,retained in no-S2-filter workflow,3.078187091188912,3.1717677189671503,31.0,-10.10342844388919,-10.736743942448541,-0.6333154985593515,0.6333154985593517,0.6871281690943896
CPBP_orca_484,CPBP,homodimer,484,/home/rb1820/BLA-ML/CPBP/orca_484/str_484.xyz,1.342602,INCLUDED_NO_FILTER,retained in no-S2-filter workflow,3.0798849475851613,3.1839688078345576,26.0,-11.984436328351821,-12.528899784121501,-0.5444634557696807,0.5444634557696801,0.5681933986525802
CPBP_orca_485,CPBP,homodimer,485,/home/rb1820/BLA-ML/CPBP/orca_485/str_485.xyz,1.2814,INCLUDED_NO_FILTER,retained in no-S2-filter workflow,2.831362508630024,3.116606493961803,32.0,-12.067160097099462,-10.8701470034006,1.1970130936988626,-1.197013093698862,-1.1561825897852125
CPBP_orca_486,CPBP,homodimer,486,/home/rb1820/BLA-ML/CPBP/orca_486/str_486.xyz,1.241208,INCLUDED_NO_FILTER,retained in no-S2-filter workflow,2.948614577515479,3.054292281449126,29.0,-11.05985031324563,-8.820405110235736,2.2394452030098937,-2.2394452030098932,-2.4585985266478088
CPBP_orca_487,CPBP,homodimer,487,/home/rb1820/BLA-ML/CPBP/orca_487/str_487.xyz,1.301242,INCLUDED_NO_FILTER,retained in no-S2-filter workflow,2.9855719094120867,3.124246191634356,31.0,-11.686215000251508,-10.634479279326207,1.0517357209252995,-1.0517357209253007,-1.058805775692608
CPBP_orca_488,CPBP,homodimer,488,/home/rb1820/BLA-ML/CPBP/orca_488/str_488.xyz,1.272229,INCLUDED_NO_FILTER,retained in no-S2-filter workflow,2.974986702559869,3.0882076081692853,36.0,-10.853018607178427,-9.470086279740848,1.3829323274375787,-1.3829323274375795,-1.2024281785458246
CPBP_orca_489,CPBP,homodimer,489,/home/rb1820/BLA-ML/CPBP/orca_489/str_489.xyz,1.351791,INCLUDED_NO_FILTER,retained in no-S2-filter workflow,3.0522587050285668,3.131479959597571,29.0,-12.866612130128678,-13.043760653117028,-0.17714852298834963,0.17714852298835027,0.0895992549153819
CPBP_orca_490,CPBP,homodimer,490,/home/rb1820/BLA-ML/CPBP/orca_490/str_490.xyz,1.312822,INCLUDED_NO_FILTER,retained in no-S2-filter workflow,3.05116961598304,3.210802955212659,25.0,-14.779640322145056,-14.0060509980702,0.7735893240748563,-0.7735893240748553,-0.7749402422384435
CPBP_orca_491,CPBP,homodimer,491,/home/rb1820/BLA-ML/CPBP/orca_491/str_491.xyz,1.234031,INCLUDED_NO_FILTER,retained in no-S2-filter workflow,2.92391204064552,3.0386815779931857,27.0,-10.567677324711378,-8.138574978544327,2.4291023461670513,-2.429102346167051,-2.7538789043198477
CPBP_orca_492,CPBP,homodimer,492,/home/rb1820/BLA-ML/CPBP/orca_492/str_492.xyz,1.351569,INCLUDED_NO_FILTER,retained in no-S2-filter workflow,3.072875526420628,3.141733049574183,40.0,-9.429821856453563,-9.203797435049937,0.22602442140362536,-0.22602442140362555,-0.1718420542072483
CPBP_orca_493,CPBP,homodimer,493,/home/rb1820/BLA-ML/CPBP/orca_493/str_493.xyz,1.319564,INCLUDED_NO_FILTER,retained in no-S2-filter workflow,2.9937326437878053,3.112529338416876,32.0,-10.396082807654043,-9.377255097350133,1.0188277103039114,-1.0188277103039098,-1.1602977302724007
CPBP_orca_494,CPBP,homodimer,494,/home/rb1820/BLA-ML/CPBP/orca_494/str_494.xyz,1.384988,INCLUDED_NO_FILTER,retained in no-S2-filter workflow,3.182964985373848,3.243479242728396,30.0,-12.48983517593754,-12.563240776660152,-0.0734056007226126,0.07340560072261226,0.020008926954085737
CPBP_orca_495,CPBP,homodimer,495,/home/rb1820/BLA-ML/CPBP/orca_495/str_495.xyz,1.188977,INCLUDED_NO_FILTER,retained in no-S2-filter workflow,2.9584115485412994,3.0642228247213743,42.0,-9.665716417810085,-7.078211258820355,2.587505158989731,-2.58750515898973,-2.532966065908088
CPBP_orca_496,CPBP,homodimer,496,/home/rb1820/BLA-ML/CPBP/orca_496/str_496.xyz,1.307334,INCLUDED_NO_FILTER,retained in no-S2-filter workflow,3.1949584191091227,3.246931658964144,24.0,-11.846468482168081,-11.147300275565202,0.6991682066028789,-0.699168206602879,-0.5843047004983823
CPBP_orca_497,CPBP,homodimer,497,/home/rb1820/BLA-ML/CPBP/orca_497/str_497.xyz,1.267725,INCLUDED_NO_FILTER,retained in no-S2-filter workflow,2.9630415427935444,3.10201006491536,45.0,-11.57270388084839,-10.076817722445512,1.4958861584028798,-1.4958861584028789,-1.4669399257897044
CPBP_orca_498,CPBP,homodimer,498,/home/rb1820/BLA-ML/CPBP/orca_498/str_498.xyz,1.361279,INCLUDED_NO_FILTER,retained in no-S2-filter workflow,3.1573428254955385,3.221303578403995,25.0,-13.997793677382672,-13.744003037854396,0.25379063952827663,-0.2537906395282761,-0.2763093160383594
CPBP_orca_499,CPBP,homodimer,499,/home/rb1820/BLA-ML/CPBP/orca_499/str_499.xyz,0.541765,INCLUDED_NO_FILTER,retained in no-S2-filter workflow,2.8135304806625574,2.935762967562991,52.0,-7.061130803073065,5.0216688871170545,12.08279969019012,-12.08279969019012,-14.308892920085091
CPBP_orca_500,CPBP,homodimer,500,/home/rb1820/BLA-ML/CPBP/orca_500/str_500.xyz,1.240865,INCLUDED_NO_FILTER,retained in no-S2-filter workflow,2.988119887529757,3.062457493475044,28.0,-12.000249277162819,-9.58717010809609,2.413079169066727,-2.4130791690667284,-2.720167362388623
CPBP_orca_501,CPBP,homodimer,501,/home/rb1820/BLA-ML/CPBP/orca_501/str_501.xyz,1.363204,INCLUDED_NO_FILTER,retained in no-S2-filter workflow,3.1466457663721528,3.186769942694448,28.0,-12.119468275381339,-12.131297406998515,-0.01182913161717568,0.011829131617176358,0.02543725440643474
CPBP_orca_502,CPBP,homodimer,502,/home/rb1820/BLA-ML/CPBP/orca_502/str_502.xyz,1.361315,INCLUDED_NO_FILTER,retained in no-S2-filter workflow,3.070315648058818,3.1640252489424965,32.0,-10.303551029439129,-10.593428973653461,-0.2898779442143314,0.2898779442143322,0.3574789311068258
CPBP_orca_503,CPBP,homodimer,503,/home/rb1820/BLA-ML/CPBP/orca_503/str_503.xyz,1.220624,INCLUDED_NO_FILTER,retained in no-S2-filter workflow,2.941245015686473,3.054107401148633,34.0,-10.498751180248822,-8.062983329720153,2.4357678505286695,-2.43576785052867,-2.7037341663080046
CPBP_orca_504,CPBP,homodimer,504,/home/rb1820/BLA-ML/CPBP/orca_504/str_504.xyz,1.366471,INCLUDED_NO_FILTER,retained in no-S2-filter workflow,3.1342286801806374,3.19580556161399,28.0,-13.788534100912894,-13.839265905031695,-0.050731804118801724,0.05073180411880074,0.026584670902261465
CPBP_orca_505,CPBP,homodimer,505,/home/rb1820/BLA-ML/CPBP/orca_505/str_505.xyz,1.325352,INCLUDED_NO_FILTER,retained in no-S2-filter workflow,3.027565808553359,3.15527992400472,32.0,-10.962059225434746,-10.153760523278443,0.808298702156303,-0.8082987021563035,-0.809957910821268
CPBP_orca_506,CPBP,homodimer,506,/home/rb1820/BLA-ML/CPBP/orca_506/str_506.xyz,1.346652,INCLUDED_NO_FILTER,retained in no-S2-filter workflow,3.1050877471781027,3.180470219400385,27.0,-13.24826841426644,-12.834336805307466,0.41393160895897513,-0.41393160895897374,-0.4224704891714719
CPBP_orca_507,CPBP,homodimer,507,/home/rb1820/BLA-ML/CPBP/orca_507/str_507.xyz,1.353677,INCLUDED_NO_FILTER,retained in no-S2-filter workflow,3.119828436434189,3.187083472581812,28.0,-13.562932557923567,-14.106928180507655,-0.5439956225840877,0.5439956225840881,0.5393301954528105
CPBP_orca_508,CPBP,homodimer,508,/home/rb1820/BLA-ML/CPBP/orca_508/str_508.xyz,1.232035,INCLUDED_NO_FILTER,retained in no-S2-filter workflow,2.968762626677239,3.069393736236504,33.0,-8.568150055473922,-5.87315988943779,2.6949901660361304,-2.6949901660361313,-3.0027767777635486
CPBP_orca_509,CPBP,homodimer,509,/home/rb1820/BLA-ML/CPBP/orca_509/str_509.xyz,1.246739,INCLUDED_NO_FILTER,retained in no-S2-filter workflow,2.9472390240365787,3.104394878855284,31.0,-11.483113866470882,-9.614224589330906,1.8688892771399765,-1.868889277139976,-1.844650152715173
CPBP_orca_510,CPBP,homodimer,510,/home/rb1820/BLA-ML/CPBP/orca_510/str_510.xyz,1.364465,INCLUDED_NO_FILTER,retained in no-S2-filter workflow,3.1465925966732087,3.189765602287644,30.0,-12.078774731467577,-12.09178031276749,-0.013005581299912099,0.013005581299912805,0.03008891842790451
CPBP_orca_511,CPBP,homodimer,511,/home/rb1820/BLA-ML/CPBP/orca_511/str_511.xyz,1.323583,INCLUDED_NO_FILTER,retained in no-S2-filter workflow,2.936595377000204,3.133892969917357,31.0,-11.155673116985499,-10.063789301640305,1.0918838153451924,-1.0918838153451933,-1.1974575791265902
CPBP_orca_512,CPBP,homodimer,512,/home/rb1820/BLA-ML/CPBP/orca_512/str_512.xyz,1.314972,INCLUDED_NO_FILTER,retained in no-S2-filter workflow,2.876192573264853,3.0211791614209047,39.0,-9.213528164646336,-8.51737879144269,0.6961493732036454,-0.6961493732036459,-0.6833343221322714
CPBP_orca_513,CPBP,homodimer,513,/home/rb1820/BLA-ML/CPBP/orca_513/str_513.xyz,1.206517,INCLUDED_NO_FILTER,retained in no-S2-filter workflow,2.9599605144411854,3.0641567588266403,29.0,-10.942017643435289,-8.269755937518719,2.672261705916571,-2.6722617059165703,-2.835348029163275
CPBP_orca_514,CPBP,homodimer,514,/home/rb1820/BLA-ML/CPBP/orca_514/str_514.xyz,1.15378,INCLUDED_NO_FILTER,retained in no-S2-filter workflow,2.8841105888830745,3.019785886068384,45.0,-10.441017354181236,-7.287649129706071,3.153368224475165,-3.153368224475165,-3.648452960142216
CPBP_orca_515,CPBP,homodimer,515,/home/rb1820/BLA-ML/CPBP/orca_515/str_515.xyz,1.168306,INCLUDED_NO_FILTER,retained in no-S2-filter workflow,2.926321713244457,3.0666796336998154,39.0,-10.066438069877961,-7.220035392447671,2.846402677430289,-2.84640267743029,-2.9362049327885646
CPBP_orca_516,CPBP,homodimer,516,/home/rb1820/BLA-ML/CPBP/orca_516/str_516.xyz,1.187061,INCLUDED_NO_FILTER,retained in no-S2-filter workflow,2.9670206865802977,3.109048939532818,26.0,-12.00835746077182,-9.846264285754833,2.1620931750169894,-2.162093175016988,-2.0557257158009064
CPBP_orca_517,CPBP,homodimer,517,/home/rb1820/BLA-ML/CPBP/orca_517/str_517.xyz,1.370543,INCLUDED_NO_FILTER,retained in no-S2-filter workflow,3.1319745263147536,3.1925881386057275,28.0,-12.007096780461447,-11.645518600757528,0.36157817970391853,-0.36157817970391903,-0.40756487750176795
CPBP_orca_518,CPBP,homodimer,518,/home/rb1820/BLA-ML/CPBP/orca_518/str_518.xyz,1.336588,INCLUDED_NO_FILTER,retained in no-S2-filter workflow,3.1064616442185184,3.1640535051897283,34.0,-12.089566272446337,-11.94996962065617,0.1395966517901665,-0.13959665179016767,-0.15789932138230078
CPBP_orca_519,CPBP,homodimer,519,/home/rb1820/BLA-ML/CPBP/orca_519/str_519.xyz,1.349534,INCLUDED_NO_FILTER,retained in no-S2-filter workflow,3.103608256251689,3.184400624738269,26.0,-13.217989279272278,-12.845329350084082,0.3726599291881956,-0.37265992918819535,-0.38610101868548874
CPBP_orca_520,CPBP,homodimer,520,/home/rb1820/BLA-ML/CPBP/orca_520/str_520.xyz,1.260914,INCLUDED_NO_FILTER,retained in no-S2-filter workflow,2.995470199471281,3.1033989624535705,35.0,-8.991672897494597,-8.966704023101046,0.024968874393550285,-0.024968874393550777,0.8460259980378328
CPBP_orca_521,CPBP,homodimer,521,/home/rb1820/BLA-ML/CPBP/orca_521/str_521.xyz,1.348668,INCLUDED_NO_FILTER,retained in no-S2-filter workflow,3.110485768872024,3.151909140978855,30.0,-11.300403418859498,-10.58132735199653,0.7190760668629683,-0.7190760668629679,-0.7530633010997647
CPBP_orca_522,CPBP,homodimer,522,/home/rb1820/BLA-ML/CPBP/orca_522/str_522.xyz,1.154671,INCLUDED_NO_FILTER,retained in no-S2-filter workflow,2.883742883410686,3.020987932367732,43.0,-10.313375028957116,-7.159688010782354,3.153687018174763,-3.1536870181747627,-3.6054336511135703
CPBP_orca_523,CPBP,homodimer,523,/home/rb1820/BLA-ML/CPBP/orca_523/str_523.xyz,1.272932,INCLUDED_NO_FILTER,retained in no-S2-filter workflow,2.980876429902969,3.142427693015061,30.0,-10.89960470151017,-8.98245750353373,1.9171471979764387,-1.9171471979764387,-1.8988347937609165
CPBP_orca_524,CPBP,homodimer,524,/home/rb1820/BLA-ML/CPBP/orca_524/str_524.xyz,1.388705,INCLUDED_NO_FILTER,retained in no-S2-filter workflow,3.127909496357236,3.198912730032293,29.0,-13.0014304308475,-12.692777381712004,0.3086530491354961,-0.30865304913549707,-0.39527588258373214
CPBP_orca_525,CPBP,homodimer,525,/home/rb1820/BLA-ML/CPBP/orca_525/str_525.xyz,1.241358,INCLUDED_NO_FILTER,retained in no-S2-filter workflow,2.950285029312963,3.052804231018164,33.0,-10.900672098961424,-8.730819845361289,2.1698522536001343,-2.1698522536001352,-2.243612348742676
CPBP_orca_526,CPBP,homodimer,526,/home/rb1820/BLA-ML/CPBP/orca_526/str_526.xyz,1.288041,INCLUDED_NO_FILTER,retained in no-S2-filter workflow,2.9267678391293663,3.074265569398368,29.0,-11.077999850057973,-10.341374640470175,0.7366252095877978,-0.7366252095877979,-0.6003606738788099
CPBP_orca_527,CPBP,homodimer,527,/home/rb1820/BLA-ML/CPBP/orca_527/str_527.xyz,1.356725,INCLUDED_NO_FILTER,retained in no-S2-filter workflow,3.0704596670373587,3.1395442141514667,29.0,-13.817575196777977,-14.004465891658676,-0.1868906948806982,0.18689069488069876,0.12153222343584663
CPBP_orca_528,CPBP,homodimer,528,/home/rb1820/BLA-ML/CPBP/orca_528/str_528.xyz,1.351356,INCLUDED_NO_FILTER,retained in no-S2-filter workflow,3.082579315816605,3.1562565509349287,30.0,-12.164501326442242,-12.138752902904697,0.02574842353754585,-0.025748423537544696,0.08063250228714125
CPBP_orca_529,CPBP,homodimer,529,/home/rb1820/BLA-ML/CPBP/orca_529/str_529.xyz,1.370626,INCLUDED_NO_FILTER,retained in no-S2-filter workflow,3.1483373487645707,3.204129197390924,26.0,-12.7059070336492,-12.880667751963012,-0.1747607183138115,0.17476071831381113,0.10403605971720697
CPBP_orca_530,CPBP,homodimer,530,/home/rb1820/BLA-ML/CPBP/orca_530/str_530.xyz,1.249589,INCLUDED_NO_FILTER,retained in no-S2-filter workflow,3.016063278416577,3.063799094965088,30.0,-11.680446608931874,-9.639786752961738,2.0406598559701354,-2.0406598559701354,-2.4663522674438845
CPBP_orca_531,CPBP,homodimer,531,/home/rb1820/BLA-ML/CPBP/orca_531/str_531.xyz,1.368863,INCLUDED_NO_FILTER,retained in no-S2-filter workflow,3.074279170509794,3.1787016777253307,33.0,-12.75007708710549,-12.663199880783452,0.08687720632203792,-0.08687720632203799,-0.12616383617597116
CPBP_orca_532,CPBP,homodimer,532,/home/rb1820/BLA-ML/CPBP/orca_532/str_532.xyz,1.277203,INCLUDED_NO_FILTER,retained in no-S2-filter workflow,2.910752850364061,3.075975724400035,36.0,-9.198368259379924,-8.02267404782731,1.1756942115526126,-1.1756942115526137,-0.8437536643181653
CPBP_orca_533,CPBP,homodimer,533,/home/rb1820/BLA-ML/CPBP/orca_533/str_533.xyz,1.198532,INCLUDED_NO_FILTER,retained in no-S2-filter workflow,2.9683573172643265,3.1130296444707803,25.0,-12.003418142809473,-10.056668188556065,1.946749954253406,-1.9467499542534075,-1.8269041087200337
CPBP_orca_534,CPBP,homodimer,534,/home/rb1820/BLA-ML/CPBP/orca_534/str_534.xyz,1.353178,INCLUDED_NO_FILTER,retained in no-S2-filter workflow,3.139864522094562,3.17804730348635,27.0,-13.30343189996357,-13.906041937986547,-0.6026100380229772,0.6026100380229771,0.5696618008927063
CPBP_orca_535,CPBP,homodimer,535,/home/rb1820/BLA-ML/CPBP/orca_535/str_535.xyz,1.173077,INCLUDED_NO_FILTER,retained in no-S2-filter workflow,2.8849331371728355,3.030842561911627,44.0,-10.292541493574983,-7.385011917010149,2.9075295765648344,-2.9075295765648344,-3.3665264612540957
CPBP_orca_536,CPBP,homodimer,536,/home/rb1820/BLA-ML/CPBP/orca_536/str_536.xyz,1.355891,INCLUDED_NO_FILTER,retained in no-S2-filter workflow,3.122466236058167,3.184058889938531,29.0,-11.721473879058195,-11.23904764783835,0.48242623121984607,-0.4824262312198453,-0.4307285317780192
CPBP_orca_537,CPBP,homodimer,537,/home/rb1820/BLA-ML/CPBP/orca_537/str_537.xyz,1.245293,INCLUDED_NO_FILTER,retained in no-S2-filter workflow,2.9492547059210943,3.05262686674474,34.0,-10.833449393563564,-8.701167794299083,2.13228159926448,-2.1322815992644806,-2.1523507123552585
CPBP_orca_538,CPBP,homodimer,538,/home/rb1820/BLA-ML/CPBP/orca_538/str_538.xyz,1.353335,INCLUDED_NO_FILTER,retained in no-S2-filter workflow,3.107347072811037,3.182757239074477,24.0,-12.864542013390437,-12.541242163978456,0.3232998494119821,-0.3232998494119812,-0.3308273618067039
CPBP_orca_539,CPBP,homodimer,539,/home/rb1820/BLA-ML/CPBP/orca_539/str_539.xyz,1.338835,INCLUDED_NO_FILTER,retained in no-S2-filter workflow,3.1752922314968623,3.197084537605742,26.0,-12.98805589985149,-13.409446938380412,-0.4213910385289225,0.4213910385289221,0.4742406740849986
CPBP_orca_540,CPBP,homodimer,540,/home/rb1820/BLA-ML/CPBP/orca_540/str_540.xyz,1.170451,INCLUDED_NO_FILTER,retained in no-S2-filter workflow,2.915295032591094,3.031597850709717,44.0,-8.292395014867056,-5.5005016404390945,2.7918933744279624,-2.7918933744279615,-2.796778207188189
CPBP_orca_541,CPBP,homodimer,541,/home/rb1820/BLA-ML/CPBP/orca_541/str_541.xyz,1.346071,INCLUDED_NO_FILTER,retained in no-S2-filter workflow,3.0938357652337505,3.162725442278003,28.0,-11.381710940240321,-11.136427287914097,0.24528365232622334,-0.24528365232622384,-0.33112858359798514
CPBP_orca_542,CPBP,homodimer,542,/home/rb1820/BLA-ML/CPBP/orca_542/str_542.xyz,1.368541,INCLUDED_NO_FILTER,retained in no-S2-filter workflow,3.009330524990345,3.172923938851919,33.0,-11.459991331430182,-11.455156269397495,0.004835062032686699,-0.004835062032686466,0.032853700309249945
CPBP_orca_543,CPBP,homodimer,543,/home/rb1820/BLA-ML/CPBP/orca_543/str_543.xyz,1.203637,INCLUDED_NO_FILTER,retained in no-S2-filter workflow,2.970227696421276,3.069175416568254,26.0,-10.48255063015442,-7.7857692069017705,2.696781423252648,-2.6967814232526486,-3.118468200844209
CPBP_orca_544,CPBP,homodimer,544,/home/rb1820/BLA-ML/CPBP/orca_544/str_544.xyz,1.230517,INCLUDED_NO_FILTER,retained in no-S2-filter workflow,2.905867325435345,3.0386263595034286,36.0,-10.005232469502994,-7.619286582786898,2.385945886716096,-2.3859458867160965,-2.3409493018717797
CPBP_orca_545,CPBP,homodimer,545,/home/rb1820/BLA-ML/CPBP/orca_545/str_545.xyz,1.348864,INCLUDED_NO_FILTER,retained in no-S2-filter workflow,3.064572124406454,3.1567028729425672,20.0,-11.758307732060281,-12.172899703147417,-0.41459197108713647,0.41459197108713575,0.4168473187468553
CPBP_orca_546,CPBP,homodimer,546,/home/rb1820/BLA-ML/CPBP/orca_546/str_546.xyz,1.287827,INCLUDED_NO_FILTER,retained in no-S2-filter workflow,2.962667601034968,3.086941125185798,26.0,-12.979908960594273,-11.929883858062409,1.0500251025318634,-1.0500251025318637,-1.0296756974157784
CPBP_orca_547,CPBP,homodimer,547,/home/rb1820/BLA-ML/CPBP/orca_547/str_547.xyz,1.237334,INCLUDED_NO_FILTER,retained in no-S2-filter workflow,3.0058986880157508,3.081143005508481,42.0,-6.311533285815827,-3.8896837601283476,2.4218495256874797,-2.4218495256874792,-2.7604270507025923
CPBP_orca_548,CPBP,homodimer,548,/home/rb1820/BLA-ML/CPBP/orca_548/str_548.xyz,1.160165,INCLUDED_NO_FILTER,retained in no-S2-filter workflow,2.878659858423566,3.0703149007619728,33.0,-10.64852481888211,-7.892715218402317,2.7558096004797945,-2.755809600479794,-2.5975795410133484
CPBP_orca_549,CPBP,homodimer,549,/home/rb1820/BLA-ML/CPBP/orca_549/str_549.xyz,1.227799,INCLUDED_NO_FILTER,retained in no-S2-filter workflow,2.972762377799015,3.082198851281921,31.0,-8.818586976835823,-6.272114995744698,2.546471981091125,-2.5464719810911243,-3.0309682568978378
CPBP_orca_550,CPBP,homodimer,550,/home/rb1820/BLA-ML/CPBP/orca_550/str_550.xyz,1.368184,INCLUDED_NO_FILTER,retained in no-S2-filter workflow,3.1036647036477234,3.222065776988722,25.0,-12.245778963392778,-12.194966257635928,0.0508127057568508,-0.05081270575685082,0.025304682867050232
CPBP_orca_551,CPBP,homodimer,551,/home/rb1820/BLA-ML/CPBP/orca_551/str_551.xyz,1.347705,INCLUDED_NO_FILTER,retained in no-S2-filter workflow,3.0630834456659697,3.1250020749360146,35.0,-11.5819240408631,-12.29597324041939,-0.7140491995562885,0.714049199556289,0.713274685356696
CPBP_orca_552,CPBP,homodimer,552,/home/rb1820/BLA-ML/CPBP/orca_552/str_552.xyz,1.302709,INCLUDED_NO_FILTER,retained in no-S2-filter workflow,2.963203537925758,3.1094027746659334,30.0,-9.667690712382361,-8.690396122246018,0.9772945901363447,-0.9772945901363439,-0.7491390015587056
CPBP_orca_553,CPBP,homodimer,553,/home/rb1820/BLA-ML/CPBP/orca_553/str_553.xyz,1.16314,INCLUDED_NO_FILTER,retained in no-S2-filter workflow,2.88038140411888,3.024974478738057,46.0,-10.256308845648617,-7.204567235472266,3.0517416101763515,-3.051741610176351,-3.5059448386874768
CPBP_orca_554,CPBP,homodimer,554,/home/rb1820/BLA-ML/CPBP/orca_554/str_554.xyz,1.305226,INCLUDED_NO_FILTER,retained in no-S2-filter workflow,2.944781106700557,3.1131841036601893,31.0,-13.039974700209367,-13.152875216547466,-0.11290051633809975,0.11290051633809917,0.31832072524844346
CPBP_orca_555,CPBP,homodimer,555,/home/rb1820/BLA-ML/CPBP/orca_555/str_555.xyz,1.338522,INCLUDED_NO_FILTER,retained in no-S2-filter workflow,3.078456354699807,3.1391683976412947,29.0,-13.106684609945665,-13.776128181471172,-0.6694435715255073,0.6694435715255072,0.698424612958982
CPBP_orca_556,CPBP,homodimer,556,/home/rb1820/BLA-ML/CPBP/orca_556/str_556.xyz,1.340343,INCLUDED_NO_FILTER,retained in no-S2-filter workflow,3.1434476622441947,3.19323202391309,27.0,-12.945928672609837,-13.30440667040542,-0.35847799779558365,0.35847799779558365,0.3661309633719858
CPBP_orca_557,CPBP,homodimer,557,/home/rb1820/BLA-ML/CPBP/orca_557/str_557.xyz,1.360162,INCLUDED_NO_FILTER,retained in no-S2-filter workflow,3.0945258050994418,3.188420936201372,29.0,-11.77917427825792,-11.512968556433838,0.2662057218240799,-0.26620572182408075,-0.23971376410818213
CPBP_orca_558,CPBP,homodimer,558,/home/rb1820/BLA-ML/CPBP/orca_558/str_558.xyz,0.720854,INCLUDED_NO_FILTER,retained in no-S2-filter workflow,2.8083362284108424,2.9466614488715765,50.0,-6.298169598148757,3.870178518416033,10.16834811656479,-10.16834811656479,-11.801094066537939
CPBP_orca_559,CPBP,homodimer,559,/home/rb1820/BLA-ML/CPBP/orca_559/str_559.xyz,1.293385,INCLUDED_NO_FILTER,retained in no-S2-filter workflow,2.955724758098034,3.084514628214952,27.0,-13.023740643632141,-12.122513389991973,0.9012272536401693,-0.9012272536401689,-0.8684555857224381
CPBP_orca_560,CPBP,homodimer,560,/home/rb1820/BLA-ML/CPBP/orca_560/str_560.xyz,1.342363,INCLUDED_NO_FILTER,retained in no-S2-filter workflow,3.024331817879667,3.108789859791645,27.0,-14.0383200898107,-15.627297936452745,-1.5889778466420446,1.5889778466420452,1.5823461917712098
CPBP_orca_561,CPBP,homodimer,561,/home/rb1820/BLA-ML/CPBP/orca_561/str_561.xyz,1.287529,INCLUDED_NO_FILTER,retained in no-S2-filter workflow,2.999358001891012,3.135700555470996,29.0,-12.51231549506789,-11.57623803618596,0.9360774588819304,-0.9360774588819307,-0.8640684021807674
CPBP_orca_562,CPBP,homodimer,562,/home/rb1820/BLA-ML/CPBP/orca_562/str_562.xyz,1.248271,INCLUDED_NO_FILTER,retained in no-S2-filter workflow,2.9198627063518456,3.0529252165819174,35.0,-10.12663468792261,-8.07776577876041,2.0488689091622,-2.0488689091622003,-1.9310128535642166
CPBP_orca_563,CPBP,homodimer,563,/home/rb1820/BLA-ML/CPBP/orca_563/str_563.xyz,1.315001,INCLUDED_NO_FILTER,retained in no-S2-filter workflow,2.959853378543346,3.1166054967311227,30.0,-9.22036093860709,-8.375268009725003,0.845092928882088,-0.845092928882087,-0.6142822707467239
CPBP_orca_564,CPBP,homodimer,564,/home/rb1820/BLA-ML/CPBP/orca_564/str_564.xyz,1.302932,INCLUDED_NO_FILTER,retained in no-S2-filter workflow,2.9831112032506395,3.10586990921605,31.0,-11.855605938221903,-10.510691843860855,1.3449140943610478,-1.344914094361048,-1.445974062436128
CPBP_orca_565,CPBP,homodimer,565,/home/rb1820/BLA-ML/CPBP/orca_565/str_565.xyz,1.251894,INCLUDED_NO_FILTER,retained in no-S2-filter workflow,2.9368261598416843,3.0612485462509307,38.0,-11.204703180777392,-9.203974922758041,2.000728258019349,-2.0007282580193504,-2.036619315181411
CPBP_orca_566,CPBP,homodimer,566,/home/rb1820/BLA-ML/CPBP/orca_566/str_566.xyz,1.327994,INCLUDED_NO_FILTER,retained in no-S2-filter workflow,3.0534921626401887,3.134930816499524,31.0,-8.45387894424127,-7.7623658074121344,0.6915131368291346,-0.6915131368291352,-0.5178737447700232
CPBP_orca_567,CPBP,homodimer,567,/home/rb1820/BLA-ML/CPBP/orca_567/str_567.xyz,1.343322,INCLUDED_NO_FILTER,retained in no-S2-filter workflow,2.99956026729736,3.125757399512755,27.0,-10.310824340354708,-10.826270963702372,-0.5154466233476637,0.515446623347664,0.541556299649784
CPBP_orca_568,CPBP,homodimer,568,/home/rb1820/BLA-ML/CPBP/orca_568/str_568.xyz,0.789946,INCLUDED_NO_FILTER,retained in no-S2-filter workflow,2.808033820085102,2.955780877177623,47.0,-5.737907950014987,3.538127439948203,9.27603538996319,-9.27603538996319,-10.512340281885034
CPBP_orca_569,CPBP,homodimer,569,/home/rb1820/BLA-ML/CPBP/orca_569/str_569.xyz,1.348764,INCLUDED_NO_FILTER,retained in no-S2-filter workflow,3.113092320624774,3.1756464638779045,28.0,-11.274613698843691,-11.072518057747088,0.20209564109660338,-0.20209564109660327,-0.3024961165039417
CPBP_orca_570,CPBP,homodimer,570,/home/rb1820/BLA-ML/CPBP/orca_570/str_570.xyz,1.310119,INCLUDED_NO_FILTER,retained in no-S2-filter workflow,3.042693428886651,3.1607169822978074,27.0,-11.81710958793305,-10.668717770032487,1.1483918179005634,-1.1483918179005634,-1.0774534204545445
CPBP_orca_571,CPBP,homodimer,571,/home/rb1820/BLA-ML/CPBP/orca_571/str_571.xyz,1.238056,INCLUDED_NO_FILTER,retained in no-S2-filter workflow,2.9385903091671937,3.077372536502115,36.0,-10.601046803316766,-8.561525936051627,2.0395208672651393,-2.0395208672651393,-2.107668696171182
CPBP_orca_572,CPBP,homodimer,572,/home/rb1820/BLA-ML/CPBP/orca_572/str_572.xyz,1.367262,INCLUDED_NO_FILTER,retained in no-S2-filter workflow,3.1021509894930714,3.19691731388071,34.0,-11.648269437939057,-11.70963778926494,-0.06136835132588288,0.06136835132588381,0.09624668486756427
CPBP_orca_573,CPBP,homodimer,573,/home/rb1820/BLA-ML/CPBP/orca_573/str_573.xyz,1.262069,INCLUDED_NO_FILTER,retained in no-S2-filter workflow,2.955257117729737,3.077211445284932,35.0,-11.441903554708428,-9.733283425083387,1.7086201296250414,-1.7086201296250412,-1.8419112856102058
CPBP_orca_574,CPBP,homodimer,574,/home/rb1820/BLA-ML/CPBP/orca_574/str_574.xyz,1.336995,INCLUDED_NO_FILTER,retained in no-S2-filter workflow,2.97487233123786,3.11254713816426,29.0,-13.136134060059769,-13.651876288037855,-0.5157422279780863,0.5157422279780857,0.7927395170952445
CPBP_orca_575,CPBP,homodimer,575,/home/rb1820/BLA-ML/CPBP/orca_575/str_575.xyz,1.252171,INCLUDED_NO_FILTER,retained in no-S2-filter workflow,2.9369808802864483,3.1355127922890254,39.0,-11.01672796694918,-9.442121430001645,1.5746065369475344,-1.5746065369475346,-1.8829650424705813
CPBP_orca_576,CPBP,homodimer,576,/home/rb1820/BLA-ML/CPBP/orca_576/str_576.xyz,1.341115,INCLUDED_NO_FILTER,retained in no-S2-filter workflow,3.072911470361517,3.171803251290361,27.0,-13.634050520431924,-14.107927810505998,-0.4738772900740758,0.47387729007407486,0.5606532064642284
CPBP_orca_577,CPBP,homodimer,577,/home/rb1820/BLA-ML/CPBP/orca_577/str_577.xyz,1.282863,INCLUDED_NO_FILTER,retained in no-S2-filter workflow,2.9588393561467488,3.0888226212566474,29.0,-8.267208564779418,-7.015414976989322,1.251793587790096,-1.2517935877900959,-1.2010765955789195
CPBP_orca_578,CPBP,homodimer,578,/home/rb1820/BLA-ML/CPBP/orca_578/str_578.xyz,1.341313,INCLUDED_NO_FILTER,retained in no-S2-filter workflow,3.0353783068428166,3.165985536056169,27.0,-12.934523261784575,-12.714115557216314,0.2204077045682615,-0.2204077045682613,-0.20485673156846218
CPBP_orca_579,CPBP,homodimer,579,/home/rb1820/BLA-ML/CPBP/orca_579/str_579.xyz,1.370401,INCLUDED_NO_FILTER,retained in no-S2-filter workflow,3.17912084057933,3.2223396130971893,28.0,-13.27949135861541,-13.259477722607505,0.020013636007903852,-0.020013636007904623,-0.031814446092313986
CPBP_orca_580,CPBP,homodimer,580,/home/rb1820/BLA-ML/CPBP/orca_580/str_580.xyz,1.37375,INCLUDED_NO_FILTER,retained in no-S2-filter workflow,3.1426928679573702,3.220180450633363,28.0,-12.171579130130977,-12.407764503811121,-0.23618537368014267,0.23618537368014358,0.22177874708842893
CPBP_orca_581,CPBP,homodimer,581,/home/rb1820/BLA-ML/CPBP/orca_581/str_581.xyz,0.781835,INCLUDED_NO_FILTER,retained in no-S2-filter workflow,2.812529439760775,2.9582998746134925,47.0,-6.0548914177834225,3.3661084986908163,9.420999916474239,-9.420999916474239,-10.72638486397391
CPBP_orca_582,CPBP,homodimer,582,/home/rb1820/BLA-ML/CPBP/orca_582/str_582.xyz,1.225526,INCLUDED_NO_FILTER,retained in no-S2-filter workflow,2.9672839634667283,3.1128321341669607,25.0,-11.367225036371348,-9.884879452949841,1.4823455834215067,-1.4823455834215071,-1.3662208605603334
CPBP_orca_583,CPBP,homodimer,583,/home/rb1820/BLA-ML/CPBP/orca_583/str_583.xyz,1.360764,INCLUDED_NO_FILTER,retained in no-S2-filter workflow,3.0718319608181823,3.184782779843564,28.0,-12.698745857690506,-12.429358858561775,0.2693869991287299,-0.26938699912873076,-0.24849933352895093
CPBP_orca_584,CPBP,homodimer,584,/home/rb1820/BLA-ML/CPBP/orca_584/str_584.xyz,1.242787,INCLUDED_NO_FILTER,retained in no-S2-filter workflow,3.023008244216824,3.136238951123002,29.0,-7.840960742746222,-6.699753974162663,1.1412067685835592,-1.141206768583559,-0.46202138125909453
CPBP_orca_585,CPBP,homodimer,585,/home/rb1820/BLA-ML/CPBP/orca_585/str_585.xyz,1.27869,INCLUDED_NO_FILTER,retained in no-S2-filter workflow,2.946530182381798,3.0898105019019293,38.0,-11.421849972252243,-9.981632074643132,1.4402178976091116,-1.4402178976091111,-1.5116231659461037
CPBP_orca_586,CPBP,homodimer,586,/home/rb1820/BLA-ML/CPBP/orca_586/str_586.xyz,1.355147,INCLUDED_NO_FILTER,retained in no-S2-filter workflow,3.017850189973662,3.109244974319339,35.0,-10.602794088250517,-11.07311940264836,-0.47032531439784353,0.47032531439784186,0.5111253120800843
CPBP_orca_587,CPBP,homodimer,587,/home/rb1820/BLA-ML/CPBP/orca_587/str_587.xyz,1.367727,INCLUDED_NO_FILTER,retained in no-S2-filter workflow,3.1644159673524506,3.218258643290558,25.0,-10.893628006928106,-10.802659749483666,0.09096825744443943,-0.09096825744443926,-0.14091988639002295
CPBP_orca_588,CPBP,homodimer,588,/home/rb1820/BLA-ML/CPBP/orca_588/str_588.xyz,1.340991,INCLUDED_NO_FILTER,retained in no-S2-filter workflow,3.0965736811134525,3.164491492361237,26.0,-11.84796538348197,-13.128211970564323,-1.2802465870823532,1.2802465870823525,1.2850865779789773
CPBP_orca_589,CPBP,homodimer,589,/home/rb1820/BLA-ML/CPBP/orca_589/str_589.xyz,1.306211,INCLUDED_NO_FILTER,retained in no-S2-filter workflow,2.9646167761331776,3.110029442251083,28.0,-11.20122737949409,-10.017579568044317,1.1836478114497735,-1.1836478114497737,-1.2584807602061714
CPBP_orca_590,CPBP,homodimer,590,/home/rb1820/BLA-ML/CPBP/orca_590/str_590.xyz,1.361015,INCLUDED_NO_FILTER,retained in no-S2-filter workflow,3.0833957795289275,3.1668625724546944,25.0,-13.94076483520144,-14.40937335319928,-0.46860851799784065,0.46860851799783987,0.47779371783485747
CPBP_orca_591,CPBP,homodimer,591,/home/rb1820/BLA-ML/CPBP/orca_591/str_591.xyz,1.370328,INCLUDED_NO_FILTER,retained in no-S2-filter workflow,3.2082681570941656,3.2663433754078284,25.0,-11.985229202870997,-12.16712619792221,-0.18189699505121343,0.18189699505121304,0.21465065999625033
CPBP_orca_592,CPBP,homodimer,592,/home/rb1820/BLA-ML/CPBP/orca_592/str_592.xyz,1.359188,INCLUDED_NO_FILTER,retained in no-S2-filter workflow,3.156432408887023,3.213676543878786,26.0,-12.159274319973266,-12.390614927727357,-0.23134060775409282,0.23134060775409182,0.23725929068950613
CPBP_orca_593,CPBP,homodimer,593,/home/rb1820/BLA-ML/CPBP/orca_593/str_593.xyz,1.329737,INCLUDED_NO_FILTER,retained in no-S2-filter workflow,2.9856420580949385,3.121092591139948,29.0,-10.045698151413072,-9.459541455528168,0.5861566958849049,-0.5861566958849043,-0.6795239222152296
CPBP_orca_594,CPBP,homodimer,594,/home/rb1820/BLA-ML/CPBP/orca_594/str_594.xyz,1.012809,INCLUDED_NO_FILTER,retained in no-S2-filter workflow,2.764077134356149,3.008050609523578,38.0,-6.053157572082803,-1.8260748418347434,4.22708273024806,-4.22708273024806,-4.060437887183377
CPBP_orca_595,CPBP,homodimer,595,/home/rb1820/BLA-ML/CPBP/orca_595/str_595.xyz,1.31796,INCLUDED_NO_FILTER,retained in no-S2-filter workflow,3.0479389016710297,3.146639619114059,23.0,-14.184679090567133,-13.851569190234809,0.33310990033232496,-0.33310990033232457,-0.3057275325632631
CPBP_orca_596,CPBP,homodimer,596,/home/rb1820/BLA-ML/CPBP/orca_596/str_596.xyz,1.342084,INCLUDED_NO_FILTER,retained in no-S2-filter workflow,3.1211765616662643,3.196949778874493,25.0,-11.759863373803535,-11.919001858511747,-0.15913848470821138,0.1591384847082118,0.3181178518769894
CPBP_orca_597,CPBP,homodimer,597,/home/rb1820/BLA-ML/CPBP/orca_597/str_597.xyz,1.182765,INCLUDED_NO_FILTER,retained in no-S2-filter workflow,2.893358834693901,3.0380966709501704,47.0,-10.255662401014048,-7.46872719988155,2.786935201132499,-2.786935201132498,-3.1968873727592357
CPBP_orca_598,CPBP,homodimer,598,/home/rb1820/BLA-ML/CPBP/orca_598/str_598.xyz,1.30544,INCLUDED_NO_FILTER,retained in no-S2-filter workflow,2.959862380494363,3.0905274258743707,31.0,-11.57226574318591,-10.384561524819983,1.1877042183659277,-1.187704218365928,-1.2140499607732904
CPBP_orca_599,CPBP,homodimer,599,/home/rb1820/BLA-ML/CPBP/orca_599/str_599.xyz,1.301146,INCLUDED_NO_FILTER,retained in no-S2-filter workflow,3.0751257151305755,3.125653842984536,30.0,-9.908231554153819,-9.97348688862713,-0.06525533447331218,0.06525533447331178,0.42809301852937764
CPBP_orca_600,CPBP,homodimer,600,/home/rb1820/BLA-ML/CPBP/orca_600/str_600.xyz,1.366704,INCLUDED_NO_FILTER,retained in no-S2-filter workflow,3.1073457049400948,3.191198489196171,27.0,-12.828783017675526,-12.868580781741146,-0.039797764065618794,0.039797764065619745,0.027718470164559417
CPBP_orca_601,CPBP,homodimer,601,/home/rb1820/BLA-ML/CPBP/orca_601/str_601.xyz,1.269803,INCLUDED_NO_FILTER,retained in no-S2-filter workflow,2.930443937394456,3.0829229428502205,33.0,-10.674340982192815,-9.115793997249765,1.558546984943049,-1.5585469849430496,-1.3422502789187525
CPBP_orca_602,CPBP,homodimer,602,/home/rb1820/BLA-ML/CPBP/orca_602/str_602.xyz,0.852921,INCLUDED_NO_FILTER,retained in no-S2-filter workflow,2.8019334129185647,2.976509930642436,44.0,-5.680333214037058,2.727010132016028,8.407343346053086,-8.407343346053086,-9.178642237354415
CPBP_orca_603,CPBP,homodimer,603,/home/rb1820/BLA-ML/CPBP/orca_603/str_603.xyz,1.235854,INCLUDED_NO_FILTER,retained in no-S2-filter workflow,2.9762555355686287,3.081958199614204,31.0,-8.191519594516926,-5.815294251248386,2.3762253432685387,-2.3762253432685396,-2.8930542070084577
CPBP_orca_604,CPBP,homodimer,604,/home/rb1820/BLA-ML/CPBP/orca_604/str_604.xyz,1.331326,INCLUDED_NO_FILTER,retained in no-S2-filter workflow,3.0324403860201863,3.106905153409361,25.0,-10.628423295951043,-10.873656312593512,-0.2452330166424699,0.24523301664246944,0.23298944698925705
CPBP_orca_605,CPBP,homodimer,605,/home/rb1820/BLA-ML/CPBP/orca_605/str_605.xyz,1.185843,INCLUDED_NO_FILTER,retained in no-S2-filter workflow,2.897477138533389,3.0353510957770147,44.0,-10.387298362039378,-7.62324251790942,2.7640558441299583,-2.764055844129958,-3.0800752352370186
CPBP_orca_606,CPBP,homodimer,606,/home/rb1820/BLA-ML/CPBP/orca_606/str_606.xyz,1.375336,INCLUDED_NO_FILTER,retained in no-S2-filter workflow,2.989924805971807,3.1276279733751817,21.0,-10.971889016298842,-10.867709209378793,0.10417980692005023,-0.10417980692004924,-0.1318446435919025
CPBP_orca_607,CPBP,homodimer,607,/home/rb1820/BLA-ML/CPBP/orca_607/str_607.xyz,1.251106,INCLUDED_NO_FILTER,retained in no-S2-filter workflow,2.9806914227067223,3.0727379233785963,35.0,-13.899961967109764,-11.87957851132134,2.020383455788425,-2.0203834557884246,-2.186400157573875
CPBP_orca_608,CPBP,homodimer,608,/home/rb1820/BLA-ML/CPBP/orca_608/str_608.xyz,1.365467,INCLUDED_NO_FILTER,retained in no-S2-filter workflow,3.1036309269323703,3.2226125862637938,24.0,-15.400455864583423,-15.431129294509955,-0.030673429926530906,0.03067342992653188,0.044968483864742836
CPBP_orca_609,CPBP,homodimer,609,/home/rb1820/BLA-ML/CPBP/orca_609/str_609.xyz,1.214266,INCLUDED_NO_FILTER,retained in no-S2-filter workflow,2.901575225725043,3.075511833032861,38.0,-8.930760907381098,-7.578969342537236,1.351791564843862,-1.3517915648438619,-1.2417167352102294
CPBP_orca_610,CPBP,homodimer,610,/home/rb1820/BLA-ML/CPBP/orca_610/str_610.xyz,1.309517,INCLUDED_NO_FILTER,retained in no-S2-filter workflow,2.9620999919898354,3.090251586607782,31.0,-11.242741427741615,-10.097716194241148,1.1450252335004671,-1.1450252335004674,-1.164036750566603
CPBP_orca_611,CPBP,homodimer,611,/home/rb1820/BLA-ML/CPBP/orca_611/str_611.xyz,1.003956,INCLUDED_NO_FILTER,retained in no-S2-filter workflow,2.8461784954593137,3.0320956611168794,41.0,-7.35255550012051,-2.5350151609758376,4.8175403391446725,-4.8175403391446725,-5.102883589024893
CPBP_orca_612,CPBP,homodimer,612,/home/rb1820/BLA-ML/CPBP/orca_612/str_612.xyz,1.365813,INCLUDED_NO_FILTER,retained in no-S2-filter workflow,2.95477356635027,3.1073427657902384,29.0,-12.67196048585601,-12.972429803921694,-0.30046931806568233,0.30046931806568367,0.6204603561744362
CPBP_orca_613,CPBP,homodimer,613,/home/rb1820/BLA-ML/CPBP/orca_613/str_613.xyz,1.281617,INCLUDED_NO_FILTER,retained in no-S2-filter workflow,3.0221658583208417,3.1402341038698496,31.0,-11.64392903191336,-10.500125519329247,1.1438035125841137,-1.143803512584114,-1.4192396604655562
CPBP_orca_614,CPBP,homodimer,614,/home/rb1820/BLA-ML/CPBP/orca_614/str_614.xyz,1.323185,INCLUDED_NO_FILTER,retained in no-S2-filter workflow,3.0652924251876126,3.1476545528987367,26.0,-11.729735843380865,-10.944585980019967,0.7851498633608991,-0.785149863360898,-0.7019586658331238
CPBP_orca_615,CPBP,homodimer,615,/home/rb1820/BLA-ML/CPBP/orca_615/str_615.xyz,1.315221,INCLUDED_NO_FILTER,retained in no-S2-filter workflow,2.970214530817573,3.1529661193426803,31.0,-11.726072116839983,-10.884046749991557,0.8420253668484261,-0.8420253668484268,-0.938277346078003
CPBP_orca_616,CPBP,homodimer,616,/home/rb1820/BLA-ML/CPBP/orca_616/str_616.xyz,1.234014,INCLUDED_NO_FILTER,retained in no-S2-filter workflow,2.9266321183685684,3.067337558890083,28.0,-10.83091232682358,-8.769132862377855,2.0617794644457237,-2.061779464445724,-2.4474361794186943
CPBP_orca_617,CPBP,homodimer,617,/home/rb1820/BLA-ML/CPBP/orca_617/str_617.xyz,1.303398,INCLUDED_NO_FILTER,retained in no-S2-filter workflow,2.964558029954853,3.107095818463044,29.0,-11.051686408583125,-9.59503098339132,1.4566554251918058,-1.456655425191805,-1.6125623129936657
CPBP_orca_618,CPBP,homodimer,618,/home/rb1820/BLA-ML/CPBP/orca_618/str_618.xyz,1.349517,INCLUDED_NO_FILTER,retained in no-S2-filter workflow,2.9837002232372645,3.148196484423696,27.0,-13.600602444456523,-14.385105393197781,-0.784502948741258,0.7845029487412578,0.884804666016552
CPBP_orca_619,CPBP,homodimer,619,/home/rb1820/BLA-ML/CPBP/orca_619/str_619.xyz,1.309934,INCLUDED_NO_FILTER,retained in no-S2-filter workflow,3.0779231802205094,3.175598952641518,27.0,-12.488047319050178,-11.652852866768013,0.8351944522821649,-0.835194452282165,-0.9927518845447656
CPBP_orca_620,CPBP,homodimer,620,/home/rb1820/BLA-ML/CPBP/orca_620/str_620.xyz,1.348753,INCLUDED_NO_FILTER,retained in no-S2-filter workflow,3.051277589494572,3.182197723909169,24.0,-10.683161254253045,-10.411954586211547,0.2712066680414981,-0.27120666804149884,-0.22991464122219973
CPBP_orca_621,CPBP,homodimer,621,/home/rb1820/BLA-ML/CPBP/orca_621/str_621.xyz,1.283418,INCLUDED_NO_FILTER,retained in no-S2-filter workflow,2.967128239935411,3.078978078797506,40.0,-10.284791472834076,-8.802229209172737,1.48256226366134,-1.4825622636613396,-1.3434189623390536
CPBP_orca_622,CPBP,homodimer,622,/home/rb1820/BLA-ML/CPBP/orca_622/str_622.xyz,1.284298,INCLUDED_NO_FILTER,retained in no-S2-filter workflow,2.8984822863929938,3.105487086344829,29.0,-12.135724105936074,-10.897246715633516,1.2384773903025577,-1.2384773903025579,-1.4108427502500325
CPBP_orca_623,CPBP,homodimer,623,/home/rb1820/BLA-ML/CPBP/orca_623/str_623.xyz,1.355351,INCLUDED_NO_FILTER,retained in no-S2-filter workflow,3.126724586051411,3.177542978665336,23.0,-11.798183365832319,-11.767144433622963,0.03103893220935686,-0.031038932209355607,-0.02788244409458951
CPBP_orca_624,CPBP,homodimer,624,/home/rb1820/BLA-ML/CPBP/orca_624/str_624.xyz,1.31529,INCLUDED_NO_FILTER,retained in no-S2-filter workflow,2.9704577263638536,3.15309903414643,31.0,-11.704040160044322,-10.864092543553244,0.8399476164910785,-0.8399476164910773,-0.9310242162538094
CPBP_orca_625,CPBP,homodimer,625,/home/rb1820/BLA-ML/CPBP/orca_625/str_625.xyz,1.359909,INCLUDED_NO_FILTER,retained in no-S2-filter workflow,3.066906658248852,3.1533228285206816,26.0,-12.765504551420737,-12.66096327261808,0.10454127880265678,-0.10454127880265673,-0.053615264534287665
CPBP_orca_626,CPBP,homodimer,626,/home/rb1820/BLA-ML/CPBP/orca_626/str_626.xyz,1.333839,INCLUDED_NO_FILTER,retained in no-S2-filter workflow,3.0610277115504063,3.1411889010502807,25.0,-13.464240484188245,-13.331362502144522,0.132877982043723,-0.13287798204372336,-0.10326161256060717
CPBP_orca_627,CPBP,homodimer,627,/home/rb1820/BLA-ML/CPBP/orca_627/str_627.xyz,1.356348,INCLUDED_NO_FILTER,retained in no-S2-filter workflow,3.050751590528062,3.178138307146978,17.0,-12.934324273472185,-12.771928826455827,0.1623954470163585,-0.16239544701635822,-0.15572410216656252
CPBP_orca_628,CPBP,homodimer,628,/home/rb1820/BLA-ML/CPBP/orca_628/str_628.xyz,1.362624,INCLUDED_NO_FILTER,retained in no-S2-filter workflow,3.157997162627923,3.2324490817423586,20.0,-13.015573666802492,-13.19104430484467,-0.17547063804217847,0.175470638042178,0.18473150395321802
CPBP_orca_629,CPBP,homodimer,629,/home/rb1820/BLA-ML/CPBP/orca_629/str_629.xyz,1.348198,INCLUDED_NO_FILTER,retained in no-S2-filter workflow,3.0976827739142943,3.175467516157715,26.0,-11.685142668955747,-12.010677134161654,-0.3255344652059066,0.3255344652059069,0.34714396062925346
CPBP_orca_630,CPBP,homodimer,630,/home/rb1820/BLA-ML/CPBP/orca_630/str_630.xyz,1.359535,INCLUDED_NO_FILTER,retained in no-S2-filter workflow,3.14538732796738,3.1878915245463,25.0,-11.61073727672201,-11.561028927163596,0.04970834955841291,-0.04970834955841319,-0.1975008642752103
CPBP_orca_631,CPBP,homodimer,631,/home/rb1820/BLA-ML/CPBP/orca_631/str_631.xyz,1.294483,INCLUDED_NO_FILTER,retained in no-S2-filter workflow,2.931112023159088,3.120475442473155,22.0,-12.9551549498498,-11.616845660436475,1.3383092894133262,-1.338309289413326,-1.4217424753389296
CPBP_orca_632,CPBP,homodimer,632,/home/rb1820/BLA-ML/CPBP/orca_632/str_632.xyz,1.317949,INCLUDED_NO_FILTER,retained in no-S2-filter workflow,3.0092587956830266,3.150105614624814,29.0,-11.728347996295968,-11.094021130096511,0.6343268661994562,-0.6343268661994568,-0.5199047745140466
CPBP_orca_633,CPBP,homodimer,633,/home/rb1820/BLA-ML/CPBP/orca_633/str_633.xyz,1.356291,INCLUDED_NO_FILTER,retained in no-S2-filter workflow,3.170798342712943,3.2061713012547344,19.0,-11.97170226401996,-12.490216031922136,-0.5185137679021752,0.5185137679021761,0.47227143653355963
CPBP_orca_634,CPBP,homodimer,634,/home/rb1820/BLA-ML/CPBP/orca_634/str_634.xyz,1.349452,INCLUDED_NO_FILTER,retained in no-S2-filter workflow,2.941113883400208,3.1103484482944017,31.0,-7.431976504560004,-6.329095900019271,1.1028806045407322,-1.102880604540733,-0.8376501900891427
CPBP_orca_635,CPBP,homodimer,635,/home/rb1820/BLA-ML/CPBP/orca_635/str_635.xyz,1.343529,INCLUDED_NO_FILTER,retained in no-S2-filter workflow,3.0448330644451973,3.152254290514044,27.0,-12.15187343507691,-12.6106346337935,-0.4587611987165904,0.4587611987165907,0.44218943254432963
CPBP_orca_636,CPBP,homodimer,636,/home/rb1820/BLA-ML/CPBP/orca_636/str_636.xyz,1.169802,INCLUDED_NO_FILTER,retained in no-S2-filter workflow,2.8562495224480378,3.088500743670655,34.0,-8.211002581423044,-5.852105274162001,2.358897307261042,-2.358897307261042,-1.8429550691631165
CPBP_orca_637,CPBP,homodimer,637,/home/rb1820/BLA-ML/CPBP/orca_637/str_637.xyz,1.366255,INCLUDED_NO_FILTER,retained in no-S2-filter workflow,3.086807037085737,3.17886112033878,16.0,-12.105714338306107,-12.026262198711025,0.07945213959508275,-0.07945213959508202,-0.10351618352967984
CPBP_orca_638,CPBP,homodimer,638,/home/rb1820/BLA-ML/CPBP/orca_638/str_638.xyz,1.339721,INCLUDED_NO_FILTER,retained in no-S2-filter workflow,3.1454175481188407,3.2212549080028205,23.0,-12.513887237580867,-13.108306059301224,-0.5944188217203572,0.5944188217203568,0.5938712337884497
CPBP_orca_639,CPBP,homodimer,639,/home/rb1820/BLA-ML/CPBP/orca_639/str_639.xyz,0.979455,INCLUDED_NO_FILTER,retained in no-S2-filter workflow,2.8095514739230945,3.0283501800148263,42.0,-6.707442149490857,-1.4536035016474687,5.253838647843389,-5.253838647843389,-5.7123158453222045
CPBP_orca_640,CPBP,homodimer,640,/home/rb1820/BLA-ML/CPBP/orca_640/str_640.xyz,1.351191,INCLUDED_NO_FILTER,retained in no-S2-filter workflow,3.050794035411499,3.1146885250654823,27.0,-11.836406234746782,-11.715050794537811,0.12135544020896986,-0.12135544020897093,-0.05303148955089668
CPBP_orca_641,CPBP,homodimer,641,/home/rb1820/BLA-ML/CPBP/orca_641/str_641.xyz,1.346582,INCLUDED_NO_FILTER,retained in no-S2-filter workflow,3.002486618394532,3.1614537639849063,28.0,-13.117844003703327,-13.578344747295926,-0.460500743592598,0.46050074359259874,0.4305220010964472
CPBP_orca_642,CPBP,homodimer,642,/home/rb1820/BLA-ML/CPBP/orca_642/str_642.xyz,1.372026,INCLUDED_NO_FILTER,retained in no-S2-filter workflow,3.121591352685768,3.198341062765547,23.0,-12.436179126125587,-12.468153732696162,-0.03197460657057448,0.03197460657057505,0.09779243735886967
CPBP_orca_643,CPBP,homodimer,643,/home/rb1820/BLA-ML/CPBP/orca_643/str_643.xyz,1.363282,INCLUDED_NO_FILTER,retained in no-S2-filter workflow,3.058809707125331,3.2054001766423736,28.0,-10.482217475229117,-10.630014297864447,-0.1477968226353301,0.14779682263533012,0.09730535060805323
CPBP_orca_644,CPBP,homodimer,644,/home/rb1820/BLA-ML/CPBP/orca_644/str_644.xyz,1.346368,INCLUDED_NO_FILTER,retained in no-S2-filter workflow,2.95429209049072,3.151602099752988,23.0,-13.25512670125413,-13.776504466301626,-0.5213777650474966,0.5213777650474967,0.5082042566164287
CPBP_orca_645,CPBP,homodimer,645,/home/rb1820/BLA-ML/CPBP/orca_645/str_645.xyz,1.287625,INCLUDED_NO_FILTER,retained in no-S2-filter workflow,3.026983053011879,3.152687407919505,22.0,-10.853101984870193,-9.913204950742323,0.9398970341278707,-0.9398970341278705,-1.2056705523163291
CPBP_orca_646,CPBP,homodimer,646,/home/rb1820/BLA-ML/CPBP/orca_646/str_646.xyz,1.295132,INCLUDED_NO_FILTER,retained in no-S2-filter workflow,3.005099838724543,3.1478876288910023,27.0,-11.71650599016968,-10.673009808687326,1.043496181482354,-1.0434961814823538,-1.0943852636507183
CPBP_orca_647,CPBP,homodimer,647,/home/rb1820/BLA-ML/CPBP/orca_647/str_647.xyz,1.310903,INCLUDED_NO_FILTER,retained in no-S2-filter workflow,3.0011107844153866,3.10219086145796,28.0,-10.536844311596097,-9.127758589864971,1.409085721731127,-1.4090857217311257,-1.5924029550708012
CPBP_orca_648,CPBP,homodimer,648,/home/rb1820/BLA-ML/CPBP/orca_648/str_648.xyz,1.347007,INCLUDED_NO_FILTER,retained in no-S2-filter workflow,3.071416409696497,3.176114577030005,21.0,-13.822161287428886,-14.065991768454815,-0.24383048102593025,0.2438304810259293,0.27704985402951826
CPBP_orca_649,CPBP,homodimer,649,/home/rb1820/BLA-ML/CPBP/orca_649/str_649.xyz,1.351134,INCLUDED_NO_FILTER,retained in no-S2-filter workflow,2.944113144217058,3.121538734040996,21.0,-11.001522255117033,-10.951190459373901,0.05033179574313156,-0.050331795743131735,0.02863623477481314
CPBP_orca_650,CPBP,homodimer,650,/home/rb1820/BLA-ML/CPBP/orca_650/str_650.xyz,1.358157,INCLUDED_NO_FILTER,retained in no-S2-filter workflow,3.037730818405309,3.192376821469886,25.0,-11.863569687742046,-11.890443751210029,-0.026874063467983524,0.026874063467982268,0.0063522706336769375
CPBP_orca_651,CPBP,homodimer,651,/home/rb1820/BLA-ML/CPBP/orca_651/str_651.xyz,1.261259,INCLUDED_NO_FILTER,retained in no-S2-filter workflow,2.894679137371077,3.0671139075799085,28.0,-11.028545035045449,-9.434066934839178,1.594478100206271,-1.5944781002062705,-1.983121876344118
CPBP_orca_652,CPBP,homodimer,652,/home/rb1820/BLA-ML/CPBP/orca_652/str_652.xyz,1.339483,INCLUDED_NO_FILTER,retained in no-S2-filter workflow,3.0275643967323305,3.140165548855836,26.0,-9.35184900814275,-10.703100665721083,-1.3512516575783329,1.3512516575783327,1.3467247009997318
CPBP_orca_653,CPBP,homodimer,653,/home/rb1820/BLA-ML/CPBP/orca_653/str_653.xyz,1.354141,INCLUDED_NO_FILTER,retained in no-S2-filter workflow,3.1423258942781342,3.2526769045612425,24.0,-11.353400506510965,-11.032454224773526,0.32094628173743855,-0.3209462817374398,-0.2683889467207976
CPBP_orca_654,CPBP,homodimer,654,/home/rb1820/BLA-ML/CPBP/orca_654/str_654.xyz,1.121156,INCLUDED_NO_FILTER,retained in no-S2-filter workflow,2.9985810972358053,3.0785393069261304,27.0,-8.231951082801467,-4.943749563742489,3.2882015190589784,-3.288201519058979,-3.3909449769347146
CPBP_orca_655,CPBP,homodimer,655,/home/rb1820/BLA-ML/CPBP/orca_655/str_655.xyz,1.355069,INCLUDED_NO_FILTER,retained in no-S2-filter workflow,3.048587352770055,3.176562644767825,23.0,-12.113214882581097,-11.837947379148437,0.2752675034326597,-0.2752675034326604,-0.24660747130566563
CPBP_orca_656,CPBP,homodimer,656,/home/rb1820/BLA-ML/CPBP/orca_656/str_656.xyz,1.36264,INCLUDED_NO_FILTER,retained in no-S2-filter workflow,3.0242501781568665,3.193608482817473,24.0,-12.457131264109817,-12.228395570448935,0.22873569366088184,-0.22873569366088198,-0.2206665003747883
CPBP_orca_657,CPBP,homodimer,657,/home/rb1820/BLA-ML/CPBP/orca_657/str_657.xyz,1.335063,INCLUDED_NO_FILTER,retained in no-S2-filter workflow,2.8607424493862457,3.114541113374094,27.0,-9.983247274652557,-9.535550173442958,0.44769710120959827,-0.4476971012095987,-0.27228852377426493
CPBP_orca_658,CPBP,homodimer,658,/home/rb1820/BLA-ML/CPBP/orca_658/str_658.xyz,1.360786,INCLUDED_NO_FILTER,retained in no-S2-filter workflow,3.097584402684625,3.1904369910386863,24.0,-12.117878893161482,-12.29690027784182,-0.17902138468033765,0.1790213846803379,0.19308537513182866
CPBP_orca_659,CPBP,homodimer,659,/home/rb1820/BLA-ML/CPBP/orca_659/str_659.xyz,1.347559,INCLUDED_NO_FILTER,retained in no-S2-filter workflow,3.0849515107450016,3.1936139195033406,30.0,-12.609465359729846,-13.182722795667667,-0.5732574359378214,0.5732574359378209,0.7540117231764016
CPBP_orca_660,CPBP,homodimer,660,/home/rb1820/BLA-ML/CPBP/orca_660/str_660.xyz,1.32249,INCLUDED_NO_FILTER,retained in no-S2-filter workflow,2.960678007992092,3.1263530411830827,29.0,-10.56049492152162,-10.083947289839246,0.4765476316823751,-0.476547631682374,-0.34757001285546885
CPBP_orca_661,CPBP,homodimer,661,/home/rb1820/BLA-ML/CPBP/orca_661/str_661.xyz,1.302695,INCLUDED_NO_FILTER,retained in no-S2-filter workflow,2.960974638751899,3.1376849483216427,29.0,-11.639408871578814,-10.703040935098516,0.9363679364802983,-0.9363679364802984,-1.0572557261473874
CPBP_orca_662,CPBP,homodimer,662,/home/rb1820/BLA-ML/CPBP/orca_662/str_662.xyz,1.373283,INCLUDED_NO_FILTER,retained in no-S2-filter workflow,3.06280235610688,3.178664812125482,27.0,-14.59119866168709,-14.626790945678284,-0.0355922839911935,0.03559228399119441,0.09728683017011086
CPBP_orca_663,CPBP,homodimer,663,/home/rb1820/BLA-ML/CPBP/orca_663/str_663.xyz,1.377592,INCLUDED_NO_FILTER,retained in no-S2-filter workflow,3.1321617784699365,3.20060972602214,23.0,-11.592462894239318,-11.806835188907678,-0.2143722946683598,0.21437229466835994,0.19648813834982226
CPBP_orca_664,CPBP,homodimer,664,/home/rb1820/BLA-ML/CPBP/orca_664/str_664.xyz,1.098601,INCLUDED_NO_FILTER,retained in no-S2-filter workflow,2.838613105462994,3.054017383983843,39.0,-7.097089208859891,-3.430273314844326,3.6668158940155653,-3.666815894015565,-3.957691805761456
CPBP_orca_665,CPBP,homodimer,665,/home/rb1820/BLA-ML/CPBP/orca_665/str_665.xyz,1.316579,INCLUDED_NO_FILTER,retained in no-S2-filter workflow,2.9527685249854616,3.128616914610327,26.0,-12.41723949903472,-11.634028435957559,0.7832110630771595,-0.7832110630771609,-0.8166295714691671
CPBP_orca_666,CPBP,homodimer,666,/home/rb1820/BLA-ML/CPBP/orca_666/str_666.xyz,1.346253,INCLUDED_NO_FILTER,retained in no-S2-filter workflow,2.954061086628002,3.1515050605762447,23.0,-13.236574801575022,-13.758428952280852,-0.5218541507058293,0.5218541507058294,0.508249324979154
CPBP_orca_667,CPBP,homodimer,667,/home/rb1820/BLA-ML/CPBP/orca_667/str_667.xyz,1.277293,INCLUDED_NO_FILTER,retained in no-S2-filter workflow,2.888858171712524,3.104567846633421,23.0,-5.059347289596892,-3.7858491425479617,1.2734981470489306,-1.2734981470489304,-1.1891807645630985
CPBP_orca_668,CPBP,homodimer,668,/home/rb1820/BLA-ML/CPBP/orca_668/str_668.xyz,1.375264,INCLUDED_NO_FILTER,retained in no-S2-filter workflow,3.17567058339709,3.236513460157868,18.0,-13.483602909507738,-13.504197302388379,-0.020594392880641212,0.02059439288064091,0.06201052267736851
CPBP_orca_669,CPBP,homodimer,669,/home/rb1820/BLA-ML/CPBP/orca_669/str_669.xyz,1.360976,INCLUDED_NO_FILTER,retained in no-S2-filter workflow,3.043882839486146,3.184343469020804,20.0,-12.757854842387472,-13.302073421381204,-0.544218578993733,0.5442185789937319,0.5323081445397491
CPBP_orca_670,CPBP,homodimer,670,/home/rb1820/BLA-ML/CPBP/orca_670/str_670.xyz,1.258485,INCLUDED_NO_FILTER,retained in no-S2-filter workflow,2.9879772411078607,3.0814415673055224,32.0,-13.729681940657324,-11.757935479056838,1.9717464616004854,-1.9717464616004854,-2.137573542440756
CPBP_orca_671,CPBP,homodimer,671,/home/rb1820/BLA-ML/CPBP/orca_671/str_671.xyz,1.375552,INCLUDED_NO_FILTER,retained in no-S2-filter workflow,3.1674594634540933,3.224241971294999,20.0,-12.875197526364284,-12.974514706498745,-0.09931718013446106,0.09931718013446122,0.10598467523193711
CPBP_orca_672,CPBP,homodimer,672,/home/rb1820/BLA-ML/CPBP/orca_672/str_672.xyz,1.272752,INCLUDED_NO_FILTER,retained in no-S2-filter workflow,3.088316479043736,3.144254923230714,31.0,-7.124848839203499,-7.1333804919184205,-0.008531652714922554,0.008531652714921734,0.5726023084198442
CPBP_orca_673,CPBP,homodimer,673,/home/rb1820/BLA-ML/CPBP/orca_673/str_673.xyz,1.311897,INCLUDED_NO_FILTER,retained in no-S2-filter workflow,3.028116373074183,3.122946858136908,28.0,-11.24895732132611,-11.467079100400456,-0.21812177907434743,0.21812177907434638,0.32811831051344864
CPBP_orca_674,CPBP,homodimer,674,/home/rb1820/BLA-ML/CPBP/orca_674/str_674.xyz,1.359104,INCLUDED_NO_FILTER,retained in no-S2-filter workflow,3.0775784567023567,3.165964924539936,22.0,-11.125553149127727,-11.013468249792284,0.11208489933544286,-0.11208489933544286,-0.07332641868275847
CPBP_orca_675,CPBP,homodimer,675,/home/rb1820/BLA-ML/CPBP/orca_675/str_675.xyz,1.348634,INCLUDED_NO_FILTER,retained in no-S2-filter workflow,2.9553947891186256,3.1473317926290387,24.0,-10.369791851840233,-10.087632588323983,0.2821592635162519,-0.28215926351625065,-0.13065209726635224
CPBP_orca_676,CPBP,homodimer,676,/home/rb1820/BLA-ML/CPBP/orca_676/str_676.xyz,1.309934,INCLUDED_NO_FILTER,retained in no-S2-filter workflow,3.071093593371004,3.144611270619768,24.0,-10.718238636638638,-9.910693209834246,0.8075454268043919,-0.807545426804392,-0.7656578264015128
CPBP_orca_677,CPBP,homodimer,677,/home/rb1820/BLA-ML/CPBP/orca_677/str_677.xyz,1.343197,INCLUDED_NO_FILTER,retained in no-S2-filter workflow,3.007081030466616,3.1991249909629405,25.0,-11.596431450472808,-11.59583753658627,0.0005939138865377288,-0.0005939138865382887,0.1716744032365789
CPBP_orca_678,CPBP,homodimer,678,/home/rb1820/BLA-ML/CPBP/orca_678/str_678.xyz,1.379141,INCLUDED_NO_FILTER,retained in no-S2-filter workflow,3.063366432749441,3.222797899923102,16.0,-12.930090327768795,-13.04226734446377,-0.11217701669497478,0.11217701669497515,0.0825607412955971
CPBP_orca_679,CPBP,homodimer,679,/home/rb1820/BLA-ML/CPBP/orca_679/str_679.xyz,1.358455,INCLUDED_NO_FILTER,retained in no-S2-filter workflow,3.0110682751689883,3.2118461360014523,22.0,-13.16129612999281,-13.295839123044308,-0.1345429930514986,0.13454299305149853,0.21714688604310678
CPBP_orca_680,CPBP,homodimer,680,/home/rb1820/BLA-ML/CPBP/orca_680/str_680.xyz,1.399456,INCLUDED_NO_FILTER,retained in no-S2-filter workflow,3.011512768123246,3.1731160667373874,22.0,-13.255631523149523,-12.95655491296153,0.2990766101879954,-0.2990766101879938,-0.1789120943792345
CPBP_orca_681,CPBP,homodimer,681,/home/rb1820/BLA-ML/CPBP/orca_681/str_681.xyz,1.355765,INCLUDED_NO_FILTER,retained in no-S2-filter workflow,3.0175156095007765,3.1771853984463205,21.0,-12.88898310567675,-13.41882372784041,-0.5298406221636583,0.5298406221636593,0.524889489824873
CPBP_orca_682,CPBP,homodimer,682,/home/rb1820/BLA-ML/CPBP/orca_682/str_682.xyz,1.350712,INCLUDED_NO_FILTER,retained in no-S2-filter workflow,3.088823455057448,3.181255150240564,17.0,-10.344470566259897,-10.419011075634948,-0.07454050937505018,0.0745405093750513,0.2823753635433306
CPBP_orca_683,CPBP,homodimer,683,/home/rb1820/BLA-ML/CPBP/orca_683/str_683.xyz,1.294661,INCLUDED_NO_FILTER,retained in no-S2-filter workflow,2.942238581669987,3.1257237524537342,29.0,-8.927115207778268,-7.903720924473109,1.0233942833051592,-1.0233942833051595,-1.0785676412985907
CPBP_orca_684,CPBP,homodimer,684,/home/rb1820/BLA-ML/CPBP/orca_684/str_684.xyz,1.35326,INCLUDED_NO_FILTER,retained in no-S2-filter workflow,3.1215717777195287,3.1937080000852114,21.0,-11.398984134383149,-11.852672953146346,-0.45368881876319617,0.45368881876319733,0.4153480680847226
CPBP_orca_685,CPBP,homodimer,685,/home/rb1820/BLA-ML/CPBP/orca_685/str_685.xyz,0.821676,INCLUDED_NO_FILTER,retained in no-S2-filter workflow,3.010231582688794,3.07958549927744,51.0,2.757104983209504,16.253061400976048,13.495956417766545,-13.495956417766543,-14.260479585653439
CPBP_orca_686,CPBP,homodimer,686,/home/rb1820/BLA-ML/CPBP/orca_686/str_686.xyz,0.562965,INCLUDED_NO_FILTER,retained in no-S2-filter workflow,2.8503572461447635,2.958165550349917,53.0,-5.93004672735584,6.319102307515105,12.249149034870946,-12.249149034870946,-13.5571979753422
CPBP_orca_687,CPBP,homodimer,687,/home/rb1820/BLA-ML/CPBP/orca_687/str_687.xyz,1.381741,INCLUDED_NO_FILTER,retained in no-S2-filter workflow,3.1023257259650574,3.201857247671458,19.0,-12.62928017236244,-12.611814392490746,0.01746577987169314,-0.017465779871693954,-0.017139395489858933
CPBP_orca_688,CPBP,homodimer,688,/home/rb1820/BLA-ML/CPBP/orca_688/str_688.xyz,1.353195,INCLUDED_NO_FILTER,retained in no-S2-filter workflow,3.067946786954065,3.1726901147037623,22.0,-10.37352601564601,-11.197580474537924,-0.8240544588919134,0.8240544588919132,0.7920994120926643
CPBP_orca_689,CPBP,homodimer,689,/home/rb1820/BLA-ML/CPBP/orca_689/str_689.xyz,1.336372,INCLUDED_NO_FILTER,retained in no-S2-filter workflow,3.072538260371109,3.1627138560321457,33.0,-11.712883786396166,-12.095223672525037,-0.38233988612887065,0.3823398861288716,0.6270725214830764
CPBP_orca_690,CPBP,homodimer,690,/home/rb1820/BLA-ML/CPBP/orca_690/str_690.xyz,1.339005,INCLUDED_NO_FILTER,retained in no-S2-filter workflow,3.0923405647358764,3.178144391405039,24.0,-10.7964891947627,-10.499890296794323,0.29659889796837585,-0.29659889796837646,-0.30585925892512833
CPBP_orca_691,CPBP,homodimer,691,/home/rb1820/BLA-ML/CPBP/orca_691/str_691.xyz,1.317683,INCLUDED_NO_FILTER,retained in no-S2-filter workflow,2.9503594154567336,3.111917022416397,20.0,-7.398939331653702,-8.458468408683016,-1.0595290770293133,1.059529077029314,1.531574408304536
CPBP_orca_692,CPBP,homodimer,692,/home/rb1820/BLA-ML/CPBP/orca_692/str_692.xyz,1.356712,INCLUDED_NO_FILTER,retained in no-S2-filter workflow,3.03931321251458,3.182334037514273,26.0,-12.209985849386914,-12.705784914577132,-0.4957990651902184,0.49579906519021755,0.5137026056986747
CPBP_orca_693,CPBP,homodimer,693,/home/rb1820/BLA-ML/CPBP/orca_693/str_693.xyz,1.299549,INCLUDED_NO_FILTER,retained in no-S2-filter workflow,3.089285248573988,3.178097169050669,20.0,-11.457669184840215,-10.54538453304918,0.9122846517910335,-0.912284651791035,-0.879819708113079
CPBP_orca_694,CPBP,homodimer,694,/home/rb1820/BLA-ML/CPBP/orca_694/str_694.xyz,1.368396,INCLUDED_NO_FILTER,retained in no-S2-filter workflow,3.031203969474278,3.177708195729561,26.0,-10.563272848334531,-10.777352840823738,-0.21407999248920728,0.21407999248920717,0.37545016637881523
CPBP_orca_695,CPBP,homodimer,695,/home/rb1820/BLA-ML/CPBP/orca_695/str_695.xyz,1.330689,INCLUDED_NO_FILTER,retained in no-S2-filter workflow,2.9213973034364056,3.129443097391164,24.0,-9.675122298975092,-8.922745833036975,0.7523764659381165,-0.7523764659381165,-0.6204734579586277
CPBP_orca_696,CPBP,homodimer,696,/home/rb1820/BLA-ML/CPBP/orca_696/str_696.xyz,1.316134,INCLUDED_NO_FILTER,retained in no-S2-filter workflow,2.976286327726584,3.115920250006938,26.0,-8.750354033245896,-7.846668216923598,0.9036858163222977,-0.903685816322298,-0.9162612210494059
CPBP_orca_697,CPBP,homodimer,697,/home/rb1820/BLA-ML/CPBP/orca_697/str_697.xyz,1.381076,INCLUDED_NO_FILTER,retained in no-S2-filter workflow,3.102766574837001,3.2014231076963,19.0,-12.445813007978396,-12.429535292441786,0.01627771553661103,-0.01627771553661006,-0.02532048849372298
CPBP_orca_698,CPBP,homodimer,698,/home/rb1820/BLA-ML/CPBP/orca_698/str_698.xyz,1.378265,INCLUDED_NO_FILTER,retained in no-S2-filter workflow,3.1403081565925945,3.205248099633878,25.0,-10.715645350038894,-10.57489453904197,0.1407508109969231,-0.14075081099692355,-0.1197838392924575
CPBP_orca_699,CPBP,homodimer,699,/home/rb1820/BLA-ML/CPBP/orca_699/str_699.xyz,1.33911,INCLUDED_NO_FILTER,retained in no-S2-filter workflow,3.0932760861084927,3.177998745586417,23.0,-10.45204762103841,-10.158104287970987,0.2939433330674231,-0.29394333306742304,-0.2960934710911931
CPBP_orca_700,CPBP,homodimer,700,/home/rb1820/BLA-ML/CPBP/orca_700/str_700.xyz,1.089839,INCLUDED_NO_FILTER,retained in no-S2-filter workflow,2.946761248311156,3.052744644314741,35.0,-2.3051488849792645,3.249872637834695,5.55502152281396,-5.555021522813959,-6.261386345738254
CPBP_orca_701,CPBP,homodimer,701,/home/rb1820/BLA-ML/CPBP/orca_701/str_701.xyz,1.383191,INCLUDED_NO_FILTER,retained in no-S2-filter workflow,3.0002657052461266,3.197364465477209,16.0,-12.301852543650357,-12.224349956638664,0.07750258701169234,-0.07750258701169344,-0.1105180359662623
CPBP_orca_703,CPBP,homodimer,703,/home/rb1820/BLA-ML/CPBP/orca_703/str_703.xyz,1.21244,INCLUDED_NO_FILTER,retained in no-S2-filter workflow,2.944339769674821,3.1188321384949766,29.0,-8.830230689211753,-6.856538315057981,1.973692374153771,-1.9736923741537717,-2.0358143828966453
CPBP_orca_704,CPBP,homodimer,704,/home/rb1820/BLA-ML/CPBP/orca_704/str_704.xyz,1.318988,INCLUDED_NO_FILTER,retained in no-S2-filter workflow,3.0826165178505,3.162838396710109,18.0,-11.028632961062696,-10.691022399211839,0.3376105618508571,-0.33761056185085714,-0.3444472495520685
CPBP_orca_705,CPBP,homodimer,705,/home/rb1820/BLA-ML/CPBP/orca_705/str_705.xyz,1.330526,INCLUDED_NO_FILTER,retained in no-S2-filter workflow,3.048603412672448,3.157513269902865,29.0,-13.071977575511697,-13.77800412931286,-0.7060265538011631,0.7060265538011627,0.8269746772569097
CPBP_orca_706,CPBP,homodimer,706,/home/rb1820/BLA-ML/CPBP/orca_706/str_706.xyz,1.36504,INCLUDED_NO_FILTER,retained in no-S2-filter workflow,3.0940303056050324,3.209718137918199,16.0,-11.31017606815662,-11.844874943705006,-0.5346988755483865,0.5346988755483864,0.6416257749329412
CPBP_orca_707,CPBP,homodimer,707,/home/rb1820/BLA-ML/CPBP/orca_707/str_707.xyz,0.820535,INCLUDED_NO_FILTER,retained in no-S2-filter workflow,2.9960998353242214,3.078613675138352,49.0,3.0190145323934736,16.62919286077566,13.610178328382187,-13.610178328382187,-14.32714650387189
CPBP_orca_708,CPBP,homodimer,708,/home/rb1820/BLA-ML/CPBP/orca_708/str_708.xyz,1.374546,INCLUDED_NO_FILTER,retained in no-S2-filter workflow,3.145148245637144,3.2336465110500283,26.0,-11.345697490555171,-11.047752029709752,0.29794546084541984,-0.29794546084541906,-0.28561659051450583
CPBP_orca_709,CPBP,homodimer,709,/home/rb1820/BLA-ML/CPBP/orca_709/str_709.xyz,1.371574,INCLUDED_NO_FILTER,retained in no-S2-filter workflow,3.248650198917238,3.283948797355643,21.0,-11.65088331342341,-11.812001475131606,-0.16111816170819498,0.16111816170819537,0.11376858612938712
CPBP_orca_710,CPBP,homodimer,710,/home/rb1820/BLA-ML/CPBP/orca_710/str_710.xyz,1.355242,INCLUDED_NO_FILTER,retained in no-S2-filter workflow,3.0066197093813187,3.154713634541719,23.0,-12.114629736828837,-12.766664789900098,-0.6520350530712616,0.6520350530712609,0.7979253632215599
CPBP_orca_711,CPBP,homodimer,711,/home/rb1820/BLA-ML/CPBP/orca_711/str_711.xyz,1.224719,INCLUDED_NO_FILTER,retained in no-S2-filter workflow,2.918981508069032,3.103512056203838,30.0,-8.168309668791093,-6.750243874082625,1.4180657947084674,-1.4180657947084674,-1.4179926112033314
CPBP_orca_712,CPBP,homodimer,712,/home/rb1820/BLA-ML/CPBP/orca_712/str_712.xyz,1.219595,INCLUDED_NO_FILTER,retained in no-S2-filter workflow,2.8423224201901203,3.101673906114197,38.0,-7.541475896732887,-5.190087750710544,2.351388146022344,-2.3513881460223436,-2.399934128509778
CPBP_orca_713,CPBP,homodimer,713,/home/rb1820/BLA-ML/CPBP/orca_713/str_713.xyz,1.312771,INCLUDED_NO_FILTER,retained in no-S2-filter workflow,3.073669915188077,3.1255435993622567,26.0,-12.326174342767558,-11.53896065396222,0.7872136888053392,-0.7872136888053376,-0.8776466445016924
CPBP_orca_714,CPBP,homodimer,714,/home/rb1820/BLA-ML/CPBP/orca_714/str_714.xyz,1.370302,INCLUDED_NO_FILTER,retained in no-S2-filter workflow,3.1405086965554854,3.221402441358083,23.0,-11.670264435416819,-11.865313443079343,-0.1950490076625239,0.19504900766252398,0.17700712357252502
CPBP_orca_715,CPBP,homodimer,715,/home/rb1820/BLA-ML/CPBP/orca_715/str_715.xyz,1.327766,INCLUDED_NO_FILTER,retained in no-S2-filter workflow,2.9201817301632684,3.1472107899398094,23.0,-10.86161042055083,-10.579940600402033,0.28166982014879716,-0.2816698201487977,-0.26905997990253594
CPBP_orca_716,CPBP,homodimer,716,/home/rb1820/BLA-ML/CPBP/orca_716/str_716.xyz,1.364522,INCLUDED_NO_FILTER,retained in no-S2-filter workflow,3.0414868828248136,3.1981703021755723,22.0,-11.920931954797505,-11.754764486064275,0.16616746873323035,-0.16616746873322974,-0.1379621706482954
CPBP_orca_717,CPBP,homodimer,717,/home/rb1820/BLA-ML/CPBP/orca_717/str_717.xyz,1.34393,INCLUDED_NO_FILTER,retained in no-S2-filter workflow,3.0970961212758104,3.191334580349905,25.0,-11.45222058740092,-11.752384261646847,-0.3001636742459281,0.30016367424592794,0.5640590425651382
CPBP_orca_718,CPBP,homodimer,718,/home/rb1820/BLA-ML/CPBP/orca_718/str_718.xyz,1.294209,INCLUDED_NO_FILTER,retained in no-S2-filter workflow,3.032436940787366,3.133775889120273,24.0,-10.227106004720524,-8.808204174769036,1.4189018299514882,-1.418901829951487,-1.5980050665466623
CPBP_orca_719,CPBP,homodimer,719,/home/rb1820/BLA-ML/CPBP/orca_719/str_719.xyz,1.346965,INCLUDED_NO_FILTER,retained in no-S2-filter workflow,3.0126285426806985,3.1115946533219763,25.0,-8.865845639495769,-9.728886611146832,-0.8630409716510631,0.8630409716510634,0.8682714286121609
CPBP_orca_720,CPBP,homodimer,720,/home/rb1820/BLA-ML/CPBP/orca_720/str_720.xyz,1.369881,INCLUDED_NO_FILTER,retained in no-S2-filter workflow,3.062251207456547,3.219167361393585,19.0,-12.873294476620808,-13.38049785942875,-0.5072033828079436,0.5072033828079423,0.6263127984336405
CPBP_orca_721,CPBP,homodimer,721,/home/rb1820/BLA-ML/CPBP/orca_721/str_721.xyz,1.086312,INCLUDED_NO_FILTER,retained in no-S2-filter workflow,2.9269463266240656,3.05900948151728,32.0,-1.9269525213663061,3.5899064846660718,5.516859006032377,-5.516859006032378,-6.265411230449491
CPBP_orca_722,CPBP,homodimer,722,/home/rb1820/BLA-ML/CPBP/orca_722/str_722.xyz,1.336419,INCLUDED_NO_FILTER,retained in no-S2-filter workflow,3.0776717995275624,3.148940945356698,26.0,-8.952849538326884,-8.535516872547245,0.4173326657796395,-0.41733266577963946,-0.14514614391757696
CPBP_orca_723,CPBP,homodimer,723,/home/rb1820/BLA-ML/CPBP/orca_723/str_723.xyz,1.368134,INCLUDED_NO_FILTER,retained in no-S2-filter workflow,3.157511088129665,3.2085382230042248,20.0,-12.957539998534159,-12.907384706869172,0.050155291664987015,-0.050155291664987445,-0.12961234661441423
CPBP_orca_724,CPBP,homodimer,724,/home/rb1820/BLA-ML/CPBP/orca_724/str_724.xyz,1.390242,INCLUDED_NO_FILTER,retained in no-S2-filter workflow,2.976088382620323,3.1418645155566387,22.0,-11.82922222641675,-11.56311869138951,0.2661035350272397,-0.2661035350272396,-0.19327930997412657
CPBP_orca_725,CPBP,homodimer,725,/home/rb1820/BLA-ML/CPBP/orca_725/str_725.xyz,1.337847,INCLUDED_NO_FILTER,retained in no-S2-filter workflow,2.95952284108428,3.123870778309347,22.0,-8.295953350608432,-7.7175932838869095,0.5783600667215228,-0.5783600667215225,-0.5271851591931913
CPBP_orca_726,CPBP,homodimer,726,/home/rb1820/BLA-ML/CPBP/orca_726/str_726.xyz,1.358757,INCLUDED_NO_FILTER,retained in no-S2-filter workflow,3.049316856200887,3.1780883387600407,20.0,-10.119597550641073,-10.690143369323488,-0.5705458186824153,0.5705458186824153,0.4404792067705787
CPBP_orca_727,CPBP,homodimer,727,/home/rb1820/BLA-ML/CPBP/orca_727/str_727.xyz,1.285256,INCLUDED_NO_FILTER,retained in no-S2-filter workflow,2.880711631535594,3.105584978725292,18.0,-8.713901320730603,-8.31087721008131,0.40302411064929317,-0.40302411064929267,-0.3061019939269878
CPBP_orca_728,CPBP,homodimer,728,/home/rb1820/BLA-ML/CPBP/orca_728/str_728.xyz,1.160446,INCLUDED_NO_FILTER,retained in no-S2-filter workflow,2.959635346413776,3.017734823240432,31.0,-5.161135446354344,-2.8019823556388794,2.3591530907154654,-2.359153090715465,-2.449525419512652
CPBP_orca_729,CPBP,homodimer,729,/home/rb1820/BLA-ML/CPBP/orca_729/str_729.xyz,1.264031,INCLUDED_NO_FILTER,retained in no-S2-filter workflow,2.955831560152662,3.11077288975118,26.0,-8.049505754140341,-7.125947866906942,0.9235578872333984,-0.9235578872333994,-0.9147506598198536
CPBP_orca_730,CPBP,homodimer,730,/home/rb1820/BLA-ML/CPBP/orca_730/str_730.xyz,1.36056,INCLUDED_NO_FILTER,retained in no-S2-filter workflow,3.194325209019637,3.3433588323549075,8.0,-12.427340752363438,-12.574269094520336,-0.14692834215689818,0.14692834215689743,0.1443005356707383
CPBP_orca_731,CPBP,homodimer,731,/home/rb1820/BLA-ML/CPBP/orca_731/str_731.xyz,1.21057,INCLUDED_NO_FILTER,retained in no-S2-filter workflow,3.0815772428092454,3.10212296894077,29.0,-4.406165520033298,-1.1669025115599818,3.239263008473316,-3.239263008473316,-3.9119531280564623
CPBP_orca_732,CPBP,homodimer,732,/home/rb1820/BLA-ML/CPBP/orca_732/str_732.xyz,1.36126,INCLUDED_NO_FILTER,retained in no-S2-filter workflow,3.1117035427600284,3.185078015324064,25.0,-9.695839173618165,-9.463377483675938,0.2324616899422263,-0.2324616899422267,-0.2828477474954081
CPBP_orca_733,CPBP,homodimer,733,/home/rb1820/BLA-ML/CPBP/orca_733/str_733.xyz,1.336373,INCLUDED_NO_FILTER,retained in no-S2-filter workflow,3.1301036161794875,3.227266534953453,19.0,-8.012527599170275,-9.278718588388388,-1.266190989218114,1.2661909892181136,1.2278485939749908
CPBP_orca_734,CPBP,homodimer,734,/home/rb1820/BLA-ML/CPBP/orca_734/str_734.xyz,1.334799,INCLUDED_NO_FILTER,retained in no-S2-filter workflow,2.963076517101219,3.0838530028612814,34.0,-5.549089487086664,-6.291982872459932,-0.7428933853732682,0.742893385373268,0.9440540794773629
CPBP_orca_735,CPBP,homodimer,735,/home/rb1820/BLA-ML/CPBP/orca_735/str_735.xyz,1.319546,INCLUDED_NO_FILTER,retained in no-S2-filter workflow,3.016247899405416,3.104861205899803,30.0,-5.858793870000266,-4.6345827141989595,1.2242111558013067,-1.2242111558013065,-1.0737968959820314
CPBP_orca_736,CPBP,homodimer,736,/home/rb1820/BLA-ML/CPBP/orca_736/str_736.xyz,1.317951,INCLUDED_NO_FILTER,retained in no-S2-filter workflow,3.053675935335178,3.130133311311672,29.0,-7.348907451733751,-6.0271582852381425,1.3217491664956091,-1.321749166495609,-1.4262580013330384
CPBP_orca_737,CPBP,homodimer,737,/home/rb1820/BLA-ML/CPBP/orca_737/str_737.xyz,1.32179,INCLUDED_NO_FILTER,retained in no-S2-filter workflow,2.9735603458923867,3.1345088943316,32.0,-8.396530781874429,-7.930214459262432,0.46631632261199646,-0.4663163226119966,-0.11469940849985072
CPBP_orca_738,CPBP,homodimer,738,/home/rb1820/BLA-ML/CPBP/orca_738/str_738.xyz,1.200232,INCLUDED_NO_FILTER,retained in no-S2-filter workflow,3.061519493720724,3.1109220060206817,30.0,-3.312018706589832,0.25820008627548796,3.5702187928653197,-3.57021879286532,-3.8861225711965584
CPBP_orca_739,CPBP,homodimer,739,/home/rb1820/BLA-ML/CPBP/orca_739/str_739.xyz,1.317184,INCLUDED_NO_FILTER,retained in no-S2-filter workflow,3.0707521108685976,3.126045230350744,29.0,-7.099290022539826,-5.705406949605164,1.3938830729346616,-1.3938830729346616,-1.5357860809275365
CPBP_orca_740,CPBP,homodimer,740,/home/rb1820/BLA-ML/CPBP/orca_740/str_740.xyz,1.348445,INCLUDED_NO_FILTER,retained in no-S2-filter workflow,2.9885641873571207,3.158233534423461,14.0,-10.446565967982362,-10.044612427682939,0.40195354029942354,-0.40195354029942365,-0.5514361216810775
CPBP_orca_741,CPBP,homodimer,741,/home/rb1820/BLA-ML/CPBP/orca_741/str_741.xyz,1.362575,INCLUDED_NO_FILTER,retained in no-S2-filter workflow,3.169254504073389,3.2604377780319163,10.0,-13.610138008685288,-13.548058318829716,0.06207968985557322,-0.06207968985557244,-0.05620909162387955
CPBP_orca_742,CPBP,homodimer,742,/home/rb1820/BLA-ML/CPBP/orca_742/str_742.xyz,1.321155,INCLUDED_NO_FILTER,retained in no-S2-filter workflow,2.9498382458619608,3.123121704943434,21.0,-7.1227706707962835,-6.0527707826436785,1.0699998881526056,-1.069999888152605,-0.9215257929593594
CPBP_orca_743,CPBP,homodimer,743,/home/rb1820/BLA-ML/CPBP/orca_743/str_743.xyz,1.347277,INCLUDED_NO_FILTER,retained in no-S2-filter workflow,2.989578230305689,3.124100317515212,22.0,-9.618390189730887,-9.559010023647195,0.05938016608369153,-0.05938016608369168,0.1700402303828943
CPBP_orca_744,CPBP,homodimer,744,/home/rb1820/BLA-ML/CPBP/orca_744/str_744.xyz,1.350503,INCLUDED_NO_FILTER,retained in no-S2-filter workflow,3.077399024402447,3.1936559382291323,26.0,-10.274166219536644,-10.329464903416834,-0.05529868388019101,0.055298683880190325,0.14141876488978733
CPBP_orca_745,CPBP,homodimer,745,/home/rb1820/BLA-ML/CPBP/orca_745/str_745.xyz,1.350366,INCLUDED_NO_FILTER,retained in no-S2-filter workflow,3.1242457429359245,3.1743178782369377,13.0,-9.292292858474399,-9.014422887039627,0.27786997143477177,-0.27786997143477166,-0.07030549892154214
CPBP_orca_746,CPBP,homodimer,746,/home/rb1820/BLA-ML/CPBP/orca_746/str_746.xyz,1.30379,INCLUDED_NO_FILTER,retained in no-S2-filter workflow,3.112126501926938,3.185470292636804,21.0,-6.933691149565898,-6.245752028059056,0.6879391215068427,-0.687939121506842,-1.0646281761188265
CPBP_orca_747,CPBP,homodimer,747,/home/rb1820/BLA-ML/CPBP/orca_747/str_747.xyz,1.376027,INCLUDED_NO_FILTER,retained in no-S2-filter workflow,3.1406516043903694,3.1920113203254603,28.0,-10.573609871515337,-10.934124703001867,-0.3605148314865293,0.36051483148652963,0.3958736101953022
CPBP_orca_748,CPBP,homodimer,748,/home/rb1820/BLA-ML/CPBP/orca_748/str_748.xyz,1.364544,INCLUDED_NO_FILTER,retained in no-S2-filter workflow,3.073661474601676,3.24106899859784,19.0,-9.064020731322243,-9.158687979026618,-0.09466724770437601,0.09466724770437551,0.08451594313846833
CPBP_orca_749,CPBP,homodimer,749,/home/rb1820/BLA-ML/CPBP/orca_749/str_749.xyz,1.346414,INCLUDED_NO_FILTER,retained in no-S2-filter workflow,3.005522398603746,3.18697081840066,21.0,-10.145418128444229,-10.375385494605807,-0.2299673661615778,0.22996736616157776,0.19060517286835577
CPBP_orca_750,CPBP,homodimer,750,/home/rb1820/BLA-ML/CPBP/orca_750/str_750.xyz,1.23436,INCLUDED_NO_FILTER,retained in no-S2-filter workflow,2.9934012519133613,3.1751916399980025,28.0,-8.911775740534479,-7.514485351445479,1.397290389089,-1.397290389089,-1.0134710637701527
CPBP_orca_751,CPBP,homodimer,751,/home/rb1820/BLA-ML/CPBP/orca_751/str_751.xyz,1.374781,INCLUDED_NO_FILTER,retained in no-S2-filter workflow,3.1560698089954977,3.272390533668898,15.0,-10.21162645938188,-10.333553454515425,-0.12192699513354273,0.12192699513354377,0.20146442744584966
CPBP_orca_752,CPBP,homodimer,752,/home/rb1820/BLA-ML/CPBP/orca_752/str_752.xyz,1.346769,INCLUDED_NO_FILTER,retained in no-S2-filter workflow,3.048360079536895,3.262635105215624,13.0,-8.752840146698372,-9.331761517704656,-0.5789213710062854,0.5789213710062846,0.6290286024806304
CPBP_orca_753,CPBP,homodimer,753,/home/rb1820/BLA-ML/CPBP/orca_753/str_753.xyz,1.319495,INCLUDED_NO_FILTER,retained in no-S2-filter workflow,2.877484885453072,3.164922748279487,18.0,-8.327208463680648,-8.24933639221146,0.07787207146918991,-0.07787207146918895,-0.09480198926277694
CPBP_orca_754,CPBP,homodimer,754,/home/rb1820/BLA-ML/CPBP/orca_754/str_754.xyz,1.301721,INCLUDED_NO_FILTER,retained in no-S2-filter workflow,3.080424679562946,3.211070783946442,24.0,-9.507784893576304,-8.94436408083566,0.5634208127406425,-0.5634208127406435,-0.5727502735163097
CPBP_orca_755,CPBP,homodimer,755,/home/rb1820/BLA-ML/CPBP/orca_755/str_755.xyz,1.328216,INCLUDED_NO_FILTER,retained in no-S2-filter workflow,2.9072865830841423,3.105992698213387,32.0,-6.103438763531591,-5.128653408001629,0.9747853555299624,-0.9747853555299626,-1.023181976097674
CPBP_orca_756,CPBP,homodimer,756,/home/rb1820/BLA-ML/CPBP/orca_756/str_756.xyz,1.369133,INCLUDED_NO_FILTER,retained in no-S2-filter workflow,3.065377306108931,3.210261304923941,20.0,-11.386668194682152,-11.71054810469269,-0.32387991001053823,0.32387991001053784,0.2652360573982886
CPBP_orca_757,CPBP,homodimer,757,/home/rb1820/BLA-ML/CPBP/orca_757/str_757.xyz,1.342755,INCLUDED_NO_FILTER,retained in no-S2-filter workflow,3.1447205443420785,3.230144524195972,25.0,-9.99194569473606,-10.116241317612255,-0.12429562287619579,0.12429562287619511,0.15372537115686669
CPBP_orca_758,CPBP,homodimer,758,/home/rb1820/BLA-ML/CPBP/orca_758/str_758.xyz,1.343392,INCLUDED_NO_FILTER,retained in no-S2-filter workflow,3.075542644769466,3.246559115749036,9.0,-7.151551741070887,-6.675564248270096,0.47598749280079133,-0.4759874928007912,-0.5279301024833218
CPBP_orca_759,CPBP,homodimer,759,/home/rb1820/BLA-ML/CPBP/orca_759/str_759.xyz,1.354429,INCLUDED_NO_FILTER,retained in no-S2-filter workflow,3.152267169978723,3.212460687400532,20.0,-7.467144934782329,-7.900164633894461,-0.43301969911213173,0.43301969911213156,0.44202864678268944
CPBP_orca_760,CPBP,homodimer,760,/home/rb1820/BLA-ML/CPBP/orca_760/str_760.xyz,1.334879,INCLUDED_NO_FILTER,retained in no-S2-filter workflow,3.042800550649356,3.2038274097707005,19.0,-8.6065777408581,-8.829730624524093,-0.2231528836659931,0.22315288366599262,0.3719600480796962
CPBP_orca_761,CPBP,homodimer,761,/home/rb1820/BLA-ML/CPBP/orca_761/str_761.xyz,1.226303,INCLUDED_NO_FILTER,retained in no-S2-filter workflow,2.979699210268488,3.157302971862744,26.0,-7.468064187345767,-5.992263916523572,1.4758002708221953,-1.4758002708221953,-0.9416134385895394
CPBP_orca_762,CPBP,homodimer,762,/home/rb1820/BLA-ML/CPBP/orca_762/str_762.xyz,1.341847,INCLUDED_NO_FILTER,retained in no-S2-filter workflow,3.038859520746847,3.2432291357969505,14.0,-7.730888423646198,-8.495230830802708,-0.7643424071565095,0.7643424071565095,0.8669673886404039
CPBP_orca_763,CPBP,homodimer,763,/home/rb1820/BLA-ML/CPBP/orca_763/str_763.xyz,1.337282,INCLUDED_NO_FILTER,retained in no-S2-filter workflow,3.0388248120088224,3.213678579258341,15.0,-8.908502622953177,-9.023569206606703,-0.11506658365352623,0.11506658365352607,0.24239200319914045
CPBP_orca_764,CPBP,homodimer,764,/home/rb1820/BLA-ML/CPBP/orca_764/str_764.xyz,1.362623,INCLUDED_NO_FILTER,retained in no-S2-filter workflow,3.135383243536168,3.227381863385869,12.0,-9.538849566813852,-9.865319140515526,-0.32646957370167284,0.32646957370167407,0.31196621622028786
CPBP_orca_765,CPBP,homodimer,765,/home/rb1820/BLA-ML/CPBP/orca_765/str_765.xyz,1.343028,INCLUDED_NO_FILTER,retained in no-S2-filter workflow,3.050652747619748,3.2323102116820466,13.0,-8.66533839584763,-8.708659447951781,-0.043321052104152304,0.04332105210415094,0.1759540487635144
CPBP_orca_766,CPBP,homodimer,766,/home/rb1820/BLA-ML/CPBP/orca_766/str_766.xyz,1.361043,INCLUDED_NO_FILTER,retained in no-S2-filter workflow,3.055997800820769,3.162945373051246,15.0,-6.49293723884643,-6.3420170800473,0.1509201587991311,-0.15092015879913045,-0.12032514054608967
CPBP_orca_767,CPBP,homodimer,767,/home/rb1820/BLA-ML/CPBP/orca_767/str_767.xyz,1.360047,INCLUDED_NO_FILTER,retained in no-S2-filter workflow,3.129067922319416,3.310957986192521,7.0,-7.145829518151275,-6.884037909252853,0.26179160889842146,-0.261791608898422,-0.27667570537045616
CPBP_orca_768,CPBP,homodimer,768,/home/rb1820/BLA-ML/CPBP/orca_768/str_768.xyz,1.363453,INCLUDED_NO_FILTER,retained in no-S2-filter workflow,3.22423699719888,3.3823992122158884,4.0,-7.208948715682129,-7.2508082166550025,-0.04185950097287342,0.0418595009728735,0.037502895873474884
CPBP_orca_769,CPBP,homodimer,769,/home/rb1820/BLA-ML/CPBP/orca_769/str_769.xyz,1.366741,INCLUDED_NO_FILTER,retained in no-S2-filter workflow,3.1181697186318043,3.2391677611831327,21.0,-8.764571135045406,-9.015627709609891,-0.25105657456448344,0.25105657456448505,0.22344176553368378
CPBP_orca_770,CPBP,homodimer,770,/home/rb1820/BLA-ML/CPBP/orca_770/str_770.xyz,1.348388,INCLUDED_NO_FILTER,retained in no-S2-filter workflow,3.0558727881246743,3.391392175444464,4.0,-6.195559942298607,-6.038635267912783,0.15692467438582444,-0.15692467438582458,-0.17979433614022167
CPBP_orca_771,CPBP,homodimer,771,/home/rb1820/BLA-ML/CPBP/orca_771/str_771.xyz,1.365025,INCLUDED_NO_FILTER,retained in no-S2-filter workflow,3.054278959146665,3.342939423634689,5.0,-6.66423581654809,-6.597701986562187,0.06653382998590295,-0.06653382998590285,0.01722369496972198
CPBP_orca_772,CPBP,homodimer,772,/home/rb1820/BLA-ML/CPBP/orca_772/str_772.xyz,1.379617,INCLUDED_NO_FILTER,retained in no-S2-filter workflow,3.056531829165204,3.2812067151257267,8.0,-7.675884914646875,-7.670362875120091,0.005522039526782936,-0.005522039526783651,-0.004747077451704662
CPBP_orca_773,CPBP,homodimer,773,/home/rb1820/BLA-ML/CPBP/orca_773/str_773.xyz,1.369712,INCLUDED_NO_FILTER,retained in no-S2-filter workflow,3.0961247584598603,3.310905787176355,8.0,-2.815801209723252,-2.88861167807951,-0.07281046835625775,0.07281046835625782,0.057118840910956425
CPBP_orca_774,CPBP,homodimer,774,/home/rb1820/BLA-ML/CPBP/orca_774/str_774.xyz,1.370792,INCLUDED_NO_FILTER,retained in no-S2-filter workflow,3.0775470427984004,3.345617544699985,5.0,-2.485146534522718,-2.5351757106730513,-0.05002917615033324,0.05002917615033331,0.054402103290161374
CPBP_orca_775,CPBP,homodimer,775,/home/rb1820/BLA-ML/CPBP/orca_775/str_775.xyz,1.367059,INCLUDED_NO_FILTER,retained in no-S2-filter workflow,3.3267092701741694,3.619293715348525,1.0,-3.451461374491242,-3.541321474765074,-0.08986010027383201,0.08986010027383173,0.08283966420820654
CPBP_orca_776,CPBP,homodimer,776,/home/rb1820/BLA-ML/CPBP/orca_776/str_776.xyz,1.367031,INCLUDED_NO_FILTER,retained in no-S2-filter workflow,3.187190891070904,3.520912893818433,3.0,-4.433842152211639,-4.534155387661384,-0.10031323544974458,0.10031323544974491,0.10348962365739478
CPBP_orca_777,CPBP,homodimer,777,/home/rb1820/BLA-ML/CPBP/orca_777/str_777.xyz,1.370975,INCLUDED_NO_FILTER,retained in no-S2-filter workflow,3.5335284044687056,3.695251680644192,0.0,-4.859681358892996,-4.844567599483301,0.015113759409694937,-0.015113759409695504,-0.019720723999228085
CPBP_orca_778,CPBP,homodimer,778,/home/rb1820/BLA-ML/CPBP/orca_778/str_778.xyz,1.367825,INCLUDED_NO_FILTER,retained in no-S2-filter workflow,3.5029257954904582,3.8526097847129055,0.0,-3.6167261831030584,-3.5916094771450737,0.02511670595798439,-0.025116705957984653,-0.025099470729103235
CPBP_orca_779,CPBP,homodimer,779,/home/rb1820/BLA-ML/CPBP/orca_779/str_779.xyz,1.358667,INCLUDED_NO_FILTER,retained in no-S2-filter workflow,3.135447788147101,3.5618660473389383,1.0,-2.8412729852656753,-2.795069435668777,0.04620354959689834,-0.04620354959689843,-0.09354474250136535
CPBP_orca_780,CPBP,homodimer,780,/home/rb1820/BLA-ML/CPBP/orca_780/str_780.xyz,1.368828,INCLUDED_NO_FILTER,retained in no-S2-filter workflow,3.575992700971333,3.894208650996275,0.0,-2.734699370874498,-2.706071485770851,0.02862788510364686,-0.028627885103647,-0.02926467061248461
CPBP_orca_781,CPBP,homodimer,781,/home/rb1820/BLA-ML/CPBP/orca_781/str_781.xyz,1.345062,INCLUDED_NO_FILTER,retained in no-S2-filter workflow,2.896427007400492,3.307184458846411,6.0,-0.9831414021892192,-0.5011720058764858,0.48196939631273344,-0.4819693963127334,-0.49706573852585856
CPBP_orca_782,CPBP,homodimer,782,/home/rb1820/BLA-ML/CPBP/orca_782/str_782.xyz,1.372037,INCLUDED_NO_FILTER,retained in no-S2-filter workflow,3.5265077221781014,3.729834864708993,0.0,-3.0598721707248906,-3.010298992525861,0.049573178199029386,-0.0495731781990294,-0.04960574653610461
CPBP_orca_783,CPBP,homodimer,783,/home/rb1820/BLA-ML/CPBP/orca_783/str_783.xyz,1.360771,INCLUDED_NO_FILTER,retained in no-S2-filter workflow,3.905910754473112,4.111549737886966,0.0,-3.29038460457097,-3.321253653584786,-0.030869049013815743,0.030869049013815708,0.032211450728451885
CPBP_orca_784,CPBP,homodimer,784,/home/rb1820/BLA-ML/CPBP/orca_784/str_784.xyz,1.368904,INCLUDED_NO_FILTER,retained in no-S2-filter workflow,3.1786597606354023,3.5222007432193623,4.0,-2.2502961013626,-2.230149311478289,0.020146789884311504,-0.02014678988431129,-0.010465907156214094
CPBP_orca_785,CPBP,homodimer,785,/home/rb1820/BLA-ML/CPBP/orca_785/str_785.xyz,1.368327,INCLUDED_NO_FILTER,retained in no-S2-filter workflow,3.227788014458746,3.449303974045865,5.0,0.7239521146187585,0.7340258688269775,0.010073754208218924,-0.010073754208218988,-0.02312763667808615
CPBP_orca_786,CPBP,homodimer,786,/home/rb1820/BLA-ML/CPBP/orca_786/str_786.xyz,1.35867,INCLUDED_NO_FILTER,retained in no-S2-filter workflow,3.151194353808509,3.4405346802093995,4.0,0.5556773381184719,0.7579016152993366,0.20222427718086478,-0.20222427718086478,-0.1978472771215044
CPBP_orca_787,CPBP,homodimer,787,/home/rb1820/BLA-ML/CPBP/orca_787/str_787.xyz,1.3831,INCLUDED_NO_FILTER,retained in no-S2-filter workflow,4.64042620122215,4.743963473236843,0.0,3.532795940702198,3.525003763983918,-0.007792176718279873,0.007792176718280253,0.007586993825783317
CPBP_orca_788,CPBP,homodimer,788,/home/rb1820/BLA-ML/CPBP/orca_788/str_788.xyz,1.371806,INCLUDED_NO_FILTER,retained in no-S2-filter workflow,3.433814305024692,4.03428992850441,0.0,0.14504033849897682,0.19231519467008396,0.047274856171107126,-0.04727485617110713,-0.04390526243505641
CPBP_orca_789,CPBP,homodimer,789,/home/rb1820/BLA-ML/CPBP/orca_789/str_789.xyz,1.371382,INCLUDED_NO_FILTER,retained in no-S2-filter workflow,3.33919209827167,3.9991755053534073,1.0,0.9279599979901791,1.0294846748952815,0.10152467690510243,-0.10152467690510236,-0.10188192499969007
CPBP_orca_790,CPBP,homodimer,790,/home/rb1820/BLA-ML/CPBP/orca_790/str_790.xyz,1.370874,INCLUDED_NO_FILTER,retained in no-S2-filter workflow,3.322036424600139,4.048856753093377,1.0,1.5784606736458235,1.6788880729497582,0.10042739930393463,-0.10042739930393463,-0.10085643597215
CPBP_orca_791,CPBP,homodimer,791,/home/rb1820/BLA-ML/CPBP/orca_791/str_791.xyz,1.366518,INCLUDED_NO_FILTER,retained in no-S2-filter workflow,3.439427726378183,3.69455125828882,0.0,0.525247252023257,0.5150823201402924,-0.010164931882964483,0.010164931882964523,-0.00481201622101024
CPBP_orca_792,CPBP,homodimer,792,/home/rb1820/BLA-ML/CPBP/orca_792/str_792.xyz,1.371507,INCLUDED_NO_FILTER,retained in no-S2-filter workflow,3.82082877758658,4.456075646296344,0.0,2.7172927474845303,2.7405583483211813,0.023265600836651197,-0.023265600836650968,-0.02220447136905701
CPBP_orca_793,CPBP,homodimer,793,/home/rb1820/BLA-ML/CPBP/orca_793/str_793.xyz,1.370678,INCLUDED_NO_FILTER,retained in no-S2-filter workflow,3.6133553369733646,4.022313219231616,0.0,0.8283560159572388,0.8313417851789713,0.002985769221732539,-0.002985769221732437,-0.003441212461883336
CPBP_orca_794,CPBP,homodimer,794,/home/rb1820/BLA-ML/CPBP/orca_794/str_794.xyz,1.372852,INCLUDED_NO_FILTER,retained in no-S2-filter workflow,3.860206486868941,4.490697616652744,0.0,2.8413624191160265,2.860707208438298,0.019344789322271273,-0.01934478932227135,-0.019679970026335702
phenalenyl_olympicenyl_orca_0,phenalenyl_olympicenyl,crossdimer,0,/home/rb1820/BLA-ML/CrossDimers/phenalenyl_olympicenyl/orca_0/str_0.xyz,0.0,LOW_S2_INCLUDED_NO_FILTER,diagnostic only: final BS <S^2> below 0.10; retained in no-S2-filter workflow,2.412530320206596,2.817941677403767,51.0,-7.809978325171717,23.900145855967203,31.71012418113892,-31.71012418113892,-31.425875863777716
phenalenyl_olympicenyl_orca_1,phenalenyl_olympicenyl,crossdimer,1,/home/rb1820/BLA-ML/CrossDimers/phenalenyl_olympicenyl/orca_1/str_1.xyz,0.0,LOW_S2_INCLUDED_NO_FILTER,diagnostic only: final BS <S^2> below 0.10; retained in no-S2-filter workflow,2.4928400059048483,2.8366809596562863,49.0,-7.780377620906076,21.63054215745258,29.410919778358657,-29.410919778358657,-29.05811257503047
phenalenyl_olympicenyl_orca_2,phenalenyl_olympicenyl,crossdimer,2,/home/rb1820/BLA-ML/CrossDimers/phenalenyl_olympicenyl/orca_2/str_2.xyz,0.0,LOW_S2_INCLUDED_NO_FILTER,diagnostic only: final BS <S^2> below 0.10; retained in no-S2-filter workflow,2.5653423194007927,2.861664895194759,52.0,-8.078153596630743,18.613803347140003,26.691956943770748,-26.691956943770748,-26.334736437494026
phenalenyl_olympicenyl_orca_3,phenalenyl_olympicenyl,crossdimer,3,/home/rb1820/BLA-ML/CrossDimers/phenalenyl_olympicenyl/orca_3/str_3.xyz,0.0,LOW_S2_INCLUDED_NO_FILTER,diagnostic only: final BS <S^2> below 0.10; retained in no-S2-filter workflow,2.524317696713913,2.85377556187983,49.0,-7.740283361178834,20.21257343349519,27.952856794674023,-27.952856794674027,-27.742610018862464
phenalenyl_olympicenyl_orca_4,phenalenyl_olympicenyl,crossdimer,4,/home/rb1820/BLA-ML/CrossDimers/phenalenyl_olympicenyl/orca_4/str_4.xyz,0.0,LOW_S2_INCLUDED_NO_FILTER,diagnostic only: final BS <S^2> below 0.10; retained in no-S2-filter workflow,2.1499501150142954,2.743523322027093,41.0,-4.267261452171177,31.741268058703522,36.0085295108747,-36.0085295108747,-35.717289756893
phenalenyl_olympicenyl_orca_5,phenalenyl_olympicenyl,crossdimer,5,/home/rb1820/BLA-ML/CrossDimers/phenalenyl_olympicenyl/orca_5/str_5.xyz,0.0,LOW_S2_INCLUDED_NO_FILTER,diagnostic only: final BS <S^2> below 0.10; retained in no-S2-filter workflow,2.136227729093056,2.726058009926186,48.0,-4.2037998190079735,37.93086487135351,42.13466469036149,-42.13466469036149,-41.97148496913667
phenalenyl_olympicenyl_orca_6,phenalenyl_olympicenyl,crossdimer,6,/home/rb1820/BLA-ML/CrossDimers/phenalenyl_olympicenyl/orca_6/str_6.xyz,0.0,LOW_S2_INCLUDED_NO_FILTER,diagnostic only: final BS <S^2> below 0.10; retained in no-S2-filter workflow,2.15936688085707,2.743812367458978,36.0,-3.410929743573834,30.132509272311726,33.54343901588556,-33.54343901588556,-33.18395740338403
phenalenyl_olympicenyl_orca_7,phenalenyl_olympicenyl,crossdimer,7,/home/rb1820/BLA-ML/CrossDimers/phenalenyl_olympicenyl/orca_7/str_7.xyz,0.0,LOW_S2_INCLUDED_NO_FILTER,diagnostic only: final BS <S^2> below 0.10; retained in no-S2-filter workflow,2.183383577327912,2.7523586559121034,36.0,-2.9679366247897865,28.576798234652035,31.54473485944182,-31.54473485944182,-31.293762726150398
phenalenyl_olympicenyl_orca_8,phenalenyl_olympicenyl,crossdimer,8,/home/rb1820/BLA-ML/CrossDimers/phenalenyl_olympicenyl/orca_8/str_8.xyz,0.0,LOW_S2_INCLUDED_NO_FILTER,diagnostic only: final BS <S^2> below 0.10; retained in no-S2-filter workflow,2.1869402751443907,2.748019117404062,35.0,-1.9012511438481439,28.274875980135914,30.17612712398406,-30.176127123984056,-29.903548909431898
phenalenyl_olympicenyl_orca_9,phenalenyl_olympicenyl,crossdimer,9,/home/rb1820/BLA-ML/CrossDimers/phenalenyl_olympicenyl/orca_9/str_9.xyz,0.0,LOW_S2_INCLUDED_NO_FILTER,diagnostic only: final BS <S^2> below 0.10; retained in no-S2-filter workflow,2.232973308914441,2.7720520206496078,32.0,-1.2922319560625513,24.100008166238176,25.392240122300727,-25.392240122300727,-25.06051350808229
phenalenyl_olympicenyl_orca_10,phenalenyl_olympicenyl,crossdimer,10,/home/rb1820/BLA-ML/CrossDimers/phenalenyl_olympicenyl/orca_10/str_10.xyz,0.225389,INCLUDED_NO_FILTER,retained in no-S2-filter workflow,2.5569882595372437,2.887176299063097,34.0,-2.7282025406454276,12.95595737816389,15.684159918809318,-15.684159918809318,-15.685749597139893
phenalenyl_olympicenyl_orca_11,phenalenyl_olympicenyl,crossdimer,11,/home/rb1820/BLA-ML/CrossDimers/phenalenyl_olympicenyl/orca_11/str_11.xyz,0.0,LOW_S2_INCLUDED_NO_FILTER,diagnostic only: final BS <S^2> below 0.10; retained in no-S2-filter workflow,2.266441680505996,2.789346941093514,32.0,-0.3230360107216065,21.622466444333195,21.9455024550548,-21.9455024550548,-21.5791196809554
phenalenyl_olympicenyl_orca_12,phenalenyl_olympicenyl,crossdimer,12,/home/rb1820/BLA-ML/CrossDimers/phenalenyl_olympicenyl/orca_12/str_12.xyz,0.0,LOW_S2_INCLUDED_NO_FILTER,diagnostic only: final BS <S^2> below 0.10; retained in no-S2-filter workflow,2.30494149981928,2.8093700173783445,29.0,0.17741917603423638,18.634882525485043,18.457463349450805,-18.45746334945081,-18.05750634152878
phenalenyl_olympicenyl_orca_13,phenalenyl_olympicenyl,crossdimer,13,/home/rb1820/BLA-ML/CrossDimers/phenalenyl_olympicenyl/orca_13/str_13.xyz,0.440773,INCLUDED_NO_FILTER,retained in no-S2-filter workflow,2.600169472084041,2.890579309441236,34.0,-1.8757188595111496,10.707827199440073,12.583546058951223,-12.583546058951223,-12.673161417899918
phenalenyl_olympicenyl_orca_14,phenalenyl_olympicenyl,crossdimer,14,/home/rb1820/BLA-ML/CrossDimers/phenalenyl_olympicenyl/orca_14/str_14.xyz,0.465164,INCLUDED_NO_FILTER,retained in no-S2-filter workflow,2.69941072722726,2.975066999663354,32.0,1.2575177812512486,15.309060741128206,14.051542959876958,-14.051542959876958,-13.569479525428086
phenalenyl_olympicenyl_orca_15,phenalenyl_olympicenyl,crossdimer,15,/home/rb1820/BLA-ML/CrossDimers/phenalenyl_olympicenyl/orca_15/str_15.xyz,0.237132,INCLUDED_NO_FILTER,retained in no-S2-filter workflow,2.461222713635613,2.85728913835074,33.0,-0.3713045765630096,14.605750911924783,14.977055488487794,-14.977055488487792,-14.928633985837886
phenalenyl_olympicenyl_orca_16,phenalenyl_olympicenyl,crossdimer,16,/home/rb1820/BLA-ML/CrossDimers/phenalenyl_olympicenyl/orca_16/str_16.xyz,0.390631,INCLUDED_NO_FILTER,retained in no-S2-filter workflow,2.6389515609649266,2.9582005075696918,34.0,1.6709889028599214,16.819939679875006,15.148950777015084,-15.148950777015084,-14.557552833575802
phenalenyl_olympicenyl_orca_17,phenalenyl_olympicenyl,crossdimer,17,/home/rb1820/BLA-ML/CrossDimers/phenalenyl_olympicenyl/orca_17/str_17.xyz,0.390152,INCLUDED_NO_FILTER,retained in no-S2-filter workflow,2.614985154694242,2.957037603316929,31.0,1.8751947797847999,17.083364697636803,15.208169917852004,-15.208169917852004,-14.849384801425204
phenalenyl_olympicenyl_orca_18,phenalenyl_olympicenyl,crossdimer,18,/home/rb1820/BLA-ML/CrossDimers/phenalenyl_olympicenyl/orca_18/str_18.xyz,0.302799,INCLUDED_NO_FILTER,retained in no-S2-filter workflow,2.470618186376331,2.8595925796043584,32.0,-0.1162990022234217,13.95616341997555,14.072462422198972,-14.07246242219897,-14.043824526988283
phenalenyl_olympicenyl_orca_19,phenalenyl_olympicenyl,crossdimer,19,/home/rb1820/BLA-ML/CrossDimers/phenalenyl_olympicenyl/orca_19/str_19.xyz,0.516094,INCLUDED_NO_FILTER,retained in no-S2-filter workflow,2.7212466869039584,2.9776690998316275,35.0,1.3051032935601397,14.540804193277618,13.235700899717479,-13.235700899717479,-12.901688161487346
phenalenyl_olympicenyl_orca_20,phenalenyl_olympicenyl,crossdimer,20,/home/rb1820/BLA-ML/CrossDimers/phenalenyl_olympicenyl/orca_20/str_20.xyz,0.52254,INCLUDED_NO_FILTER,retained in no-S2-filter workflow,2.7369981938106136,2.975791857005308,36.0,1.3123120652809275,14.410283534223286,13.097971468942358,-13.097971468942358,-12.780438645648845
phenalenyl_olympicenyl_orca_21,phenalenyl_olympicenyl,crossdimer,21,/home/rb1820/BLA-ML/CrossDimers/phenalenyl_olympicenyl/orca_21/str_21.xyz,0.235687,INCLUDED_NO_FILTER,retained in no-S2-filter workflow,2.504482206215456,2.9080936054347566,30.0,1.8703529103878795,17.83383362343369,15.963480713045811,-15.963480713045811,-15.192429258950531
phenalenyl_olympicenyl_orca_22,phenalenyl_olympicenyl,crossdimer,22,/home/rb1820/BLA-ML/CrossDimers/phenalenyl_olympicenyl/orca_22/str_22.xyz,0.490918,INCLUDED_NO_FILTER,retained in no-S2-filter workflow,2.723347918950406,2.969912902511428,34.0,1.8056323224757658,15.477211188741974,13.67157886626621,-13.671578866266207,-13.346963160271141
phenalenyl_olympicenyl_orca_23,phenalenyl_olympicenyl,crossdimer,23,/home/rb1820/BLA-ML/CrossDimers/phenalenyl_olympicenyl/orca_23/str_23.xyz,0.541315,INCLUDED_NO_FILTER,retained in no-S2-filter workflow,2.711898849847718,2.96865993810957,34.0,1.0154726443904236,13.132783163087941,12.117310518697519,-12.117310518697519,-11.86102589535479
phenalenyl_olympicenyl_orca_24,phenalenyl_olympicenyl,crossdimer,24,/home/rb1820/BLA-ML/CrossDimers/phenalenyl_olympicenyl/orca_24/str_24.xyz,0.510214,INCLUDED_NO_FILTER,retained in no-S2-filter workflow,2.6379850458766154,2.9676288517413987,26.0,0.297819260008643,13.452361415159006,13.154542155150363,-13.154542155150363,-13.041809433113697
phenalenyl_olympicenyl_orca_25,phenalenyl_olympicenyl,crossdimer,25,/home/rb1820/BLA-ML/CrossDimers/phenalenyl_olympicenyl/orca_25/str_25.xyz,0.582995,INCLUDED_NO_FILTER,retained in no-S2-filter workflow,2.782493266274232,2.9744480139236087,34.0,1.1121012569411384,12.55686160749356,11.444760350552423,-11.444760350552423,-11.253491637850406
phenalenyl_olympicenyl_orca_26,phenalenyl_olympicenyl,crossdimer,26,/home/rb1820/BLA-ML/CrossDimers/phenalenyl_olympicenyl/orca_26/str_26.xyz,0.507308,INCLUDED_NO_FILTER,retained in no-S2-filter workflow,2.42148814471534,2.884020034694599,25.0,0.0064957641305704176,11.203976626231295,11.197480862100726,-11.197480862100726,-10.919609592364028
phenalenyl_olympicenyl_orca_27,phenalenyl_olympicenyl,crossdimer,27,/home/rb1820/BLA-ML/CrossDimers/phenalenyl_olympicenyl/orca_27/str_27.xyz,0.274076,INCLUDED_NO_FILTER,retained in no-S2-filter workflow,2.526325165485228,2.9086314199661816,29.0,2.773392850081247,19.231177729933094,16.457784879851847,-16.457784879851847,-16.154699037734346
phenalenyl_olympicenyl_orca_28,phenalenyl_olympicenyl,crossdimer,28,/home/rb1820/BLA-ML/CrossDimers/phenalenyl_olympicenyl/orca_28/str_28.xyz,0.566455,INCLUDED_NO_FILTER,retained in no-S2-filter workflow,2.754138183931554,2.970556620211383,33.0,0.9469772041500688,12.666752528050376,11.719775323900308,-11.719775323900308,-11.577892796368904
phenalenyl_olympicenyl_orca_29,phenalenyl_olympicenyl,crossdimer,29,/home/rb1820/BLA-ML/CrossDimers/phenalenyl_olympicenyl/orca_29/str_29.xyz,0.413017,INCLUDED_NO_FILTER,retained in no-S2-filter workflow,2.4696645611483405,2.8553617142771106,31.0,0.9209705867367849,13.394267801678685,12.473297214941901,-12.473297214941901,-12.360145603316079
phenalenyl_olympicenyl_orca_30,phenalenyl_olympicenyl,crossdimer,30,/home/rb1820/BLA-ML/CrossDimers/phenalenyl_olympicenyl/orca_30/str_30.xyz,0.418583,INCLUDED_NO_FILTER,retained in no-S2-filter workflow,2.490481445496973,2.9087128028053053,24.0,0.42173480521492657,13.267407377806789,12.845672572591862,-12.845672572591862,-12.369238991440831
phenalenyl_olympicenyl_orca_31,phenalenyl_olympicenyl,crossdimer,31,/home/rb1820/BLA-ML/CrossDimers/phenalenyl_olympicenyl/orca_31/str_31.xyz,0.314123,INCLUDED_NO_FILTER,retained in no-S2-filter workflow,2.452081327978336,2.8759650415312885,24.0,1.3807038692471045,15.911881476712187,14.531177607465082,-14.531177607465082,-13.935318314345142
phenalenyl_olympicenyl_orca_32,phenalenyl_olympicenyl,crossdimer,32,/home/rb1820/BLA-ML/CrossDimers/phenalenyl_olympicenyl/orca_32/str_32.xyz,0.685348,INCLUDED_NO_FILTER,retained in no-S2-filter workflow,2.678709404706899,2.91434494077303,30.0,-1.2838832004497973,7.558563818736658,8.842447019186455,-8.842447019186455,-8.789789911068102
phenalenyl_olympicenyl_orca_33,phenalenyl_olympicenyl,crossdimer,33,/home/rb1820/BLA-ML/CrossDimers/phenalenyl_olympicenyl/orca_33/str_33.xyz,0.646157,INCLUDED_NO_FILTER,retained in no-S2-filter workflow,2.7753996932904426,2.988029174130704,30.0,-0.00014289586509999067,10.75367870168198,10.75382159754708,-10.75382159754708,-10.73390146766175
phenalenyl_olympicenyl_orca_34,phenalenyl_olympicenyl,crossdimer,34,/home/rb1820/BLA-ML/CrossDimers/phenalenyl_olympicenyl/orca_34/str_34.xyz,0.598789,INCLUDED_NO_FILTER,retained in no-S2-filter workflow,2.437888543855111,2.890482002639476,26.0,0.5138216204255551,10.399513494793455,9.8856918743679,-9.8856918743679,-9.638028375855592
phenalenyl_olympicenyl_orca_35,phenalenyl_olympicenyl,crossdimer,35,/home/rb1820/BLA-ML/CrossDimers/phenalenyl_olympicenyl/orca_35/str_35.xyz,0.506283,INCLUDED_NO_FILTER,retained in no-S2-filter workflow,2.635604416539871,2.949700983619058,24.0,1.4589691989420646,14.54326908634763,13.084299887405566,-13.084299887405566,-12.955504087317708
phenalenyl_olympicenyl_orca_36,phenalenyl_olympicenyl,crossdimer,36,/home/rb1820/BLA-ML/CrossDimers/phenalenyl_olympicenyl/orca_36/str_36.xyz,0.731373,INCLUDED_NO_FILTER,retained in no-S2-filter workflow,2.744583151121635,2.928776417789945,32.0,-1.1048872926985724,6.9092195770212275,8.0141068697198,-8.0141068697198,-7.924881806793376
phenalenyl_olympicenyl_orca_37,phenalenyl_olympicenyl,crossdimer,37,/home/rb1820/BLA-ML/CrossDimers/phenalenyl_olympicenyl/orca_37/str_37.xyz,0.744773,INCLUDED_NO_FILTER,retained in no-S2-filter workflow,2.730939065819795,2.9370166697744127,32.0,-1.2773334448222067,6.524684517889365,7.802017962711571,-7.802017962711572,-7.703692304653149
phenalenyl_olympicenyl_orca_38,phenalenyl_olympicenyl,crossdimer,38,/home/rb1820/BLA-ML/CrossDimers/phenalenyl_olympicenyl/orca_38/str_38.xyz,0.43118,INCLUDED_NO_FILTER,retained in no-S2-filter workflow,2.531731896594298,2.915395697968488,26.0,1.8643436682694647,15.569829590884346,13.705485922614882,-13.705485922614882,-13.657591430627043
phenalenyl_olympicenyl_orca_39,phenalenyl_olympicenyl,crossdimer,39,/home/rb1820/BLA-ML/CrossDimers/phenalenyl_olympicenyl/orca_39/str_39.xyz,0.751091,INCLUDED_NO_FILTER,retained in no-S2-filter workflow,2.714378461350252,2.9410633128975543,32.0,-1.2993112456118043,6.403299477466946,7.70261072307875,-7.70261072307875,-7.589344385860582
phenalenyl_olympicenyl_orca_40,phenalenyl_olympicenyl,crossdimer,40,/home/rb1820/BLA-ML/CrossDimers/phenalenyl_olympicenyl/orca_40/str_40.xyz,0.729284,INCLUDED_NO_FILTER,retained in no-S2-filter workflow,2.6707097330610874,2.9448261340117305,25.0,-0.16073936800782304,7.985043646032953,8.145783014040775,-8.145783014040775,-7.987876360376868
phenalenyl_olympicenyl_orca_41,phenalenyl_olympicenyl,crossdimer,41,/home/rb1820/BLA-ML/CrossDimers/phenalenyl_olympicenyl/orca_41/str_41.xyz,0.761469,INCLUDED_NO_FILTER,retained in no-S2-filter workflow,2.7172695204508,2.954406530710057,26.0,-0.8547416272497218,6.754981086050796,7.609722713300517,-7.609722713300518,-7.474770929323177
phenalenyl_olympicenyl_orca_42,phenalenyl_olympicenyl,crossdimer,42,/home/rb1820/BLA-ML/CrossDimers/phenalenyl_olympicenyl/orca_42/str_42.xyz,0.540903,INCLUDED_NO_FILTER,retained in no-S2-filter workflow,2.4795331866335037,2.882387871514201,23.0,1.4604870389898033,12.460594349400525,11.000107310410721,-11.000107310410721,-10.512143266799162
phenalenyl_olympicenyl_orca_43,phenalenyl_olympicenyl,crossdimer,43,/home/rb1820/BLA-ML/CrossDimers/phenalenyl_olympicenyl/orca_43/str_43.xyz,0.766588,INCLUDED_NO_FILTER,retained in no-S2-filter workflow,2.705984182619708,2.9590157652345104,26.0,-1.3088053705404936,6.257796260315356,7.566601630855849,-7.56660163085585,-7.440301570948581
phenalenyl_olympicenyl_orca_44,phenalenyl_olympicenyl,crossdimer,44,/home/rb1820/BLA-ML/CrossDimers/phenalenyl_olympicenyl/orca_44/str_44.xyz,0.721095,INCLUDED_NO_FILTER,retained in no-S2-filter workflow,2.554070329700392,2.926055016515087,22.0,-0.00688712986028722,8.169221875288105,8.176109005148392,-8.176109005148392,-8.016037312117811
phenalenyl_olympicenyl_orca_45,phenalenyl_olympicenyl,crossdimer,45,/home/rb1820/BLA-ML/CrossDimers/phenalenyl_olympicenyl/orca_45/str_45.xyz,0.801821,INCLUDED_NO_FILTER,retained in no-S2-filter workflow,2.7297622361457323,2.983757890918241,27.0,-1.5783307498823642,5.390666777230503,6.968997527112867,-6.968997527112867,-6.788125988109847
phenalenyl_olympicenyl_orca_46,phenalenyl_olympicenyl,crossdimer,46,/home/rb1820/BLA-ML/CrossDimers/phenalenyl_olympicenyl/orca_46/str_46.xyz,0.847266,INCLUDED_NO_FILTER,retained in no-S2-filter workflow,2.624807285489804,2.979609365377917,23.0,-1.557581280618826,4.611771684236898,6.169352964855725,-6.169352964855724,-6.032757973794661
phenalenyl_olympicenyl_orca_47,phenalenyl_olympicenyl,crossdimer,47,/home/rb1820/BLA-ML/CrossDimers/phenalenyl_olympicenyl/orca_47/str_47.xyz,0.740291,INCLUDED_NO_FILTER,retained in no-S2-filter workflow,2.6928255562724246,2.938072496346151,28.0,-0.5919157260264586,7.4435508081022475,8.035466534128707,-8.035466534128705,-7.903042590400183
phenalenyl_olympicenyl_orca_48,phenalenyl_olympicenyl,crossdimer,48,/home/rb1820/BLA-ML/CrossDimers/phenalenyl_olympicenyl/orca_48/str_48.xyz,0.548082,INCLUDED_NO_FILTER,retained in no-S2-filter workflow,2.4626395868320583,2.868188752663108,23.0,2.474180967659719,13.347893115307361,10.873712147647643,-10.873712147647641,-10.382402946751805
phenalenyl_olympicenyl_orca_49,phenalenyl_olympicenyl,crossdimer,49,/home/rb1820/BLA-ML/CrossDimers/phenalenyl_olympicenyl/orca_49/str_49.xyz,0.831229,INCLUDED_NO_FILTER,retained in no-S2-filter workflow,2.799352411535545,2.9990502604832256,27.0,-1.81748269017011,4.654416017619476,6.4718987077895855,-6.471898707789586,-6.289081342285568
phenalenyl_olympicenyl_orca_50,phenalenyl_olympicenyl,crossdimer,50,/home/rb1820/BLA-ML/CrossDimers/phenalenyl_olympicenyl/orca_50/str_50.xyz,0.75951,INCLUDED_NO_FILTER,retained in no-S2-filter workflow,2.572642777732464,2.898214475792032,33.0,1.1449749177033355,8.406486268491163,7.261511350787827,-7.261511350787828,-7.352469628679483
phenalenyl_olympicenyl_orca_51,phenalenyl_olympicenyl,crossdimer,51,/home/rb1820/BLA-ML/CrossDimers/phenalenyl_olympicenyl/orca_51/str_51.xyz,0.894396,INCLUDED_NO_FILTER,retained in no-S2-filter workflow,3.0276852890547667,3.0896452886947863,29.0,-1.468366551176389,4.4153809445275005,5.883747495703889,-5.88374749570389,-5.819286186546972
phenalenyl_olympicenyl_orca_52,phenalenyl_olympicenyl,crossdimer,52,/home/rb1820/BLA-ML/CrossDimers/phenalenyl_olympicenyl/orca_52/str_52.xyz,0.864061,INCLUDED_NO_FILTER,retained in no-S2-filter workflow,2.591061445115562,2.9487934067083925,23.0,-0.5906739802361177,5.179717758091182,5.7703917383273,-5.7703917383273,-5.787621563602851
phenalenyl_olympicenyl_orca_53,phenalenyl_olympicenyl,crossdimer,53,/home/rb1820/BLA-ML/CrossDimers/phenalenyl_olympicenyl/orca_53/str_53.xyz,0.8919,INCLUDED_NO_FILTER,retained in no-S2-filter workflow,2.651858963290702,2.993130698927246,23.0,-1.3810639505788567,4.036853561325182,5.417917511904038,-5.417917511904038,-5.297328178910016
phenalenyl_olympicenyl_orca_54,phenalenyl_olympicenyl,crossdimer,54,/home/rb1820/BLA-ML/CrossDimers/phenalenyl_olympicenyl/orca_54/str_54.xyz,0.763449,INCLUDED_NO_FILTER,retained in no-S2-filter workflow,2.616182041019836,2.9561634923731286,23.0,0.09968136834244912,8.164404994714975,8.064723626372526,-8.064723626372526,-8.181567395847127
phenalenyl_olympicenyl_orca_55,phenalenyl_olympicenyl,crossdimer,55,/home/rb1820/BLA-ML/CrossDimers/phenalenyl_olympicenyl/orca_55/str_55.xyz,0.886442,INCLUDED_NO_FILTER,retained in no-S2-filter workflow,2.6316490633382776,2.9670598802213712,27.0,-0.08688750889705361,5.1826508578807635,5.269538366777818,-5.269538366777817,-5.325577389987612
phenalenyl_olympicenyl_orca_56,phenalenyl_olympicenyl,crossdimer,56,/home/rb1820/BLA-ML/CrossDimers/phenalenyl_olympicenyl/orca_56/str_56.xyz,0.855448,INCLUDED_NO_FILTER,retained in no-S2-filter workflow,2.550173813432375,2.9198805552698284,29.0,1.7288710928277966,7.602469592338686,5.873598499510889,-5.873598499510889,-5.826513475931767
phenalenyl_olympicenyl_orca_57,phenalenyl_olympicenyl,crossdimer,57,/home/rb1820/BLA-ML/CrossDimers/phenalenyl_olympicenyl/orca_57/str_57.xyz,0.68882,INCLUDED_NO_FILTER,retained in no-S2-filter workflow,2.636128998216108,2.9636915455819937,21.0,0.07968993306534887,9.715515887686232,9.635825954620882,-9.635825954620882,-9.430179741490331
phenalenyl_olympicenyl_orca_58,phenalenyl_olympicenyl,crossdimer,58,/home/rb1820/BLA-ML/CrossDimers/phenalenyl_olympicenyl/orca_58/str_58.xyz,0.747005,INCLUDED_NO_FILTER,retained in no-S2-filter workflow,2.532988125125642,2.873579135698308,24.0,2.05387101036722,9.518420209462445,7.464549199095225,-7.464549199095225,-7.596163824996535
phenalenyl_olympicenyl_orca_59,phenalenyl_olympicenyl,crossdimer,59,/home/rb1820/BLA-ML/CrossDimers/phenalenyl_olympicenyl/orca_59/str_59.xyz,0.808385,INCLUDED_NO_FILTER,retained in no-S2-filter workflow,2.633805242621714,2.9645973681964906,20.0,-0.08671772172457069,7.159912082372122,7.246629804096693,-7.246629804096693,-7.3728877927182355
phenalenyl_olympicenyl_orca_60,phenalenyl_olympicenyl,crossdimer,60,/home/rb1820/BLA-ML/CrossDimers/phenalenyl_olympicenyl/orca_60/str_60.xyz,0.813138,INCLUDED_NO_FILTER,retained in no-S2-filter workflow,2.509537296036884,2.891429082671155,35.0,3.838906994246974,10.33014787391009,6.491240879663116,-6.491240879663115,-6.391802864628451
phenalenyl_olympicenyl_orca_61,phenalenyl_olympicenyl,crossdimer,61,/home/rb1820/BLA-ML/CrossDimers/phenalenyl_olympicenyl/orca_61/str_61.xyz,0.810019,INCLUDED_NO_FILTER,retained in no-S2-filter workflow,2.6164664614574917,2.9707170514791787,19.0,0.0700458335316103,7.234756413839724,7.164710580308114,-7.164710580308114,-7.330912493020994
phenalenyl_olympicenyl_orca_62,phenalenyl_olympicenyl,crossdimer,62,/home/rb1820/BLA-ML/CrossDimers/phenalenyl_olympicenyl/orca_62/str_62.xyz,0.828926,INCLUDED_NO_FILTER,retained in no-S2-filter workflow,2.704072153914377,2.9507423915856728,32.0,0.12605462019749913,6.320592313717092,6.194537693519592,-6.194537693519592,-6.189828341226029
phenalenyl_olympicenyl_orca_63,phenalenyl_olympicenyl,crossdimer,63,/home/rb1820/BLA-ML/CrossDimers/phenalenyl_olympicenyl/orca_63/str_63.xyz,0.85173,INCLUDED_NO_FILTER,retained in no-S2-filter workflow,2.587534242075462,2.979055158178648,19.0,-0.8052094367713037,5.458706311119559,6.263915747890862,-6.263915747890863,-6.193954738495538
phenalenyl_olympicenyl_orca_64,phenalenyl_olympicenyl,crossdimer,64,/home/rb1820/BLA-ML/CrossDimers/phenalenyl_olympicenyl/orca_64/str_64.xyz,0.320884,INCLUDED_NO_FILTER,retained in no-S2-filter workflow,2.441043759258699,2.8796624956082915,19.0,3.8851482175562033,19.032730537010185,15.147582319453981,-15.147582319453981,-14.404795971662743
phenalenyl_olympicenyl_orca_65,phenalenyl_olympicenyl,crossdimer,65,/home/rb1820/BLA-ML/CrossDimers/phenalenyl_olympicenyl/orca_65/str_65.xyz,0.858439,INCLUDED_NO_FILTER,retained in no-S2-filter workflow,2.6651066009104363,2.980011066565016,21.0,-0.3221761193844521,6.035510966381952,6.357687085766403,-6.357687085766404,-6.498909488798585
phenalenyl_olympicenyl_orca_66,phenalenyl_olympicenyl,crossdimer,66,/home/rb1820/BLA-ML/CrossDimers/phenalenyl_olympicenyl/orca_66/str_66.xyz,0.892172,INCLUDED_NO_FILTER,retained in no-S2-filter workflow,2.586507008432474,2.964346189247914,19.0,-0.13692198871621142,5.560195749559814,5.697117738276026,-5.697117738276026,-5.759676824454283
phenalenyl_olympicenyl_orca_67,phenalenyl_olympicenyl,crossdimer,67,/home/rb1820/BLA-ML/CrossDimers/phenalenyl_olympicenyl/orca_67/str_67.xyz,0.763498,INCLUDED_NO_FILTER,retained in no-S2-filter workflow,2.580304632957886,2.911122740877519,34.0,2.683853505630484,9.864472279921136,7.180618774290652,-7.180618774290652,-7.220788114396633
phenalenyl_olympicenyl_orca_68,phenalenyl_olympicenyl,crossdimer,68,/home/rb1820/BLA-ML/CrossDimers/phenalenyl_olympicenyl/orca_68/str_68.xyz,0.76498,INCLUDED_NO_FILTER,retained in no-S2-filter workflow,2.412376045236387,2.9213166256274823,21.0,0.011753059097146513,7.779189958070082,7.767436898972935,-7.767436898972935,-7.59966481302277
phenalenyl_olympicenyl_orca_69,phenalenyl_olympicenyl,crossdimer,69,/home/rb1820/BLA-ML/CrossDimers/phenalenyl_olympicenyl/orca_69/str_69.xyz,0.863575,INCLUDED_NO_FILTER,retained in no-S2-filter workflow,2.495585586558524,2.912770120762736,26.0,3.0943174199066,9.083485171367538,5.989167751460939,-5.989167751460938,-5.864702721485525
phenalenyl_olympicenyl_orca_70,phenalenyl_olympicenyl,crossdimer,70,/home/rb1820/BLA-ML/CrossDimers/phenalenyl_olympicenyl/orca_70/str_70.xyz,0.907449,INCLUDED_NO_FILTER,retained in no-S2-filter workflow,2.695538014857678,2.9997544877410087,21.0,-0.7457368661149806,4.6989362628886,5.44467312900358,-5.44467312900358,-5.578816923581525
phenalenyl_olympicenyl_orca_71,phenalenyl_olympicenyl,crossdimer,71,/home/rb1820/BLA-ML/CrossDimers/phenalenyl_olympicenyl/orca_71/str_71.xyz,1.006923,INCLUDED_NO_FILTER,retained in no-S2-filter workflow,2.6285013252662024,3.0118259620356462,20.0,-1.0434138811607396,2.7196705905871865,3.763084471747926,-3.763084471747926,-3.657968084640717
phenalenyl_olympicenyl_orca_72,phenalenyl_olympicenyl,crossdimer,72,/home/rb1820/BLA-ML/CrossDimers/phenalenyl_olympicenyl/orca_72/str_72.xyz,0.898612,INCLUDED_NO_FILTER,retained in no-S2-filter workflow,2.5721746609302985,2.9694594926866484,20.0,-0.04926706653438987,5.452783634430156,5.502050700964545,-5.502050700964546,-5.631064673162285
phenalenyl_olympicenyl_orca_73,phenalenyl_olympicenyl,crossdimer,73,/home/rb1820/BLA-ML/CrossDimers/phenalenyl_olympicenyl/orca_73/str_73.xyz,0.876826,INCLUDED_NO_FILTER,retained in no-S2-filter workflow,2.462576695284595,2.9400362190624216,22.0,-0.13111882121213037,5.775311565749025,5.906430386961155,-5.906430386961155,-5.755812576736016
phenalenyl_olympicenyl_orca_74,phenalenyl_olympicenyl,crossdimer,74,/home/rb1820/BLA-ML/CrossDimers/phenalenyl_olympicenyl/orca_74/str_74.xyz,0.95589,INCLUDED_NO_FILTER,retained in no-S2-filter workflow,2.577367305876101,2.9621078362096105,23.0,0.6207434234145033,4.6878340025652,4.067090579150697,-4.067090579150697,-3.9469181616138824
phenalenyl_olympicenyl_orca_75,phenalenyl_olympicenyl,crossdimer,75,/home/rb1820/BLA-ML/CrossDimers/phenalenyl_olympicenyl/orca_75/str_75.xyz,0.925859,INCLUDED_NO_FILTER,retained in no-S2-filter workflow,2.610341524368577,3.015460260579546,15.0,-1.518189139352859,3.6041277959281173,5.122316935280976,-5.122316935280976,-5.040115015453811
phenalenyl_olympicenyl_orca_76,phenalenyl_olympicenyl,crossdimer,76,/home/rb1820/BLA-ML/CrossDimers/phenalenyl_olympicenyl/orca_76/str_76.xyz,0.81345,INCLUDED_NO_FILTER,retained in no-S2-filter workflow,2.585939787787876,2.927614055314425,22.0,2.125890065666687,9.007484754952888,6.881594689286201,-6.881594689286201,-7.106905530673744
phenalenyl_olympicenyl_orca_77,phenalenyl_olympicenyl,crossdimer,77,/home/rb1820/BLA-ML/CrossDimers/phenalenyl_olympicenyl/orca_77/str_77.xyz,0.932368,INCLUDED_NO_FILTER,retained in no-S2-filter workflow,2.596535937316468,2.9810211474737422,19.0,-0.20183238196887615,4.66568366489082,4.867516046859696,-4.867516046859697,-5.031508973862044
phenalenyl_olympicenyl_orca_78,phenalenyl_olympicenyl,crossdimer,78,/home/rb1820/BLA-ML/CrossDimers/phenalenyl_olympicenyl/orca_78/str_78.xyz,0.332603,INCLUDED_NO_FILTER,retained in no-S2-filter workflow,2.2676556139718147,2.86172037556106,19.0,1.4414004341264472,15.983020890457848,14.541620456331401,-14.541620456331401,-14.139569908867625
phenalenyl_olympicenyl_orca_79,phenalenyl_olympicenyl,crossdimer,79,/home/rb1820/BLA-ML/CrossDimers/phenalenyl_olympicenyl/orca_79/str_79.xyz,0.997206,INCLUDED_NO_FILTER,retained in no-S2-filter workflow,2.6512408852659988,3.051627498809978,21.0,-3.513632199931216,0.4599309982675006,3.9735631981987165,-3.9735631981987165,-3.9454782712838963
phenalenyl_olympicenyl_orca_80,phenalenyl_olympicenyl,crossdimer,80,/home/rb1820/BLA-ML/CrossDimers/phenalenyl_olympicenyl/orca_80/str_80.xyz,0.913906,INCLUDED_NO_FILTER,retained in no-S2-filter workflow,2.479414624927639,2.9443216054583488,22.0,0.10736054575364284,5.367199602735526,5.259839056981883,-5.259839056981883,-5.116259492654291
phenalenyl_olympicenyl_orca_81,phenalenyl_olympicenyl,crossdimer,81,/home/rb1820/BLA-ML/CrossDimers/phenalenyl_olympicenyl/orca_81/str_81.xyz,0.961991,INCLUDED_NO_FILTER,retained in no-S2-filter workflow,2.730042934830481,3.022022812158386,22.0,-1.1086520527608434,3.2621593405833225,4.370811393344166,-4.370811393344166,-4.507576572744982
phenalenyl_olympicenyl_orca_82,phenalenyl_olympicenyl,crossdimer,82,/home/rb1820/BLA-ML/CrossDimers/phenalenyl_olympicenyl/orca_82/str_82.xyz,0.871614,INCLUDED_NO_FILTER,retained in no-S2-filter workflow,2.534472857954271,2.9700876782773378,16.0,0.5636869394336349,6.662537362977746,6.098850423544111,-6.098850423544111,-5.925464639255698
phenalenyl_olympicenyl_orca_83,phenalenyl_olympicenyl,crossdimer,83,/home/rb1820/BLA-ML/CrossDimers/phenalenyl_olympicenyl/orca_83/str_83.xyz,0.65681,INCLUDED_NO_FILTER,retained in no-S2-filter workflow,2.5802424644758046,2.9999821821807755,14.0,1.3259587247677642,11.935772681701371,10.609813956933607,-10.609813956933607,-10.378689048562782
phenalenyl_olympicenyl_orca_84,phenalenyl_olympicenyl,crossdimer,84,/home/rb1820/BLA-ML/CrossDimers/phenalenyl_olympicenyl/orca_84/str_84.xyz,0.860194,INCLUDED_NO_FILTER,retained in no-S2-filter workflow,2.4503716259748387,2.9339922404311656,19.0,0.28976586689981876,6.4784315000094,6.18866563310958,-6.188665633109581,-5.894088895394902
phenalenyl_olympicenyl_orca_85,phenalenyl_olympicenyl,crossdimer,85,/home/rb1820/BLA-ML/CrossDimers/phenalenyl_olympicenyl/orca_85/str_85.xyz,1.002945,INCLUDED_NO_FILTER,retained in no-S2-filter workflow,2.570113563998968,2.985819013548989,18.0,-1.866908406200987,1.7980294233279146,3.6649378295289017,-3.6649378295289017,-3.635855369349893
phenalenyl_olympicenyl_orca_86,phenalenyl_olympicenyl,crossdimer,86,/home/rb1820/BLA-ML/CrossDimers/phenalenyl_olympicenyl/orca_86/str_86.xyz,0.626536,INCLUDED_NO_FILTER,retained in no-S2-filter workflow,2.616706354566631,2.9726603440183217,14.0,2.458693273915649,13.59319671360601,11.134503439690361,-11.134503439690361,-10.888113378940862
phenalenyl_olympicenyl_orca_87,phenalenyl_olympicenyl,crossdimer,87,/home/rb1820/BLA-ML/CrossDimers/phenalenyl_olympicenyl/orca_87/str_87.xyz,1.018107,INCLUDED_NO_FILTER,retained in no-S2-filter workflow,2.6841660714774416,3.077242429375379,20.0,-4.2255934664056145,-0.6603770416979774,3.5652164247076374,-3.565216424707637,-3.54792832496242
phenalenyl_olympicenyl_orca_88,phenalenyl_olympicenyl,crossdimer,88,/home/rb1820/BLA-ML/CrossDimers/phenalenyl_olympicenyl/orca_88/str_88.xyz,0.994055,INCLUDED_NO_FILTER,retained in no-S2-filter workflow,2.677218838307868,3.02942831347496,20.0,-1.3117769630206444,2.7148066873940513,4.026583650414696,-4.026583650414696,-4.057729869195678
phenalenyl_olympicenyl_orca_89,phenalenyl_olympicenyl,crossdimer,89,/home/rb1820/BLA-ML/CrossDimers/phenalenyl_olympicenyl/orca_89/str_89.xyz,0.896017,INCLUDED_NO_FILTER,retained in no-S2-filter workflow,2.624863796117247,2.971171224171996,20.0,0.9927957760475046,6.777147792303636,5.784352016256132,-5.784352016256132,-5.968943189445313
phenalenyl_olympicenyl_orca_90,phenalenyl_olympicenyl,crossdimer,90,/home/rb1820/BLA-ML/CrossDimers/phenalenyl_olympicenyl/orca_90/str_90.xyz,0.986815,INCLUDED_NO_FILTER,retained in no-S2-filter workflow,2.590446991287246,2.966875194902554,23.0,1.0599894792001716,4.51288791979893,3.452898440598758,-3.4528984405987577,-3.3600884382205978
phenalenyl_olympicenyl_orca_91,phenalenyl_olympicenyl,crossdimer,91,/home/rb1820/BLA-ML/CrossDimers/phenalenyl_olympicenyl/orca_91/str_91.xyz,0.838134,INCLUDED_NO_FILTER,retained in no-S2-filter workflow,2.460089465786617,2.911416431687019,24.0,1.0658107860734645,7.6019551055013315,6.536144319427867,-6.536144319427867,-6.243539284003069
phenalenyl_olympicenyl_orca_92,phenalenyl_olympicenyl,crossdimer,92,/home/rb1820/BLA-ML/CrossDimers/phenalenyl_olympicenyl/orca_92/str_92.xyz,1.037616,INCLUDED_NO_FILTER,retained in no-S2-filter workflow,2.6965751156488094,3.085684748002252,19.0,-4.275401907945801,-1.0822573746373372,3.1931445333084634,-3.1931445333084634,-3.1962356857498646
phenalenyl_olympicenyl_orca_93,phenalenyl_olympicenyl,crossdimer,93,/home/rb1820/BLA-ML/CrossDimers/phenalenyl_olympicenyl/orca_93/str_93.xyz,0.92661,INCLUDED_NO_FILTER,retained in no-S2-filter workflow,2.667698727178195,2.980697277551019,22.0,0.8286796653131757,5.888226721822501,5.059547056509325,-5.0595470565093255,-5.285167134614957
phenalenyl_olympicenyl_orca_94,phenalenyl_olympicenyl,crossdimer,94,/home/rb1820/BLA-ML/CrossDimers/phenalenyl_olympicenyl/orca_94/str_94.xyz,0.774724,INCLUDED_NO_FILTER,retained in no-S2-filter workflow,2.5556652124748664,2.979204866676269,15.0,0.9579960088788942,8.51091359460475,7.552917585725855,-7.552917585725855,-7.463025933957058
phenalenyl_olympicenyl_orca_95,phenalenyl_olympicenyl,crossdimer,95,/home/rb1820/BLA-ML/CrossDimers/phenalenyl_olympicenyl/orca_95/str_95.xyz,0.860149,INCLUDED_NO_FILTER,retained in no-S2-filter workflow,2.4927407367963785,2.93872507535302,34.0,0.7203294260215427,7.393101123438057,6.672771697416514,-6.672771697416514,-6.273051725052712
phenalenyl_olympicenyl_orca_96,phenalenyl_olympicenyl,crossdimer,96,/home/rb1820/BLA-ML/CrossDimers/phenalenyl_olympicenyl/orca_96/str_96.xyz,1.035134,INCLUDED_NO_FILTER,retained in no-S2-filter workflow,2.6029120864831103,3.0041349666624497,18.0,-2.1456781164018737,0.9098893643092343,3.055567480711108,-3.055567480711108,-3.0484484719947122
phenalenyl_olympicenyl_orca_97,phenalenyl_olympicenyl,crossdimer,97,/home/rb1820/BLA-ML/CrossDimers/phenalenyl_olympicenyl/orca_97/str_97.xyz,0.877311,INCLUDED_NO_FILTER,retained in no-S2-filter workflow,2.675935440333565,3.031705835049541,14.0,-1.4762832565319777,4.315434519870934,5.791717776402911,-5.791717776402911,-5.870382372665742
phenalenyl_olympicenyl_orca_98,phenalenyl_olympicenyl,crossdimer,98,/home/rb1820/BLA-ML/CrossDimers/phenalenyl_olympicenyl/orca_98/str_98.xyz,1.134481,INCLUDED_NO_FILTER,retained in no-S2-filter workflow,3.159847759250229,3.250082731314084,19.0,-8.848505085962357,-7.87393682615387,0.9745682598084866,-0.9745682598084864,-0.9737536432959475
phenalenyl_olympicenyl_orca_99,phenalenyl_olympicenyl,crossdimer,99,/home/rb1820/BLA-ML/CrossDimers/phenalenyl_olympicenyl/orca_99/str_99.xyz,0.920677,INCLUDED_NO_FILTER,retained in no-S2-filter workflow,2.466316483872238,2.9589751032108538,21.0,1.0547400850907234,6.351044468136873,5.29630438304615,-5.29630438304615,-5.115395692843268
phenalenyl_olympicenyl_orca_100,phenalenyl_olympicenyl,crossdimer,100,/home/rb1820/BLA-ML/CrossDimers/phenalenyl_olympicenyl/orca_100/str_100.xyz,1.062775,INCLUDED_NO_FILTER,retained in no-S2-filter workflow,2.6700885521287003,3.021630058224515,20.0,-3.2024186314581966,-0.7099100749820488,2.4925085564761478,-2.4925085564761478,-2.468211820483033
phenalenyl_olympicenyl_orca_101,phenalenyl_olympicenyl,crossdimer,101,/home/rb1820/BLA-ML/CrossDimers/phenalenyl_olympicenyl/orca_101/str_101.xyz,1.060119,INCLUDED_NO_FILTER,retained in no-S2-filter workflow,2.724138807791736,3.099834523591176,19.0,-4.51004594389406,-1.776210421419859,2.7338355224742,-2.733835522474201,-2.7288440195003707
phenalenyl_olympicenyl_orca_102,phenalenyl_olympicenyl,crossdimer,102,/home/rb1820/BLA-ML/CrossDimers/phenalenyl_olympicenyl/orca_102/str_102.xyz,1.026101,INCLUDED_NO_FILTER,retained in no-S2-filter workflow,2.593767460569365,3.006785934350387,23.0,-1.5792401347567924,1.6808646257047117,3.260104760461504,-3.260104760461504,-3.181387451514189
phenalenyl_olympicenyl_orca_103,phenalenyl_olympicenyl,crossdimer,103,/home/rb1820/BLA-ML/CrossDimers/phenalenyl_olympicenyl/orca_103/str_103.xyz,0.989533,INCLUDED_NO_FILTER,retained in no-S2-filter workflow,2.699591293365928,2.998792593158982,22.0,0.1481898003539197,3.896227969104546,3.748038168750626,-3.748038168750626,-3.9756654833685667
phenalenyl_olympicenyl_orca_104,phenalenyl_olympicenyl,crossdimer,104,/home/rb1820/BLA-ML/CrossDimers/phenalenyl_olympicenyl/orca_104/str_104.xyz,1.141716,INCLUDED_NO_FILTER,retained in no-S2-filter workflow,3.17031803036084,3.2700478331289355,16.0,-9.009782899202607,-8.183057107082403,0.8267257921202044,-0.8267257921202038,-0.8214501880922498
phenalenyl_olympicenyl_orca_105,phenalenyl_olympicenyl,crossdimer,105,/home/rb1820/BLA-ML/CrossDimers/phenalenyl_olympicenyl/orca_105/str_105.xyz,0.968366,INCLUDED_NO_FILTER,retained in no-S2-filter workflow,2.4992714712264874,2.9808767317382032,20.0,0.27164971343820277,4.709012018171694,4.437362304733491,-4.437362304733491,-4.257932191639049
phenalenyl_olympicenyl_orca_106,phenalenyl_olympicenyl,crossdimer,106,/home/rb1820/BLA-ML/CrossDimers/phenalenyl_olympicenyl/orca_106/str_106.xyz,0.606882,INCLUDED_NO_FILTER,retained in no-S2-filter workflow,2.4794460902601427,2.910512254392357,14.0,0.3359199497831208,11.487777366117282,11.151857416334161,-11.151857416334161,-11.55055559505265
phenalenyl_olympicenyl_orca_107,phenalenyl_olympicenyl,crossdimer,107,/home/rb1820/BLA-ML/CrossDimers/phenalenyl_olympicenyl/orca_107/str_107.xyz,0.406152,INCLUDED_NO_FILTER,retained in no-S2-filter workflow,2.2676465660364227,2.8692944180978786,17.0,2.894118223650932,16.361451980510378,13.467333756859444,-13.467333756859446,-12.940068993300113
phenalenyl_olympicenyl_orca_108,phenalenyl_olympicenyl,crossdimer,108,/home/rb1820/BLA-ML/CrossDimers/phenalenyl_olympicenyl/orca_108/str_108.xyz,0.974598,INCLUDED_NO_FILTER,retained in no-S2-filter workflow,2.5364629468983555,2.970294212754772,21.0,1.0242515407854724,5.3309665794203545,4.3067150386348825,-4.3067150386348825,-4.315660401589522
phenalenyl_olympicenyl_orca_109,phenalenyl_olympicenyl,crossdimer,109,/home/rb1820/BLA-ML/CrossDimers/phenalenyl_olympicenyl/orca_109/str_109.xyz,1.082902,INCLUDED_NO_FILTER,retained in no-S2-filter workflow,2.708684750968008,3.0419988979140764,20.0,-3.703426532216091,-1.6092149582689679,2.094211573947123,-2.094211573947123,-2.0605677589116933
phenalenyl_olympicenyl_orca_110,phenalenyl_olympicenyl,crossdimer,110,/home/rb1820/BLA-ML/CrossDimers/phenalenyl_olympicenyl/orca_110/str_110.xyz,1.044303,INCLUDED_NO_FILTER,retained in no-S2-filter workflow,2.647602877323733,3.00540847402129,26.0,-0.654969089692047,2.21972486807777,2.874693957769817,-2.874693957769817,-2.9365906219850375
phenalenyl_olympicenyl_orca_111,phenalenyl_olympicenyl,crossdimer,111,/home/rb1820/BLA-ML/CrossDimers/phenalenyl_olympicenyl/orca_111/str_111.xyz,1.004543,INCLUDED_NO_FILTER,retained in no-S2-filter workflow,2.528635595008857,2.985135510587728,20.0,-0.019278544969132283,3.7092296864510126,3.728508231420145,-3.728508231420145,-3.5546161209173217
phenalenyl_olympicenyl_orca_112,phenalenyl_olympicenyl,crossdimer,112,/home/rb1820/BLA-ML/CrossDimers/phenalenyl_olympicenyl/orca_112/str_112.xyz,0.956012,INCLUDED_NO_FILTER,retained in no-S2-filter workflow,2.659505297721832,3.000592772206,16.0,0.381355692015479,5.0248242444738755,4.643468552458397,-4.643468552458397,-4.821162307817819
phenalenyl_olympicenyl_orca_113,phenalenyl_olympicenyl,crossdimer,113,/home/rb1820/BLA-ML/CrossDimers/phenalenyl_olympicenyl/orca_113/str_113.xyz,1.148546,INCLUDED_NO_FILTER,retained in no-S2-filter workflow,3.1766200614127684,3.2846653768154312,14.0,-9.111020932297713,-8.431153647746182,0.6798672845515316,-0.6798672845515306,-0.6625601933299485
phenalenyl_olympicenyl_orca_114,phenalenyl_olympicenyl,crossdimer,114,/home/rb1820/BLA-ML/CrossDimers/phenalenyl_olympicenyl/orca_114/str_114.xyz,0.975931,INCLUDED_NO_FILTER,retained in no-S2-filter workflow,2.4886930997701238,2.957507903680136,22.0,1.3980986251572989,5.649085044302292,4.250986419144993,-4.2509864191449935,-4.039973328544951
phenalenyl_olympicenyl_orca_115,phenalenyl_olympicenyl,crossdimer,115,/home/rb1820/BLA-ML/CrossDimers/phenalenyl_olympicenyl/orca_115/str_115.xyz,0.638731,INCLUDED_NO_FILTER,retained in no-S2-filter workflow,2.540743644951333,2.9773487442836784,15.0,2.7996690092126313,13.209810640706168,10.410141631493536,-10.410141631493538,-10.189649355249715
phenalenyl_olympicenyl_orca_116,phenalenyl_olympicenyl,crossdimer,116,/home/rb1820/BLA-ML/CrossDimers/phenalenyl_olympicenyl/orca_116/str_116.xyz,0.899948,INCLUDED_NO_FILTER,retained in no-S2-filter workflow,2.7252214880579086,2.9805953448158724,20.0,-1.1123063786015261,4.650248439115961,5.762554817717487,-5.762554817717487,-5.574327626565932
phenalenyl_olympicenyl_orca_117,phenalenyl_olympicenyl,crossdimer,117,/home/rb1820/BLA-ML/CrossDimers/phenalenyl_olympicenyl/orca_117/str_117.xyz,1.013014,INCLUDED_NO_FILTER,retained in no-S2-filter workflow,2.562145221456006,2.9877811978552216,23.0,0.4701547546178419,4.072575563479201,3.6024208088613583,-3.6024208088613587,-3.616870892536566
phenalenyl_olympicenyl_orca_118,phenalenyl_olympicenyl,crossdimer,118,/home/rb1820/BLA-ML/CrossDimers/phenalenyl_olympicenyl/orca_118/str_118.xyz,0.717588,INCLUDED_NO_FILTER,retained in no-S2-filter workflow,2.578127651845264,3.012131608404037,14.0,2.2204616270356357,11.806701766509137,9.586240139473501,-9.586240139473501,-9.360355911363717
phenalenyl_olympicenyl_orca_119,phenalenyl_olympicenyl,crossdimer,119,/home/rb1820/BLA-ML/CrossDimers/phenalenyl_olympicenyl/orca_119/str_119.xyz,0.869637,INCLUDED_NO_FILTER,retained in no-S2-filter workflow,2.684263235997399,2.9676625856711647,20.0,2.6060311629764623,8.740051266897483,6.134020103921022,-6.134020103921021,-6.4159477099092115
phenalenyl_olympicenyl_orca_120,phenalenyl_olympicenyl,crossdimer,120,/home/rb1820/BLA-ML/CrossDimers/phenalenyl_olympicenyl/orca_120/str_120.xyz,0.863488,INCLUDED_NO_FILTER,retained in no-S2-filter workflow,2.734929112496556,2.9645351004260005,17.0,-1.1812808758816675,5.340662626715177,6.521943502596844,-6.521943502596844,-6.300797267170097
phenalenyl_olympicenyl_orca_121,phenalenyl_olympicenyl,crossdimer,121,/home/rb1820/BLA-ML/CrossDimers/phenalenyl_olympicenyl/orca_121/str_121.xyz,1.09957,INCLUDED_NO_FILTER,retained in no-S2-filter workflow,2.7425362187186946,3.047004720579918,21.0,-4.0456311094024,-2.2977236688672544,1.7479074405351458,-1.7479074405351458,-1.7157167513974292
phenalenyl_olympicenyl_orca_122,phenalenyl_olympicenyl,crossdimer,122,/home/rb1820/BLA-ML/CrossDimers/phenalenyl_olympicenyl/orca_122/str_122.xyz,0.958151,INCLUDED_NO_FILTER,retained in no-S2-filter workflow,2.4801472743025728,2.9706821875929106,20.0,1.484561172667355,6.217956687268021,4.733395514600667,-4.733395514600666,-4.508808775241826
phenalenyl_olympicenyl_orca_123,phenalenyl_olympicenyl,crossdimer,123,/home/rb1820/BLA-ML/CrossDimers/phenalenyl_olympicenyl/orca_123/str_123.xyz,1.065763,INCLUDED_NO_FILTER,retained in no-S2-filter workflow,2.654176607241993,3.0346056582848617,21.0,-1.5180787485057279,1.0407111783550402,2.558789926860768,-2.558789926860768,-2.5833478650277075
phenalenyl_olympicenyl_orca_124,phenalenyl_olympicenyl,crossdimer,124,/home/rb1820/BLA-ML/CrossDimers/phenalenyl_olympicenyl/orca_124/str_124.xyz,1.155138,INCLUDED_NO_FILTER,retained in no-S2-filter workflow,3.1766004959761176,3.296015789632573,14.0,-9.104165768984338,-8.574069977742614,0.530095791241724,-0.5300957912417239,-0.5180031549320141
phenalenyl_olympicenyl_orca_125,phenalenyl_olympicenyl,crossdimer,125,/home/rb1820/BLA-ML/CrossDimers/phenalenyl_olympicenyl/orca_125/str_125.xyz,1.033599,INCLUDED_NO_FILTER,retained in no-S2-filter workflow,2.596692588579697,3.0152661272266297,22.0,-0.15605625483138338,3.2139583034926362,3.3700145583240193,-3.3700145583240197,-3.1146736919871887
phenalenyl_olympicenyl_orca_126,phenalenyl_olympicenyl,crossdimer,126,/home/rb1820/BLA-ML/CrossDimers/phenalenyl_olympicenyl/orca_126/str_126.xyz,1.053413,INCLUDED_NO_FILTER,retained in no-S2-filter workflow,2.8478458938352613,3.085457760599563,21.0,-2.681681667086706,-0.23617215645574713,2.445509510630959,-2.445509510630959,-2.61406047967333
phenalenyl_olympicenyl_orca_127,phenalenyl_olympicenyl,crossdimer,127,/home/rb1820/BLA-ML/CrossDimers/phenalenyl_olympicenyl/orca_127/str_127.xyz,0.990615,INCLUDED_NO_FILTER,retained in no-S2-filter workflow,2.50335839513429,2.973245130370078,22.0,1.4880209285404362,5.60806174679114,4.120040818250704,-4.120040818250704,-4.105981378622076
phenalenyl_olympicenyl_orca_128,phenalenyl_olympicenyl,crossdimer,128,/home/rb1820/BLA-ML/CrossDimers/phenalenyl_olympicenyl/orca_128/str_128.xyz,0.921309,INCLUDED_NO_FILTER,retained in no-S2-filter workflow,2.7219312751627163,2.978482317741756,21.0,-0.6429046453667341,4.659909789555935,5.302814434922669,-5.302814434922669,-5.122026666172127
phenalenyl_olympicenyl_orca_129,phenalenyl_olympicenyl,crossdimer,129,/home/rb1820/BLA-ML/CrossDimers/phenalenyl_olympicenyl/orca_129/str_129.xyz,0.805456,INCLUDED_NO_FILTER,retained in no-S2-filter workflow,2.6689899591768858,2.9474529555499736,16.0,-0.6583773296937878,7.002628800672694,7.661006130366482,-7.661006130366482,-7.388842033037628
phenalenyl_olympicenyl_orca_130,phenalenyl_olympicenyl,crossdimer,130,/home/rb1820/BLA-ML/CrossDimers/phenalenyl_olympicenyl/orca_130/str_130.xyz,1.018314,INCLUDED_NO_FILTER,retained in no-S2-filter workflow,2.603377345962448,2.970563848009364,23.0,1.926456797405986,4.783848919052599,2.8573921216466127,-2.857392121646613,-2.8029546903204436
phenalenyl_olympicenyl_orca_131,phenalenyl_olympicenyl,crossdimer,131,/home/rb1820/BLA-ML/CrossDimers/phenalenyl_olympicenyl/orca_131/str_131.xyz,1.048893,INCLUDED_NO_FILTER,retained in no-S2-filter workflow,2.62423950202776,3.0474213061025326,21.0,-1.1519997664589705,1.9405560041492347,3.092555770608205,-3.092555770608205,-2.909947306811081
phenalenyl_olympicenyl_orca_132,phenalenyl_olympicenyl,crossdimer,132,/home/rb1820/BLA-ML/CrossDimers/phenalenyl_olympicenyl/orca_132/str_132.xyz,1.0716,INCLUDED_NO_FILTER,retained in no-S2-filter workflow,2.6958338483303503,3.05214438840825,22.0,-2.3936747218882486,-0.22972261151897008,2.1639521103692787,-2.1639521103692787,-2.318452480701174
phenalenyl_olympicenyl_orca_133,phenalenyl_olympicenyl,crossdimer,133,/home/rb1820/BLA-ML/CrossDimers/phenalenyl_olympicenyl/orca_133/str_133.xyz,1.159413,INCLUDED_NO_FILTER,retained in no-S2-filter workflow,3.1799722717358323,3.301280994024885,14.0,-9.143291040627053,-8.714381965361131,0.4289090752659233,-0.42890907526592237,-0.41385707590072407
phenalenyl_olympicenyl_orca_134,phenalenyl_olympicenyl,crossdimer,134,/home/rb1820/BLA-ML/CrossDimers/phenalenyl_olympicenyl/orca_134/str_134.xyz,1.057776,INCLUDED_NO_FILTER,retained in no-S2-filter workflow,2.6239469420738986,3.025344217312886,20.0,-1.0665093912037076,1.7209563709975497,2.7874657622012573,-2.7874657622012573,-2.79340145386306
phenalenyl_olympicenyl_orca_135,phenalenyl_olympicenyl,crossdimer,135,/home/rb1820/BLA-ML/CrossDimers/phenalenyl_olympicenyl/orca_135/str_135.xyz,0.798716,INCLUDED_NO_FILTER,retained in no-S2-filter workflow,2.648549706898054,2.9452303141193727,15.0,-0.044144448115955415,7.7004881472174045,7.74463259533336,-7.74463259533336,-7.394421358637636
phenalenyl_olympicenyl_orca_136,phenalenyl_olympicenyl,crossdimer,136,/home/rb1820/BLA-ML/CrossDimers/phenalenyl_olympicenyl/orca_136/str_136.xyz,1.13621,INCLUDED_NO_FILTER,retained in no-S2-filter workflow,3.1391234758447037,3.213254537337174,21.0,-6.146222993235803,-5.531115764498845,0.6151072287369576,-0.6151072287369574,-0.5050500650782963
phenalenyl_olympicenyl_orca_137,phenalenyl_olympicenyl,crossdimer,137,/home/rb1820/BLA-ML/CrossDimers/phenalenyl_olympicenyl/orca_137/str_137.xyz,0.579098,INCLUDED_NO_FILTER,retained in no-S2-filter workflow,2.327766607431021,2.90461773904989,12.0,2.7816228061946986,13.784763533096413,11.003140726901714,-11.003140726901714,-10.70210657945208
phenalenyl_olympicenyl_orca_138,phenalenyl_olympicenyl,crossdimer,138,/home/rb1820/BLA-ML/CrossDimers/phenalenyl_olympicenyl/orca_138/str_138.xyz,1.086548,INCLUDED_NO_FILTER,retained in no-S2-filter workflow,2.823384938301836,3.0836178242701644,21.0,-2.2265101656988686,-0.35643232085182014,1.8700778448470485,-1.8700778448470485,-1.7849212149944913
phenalenyl_olympicenyl_orca_139,phenalenyl_olympicenyl,crossdimer,139,/home/rb1820/BLA-ML/CrossDimers/phenalenyl_olympicenyl/orca_139/str_139.xyz,1.002476,INCLUDED_NO_FILTER,retained in no-S2-filter workflow,2.5902760503843454,2.9938989502513174,20.0,1.2708422803816064,5.599117437480544,4.328275157098938,-4.328275157098938,-4.111425851095593
phenalenyl_olympicenyl_orca_140,phenalenyl_olympicenyl,crossdimer,140,/home/rb1820/BLA-ML/CrossDimers/phenalenyl_olympicenyl/orca_140/str_140.xyz,0.882114,INCLUDED_NO_FILTER,retained in no-S2-filter workflow,2.452962674423819,2.925617511830126,21.0,3.3972207410094604,9.429780591364713,6.032559850355252,-6.032559850355252,-6.234213070723353
phenalenyl_olympicenyl_orca_141,phenalenyl_olympicenyl,crossdimer,141,/home/rb1820/BLA-ML/CrossDimers/phenalenyl_olympicenyl/orca_141/str_141.xyz,1.124732,INCLUDED_NO_FILTER,retained in no-S2-filter workflow,2.7878621846732305,3.0593007452617647,22.0,-4.610191446608193,-3.4023130971832565,1.2078783494249363,-1.207878349424936,-1.0870834102456302
phenalenyl_olympicenyl_orca_142,phenalenyl_olympicenyl,crossdimer,142,/home/rb1820/BLA-ML/CrossDimers/phenalenyl_olympicenyl/orca_142/str_142.xyz,1.164882,INCLUDED_NO_FILTER,retained in no-S2-filter workflow,3.1755111279040165,3.32953353903425,6.0,-8.471024699235105,-8.856740780202601,-0.3857160809674962,0.3857160809674962,0.39030685338421556
phenalenyl_olympicenyl_orca_143,phenalenyl_olympicenyl,crossdimer,143,/home/rb1820/BLA-ML/CrossDimers/phenalenyl_olympicenyl/orca_143/str_143.xyz,1.128923,INCLUDED_NO_FILTER,retained in no-S2-filter workflow,2.987922015955772,3.1594394120165985,16.0,-5.2467475144990985,-4.415192009672355,0.8315555048267431,-0.8315555048267438,-0.8665022112279672
phenalenyl_olympicenyl_orca_144,phenalenyl_olympicenyl,crossdimer,144,/home/rb1820/BLA-ML/CrossDimers/phenalenyl_olympicenyl/orca_144/str_144.xyz,1.063638,INCLUDED_NO_FILTER,retained in no-S2-filter workflow,2.592055573799974,2.981713151335588,23.0,0.5036088749094582,3.1598545659329487,2.65624569102349,-2.6562456910234906,-2.6963131762481463
phenalenyl_olympicenyl_orca_145,phenalenyl_olympicenyl,crossdimer,145,/home/rb1820/BLA-ML/CrossDimers/phenalenyl_olympicenyl/orca_145/str_145.xyz,0.730584,INCLUDED_NO_FILTER,retained in no-S2-filter workflow,2.5254285341777813,2.929837639176346,14.0,0.5641677979401862,9.698529386292343,9.134361588352157,-9.134361588352157,-9.33769389815945
phenalenyl_olympicenyl_orca_146,phenalenyl_olympicenyl,crossdimer,146,/home/rb1820/BLA-ML/CrossDimers/phenalenyl_olympicenyl/orca_146/str_146.xyz,0.744885,INCLUDED_NO_FILTER,retained in no-S2-filter workflow,2.634051834167582,3.010996130165749,14.0,2.609981363396492,11.449906096259967,8.839924732863475,-8.839924732863476,-8.79150810456293
phenalenyl_olympicenyl_orca_147,phenalenyl_olympicenyl,crossdimer,147,/home/rb1820/BLA-ML/CrossDimers/phenalenyl_olympicenyl/orca_147/str_147.xyz,0.942581,INCLUDED_NO_FILTER,retained in no-S2-filter workflow,2.648398026472561,2.9900477465288438,15.0,1.540581344842898,6.346548033345051,4.805966688502153,-4.805966688502153,-5.000610016640163
phenalenyl_olympicenyl_orca_148,phenalenyl_olympicenyl,crossdimer,148,/home/rb1820/BLA-ML/CrossDimers/phenalenyl_olympicenyl/orca_148/str_148.xyz,1.030413,INCLUDED_NO_FILTER,retained in no-S2-filter workflow,2.641049381022976,3.02409449200521,20.0,0.315453658082662,4.131096319625141,3.8156426615424786,-3.815642661542479,-3.660838684964075
phenalenyl_olympicenyl_orca_149,phenalenyl_olympicenyl,crossdimer,149,/home/rb1820/BLA-ML/CrossDimers/phenalenyl_olympicenyl/orca_149/str_149.xyz,1.053911,INCLUDED_NO_FILTER,retained in no-S2-filter workflow,2.655076713054387,3.020620777675995,23.0,0.07136867742916986,3.142468666687411,3.071099989258241,-3.0710999892582413,-2.7941014784243303
phenalenyl_olympicenyl_orca_150,phenalenyl_olympicenyl,crossdimer,150,/home/rb1820/BLA-ML/CrossDimers/phenalenyl_olympicenyl/orca_150/str_150.xyz,1.150622,INCLUDED_NO_FILTER,retained in no-S2-filter workflow,3.077656426049761,3.1530579443763607,25.0,-6.417045686326802,-5.9921925548405595,0.424853131486243,-0.42485313148624293,-0.549300492295778
phenalenyl_olympicenyl_orca_151,phenalenyl_olympicenyl,crossdimer,151,/home/rb1820/BLA-ML/CrossDimers/phenalenyl_olympicenyl/orca_151/str_151.xyz,1.16699,INCLUDED_NO_FILTER,retained in no-S2-filter workflow,3.2120150029412726,3.351730845117088,6.0,-8.489627594149386,-8.92124146803483,-0.43161387388544414,0.4316138738854445,0.42948682885088374
phenalenyl_olympicenyl_orca_152,phenalenyl_olympicenyl,crossdimer,152,/home/rb1820/BLA-ML/CrossDimers/phenalenyl_olympicenyl/orca_152/str_152.xyz,0.834406,INCLUDED_NO_FILTER,retained in no-S2-filter workflow,2.652709768528518,2.9504594786832152,15.0,0.07585329253872872,7.151510346857418,7.07565705431869,-7.07565705431869,-6.733494991591657
phenalenyl_olympicenyl_orca_153,phenalenyl_olympicenyl,crossdimer,153,/home/rb1820/BLA-ML/CrossDimers/phenalenyl_olympicenyl/orca_153/str_153.xyz,0.999973,INCLUDED_NO_FILTER,retained in no-S2-filter workflow,2.572358764506919,3.001473871916723,21.0,0.6508942182409313,4.655887165206729,4.004992946965798,-4.004992946965798,-3.926805046838396
phenalenyl_olympicenyl_orca_154,phenalenyl_olympicenyl,crossdimer,154,/home/rb1820/BLA-ML/CrossDimers/phenalenyl_olympicenyl/orca_154/str_154.xyz,1.04576,INCLUDED_NO_FILTER,retained in no-S2-filter workflow,2.6354258412439155,3.03477148842961,18.0,-2.124088189270152,0.5673604777333073,2.691448667003459,-2.6914486670034594,-2.773164866154047
phenalenyl_olympicenyl_orca_155,phenalenyl_olympicenyl,crossdimer,155,/home/rb1820/BLA-ML/CrossDimers/phenalenyl_olympicenyl/orca_155/str_155.xyz,1.058118,INCLUDED_NO_FILTER,retained in no-S2-filter workflow,2.6108418937652407,2.9913290705363704,24.0,-0.04575481501234503,2.5095777679661273,2.5553325829784725,-2.5553325829784725,-2.60662628368177
phenalenyl_olympicenyl_orca_156,phenalenyl_olympicenyl,crossdimer,156,/home/rb1820/BLA-ML/CrossDimers/phenalenyl_olympicenyl/orca_156/str_156.xyz,1.086473,INCLUDED_NO_FILTER,retained in no-S2-filter workflow,2.914436576251427,3.1162865598978624,20.0,-3.384918506352822,-1.2696316043998104,2.1152869019530116,-2.115286901953012,-1.9073743504372578
phenalenyl_olympicenyl_orca_157,phenalenyl_olympicenyl,crossdimer,157,/home/rb1820/BLA-ML/CrossDimers/phenalenyl_olympicenyl/orca_157/str_157.xyz,1.084192,INCLUDED_NO_FILTER,retained in no-S2-filter workflow,2.7397619936718107,3.05356487932164,23.0,-1.4909058644196078,0.8596065670067764,2.350512431426384,-2.350512431426384,-2.1117893685697546
phenalenyl_olympicenyl_orca_158,phenalenyl_olympicenyl,crossdimer,158,/home/rb1820/BLA-ML/CrossDimers/phenalenyl_olympicenyl/orca_158/str_158.xyz,1.145694,INCLUDED_NO_FILTER,retained in no-S2-filter workflow,2.9595876641300123,3.17089410756797,25.0,-3.6468850351629465,-2.7374167643520257,0.909468270810921,-0.9094682708109207,-0.9827359243205738
phenalenyl_olympicenyl_orca_159,phenalenyl_olympicenyl,crossdimer,159,/home/rb1820/BLA-ML/CrossDimers/phenalenyl_olympicenyl/orca_159/str_159.xyz,1.106429,INCLUDED_NO_FILTER,retained in no-S2-filter workflow,2.811524393337621,3.1407586880078973,20.0,-5.11918094790091,-3.380879142602082,1.7383018052988284,-1.738301805298828,-1.7741451576408855
phenalenyl_olympicenyl_orca_160,phenalenyl_olympicenyl,crossdimer,160,/home/rb1820/BLA-ML/CrossDimers/phenalenyl_olympicenyl/orca_160/str_160.xyz,1.105608,INCLUDED_NO_FILTER,retained in no-S2-filter workflow,2.936613393278129,3.143183473578979,22.0,-2.019850507127013,-0.5808852968004271,1.4389652103265862,-1.438965210326586,-1.356340584572397
phenalenyl_olympicenyl_orca_161,phenalenyl_olympicenyl,crossdimer,161,/home/rb1820/BLA-ML/CrossDimers/phenalenyl_olympicenyl/orca_161/str_161.xyz,1.019157,INCLUDED_NO_FILTER,retained in no-S2-filter workflow,2.5769844692949144,3.013400668243022,21.0,-0.18166173941473032,3.3682723384995796,3.54993407791431,-3.54993407791431,-3.4207319607307447
phenalenyl_olympicenyl_orca_162,phenalenyl_olympicenyl,crossdimer,162,/home/rb1820/BLA-ML/CrossDimers/phenalenyl_olympicenyl/orca_162/str_162.xyz,1.136798,INCLUDED_NO_FILTER,retained in no-S2-filter workflow,2.9888165568869653,3.1517239005669966,15.0,-5.237032946168377,-4.588152105311195,0.6488808408571817,-0.6488808408571813,-0.6828971454756001
phenalenyl_olympicenyl_orca_163,phenalenyl_olympicenyl,crossdimer,163,/home/rb1820/BLA-ML/CrossDimers/phenalenyl_olympicenyl/orca_163/str_163.xyz,0.918478,INCLUDED_NO_FILTER,retained in no-S2-filter workflow,2.6293290403374345,3.015035185690748,13.0,1.291047887742017,6.496910028084512,5.205862140342496,-5.205862140342495,-5.526316085504606
phenalenyl_olympicenyl_orca_164,phenalenyl_olympicenyl,crossdimer,164,/home/rb1820/BLA-ML/CrossDimers/phenalenyl_olympicenyl/orca_164/str_164.xyz,1.140717,INCLUDED_NO_FILTER,retained in no-S2-filter workflow,3.138434995439501,3.201095659997786,21.0,-7.30994343933159,-6.505844577000807,0.8040988623307829,-0.8040988623307834,-0.6926282498147449
phenalenyl_olympicenyl_orca_165,phenalenyl_olympicenyl,crossdimer,165,/home/rb1820/BLA-ML/CrossDimers/phenalenyl_olympicenyl/orca_165/str_165.xyz,1.041093,INCLUDED_NO_FILTER,retained in no-S2-filter workflow,2.746318511643606,3.0583938287473584,17.0,-0.7549232685315908,2.089696815159288,2.8446200836908786,-2.844620083690879,-3.017199045910072
phenalenyl_olympicenyl_orca_166,phenalenyl_olympicenyl,crossdimer,166,/home/rb1820/BLA-ML/CrossDimers/phenalenyl_olympicenyl/orca_166/str_166.xyz,0.999357,INCLUDED_NO_FILTER,retained in no-S2-filter workflow,2.595801999478898,2.9968243124284366,20.0,1.4918493199301586,5.95876356262757,4.4669142426974116,-4.4669142426974116,-4.361602335577069
phenalenyl_olympicenyl_orca_167,phenalenyl_olympicenyl,crossdimer,167,/home/rb1820/BLA-ML/CrossDimers/phenalenyl_olympicenyl/orca_167/str_167.xyz,1.09426,INCLUDED_NO_FILTER,retained in no-S2-filter workflow,2.924858634674174,3.120951745098365,21.0,-3.4469313444701766,-1.503970223245461,1.9429611212247153,-1.9429611212247155,-1.7258054108072538
phenalenyl_olympicenyl_orca_168,phenalenyl_olympicenyl,crossdimer,168,/home/rb1820/BLA-ML/CrossDimers/phenalenyl_olympicenyl/orca_168/str_168.xyz,1.168937,INCLUDED_NO_FILTER,retained in no-S2-filter workflow,3.071018501223086,3.248533375361796,15.0,-5.556326748263831,-5.0468451383574084,0.509481609906423,-0.5094816099064223,-0.4853636126081051
phenalenyl_olympicenyl_orca_169,phenalenyl_olympicenyl,crossdimer,169,/home/rb1820/BLA-ML/CrossDimers/phenalenyl_olympicenyl/orca_169/str_169.xyz,0.98818,INCLUDED_NO_FILTER,retained in no-S2-filter workflow,2.5381211732883298,2.967797551968217,19.0,1.707683955173454,6.01789261072189,4.310208655548436,-4.310208655548436,-4.474200887314385
phenalenyl_olympicenyl_orca_170,phenalenyl_olympicenyl,crossdimer,170,/home/rb1820/BLA-ML/CrossDimers/phenalenyl_olympicenyl/orca_170/str_170.xyz,1.089865,INCLUDED_NO_FILTER,retained in no-S2-filter workflow,2.754644486614416,3.033046117980285,24.0,-0.55876175312626,1.5361845955399915,2.0949463486662516,-2.0949463486662516,-1.8521382790290266
phenalenyl_olympicenyl_orca_171,phenalenyl_olympicenyl,crossdimer,171,/home/rb1820/BLA-ML/CrossDimers/phenalenyl_olympicenyl/orca_171/str_171.xyz,0.795594,INCLUDED_NO_FILTER,retained in no-S2-filter workflow,2.624346541439898,2.922791320004676,14.0,0.23772672382511154,8.18969515883692,7.951968435011808,-7.951968435011808,-7.828941972110321
phenalenyl_olympicenyl_orca_172,phenalenyl_olympicenyl,crossdimer,172,/home/rb1820/BLA-ML/CrossDimers/phenalenyl_olympicenyl/orca_172/str_172.xyz,1.055634,INCLUDED_NO_FILTER,retained in no-S2-filter workflow,2.6372587335827866,3.039508215251436,21.0,-1.3434022543989939,1.4008192608755012,2.744221515274495,-2.744221515274495,-2.8957894393862937
phenalenyl_olympicenyl_orca_173,phenalenyl_olympicenyl,crossdimer,173,/home/rb1820/BLA-ML/CrossDimers/phenalenyl_olympicenyl/orca_173/str_173.xyz,0.980602,INCLUDED_NO_FILTER,retained in no-S2-filter workflow,2.660683899602192,3.0053131410448284,14.0,0.8284252622793885,4.973691350186199,4.14526608790681,-4.14526608790681,-4.347388774969302
phenalenyl_olympicenyl_orca_174,phenalenyl_olympicenyl,crossdimer,174,/home/rb1820/BLA-ML/CrossDimers/phenalenyl_olympicenyl/orca_174/str_174.xyz,1.159472,INCLUDED_NO_FILTER,retained in no-S2-filter workflow,3.244800324195224,3.2866864567369647,21.0,-7.4182119781246945,-7.295424030977304,0.12278794714739034,-0.1227879471473905,-0.03984176398038919
phenalenyl_olympicenyl_orca_175,phenalenyl_olympicenyl,crossdimer,175,/home/rb1820/BLA-ML/CrossDimers/phenalenyl_olympicenyl/orca_175/str_175.xyz,1.140271,INCLUDED_NO_FILTER,retained in no-S2-filter workflow,2.9697167374508484,3.135270757516352,16.0,-4.930985313784686,-4.354806557789389,0.5761787559952977,-0.5761787559952971,-0.6230987163418078
phenalenyl_olympicenyl_orca_176,phenalenyl_olympicenyl,crossdimer,176,/home/rb1820/BLA-ML/CrossDimers/phenalenyl_olympicenyl/orca_176/str_176.xyz,1.163088,INCLUDED_NO_FILTER,retained in no-S2-filter workflow,3.184228331367217,3.2319532540961697,14.0,-2.7400334807206455,-3.852601779263533,-1.1125682985428875,1.1125682985428877,1.1404612309051085
phenalenyl_olympicenyl_orca_177,phenalenyl_olympicenyl,crossdimer,177,/home/rb1820/BLA-ML/CrossDimers/phenalenyl_olympicenyl/orca_177/str_177.xyz,1.176664,INCLUDED_NO_FILTER,retained in no-S2-filter workflow,3.1906894483339485,3.259372040216097,20.0,-6.5986725361271725,-6.458766255488998,0.13990628063817506,-0.13990628063817478,-0.16192240761953247
phenalenyl_olympicenyl_orca_178,phenalenyl_olympicenyl,crossdimer,178,/home/rb1820/BLA-ML/CrossDimers/phenalenyl_olympicenyl/orca_178/str_178.xyz,1.06702,INCLUDED_NO_FILTER,retained in no-S2-filter workflow,2.7116805022718347,3.029022339413608,15.0,-0.7561844860289106,1.549070399703165,2.305254885732076,-2.305254885732076,-2.1217083798745477
phenalenyl_olympicenyl_orca_179,phenalenyl_olympicenyl,crossdimer,179,/home/rb1820/BLA-ML/CrossDimers/phenalenyl_olympicenyl/orca_179/str_179.xyz,1.094584,INCLUDED_NO_FILTER,retained in no-S2-filter workflow,2.7390081331678817,3.0357348913540667,18.0,-1.5564650749181854,0.31970290498189985,1.8761679799000852,-1.8761679799000852,-1.8265527742824013
phenalenyl_olympicenyl_orca_180,phenalenyl_olympicenyl,crossdimer,180,/home/rb1820/BLA-ML/CrossDimers/phenalenyl_olympicenyl/orca_180/str_180.xyz,1.08797,INCLUDED_NO_FILTER,retained in no-S2-filter workflow,2.728819317174876,3.084951447766182,19.0,-3.0436410432076384,-1.1955060136554476,1.8481350295521906,-1.8481350295521908,-1.9976751563177186
phenalenyl_olympicenyl_orca_181,phenalenyl_olympicenyl,crossdimer,181,/home/rb1820/BLA-ML/CrossDimers/phenalenyl_olympicenyl/orca_181/str_181.xyz,1.163584,INCLUDED_NO_FILTER,retained in no-S2-filter workflow,3.171353957916933,3.2238585114073266,19.0,-5.074091663140372,-5.662591052552188,-0.588499389411816,0.5884993894118162,0.5954613236418451
phenalenyl_olympicenyl_orca_182,phenalenyl_olympicenyl,crossdimer,182,/home/rb1820/BLA-ML/CrossDimers/phenalenyl_olympicenyl/orca_182/str_182.xyz,1.168023,INCLUDED_NO_FILTER,retained in no-S2-filter workflow,3.1136322237036733,3.232894165681204,17.0,-7.3423442057939,-7.308343131456932,0.03400107433696827,-0.03400107433696764,0.02629897634427447
phenalenyl_olympicenyl_orca_183,phenalenyl_olympicenyl,crossdimer,183,/home/rb1820/BLA-ML/CrossDimers/phenalenyl_olympicenyl/orca_183/str_183.xyz,1.155811,INCLUDED_NO_FILTER,retained in no-S2-filter workflow,2.899046716324364,3.193458999795441,12.0,-5.075852218089798,-4.310603552872115,0.7652486652176833,-0.7652486652176833,-0.7521984307995435
phenalenyl_olympicenyl_orca_184,phenalenyl_olympicenyl,crossdimer,184,/home/rb1820/BLA-ML/CrossDimers/phenalenyl_olympicenyl/orca_184/str_184.xyz,0.82043,INCLUDED_NO_FILTER,retained in no-S2-filter workflow,2.606493288248694,2.93288637663439,13.0,1.6029807921956292,9.001648304401513,7.398667512205884,-7.3986675122058845,-7.0112099549730225
phenalenyl_olympicenyl_orca_185,phenalenyl_olympicenyl,crossdimer,185,/home/rb1820/BLA-ML/CrossDimers/phenalenyl_olympicenyl/orca_185/str_185.xyz,1.067789,INCLUDED_NO_FILTER,retained in no-S2-filter workflow,2.601899536824109,3.039497616185044,21.0,-1.3533686378493426,1.255181547664876,2.608550185514219,-2.6085501855142184,-2.7241877681413733
phenalenyl_olympicenyl_orca_186,phenalenyl_olympicenyl,crossdimer,186,/home/rb1820/BLA-ML/CrossDimers/phenalenyl_olympicenyl/orca_186/str_186.xyz,1.174843,INCLUDED_NO_FILTER,retained in no-S2-filter workflow,3.1181857968016646,3.256786165947104,18.0,-7.41217095066187,-7.434165510400043,-0.021994559738173408,0.021994559738173436,0.04812129811118382
phenalenyl_olympicenyl_orca_187,phenalenyl_olympicenyl,crossdimer,187,/home/rb1820/BLA-ML/CrossDimers/phenalenyl_olympicenyl/orca_187/str_187.xyz,1.172079,INCLUDED_NO_FILTER,retained in no-S2-filter workflow,3.306620613181067,3.458330544681791,3.0,-9.188537536535714,-9.494267060507694,-0.3057295239719807,0.30572952397197994,0.30952599619728716
phenalenyl_olympicenyl_orca_188,phenalenyl_olympicenyl,crossdimer,188,/home/rb1820/BLA-ML/CrossDimers/phenalenyl_olympicenyl/orca_188/str_188.xyz,1.174779,INCLUDED_NO_FILTER,retained in no-S2-filter workflow,3.210270413005954,3.263035888954448,17.0,-8.166858930740776,-8.173136202321135,-0.006277271580358128,0.006277271580358956,-0.010357509068914084
phenalenyl_olympicenyl_orca_189,phenalenyl_olympicenyl,crossdimer,189,/home/rb1820/BLA-ML/CrossDimers/phenalenyl_olympicenyl/orca_189/str_189.xyz,0.929092,INCLUDED_NO_FILTER,retained in no-S2-filter workflow,2.6849777224385045,2.981539263055706,16.0,-0.8964981602574882,4.085819792326684,4.982317952584172,-4.9823179525841725,-4.865843033161532
phenalenyl_olympicenyl_orca_190,phenalenyl_olympicenyl,crossdimer,190,/home/rb1820/BLA-ML/CrossDimers/phenalenyl_olympicenyl/orca_190/str_190.xyz,1.075557,INCLUDED_NO_FILTER,retained in no-S2-filter workflow,2.63638860365428,3.016870060752576,24.0,-0.49572983898582673,1.7963963832901038,2.2921262222759307,-2.2921262222759307,-2.214141913139594
phenalenyl_olympicenyl_orca_191,phenalenyl_olympicenyl,crossdimer,191,/home/rb1820/BLA-ML/CrossDimers/phenalenyl_olympicenyl/orca_191/str_191.xyz,1.046184,INCLUDED_NO_FILTER,retained in no-S2-filter workflow,2.560748008348919,3.007302101496492,22.0,-0.15877440065599221,2.90803777995574,3.0668121806117328,-3.0668121806117323,-3.168145258928085
phenalenyl_olympicenyl_orca_192,phenalenyl_olympicenyl,crossdimer,192,/home/rb1820/BLA-ML/CrossDimers/phenalenyl_olympicenyl/orca_192/str_192.xyz,1.161489,INCLUDED_NO_FILTER,retained in no-S2-filter workflow,3.14566736018376,3.202769265456908,15.0,-1.6529776535192813,-3.007244741314108,-1.3542670877948266,1.3542670877948266,1.3831146790177469
phenalenyl_olympicenyl_orca_193,phenalenyl_olympicenyl,crossdimer,193,/home/rb1820/BLA-ML/CrossDimers/phenalenyl_olympicenyl/orca_193/str_193.xyz,0.989696,INCLUDED_NO_FILTER,retained in no-S2-filter workflow,2.670354955491053,3.0102975711764755,13.0,0.8247939471589617,4.765068418434567,3.9402744712756057,-3.9402744712756057,-4.143790968944998
phenalenyl_olympicenyl_orca_194,phenalenyl_olympicenyl,crossdimer,194,/home/rb1820/BLA-ML/CrossDimers/phenalenyl_olympicenyl/orca_194/str_194.xyz,1.012697,INCLUDED_NO_FILTER,retained in no-S2-filter workflow,2.5376107676455617,2.9862457097134305,19.0,0.2987083493467638,4.0083230958231,3.7096147464763365,-3.7096147464763365,-3.677434052909115
phenalenyl_olympicenyl_orca_195,phenalenyl_olympicenyl,crossdimer,195,/home/rb1820/BLA-ML/CrossDimers/phenalenyl_olympicenyl/orca_195/str_195.xyz,1.151872,INCLUDED_NO_FILTER,retained in no-S2-filter workflow,2.90979101451526,3.121059139514285,21.0,-5.175035312653097,-4.650568209168883,0.5244671034842131,-0.5244671034842137,-0.4607616895027018
phenalenyl_olympicenyl_orca_196,phenalenyl_olympicenyl,crossdimer,196,/home/rb1820/BLA-ML/CrossDimers/phenalenyl_olympicenyl/orca_196/str_196.xyz,1.152685,INCLUDED_NO_FILTER,retained in no-S2-filter workflow,3.163578787179202,3.2950666966156748,11.0,-8.511774830692756,-8.53048849412584,-0.018713663433084705,0.01871366343308445,-0.030717466145635086
phenalenyl_olympicenyl_orca_197,phenalenyl_olympicenyl,crossdimer,197,/home/rb1820/BLA-ML/CrossDimers/phenalenyl_olympicenyl/orca_197/str_197.xyz,0.818478,INCLUDED_NO_FILTER,retained in no-S2-filter workflow,2.6760463621626207,2.922919844456851,14.0,0.8716096899798415,8.225321095557048,7.353711405577206,-7.353711405577206,-7.212390397836802
phenalenyl_olympicenyl_orca_198,phenalenyl_olympicenyl,crossdimer,198,/home/rb1820/BLA-ML/CrossDimers/phenalenyl_olympicenyl/orca_198/str_198.xyz,1.172051,INCLUDED_NO_FILTER,retained in no-S2-filter workflow,3.3218100426741,3.46770826498572,3.0,-9.241822182855795,-9.54918238124552,-0.3073601983897251,0.30736019838972517,0.3023767351807436
phenalenyl_olympicenyl_orca_199,phenalenyl_olympicenyl,crossdimer,199,/home/rb1820/BLA-ML/CrossDimers/phenalenyl_olympicenyl/orca_199/str_199.xyz,1.035404,INCLUDED_NO_FILTER,retained in no-S2-filter workflow,2.5547295119265025,2.99543306193666,31.0,0.30535417540201437,3.861511713460731,3.556157538058717,-3.5561575380587165,-3.4913797560460864
phenalenyl_olympicenyl_orca_200,phenalenyl_olympicenyl,crossdimer,200,/home/rb1820/BLA-ML/CrossDimers/phenalenyl_olympicenyl/orca_200/str_200.xyz,1.17612,INCLUDED_NO_FILTER,retained in no-S2-filter workflow,3.086059944366938,3.2208044743349227,17.0,-7.794804430786786,-7.647885684087108,0.146918746699678,-0.14691874669967753,-0.11876013516965855
phenalenyl_olympicenyl_orca_201,phenalenyl_olympicenyl,crossdimer,201,/home/rb1820/BLA-ML/CrossDimers/phenalenyl_olympicenyl/orca_201/str_201.xyz,1.169387,INCLUDED_NO_FILTER,retained in no-S2-filter workflow,3.027420346885182,3.236956353136977,18.0,-6.010189525994753,-6.014563418813549,-0.004373892818796028,0.004373892818795966,-0.03395377593162152
phenalenyl_olympicenyl_orca_202,phenalenyl_olympicenyl,crossdimer,202,/home/rb1820/BLA-ML/CrossDimers/phenalenyl_olympicenyl/orca_202/str_202.xyz,1.00684,INCLUDED_NO_FILTER,retained in no-S2-filter workflow,2.578017834531597,3.0180680473044545,16.0,0.8739333048807918,5.161559351487702,4.28762604660691,-4.28762604660691,-4.276956169684038
phenalenyl_olympicenyl_orca_203,phenalenyl_olympicenyl,crossdimer,203,/home/rb1820/BLA-ML/CrossDimers/phenalenyl_olympicenyl/orca_203/str_203.xyz,1.128802,INCLUDED_NO_FILTER,retained in no-S2-filter workflow,2.9982106800126824,3.147136108155869,21.0,-5.8393403540403,-4.960112173792755,0.8792281802475446,-0.8792281802475452,-0.7285461706956511
phenalenyl_olympicenyl_orca_204,phenalenyl_olympicenyl,crossdimer,204,/home/rb1820/BLA-ML/CrossDimers/phenalenyl_olympicenyl/orca_204/str_204.xyz,1.070102,INCLUDED_NO_FILTER,retained in no-S2-filter workflow,2.6008539443580863,3.0354158058280505,21.0,-1.1167089656212612,1.421199509209905,2.537908474831166,-2.537908474831166,-2.6876413802806773
phenalenyl_olympicenyl_orca_205,phenalenyl_olympicenyl,crossdimer,205,/home/rb1820/BLA-ML/CrossDimers/phenalenyl_olympicenyl/orca_205/str_205.xyz,1.06157,INCLUDED_NO_FILTER,retained in no-S2-filter workflow,2.644245169942393,3.030672189299221,24.0,-0.7453125674725676,1.798154096927225,2.5434666643997925,-2.5434666643997925,-2.5234486174447444
phenalenyl_olympicenyl_orca_206,phenalenyl_olympicenyl,crossdimer,206,/home/rb1820/BLA-ML/CrossDimers/phenalenyl_olympicenyl/orca_206/str_206.xyz,1.124395,INCLUDED_NO_FILTER,retained in no-S2-filter workflow,2.83851609409131,3.101076332655086,22.0,-3.106754753726979,-1.87683942891047,1.2299153248165091,-1.2299153248165091,-1.1513004809468594
phenalenyl_olympicenyl_orca_207,phenalenyl_olympicenyl,crossdimer,207,/home/rb1820/BLA-ML/CrossDimers/phenalenyl_olympicenyl/orca_207/str_207.xyz,1.155296,INCLUDED_NO_FILTER,retained in no-S2-filter workflow,3.2203218258592634,3.274734302833872,16.0,-7.460671704538343,-7.203722531187652,0.25694917335069156,-0.2569491733506908,-0.31172759712350384
phenalenyl_olympicenyl_orca_208,phenalenyl_olympicenyl,crossdimer,208,/home/rb1820/BLA-ML/CrossDimers/phenalenyl_olympicenyl/orca_208/str_208.xyz,1.172174,INCLUDED_NO_FILTER,retained in no-S2-filter workflow,3.144882284793758,3.2477802232845803,19.0,-7.597845991485735,-7.599574218481999,-0.0017282269962637607,0.0017282269962644037,0.04519811676662311
phenalenyl_olympicenyl_orca_209,phenalenyl_olympicenyl,crossdimer,209,/home/rb1820/BLA-ML/CrossDimers/phenalenyl_olympicenyl/orca_209/str_209.xyz,1.077572,INCLUDED_NO_FILTER,retained in no-S2-filter workflow,2.6171832701974624,3.052590345862151,21.0,-1.6012400057257845,0.8025847697505377,2.4038247754763225,-2.4038247754763225,-2.547027977750992
phenalenyl_olympicenyl_orca_210,phenalenyl_olympicenyl,crossdimer,210,/home/rb1820/BLA-ML/CrossDimers/phenalenyl_olympicenyl/orca_210/str_210.xyz,1.162733,INCLUDED_NO_FILTER,retained in no-S2-filter workflow,2.9456939991089763,3.1270835916356265,21.0,-5.7281657862553494,-5.359759082288726,0.36840670396662284,-0.368406703966623,-0.2793141888295416
phenalenyl_olympicenyl_orca_211,phenalenyl_olympicenyl,crossdimer,211,/home/rb1820/BLA-ML/CrossDimers/phenalenyl_olympicenyl/orca_211/str_211.xyz,1.170353,INCLUDED_NO_FILTER,retained in no-S2-filter workflow,3.070932286850072,3.2861574892498098,10.0,-5.839323392487351,-5.402484754192866,0.4368386382944861,-0.43683863829448555,-0.41342654597979944
phenalenyl_olympicenyl_orca_212,phenalenyl_olympicenyl,crossdimer,212,/home/rb1820/BLA-ML/CrossDimers/phenalenyl_olympicenyl/orca_212/str_212.xyz,1.176741,INCLUDED_NO_FILTER,retained in no-S2-filter workflow,2.9674999973939262,3.216798645551586,19.0,-7.644916171155357,-7.331256216380312,0.3136599547750456,-0.31365995477504516,-0.2902108557723766
phenalenyl_olympicenyl_orca_213,phenalenyl_olympicenyl,crossdimer,213,/home/rb1820/BLA-ML/CrossDimers/phenalenyl_olympicenyl/orca_213/str_213.xyz,1.16634,INCLUDED_NO_FILTER,retained in no-S2-filter workflow,3.179330742539184,3.277569123825354,18.0,-8.000663057159894,-8.196472517220203,-0.19580946006030853,0.19580946006030864,0.1590010184920594
phenalenyl_olympicenyl_orca_214,phenalenyl_olympicenyl,crossdimer,214,/home/rb1820/BLA-ML/CrossDimers/phenalenyl_olympicenyl/orca_214/str_214.xyz,1.095862,INCLUDED_NO_FILTER,retained in no-S2-filter workflow,2.762912491770994,3.083550382580457,20.0,-1.4919844579026245,0.6587437932059497,2.150728251108574,-2.150728251108574,-2.0365815296845753
phenalenyl_olympicenyl_orca_215,phenalenyl_olympicenyl,crossdimer,215,/home/rb1820/BLA-ML/CrossDimers/phenalenyl_olympicenyl/orca_215/str_215.xyz,1.127196,INCLUDED_NO_FILTER,retained in no-S2-filter workflow,2.8193955397587933,3.0926688638072104,22.0,-2.9213189597030547,-1.6683228517559057,1.252996107947149,-1.252996107947149,-1.1342125385301247
phenalenyl_olympicenyl_orca_216,phenalenyl_olympicenyl,crossdimer,216,/home/rb1820/BLA-ML/CrossDimers/phenalenyl_olympicenyl/orca_216/str_216.xyz,0.918541,INCLUDED_NO_FILTER,retained in no-S2-filter workflow,2.6315544645534668,2.9923254706836038,12.0,0.2802764319769922,6.071499527118705,5.791223095141713,-5.791223095141713,-5.530866438262792
phenalenyl_olympicenyl_orca_217,phenalenyl_olympicenyl,crossdimer,217,/home/rb1820/BLA-ML/CrossDimers/phenalenyl_olympicenyl/orca_217/str_217.xyz,1.009313,INCLUDED_NO_FILTER,retained in no-S2-filter workflow,2.578958702506845,3.020363192104617,16.0,0.9223062443621448,5.1634905827859825,4.241184338423838,-4.241184338423838,-4.236066731017913
phenalenyl_olympicenyl_orca_218,phenalenyl_olympicenyl,crossdimer,218,/home/rb1820/BLA-ML/CrossDimers/phenalenyl_olympicenyl/orca_218/str_218.xyz,1.159846,INCLUDED_NO_FILTER,retained in no-S2-filter workflow,3.1841147032032184,3.342700576919506,5.0,-8.728747852249738,-8.877977924611068,-0.14923007236132996,0.14923007236133046,0.09621505753661452
phenalenyl_olympicenyl_orca_219,phenalenyl_olympicenyl,crossdimer,219,/home/rb1820/BLA-ML/CrossDimers/phenalenyl_olympicenyl/orca_219/str_219.xyz,1.17303,INCLUDED_NO_FILTER,retained in no-S2-filter workflow,3.129935788502541,3.228401292150785,20.0,-6.184347124193488,-6.0882388869907285,0.09610823720275984,-0.09610823720275974,-0.09276380907332182
phenalenyl_olympicenyl_orca_220,phenalenyl_olympicenyl,crossdimer,220,/home/rb1820/BLA-ML/CrossDimers/phenalenyl_olympicenyl/orca_220/str_220.xyz,1.099618,INCLUDED_NO_FILTER,retained in no-S2-filter workflow,3.0618551102250864,3.193721297996766,13.0,-4.482920783267858,-3.355349904749988,1.1275708785178695,-1.1275708785178695,-1.322243355881768
phenalenyl_olympicenyl_orca_221,phenalenyl_olympicenyl,crossdimer,221,/home/rb1820/BLA-ML/CrossDimers/phenalenyl_olympicenyl/orca_221/str_221.xyz,1.118086,INCLUDED_NO_FILTER,retained in no-S2-filter workflow,2.948624426805456,3.089577158978663,17.0,-2.9113421571088365,-1.609081337689108,1.3022608194197283,-1.3022608194197285,-1.2442856878909851
phenalenyl_olympicenyl_orca_222,phenalenyl_olympicenyl,crossdimer,222,/home/rb1820/BLA-ML/CrossDimers/phenalenyl_olympicenyl/orca_222/str_222.xyz,1.17231,INCLUDED_NO_FILTER,retained in no-S2-filter workflow,3.161164958232668,3.298213467677889,11.0,-8.271513678835591,-8.015521135558785,0.2559925432768067,-0.25599254327680576,-0.21590873200531213
phenalenyl_olympicenyl_orca_223,phenalenyl_olympicenyl,crossdimer,223,/home/rb1820/BLA-ML/CrossDimers/phenalenyl_olympicenyl/orca_223/str_223.xyz,1.143814,INCLUDED_NO_FILTER,retained in no-S2-filter workflow,3.08980307344823,3.1737932664830666,18.0,-6.334671240618738,-5.737564675857358,0.5971065647613795,-0.59710656476138,-0.47201568257681714
phenalenyl_olympicenyl_orca_224,phenalenyl_olympicenyl,crossdimer,224,/home/rb1820/BLA-ML/CrossDimers/phenalenyl_olympicenyl/orca_224/str_224.xyz,1.1124,INCLUDED_NO_FILTER,retained in no-S2-filter workflow,2.866965485811575,3.1153827112112644,18.0,-3.9307708126697616,-2.6008605948090002,1.3299102178607616,-1.3299102178607614,-1.4747424203926887
phenalenyl_olympicenyl_orca_225,phenalenyl_olympicenyl,crossdimer,225,/home/rb1820/BLA-ML/CrossDimers/phenalenyl_olympicenyl/orca_225/str_225.xyz,1.122021,INCLUDED_NO_FILTER,retained in no-S2-filter workflow,2.8167104789163284,3.0863595138782234,19.0,-1.700273454274083,-0.2983225082958525,1.4019509459782304,-1.4019509459782304,-1.3397043221078297
phenalenyl_olympicenyl_orca_226,phenalenyl_olympicenyl,crossdimer,226,/home/rb1820/BLA-ML/CrossDimers/phenalenyl_olympicenyl/orca_226/str_226.xyz,1.152762,INCLUDED_NO_FILTER,retained in no-S2-filter workflow,3.237252514031532,3.299155531668002,13.0,-7.7612369780323025,-7.1699674530871285,0.591269524945174,-0.591269524945174,-0.5458162672636355
phenalenyl_olympicenyl_orca_227,phenalenyl_olympicenyl,crossdimer,227,/home/rb1820/BLA-ML/CrossDimers/phenalenyl_olympicenyl/orca_227/str_227.xyz,1.039879,INCLUDED_NO_FILTER,retained in no-S2-filter workflow,2.632560615376571,3.0340302439398403,17.0,-1.7240453109314406,0.9138041316500765,2.6378494425815173,-2.6378494425815173,-2.339105432682662
phenalenyl_olympicenyl_orca_228,phenalenyl_olympicenyl,crossdimer,228,/home/rb1820/BLA-ML/CrossDimers/phenalenyl_olympicenyl/orca_228/str_228.xyz,1.171952,INCLUDED_NO_FILTER,retained in no-S2-filter workflow,3.186888223034776,3.2995833622384603,12.0,-7.063363450322957,-7.092076469070491,-0.028713018747533795,0.028713018747533958,0.019889846365980013
phenalenyl_olympicenyl_orca_229,phenalenyl_olympicenyl,crossdimer,229,/home/rb1820/BLA-ML/CrossDimers/phenalenyl_olympicenyl/orca_229/str_229.xyz,1.170979,INCLUDED_NO_FILTER,retained in no-S2-filter workflow,3.220660026636515,3.248485395596211,17.0,-7.412001365665722,-7.767857312177131,-0.3558559465114086,0.35585594651140884,0.3690823773522718
phenalenyl_olympicenyl_orca_230,phenalenyl_olympicenyl,crossdimer,230,/home/rb1820/BLA-ML/CrossDimers/phenalenyl_olympicenyl/orca_230/str_230.xyz,1.141224,INCLUDED_NO_FILTER,retained in no-S2-filter workflow,3.0761145474433733,3.1921165825711326,18.0,-6.653105386084216,-6.209133442916041,0.44397194316817484,-0.443971943168175,-0.27063565517966914
phenalenyl_olympicenyl_orca_231,phenalenyl_olympicenyl,crossdimer,231,/home/rb1820/BLA-ML/CrossDimers/phenalenyl_olympicenyl/orca_231/str_231.xyz,1.162173,INCLUDED_NO_FILTER,retained in no-S2-filter workflow,3.2267071008912764,3.255990789937952,15.0,-7.315268369344839,-7.0324767411991465,0.28279162814569286,-0.28279162814569236,-0.2148347338783907
phenalenyl_olympicenyl_orca_232,phenalenyl_olympicenyl,crossdimer,232,/home/rb1820/BLA-ML/CrossDimers/phenalenyl_olympicenyl/orca_232/str_232.xyz,1.168908,INCLUDED_NO_FILTER,retained in no-S2-filter workflow,3.183824531408644,3.226024827996945,15.0,-7.390504951723515,-7.67314227266953,-0.28263732094601524,0.2826373209460149,0.346206431857234
phenalenyl_olympicenyl_orca_233,phenalenyl_olympicenyl,crossdimer,233,/home/rb1820/BLA-ML/CrossDimers/phenalenyl_olympicenyl/orca_233/str_233.xyz,1.077975,INCLUDED_NO_FILTER,retained in no-S2-filter workflow,2.618455421465921,3.0543065292564773,20.0,-1.6210002501522927,0.7708189004723236,2.3918191506246163,-2.3918191506246163,-2.533044435294905
phenalenyl_olympicenyl_orca_234,phenalenyl_olympicenyl,crossdimer,234,/home/rb1820/BLA-ML/CrossDimers/phenalenyl_olympicenyl/orca_234/str_234.xyz,0.947715,INCLUDED_NO_FILTER,retained in no-S2-filter workflow,2.6873794029711138,3.023862815684085,12.0,-0.356556237680996,4.941740100047426,5.298296337728421,-5.298296337728422,-5.074997829745877
phenalenyl_olympicenyl_orca_235,phenalenyl_olympicenyl,crossdimer,235,/home/rb1820/BLA-ML/CrossDimers/phenalenyl_olympicenyl/orca_235/str_235.xyz,1.178273,INCLUDED_NO_FILTER,retained in no-S2-filter workflow,3.2538280925580527,3.31921212950297,10.0,-7.037779788656064,-7.031170440947347,0.006609347708716419,-0.006609347708717017,0.01624165480987738
phenalenyl_olympicenyl_orca_236,phenalenyl_olympicenyl,crossdimer,236,/home/rb1820/BLA-ML/CrossDimers/phenalenyl_olympicenyl/orca_236/str_236.xyz,1.123148,INCLUDED_NO_FILTER,retained in no-S2-filter workflow,3.13328134561412,3.213257989316836,20.0,-3.13292381333353,-2.2306656985163693,0.9022581148171607,-0.9022581148171609,-0.8670380783871634
phenalenyl_olympicenyl_orca_237,phenalenyl_olympicenyl,crossdimer,237,/home/rb1820/BLA-ML/CrossDimers/phenalenyl_olympicenyl/orca_237/str_237.xyz,1.171281,INCLUDED_NO_FILTER,retained in no-S2-filter workflow,3.1841431902356065,3.2833034377544434,15.0,-6.707812015900401,-6.5707993804185065,0.1370126354818938,-0.13701263548189413,-0.17598738908045508
phenalenyl_olympicenyl_orca_238,phenalenyl_olympicenyl,crossdimer,238,/home/rb1820/BLA-ML/CrossDimers/phenalenyl_olympicenyl/orca_238/str_238.xyz,1.08209,INCLUDED_NO_FILTER,retained in no-S2-filter workflow,2.544718224128126,3.013613394775983,16.0,0.20479918585188153,2.91179849506452,2.7069993092126383,-2.7069993092126388,-2.687833958224558
phenalenyl_olympicenyl_orca_239,phenalenyl_olympicenyl,crossdimer,239,/home/rb1820/BLA-ML/CrossDimers/phenalenyl_olympicenyl/orca_239/str_239.xyz,1.032394,INCLUDED_NO_FILTER,retained in no-S2-filter workflow,2.821628513762851,3.0599041286320743,19.0,0.7784007485978449,4.220570579989494,3.4421698313916496,-3.442169831391649,-3.4024934941277185
phenalenyl_olympicenyl_orca_240,phenalenyl_olympicenyl,crossdimer,240,/home/rb1820/BLA-ML/CrossDimers/phenalenyl_olympicenyl/orca_240/str_240.xyz,1.172939,INCLUDED_NO_FILTER,retained in no-S2-filter workflow,3.1544834253997305,3.257839452562103,16.0,-7.770169195714202,-7.686998579884291,0.08317061582991189,-0.08317061582991148,-0.039038498226078744
phenalenyl_olympicenyl_orca_241,phenalenyl_olympicenyl,crossdimer,241,/home/rb1820/BLA-ML/CrossDimers/phenalenyl_olympicenyl/orca_241/str_241.xyz,1.171213,INCLUDED_NO_FILTER,retained in no-S2-filter workflow,3.1677875778061018,3.264224759636798,14.0,-7.226330662144897,-7.495570716031983,-0.26924005388708544,0.26924005388708583,0.28472272507540364
phenalenyl_olympicenyl_orca_242,phenalenyl_olympicenyl,crossdimer,242,/home/rb1820/BLA-ML/CrossDimers/phenalenyl_olympicenyl/orca_242/str_242.xyz,1.159563,INCLUDED_NO_FILTER,retained in no-S2-filter workflow,3.177160803817675,3.263528096978571,14.0,-7.858013052893848,-7.705802957998326,0.15221009489552223,-0.15221009489552184,-0.17816203578047318
phenalenyl_olympicenyl_orca_243,phenalenyl_olympicenyl,crossdimer,243,/home/rb1820/BLA-ML/CrossDimers/phenalenyl_olympicenyl/orca_243/str_243.xyz,0.897566,INCLUDED_NO_FILTER,retained in no-S2-filter workflow,2.753741629614933,3.0038297240798406,13.0,-0.4663510545659122,5.486924335282513,5.953275389848425,-5.953275389848425,-5.82253222128877
phenalenyl_olympicenyl_orca_244,phenalenyl_olympicenyl,crossdimer,244,/home/rb1820/BLA-ML/CrossDimers/phenalenyl_olympicenyl/orca_244/str_244.xyz,1.158922,INCLUDED_NO_FILTER,retained in no-S2-filter workflow,3.069651041188866,3.22101316128393,17.0,-6.889904236815201,-6.4632602429056085,0.42664399390959257,-0.4266439939095923,-0.4261761054733455
phenalenyl_olympicenyl_orca_245,phenalenyl_olympicenyl,crossdimer,245,/home/rb1820/BLA-ML/CrossDimers/phenalenyl_olympicenyl/orca_245/str_245.xyz,1.021596,INCLUDED_NO_FILTER,retained in no-S2-filter workflow,2.593073330625133,3.029066063084164,16.0,0.8082237117148374,4.838012101876582,4.029788390161745,-4.029788390161745,-4.071754845962294
phenalenyl_olympicenyl_orca_246,phenalenyl_olympicenyl,crossdimer,246,/home/rb1820/BLA-ML/CrossDimers/phenalenyl_olympicenyl/orca_246/str_246.xyz,1.146938,INCLUDED_NO_FILTER,retained in no-S2-filter workflow,3.0988485492389577,3.20750611496688,16.0,-6.910178038239137,-6.591009616860789,0.3191684213783482,-0.31916842137834855,-0.16818104730807182
phenalenyl_olympicenyl_orca_247,phenalenyl_olympicenyl,crossdimer,247,/home/rb1820/BLA-ML/CrossDimers/phenalenyl_olympicenyl/orca_247/str_247.xyz,1.173036,INCLUDED_NO_FILTER,retained in no-S2-filter workflow,3.179953049346788,3.277971617463778,15.0,-6.498749175552858,-6.3653477980719195,0.1334013774809389,-0.13340137748093817,-0.17619124285853172
phenalenyl_olympicenyl_orca_248,phenalenyl_olympicenyl,crossdimer,248,/home/rb1820/BLA-ML/CrossDimers/phenalenyl_olympicenyl/orca_248/str_248.xyz,1.172429,INCLUDED_NO_FILTER,retained in no-S2-filter workflow,3.1671840334165977,3.230043522724785,15.0,-7.351205082623942,-7.343299954253407,0.007905128370534776,-0.007905128370534698,-0.012339815689371036
phenalenyl_olympicenyl_orca_249,phenalenyl_olympicenyl,crossdimer,249,/home/rb1820/BLA-ML/CrossDimers/phenalenyl_olympicenyl/orca_249/str_249.xyz,1.175956,INCLUDED_NO_FILTER,retained in no-S2-filter workflow,3.187874329442678,3.245551141860792,14.0,-7.229100793968597,-7.2187910711562555,0.010309722812342093,-0.010309722812341882,0.010690000156085233
phenalenyl_olympicenyl_orca_250,phenalenyl_olympicenyl,crossdimer,250,/home/rb1820/BLA-ML/CrossDimers/phenalenyl_olympicenyl/orca_250/str_250.xyz,1.165866,INCLUDED_NO_FILTER,retained in no-S2-filter workflow,3.1970060609275475,3.311686620867639,9.0,-5.983830627090017,-6.418979729402807,-0.4351491023127897,0.43514910231279025,0.4663400826758206
phenalenyl_olympicenyl_orca_251,phenalenyl_olympicenyl,crossdimer,251,/home/rb1820/BLA-ML/CrossDimers/phenalenyl_olympicenyl/orca_251/str_251.xyz,1.096936,INCLUDED_NO_FILTER,retained in no-S2-filter workflow,2.5988821449008186,2.992486333941505,23.0,-0.732525902337221,1.4561641745077416,2.1886900768449626,-2.1886900768449626,-2.1184931900433908
phenalenyl_olympicenyl_orca_252,phenalenyl_olympicenyl,crossdimer,252,/home/rb1820/BLA-ML/CrossDimers/phenalenyl_olympicenyl/orca_252/str_252.xyz,1.141519,INCLUDED_NO_FILTER,retained in no-S2-filter workflow,2.6664778909773097,3.0885609262220464,15.0,-1.7305931100000465,0.01901363675595703,1.7496067467560035,-1.7496067467560035,-1.7691158720532896
phenalenyl_olympicenyl_orca_253,phenalenyl_olympicenyl,crossdimer,253,/home/rb1820/BLA-ML/CrossDimers/phenalenyl_olympicenyl/orca_253/str_253.xyz,1.166996,INCLUDED_NO_FILTER,retained in no-S2-filter workflow,3.199891732048255,3.2720792562688827,13.0,-7.5159914198938225,-7.3964333198836325,0.11955810001018975,-0.11955810001018996,-0.05968910162131014
phenalenyl_olympicenyl_orca_254,phenalenyl_olympicenyl,crossdimer,254,/home/rb1820/BLA-ML/CrossDimers/phenalenyl_olympicenyl/orca_254/str_254.xyz,1.169028,INCLUDED_NO_FILTER,retained in no-S2-filter workflow,3.189586020530859,3.2178246143511453,16.0,-6.857918638814745,-7.078661259682236,-0.2207426208674909,0.2207426208674912,0.30134856545320243
phenalenyl_olympicenyl_orca_255,phenalenyl_olympicenyl,crossdimer,255,/home/rb1820/BLA-ML/CrossDimers/phenalenyl_olympicenyl/orca_255/str_255.xyz,1.175588,INCLUDED_NO_FILTER,retained in no-S2-filter workflow,3.1280578842726112,3.274297650308223,14.0,-8.109014498095206,-8.053240135103762,0.055774362991444795,-0.05577436299144445,-0.051760512143633086
phenalenyl_olympicenyl_orca_256,phenalenyl_olympicenyl,crossdimer,256,/home/rb1820/BLA-ML/CrossDimers/phenalenyl_olympicenyl/orca_256/str_256.xyz,1.168424,INCLUDED_NO_FILTER,retained in no-S2-filter workflow,3.1813455047817154,3.2455491745190197,14.0,-7.026010307618459,-7.131987130284935,-0.10597682266647623,0.10597682266647634,0.07483214014411388
phenalenyl_olympicenyl_orca_257,phenalenyl_olympicenyl,crossdimer,257,/home/rb1820/BLA-ML/CrossDimers/phenalenyl_olympicenyl/orca_257/str_257.xyz,1.105937,INCLUDED_NO_FILTER,retained in no-S2-filter workflow,2.709981798937516,3.060713163192131,17.0,-1.3565973856438043,0.30342368146950577,1.66002106711331,-1.66002106711331,-1.7447697756895666
phenalenyl_olympicenyl_orca_258,phenalenyl_olympicenyl,crossdimer,258,/home/rb1820/BLA-ML/CrossDimers/phenalenyl_olympicenyl/orca_258/str_258.xyz,1.17184,INCLUDED_NO_FILTER,retained in no-S2-filter workflow,3.0308539519730884,3.2372632507284,13.0,-5.413855061385063,-5.176968535609429,0.2368865257756336,-0.23688652577563385,-0.2642875506063822
phenalenyl_olympicenyl_orca_259,phenalenyl_olympicenyl,crossdimer,259,/home/rb1820/BLA-ML/CrossDimers/phenalenyl_olympicenyl/orca_259/str_259.xyz,1.160245,INCLUDED_NO_FILTER,retained in no-S2-filter workflow,3.154578224525861,3.223546017914157,15.0,-6.378721746794377,-6.354358682731003,0.02436306406337427,-0.024363064063374296,-0.02143408418572257
phenalenyl_olympicenyl_orca_260,phenalenyl_olympicenyl,crossdimer,260,/home/rb1820/BLA-ML/CrossDimers/phenalenyl_olympicenyl/orca_260/str_260.xyz,1.11685,INCLUDED_NO_FILTER,retained in no-S2-filter workflow,3.1319657148802147,3.2554324999603184,15.0,-6.559672499811524,-5.723994937260691,0.8356775625508326,-0.835677562550833,-0.9239529589123947
phenalenyl_olympicenyl_orca_261,phenalenyl_olympicenyl,crossdimer,261,/home/rb1820/BLA-ML/CrossDimers/phenalenyl_olympicenyl/orca_261/str_261.xyz,1.17402,INCLUDED_NO_FILTER,retained in no-S2-filter workflow,3.0680432449799806,3.2338098079493234,14.0,-7.081084366884553,-7.0269642977002995,0.05412006918425262,-0.05412006918425316,-0.060062789526162064
phenalenyl_olympicenyl_orca_262,phenalenyl_olympicenyl,crossdimer,262,/home/rb1820/BLA-ML/CrossDimers/phenalenyl_olympicenyl/orca_262/str_262.xyz,1.169969,INCLUDED_NO_FILTER,retained in no-S2-filter workflow,3.170921874176494,3.3037106142656283,11.0,-7.699695641095756,-7.772479704395125,-0.07278406329936858,0.07278406329936882,0.050952683690328016
phenalenyl_olympicenyl_orca_263,phenalenyl_olympicenyl,crossdimer,263,/home/rb1820/BLA-ML/CrossDimers/phenalenyl_olympicenyl/orca_263/str_263.xyz,1.177041,INCLUDED_NO_FILTER,retained in no-S2-filter workflow,2.9326419410948885,3.2222446366529285,16.0,-7.243855146205456,-6.856994069456001,0.3868610767494549,-0.38686107674945447,-0.3783795209855425
phenalenyl_olympicenyl_orca_264,phenalenyl_olympicenyl,crossdimer,264,/home/rb1820/BLA-ML/CrossDimers/phenalenyl_olympicenyl/orca_264/str_264.xyz,1.168761,INCLUDED_NO_FILTER,retained in no-S2-filter workflow,3.207953591685828,3.322279179303661,9.0,-5.893098774419818,-6.375792013661676,-0.4826932392418584,0.4826932392418577,0.49859564820138047
phenalenyl_olympicenyl_orca_265,phenalenyl_olympicenyl,crossdimer,265,/home/rb1820/BLA-ML/CrossDimers/phenalenyl_olympicenyl/orca_265/str_265.xyz,1.159759,INCLUDED_NO_FILTER,retained in no-S2-filter workflow,3.094872976833335,3.224355411643388,18.0,-6.031370170178961,-5.889299370151299,0.14207080002766057,-0.14207080002766137,-0.22013423999359194
phenalenyl_olympicenyl_orca_266,phenalenyl_olympicenyl,crossdimer,266,/home/rb1820/BLA-ML/CrossDimers/phenalenyl_olympicenyl/orca_266/str_266.xyz,1.140405,INCLUDED_NO_FILTER,retained in no-S2-filter workflow,2.7846572830413634,3.1316440584408283,19.0,-4.0766069805728105,-2.98094745582581,1.0956595247470002,-1.0956595247470005,-1.0833083875650549
phenalenyl_olympicenyl_orca_267,phenalenyl_olympicenyl,crossdimer,267,/home/rb1820/BLA-ML/CrossDimers/phenalenyl_olympicenyl/orca_267/str_267.xyz,1.174688,INCLUDED_NO_FILTER,retained in no-S2-filter workflow,3.217858322768747,3.3091691986441547,11.0,-7.7734337673860034,-7.572220268580414,0.20121349880558972,-0.2012134988055898,-0.20245911641277825
phenalenyl_olympicenyl_orca_268,phenalenyl_olympicenyl,crossdimer,268,/home/rb1820/BLA-ML/CrossDimers/phenalenyl_olympicenyl/orca_268/str_268.xyz,1.17771,INCLUDED_NO_FILTER,retained in no-S2-filter workflow,3.196244420537712,3.32195949532456,11.0,-6.1661185331525425,-6.025218235370534,0.14090029778200805,-0.1409002977820082,-0.14884656431797527
phenalenyl_olympicenyl_orca_269,phenalenyl_olympicenyl,crossdimer,269,/home/rb1820/BLA-ML/CrossDimers/phenalenyl_olympicenyl/orca_269/str_269.xyz,1.16198,INCLUDED_NO_FILTER,retained in no-S2-filter workflow,3.1417942050323515,3.1998559569133342,17.0,-6.157000436374542,-6.263903868426041,-0.10690343205149942,0.10690343205149944,0.15645947076922617
phenalenyl_olympicenyl_orca_270,phenalenyl_olympicenyl,crossdimer,270,/home/rb1820/BLA-ML/CrossDimers/phenalenyl_olympicenyl/orca_270/str_270.xyz,1.168832,INCLUDED_NO_FILTER,retained in no-S2-filter workflow,3.1588733428129467,3.2680015587757696,17.0,-7.279271029846236,-7.559170153555336,-0.27989912370909986,0.2798991237091002,0.26410053046180604
phenalenyl_olympicenyl_orca_271,phenalenyl_olympicenyl,crossdimer,271,/home/rb1820/BLA-ML/CrossDimers/phenalenyl_olympicenyl/orca_271/str_271.xyz,1.084165,INCLUDED_NO_FILTER,retained in no-S2-filter workflow,2.8833951126846165,3.1346571250709374,13.0,-1.6222931455566332,0.6970623286234393,2.3193554741800724,-2.3193554741800724,-2.2711975525847197
phenalenyl_olympicenyl_orca_272,phenalenyl_olympicenyl,crossdimer,272,/home/rb1820/BLA-ML/CrossDimers/phenalenyl_olympicenyl/orca_272/str_272.xyz,1.172448,INCLUDED_NO_FILTER,retained in no-S2-filter workflow,3.1140229521845844,3.225838374724463,14.0,-6.942706030973171,-6.9871892852496265,-0.04448325427645578,0.0444832542764555,0.06333773151248856
phenalenyl_olympicenyl_orca_273,phenalenyl_olympicenyl,crossdimer,273,/home/rb1820/BLA-ML/CrossDimers/phenalenyl_olympicenyl/orca_273/str_273.xyz,1.17362,INCLUDED_NO_FILTER,retained in no-S2-filter workflow,3.10554997479081,3.212394847222891,15.0,-5.999044404859051,-6.029682576202977,-0.0306381713439261,0.030638171343926324,0.08929616639175997
phenalenyl_olympicenyl_orca_274,phenalenyl_olympicenyl,crossdimer,274,/home/rb1820/BLA-ML/CrossDimers/phenalenyl_olympicenyl/orca_274/str_274.xyz,1.008406,INCLUDED_NO_FILTER,retained in no-S2-filter workflow,2.671336383624053,3.0065735820763138,13.0,2.0001641926079565,5.50459938649457,3.504435193886614,-3.504435193886614,-3.722165940267917
phenalenyl_olympicenyl_orca_275,phenalenyl_olympicenyl,crossdimer,275,/home/rb1820/BLA-ML/CrossDimers/phenalenyl_olympicenyl/orca_275/str_275.xyz,0.654041,INCLUDED_NO_FILTER,retained in no-S2-filter workflow,2.4641528390134257,2.8642911337365597,17.0,6.441423182384732,16.606466816499225,10.165043634114491,-10.165043634114493,-9.543685288785412
phenalenyl_olympicenyl_orca_276,phenalenyl_olympicenyl,crossdimer,276,/home/rb1820/BLA-ML/CrossDimers/phenalenyl_olympicenyl/orca_276/str_276.xyz,1.16233,INCLUDED_NO_FILTER,retained in no-S2-filter workflow,2.9693440147414965,3.152499419361044,19.0,-4.5964235579390555,-4.218377610095033,0.3780459478440223,-0.3780459478440221,-0.2961670816651987
phenalenyl_olympicenyl_orca_277,phenalenyl_olympicenyl,crossdimer,277,/home/rb1820/BLA-ML/CrossDimers/phenalenyl_olympicenyl/orca_277/str_277.xyz,1.169069,INCLUDED_NO_FILTER,retained in no-S2-filter workflow,3.195843119874964,3.3211693333776,8.0,-5.678412164607244,-6.159356918983823,-0.480944754376579,0.480944754376579,0.4897858763480043
phenalenyl_olympicenyl_orca_278,phenalenyl_olympicenyl,crossdimer,278,/home/rb1820/BLA-ML/CrossDimers/phenalenyl_olympicenyl/orca_278/str_278.xyz,1.136515,INCLUDED_NO_FILTER,retained in no-S2-filter workflow,2.77772427500448,3.109308044955972,17.0,-2.671275667532674,-1.5543707739237997,1.1169048936088743,-1.1169048936088743,-1.079026195736231
phenalenyl_olympicenyl_orca_279,phenalenyl_olympicenyl,crossdimer,279,/home/rb1820/BLA-ML/CrossDimers/phenalenyl_olympicenyl/orca_279/str_279.xyz,1.16461,INCLUDED_NO_FILTER,retained in no-S2-filter workflow,3.1949627823509457,3.32549174989812,9.0,-6.3970113154735335,-6.430264031466958,-0.0332527159934246,0.03325271599342461,0.03936156622120546
phenalenyl_olympicenyl_orca_280,phenalenyl_olympicenyl,crossdimer,280,/home/rb1820/BLA-ML/CrossDimers/phenalenyl_olympicenyl/orca_280/str_280.xyz,1.172038,INCLUDED_NO_FILTER,retained in no-S2-filter workflow,3.1806386919822502,3.2764877551372344,15.0,-7.626827353446631,-7.646795634896303,-0.01996828144967155,0.019968281449672,0.020938121411885113
phenalenyl_olympicenyl_orca_281,phenalenyl_olympicenyl,crossdimer,281,/home/rb1820/BLA-ML/CrossDimers/phenalenyl_olympicenyl/orca_281/str_281.xyz,1.174676,INCLUDED_NO_FILTER,retained in no-S2-filter workflow,3.134805773987303,3.275614584323629,9.0,-7.026440041765218,-7.007164127942023,0.019275913823194653,-0.019275913823195268,-0.006779920487515412
phenalenyl_olympicenyl_orca_282,phenalenyl_olympicenyl,crossdimer,282,/home/rb1820/BLA-ML/CrossDimers/phenalenyl_olympicenyl/orca_282/str_282.xyz,1.170982,INCLUDED_NO_FILTER,retained in no-S2-filter workflow,3.07571935140079,3.2326593300101494,13.0,-5.02877038752733,-5.055242866157875,-0.026472478630545294,0.026472478630545027,0.012099125659331023
phenalenyl_olympicenyl_orca_283,phenalenyl_olympicenyl,crossdimer,283,/home/rb1820/BLA-ML/CrossDimers/phenalenyl_olympicenyl/orca_283/str_283.xyz,1.151129,INCLUDED_NO_FILTER,retained in no-S2-filter workflow,2.9258276113009463,3.1162454005185984,19.0,-3.3481085426891086,-2.62541450648401,0.7226940362050985,-0.7226940362050986,-0.6168049214681579
phenalenyl_olympicenyl_orca_284,phenalenyl_olympicenyl,crossdimer,284,/home/rb1820/BLA-ML/CrossDimers/phenalenyl_olympicenyl/orca_284/str_284.xyz,1.16786,INCLUDED_NO_FILTER,retained in no-S2-filter workflow,3.086372115875731,3.1643426273618545,23.0,-3.472441666635882,-4.168424621178755,-0.6959829545428724,0.6959829545428726,0.7567793464965828
phenalenyl_olympicenyl_orca_285,phenalenyl_olympicenyl,crossdimer,285,/home/rb1820/BLA-ML/CrossDimers/phenalenyl_olympicenyl/orca_285/str_285.xyz,1.170287,INCLUDED_NO_FILTER,retained in no-S2-filter workflow,3.068039673531277,3.2113145852528127,21.0,-5.86719238710171,-6.180258886132922,-0.3130664990312119,0.313066499031212,0.3398347472050247
phenalenyl_olympicenyl_orca_286,phenalenyl_olympicenyl,crossdimer,286,/home/rb1820/BLA-ML/CrossDimers/phenalenyl_olympicenyl/orca_286/str_286.xyz,1.165594,INCLUDED_NO_FILTER,retained in no-S2-filter workflow,3.0326717458895547,3.1808071161185256,19.0,-6.167814405086609,-5.777499484802089,0.3903149202845195,-0.39031492028451975,-0.4314192705798021
phenalenyl_olympicenyl_orca_287,phenalenyl_olympicenyl,crossdimer,287,/home/rb1820/BLA-ML/CrossDimers/phenalenyl_olympicenyl/orca_287/str_287.xyz,1.17706,INCLUDED_NO_FILTER,retained in no-S2-filter workflow,3.272325611401998,3.348138190969814,9.0,-6.951055402246395,-6.794507839516614,0.15654756272978082,-0.15654756272978076,-0.1520324994066211
phenalenyl_olympicenyl_orca_288,phenalenyl_olympicenyl,crossdimer,288,/home/rb1820/BLA-ML/CrossDimers/phenalenyl_olympicenyl/orca_288/str_288.xyz,1.163879,INCLUDED_NO_FILTER,retained in no-S2-filter workflow,3.0371153144821,3.159468062424297,19.0,-4.938804723812237,-4.722066793668054,0.2167379301441833,-0.2167379301441832,-0.16289298983418288
phenalenyl_olympicenyl_orca_289,phenalenyl_olympicenyl,crossdimer,289,/home/rb1820/BLA-ML/CrossDimers/phenalenyl_olympicenyl/orca_289/str_289.xyz,0.991053,INCLUDED_NO_FILTER,retained in no-S2-filter workflow,2.482313304990661,3.023803188603196,11.0,1.6377274374965503,6.195125925352238,4.557398487855688,-4.557398487855688,-4.663346624094235
phenalenyl_olympicenyl_orca_290,phenalenyl_olympicenyl,crossdimer,290,/home/rb1820/BLA-ML/CrossDimers/phenalenyl_olympicenyl/orca_290/str_290.xyz,1.173704,INCLUDED_NO_FILTER,retained in no-S2-filter workflow,3.049364599690424,3.19183877663875,18.0,-6.7993248526386605,-6.836060350920127,-0.036735498281466404,0.03673549828146694,0.04681509405019657
phenalenyl_olympicenyl_orca_291,phenalenyl_olympicenyl,crossdimer,291,/home/rb1820/BLA-ML/CrossDimers/phenalenyl_olympicenyl/orca_291/str_291.xyz,1.177347,INCLUDED_NO_FILTER,retained in no-S2-filter workflow,3.097802388406592,3.309930581485026,8.0,-6.488616926894102,-6.297848886128182,0.19076804076592063,-0.1907680407659207,-0.2008280437912342
phenalenyl_olympicenyl_orca_292,phenalenyl_olympicenyl,crossdimer,292,/home/rb1820/BLA-ML/CrossDimers/phenalenyl_olympicenyl/orca_292/str_292.xyz,1.171792,INCLUDED_NO_FILTER,retained in no-S2-filter workflow,3.1177150285819897,3.2246152047273484,14.0,-6.32324790572708,-6.405143246597848,-0.08189534087076748,0.08189534087076744,0.10438413947432057
phenalenyl_olympicenyl_orca_293,phenalenyl_olympicenyl,crossdimer,293,/home/rb1820/BLA-ML/CrossDimers/phenalenyl_olympicenyl/orca_293/str_293.xyz,1.151028,INCLUDED_NO_FILTER,retained in no-S2-filter workflow,2.951351534065709,3.114162123302381,18.0,-3.3330259057365597,-2.6902850027980545,0.6427409029385054,-0.6427409029385052,-0.5664659129190435
phenalenyl_olympicenyl_orca_294,phenalenyl_olympicenyl,crossdimer,294,/home/rb1820/BLA-ML/CrossDimers/phenalenyl_olympicenyl/orca_294/str_294.xyz,0.97803,INCLUDED_NO_FILTER,retained in no-S2-filter workflow,2.4926599828627958,2.9616661127846062,15.0,2.8876855098583736,7.532078278401975,4.644392768543601,-4.644392768543601,-4.7635216460278045
phenalenyl_olympicenyl_orca_295,phenalenyl_olympicenyl,crossdimer,295,/home/rb1820/BLA-ML/CrossDimers/phenalenyl_olympicenyl/orca_295/str_295.xyz,1.137058,INCLUDED_NO_FILTER,retained in no-S2-filter workflow,2.9357855185498973,3.1562686596378176,16.0,-4.834950839697468,-4.115634030043824,0.7193168096536443,-0.7193168096536438,-0.9297923679308573
phenalenyl_olympicenyl_orca_296,phenalenyl_olympicenyl,crossdimer,296,/home/rb1820/BLA-ML/CrossDimers/phenalenyl_olympicenyl/orca_296/str_296.xyz,1.17486,INCLUDED_NO_FILTER,retained in no-S2-filter workflow,3.1624246185160905,3.3112169545542818,11.0,-6.901660677693217,-6.829527892569491,0.07213278512372667,-0.0721327851237259,-0.05308403690413055
phenalenyl_olympicenyl_orca_297,phenalenyl_olympicenyl,crossdimer,297,/home/rb1820/BLA-ML/CrossDimers/phenalenyl_olympicenyl/orca_297/str_297.xyz,1.169812,INCLUDED_NO_FILTER,retained in no-S2-filter workflow,3.1809936534748244,3.3161323642291847,9.0,-5.51855472843871,-6.016918170724917,-0.498363442286207,0.4983634422862071,0.5059536085368457
phenalenyl_olympicenyl_orca_298,phenalenyl_olympicenyl,crossdimer,298,/home/rb1820/BLA-ML/CrossDimers/phenalenyl_olympicenyl/orca_298/str_298.xyz,1.168411,INCLUDED_NO_FILTER,retained in no-S2-filter workflow,3.239192466296092,3.255951688013716,17.0,-4.895237019575654,-5.3894158747212835,-0.49417885514562937,0.49417885514562965,0.6234389218909833
phenalenyl_olympicenyl_orca_299,phenalenyl_olympicenyl,crossdimer,299,/home/rb1820/BLA-ML/CrossDimers/phenalenyl_olympicenyl/orca_299/str_299.xyz,1.164522,INCLUDED_NO_FILTER,retained in no-S2-filter workflow,3.119601990654417,3.2542743898304387,12.0,-7.643052279129901,-7.718725776981583,-0.07567349785168229,0.07567349785168176,0.11889311192457575
phenalenyl_olympicenyl_orca_300,phenalenyl_olympicenyl,crossdimer,300,/home/rb1820/BLA-ML/CrossDimers/phenalenyl_olympicenyl/orca_300/str_300.xyz,1.139038,INCLUDED_NO_FILTER,retained in no-S2-filter workflow,3.0398661145624826,3.218732397143331,11.0,-4.403942193012574,-3.838451318893195,0.5654908741193784,-0.5654908741193787,-0.5708549911744591
phenalenyl_olympicenyl_orca_301,phenalenyl_olympicenyl,crossdimer,301,/home/rb1820/BLA-ML/CrossDimers/phenalenyl_olympicenyl/orca_301/str_301.xyz,1.163239,INCLUDED_NO_FILTER,retained in no-S2-filter workflow,2.9998473700123864,3.1767789082169813,17.0,-3.418184403758179,-2.946438790191427,0.4717456135667521,-0.47174561356675193,-0.34086784780482704
phenalenyl_olympicenyl_orca_302,phenalenyl_olympicenyl,crossdimer,302,/home/rb1820/BLA-ML/CrossDimers/phenalenyl_olympicenyl/orca_302/str_302.xyz,1.151505,INCLUDED_NO_FILTER,retained in no-S2-filter workflow,2.9655972766180363,3.1107637558545,18.0,-3.369655667506974,-2.7658701371782595,0.6037855303287145,-0.6037855303287145,-0.5557324437347444
phenalenyl_olympicenyl_orca_303,phenalenyl_olympicenyl,crossdimer,303,/home/rb1820/BLA-ML/CrossDimers/phenalenyl_olympicenyl/orca_303/str_303.xyz,1.056372,INCLUDED_NO_FILTER,retained in no-S2-filter workflow,2.8089961383382844,3.1456802670845905,12.0,-1.7014958828789486,0.7722419136837475,2.473737796562696,-2.473737796562696,-2.6670386397855252
phenalenyl_olympicenyl_orca_304,phenalenyl_olympicenyl,crossdimer,304,/home/rb1820/BLA-ML/CrossDimers/phenalenyl_olympicenyl/orca_304/str_304.xyz,0.906151,INCLUDED_NO_FILTER,retained in no-S2-filter workflow,2.7763799227667345,3.0098334336119,12.0,0.6587586018734225,6.454581055256175,5.795822453382752,-5.795822453382752,-5.64390635277062
phenalenyl_olympicenyl_orca_305,phenalenyl_olympicenyl,crossdimer,305,/home/rb1820/BLA-ML/CrossDimers/phenalenyl_olympicenyl/orca_305/str_305.xyz,1.168751,INCLUDED_NO_FILTER,retained in no-S2-filter workflow,3.094235678265938,3.2063361330305384,16.0,-6.061750789703258,-6.0972348715452584,-0.03548408184200089,0.03548408184200014,0.03477362387779559
phenalenyl_olympicenyl_orca_306,phenalenyl_olympicenyl,crossdimer,306,/home/rb1820/BLA-ML/CrossDimers/phenalenyl_olympicenyl/orca_306/str_306.xyz,0.945506,INCLUDED_NO_FILTER,retained in no-S2-filter workflow,2.666574006195741,3.0130827516045864,12.0,1.332030030740648,6.752063093556117,5.4200330628154685,-5.420033062815469,-5.257198219305487
phenalenyl_olympicenyl_orca_307,phenalenyl_olympicenyl,crossdimer,307,/home/rb1820/BLA-ML/CrossDimers/phenalenyl_olympicenyl/orca_307/str_307.xyz,0.905559,INCLUDED_NO_FILTER,retained in no-S2-filter workflow,2.6157599857645204,2.9387864724267474,12.0,4.590108807688744,10.9394946917995,6.349385884110755,-6.349385884110755,-6.095733261360342
phenalenyl_olympicenyl_orca_308,phenalenyl_olympicenyl,crossdimer,308,/home/rb1820/BLA-ML/CrossDimers/phenalenyl_olympicenyl/orca_308/str_308.xyz,1.173138,INCLUDED_NO_FILTER,retained in no-S2-filter workflow,3.1264970414788444,3.2999315532950613,9.0,-6.74825342024218,-6.884842981982039,-0.13658956173985895,0.13658956173985892,0.1371067656322218
phenalenyl_olympicenyl_orca_309,phenalenyl_olympicenyl,crossdimer,309,/home/rb1820/BLA-ML/CrossDimers/phenalenyl_olympicenyl/orca_309/str_309.xyz,1.169935,INCLUDED_NO_FILTER,retained in no-S2-filter workflow,3.172138838713824,3.2998155669896696,13.0,-6.306155304989098,-6.467518359167946,-0.16136305417884758,0.16136305417884778,0.14848606836152634
phenalenyl_olympicenyl_orca_310,phenalenyl_olympicenyl,crossdimer,310,/home/rb1820/BLA-ML/CrossDimers/phenalenyl_olympicenyl/orca_310/str_310.xyz,1.149573,INCLUDED_NO_FILTER,retained in no-S2-filter workflow,2.996921620751251,3.103440789041107,16.0,-3.0163926986949803,-2.3599627160505063,0.6564299826444739,-0.6564299826444739,-0.532268065423503
phenalenyl_olympicenyl_orca_311,phenalenyl_olympicenyl,crossdimer,311,/home/rb1820/BLA-ML/CrossDimers/phenalenyl_olympicenyl/orca_311/str_311.xyz,1.162271,INCLUDED_NO_FILTER,retained in no-S2-filter workflow,2.9384644009322645,3.1497249434253325,16.0,-2.9021439858037352,-2.6478576401500304,0.2542863456537048,-0.2542863456537048,-0.1489853244984345
phenalenyl_olympicenyl_orca_312,phenalenyl_olympicenyl,crossdimer,312,/home/rb1820/BLA-ML/CrossDimers/phenalenyl_olympicenyl/orca_312/str_312.xyz,1.171333,INCLUDED_NO_FILTER,retained in no-S2-filter workflow,3.094574562938821,3.24683216992387,14.0,-7.307306983447254,-7.426695306985896,-0.11938832353864198,0.11938832353864193,0.13047518824987114
phenalenyl_olympicenyl_orca_313,phenalenyl_olympicenyl,crossdimer,313,/home/rb1820/BLA-ML/CrossDimers/phenalenyl_olympicenyl/orca_313/str_313.xyz,1.168824,INCLUDED_NO_FILTER,retained in no-S2-filter workflow,3.094770800993994,3.2064810404921777,16.0,-6.057492212301955,-6.096110222806775,-0.0386180105048209,0.03861801050482061,0.04328688368516742
phenalenyl_olympicenyl_orca_314,phenalenyl_olympicenyl,crossdimer,314,/home/rb1820/BLA-ML/CrossDimers/phenalenyl_olympicenyl/orca_314/str_314.xyz,1.173114,INCLUDED_NO_FILTER,retained in no-S2-filter workflow,3.1308329951540204,3.3154313123882204,8.0,-6.78098389578599,-6.921082797394776,-0.14009890160878577,0.1400989016087859,0.13674689751911728
phenalenyl_olympicenyl_orca_315,phenalenyl_olympicenyl,crossdimer,315,/home/rb1820/BLA-ML/CrossDimers/phenalenyl_olympicenyl/orca_315/str_315.xyz,1.169222,INCLUDED_NO_FILTER,retained in no-S2-filter workflow,2.9807909134239554,3.1834090621137423,19.0,-3.58824274878173,-3.2330043130030033,0.3552384357787265,-0.3552384357787268,-0.2374731492869424
phenalenyl_olympicenyl_orca_316,phenalenyl_olympicenyl,crossdimer,316,/home/rb1820/BLA-ML/CrossDimers/phenalenyl_olympicenyl/orca_316/str_316.xyz,0.94599,INCLUDED_NO_FILTER,retained in no-S2-filter workflow,2.633334479231232,2.9534934821283785,12.0,4.023971755744781,9.602864771338034,5.578893015593253,-5.578893015593253,-5.330424115149369
phenalenyl_olympicenyl_orca_317,phenalenyl_olympicenyl,crossdimer,317,/home/rb1820/BLA-ML/CrossDimers/phenalenyl_olympicenyl/orca_317/str_317.xyz,1.150269,INCLUDED_NO_FILTER,retained in no-S2-filter workflow,3.113591513149518,3.1967113449690667,18.0,-5.301111833527177,-5.05654110475316,0.2445707287740168,-0.24457072877401664,-0.30016476337434383
phenalenyl_olympicenyl_orca_318,phenalenyl_olympicenyl,crossdimer,318,/home/rb1820/BLA-ML/CrossDimers/phenalenyl_olympicenyl/orca_318/str_318.xyz,1.169489,INCLUDED_NO_FILTER,retained in no-S2-filter workflow,3.1469814957228097,3.291453675979684,10.0,-4.82399768877284,-5.345656766424436,-0.521659077651596,0.5216590776515959,0.5312829025909975
phenalenyl_olympicenyl_orca_319,phenalenyl_olympicenyl,crossdimer,319,/home/rb1820/BLA-ML/CrossDimers/phenalenyl_olympicenyl/orca_319/str_319.xyz,1.14856,INCLUDED_NO_FILTER,retained in no-S2-filter workflow,2.863546410013667,3.156737060969254,18.0,-3.1502240475980803,-2.3692373530993343,0.780986694498746,-0.780986694498746,-0.7246298025524078
phenalenyl_olympicenyl_orca_320,phenalenyl_olympicenyl,crossdimer,320,/home/rb1820/BLA-ML/CrossDimers/phenalenyl_olympicenyl/orca_320/str_320.xyz,1.164714,INCLUDED_NO_FILTER,retained in no-S2-filter workflow,3.078329852521342,3.198014904873356,13.0,-5.5946875269783245,-5.553996683837919,0.04069084314040542,-0.040690843140405164,-0.04288729250185552
phenalenyl_olympicenyl_orca_321,phenalenyl_olympicenyl,crossdimer,321,/home/rb1820/BLA-ML/CrossDimers/phenalenyl_olympicenyl/orca_321/str_321.xyz,1.177851,INCLUDED_NO_FILTER,retained in no-S2-filter workflow,3.166411038446452,3.241514546279433,13.0,-5.336752550664309,-5.253534379593179,0.08321817107113004,-0.08321817107113016,-0.10807102332095209
phenalenyl_olympicenyl_orca_322,phenalenyl_olympicenyl,crossdimer,322,/home/rb1820/BLA-ML/CrossDimers/phenalenyl_olympicenyl/orca_322/str_322.xyz,1.157267,INCLUDED_NO_FILTER,retained in no-S2-filter workflow,3.165758558396043,3.2399410424039345,13.0,-5.072842402868003,-5.106244110264553,-0.03340170739655113,0.033401707396550684,0.24435871416987887
phenalenyl_olympicenyl_orca_323,phenalenyl_olympicenyl,crossdimer,323,/home/rb1820/BLA-ML/CrossDimers/phenalenyl_olympicenyl/orca_323/str_323.xyz,1.165428,INCLUDED_NO_FILTER,retained in no-S2-filter workflow,2.955596276389902,3.1353703007060925,19.0,-3.817894546505568,-3.657622221240927,0.16027232526464066,-0.16027232526464097,-0.15730020285401558
phenalenyl_olympicenyl_orca_324,phenalenyl_olympicenyl,crossdimer,324,/home/rb1820/BLA-ML/CrossDimers/phenalenyl_olympicenyl/orca_324/str_324.xyz,1.156967,INCLUDED_NO_FILTER,retained in no-S2-filter workflow,3.132423533068561,3.2019300445697665,17.0,-3.4518935187739577,-3.5689446844507873,-0.11705116567682983,0.1170511656768296,0.3236020531679964
phenalenyl_olympicenyl_orca_325,phenalenyl_olympicenyl,crossdimer,325,/home/rb1820/BLA-ML/CrossDimers/phenalenyl_olympicenyl/orca_325/str_325.xyz,1.144848,INCLUDED_NO_FILTER,retained in no-S2-filter workflow,2.9265452523801567,3.0909089025014,17.0,-2.5829569644879258,-1.7738265800863466,0.8091303844015789,-0.8091303844015791,-0.6703742153463726
phenalenyl_olympicenyl_orca_326,phenalenyl_olympicenyl,crossdimer,326,/home/rb1820/BLA-ML/CrossDimers/phenalenyl_olympicenyl/orca_326/str_326.xyz,1.172833,INCLUDED_NO_FILTER,retained in no-S2-filter workflow,3.113024135881465,3.308364010307157,9.0,-6.558052142236709,-6.711956808260618,-0.1539046660239102,0.15390466602390962,0.15462066911836203
phenalenyl_olympicenyl_orca_327,phenalenyl_olympicenyl,crossdimer,327,/home/rb1820/BLA-ML/CrossDimers/phenalenyl_olympicenyl/orca_327/str_327.xyz,0.914782,INCLUDED_NO_FILTER,retained in no-S2-filter workflow,2.53866680839874,2.9382166951055515,12.0,4.484684067241108,10.5310312313164,6.046347164075291,-6.046347164075291,-5.792411444938012
phenalenyl_olympicenyl_orca_328,phenalenyl_olympicenyl,crossdimer,328,/home/rb1820/BLA-ML/CrossDimers/phenalenyl_olympicenyl/orca_328/str_328.xyz,1.170885,INCLUDED_NO_FILTER,retained in no-S2-filter workflow,3.1018291632047403,3.2580624604703337,11.0,-4.444043708687252,-4.393360850931239,0.05068285775601252,-0.050682857756013,-0.06649258952443748
phenalenyl_olympicenyl_orca_329,phenalenyl_olympicenyl,crossdimer,329,/home/rb1820/BLA-ML/CrossDimers/phenalenyl_olympicenyl/orca_329/str_329.xyz,1.161257,INCLUDED_NO_FILTER,retained in no-S2-filter workflow,3.0797309680229694,3.236967739878606,11.0,-5.838380024867148,-5.562798404756952,0.27558162011019605,-0.27558162011019594,-0.28956846407086356
phenalenyl_olympicenyl_orca_330,phenalenyl_olympicenyl,crossdimer,330,/home/rb1820/BLA-ML/CrossDimers/phenalenyl_olympicenyl/orca_330/str_330.xyz,1.16602,INCLUDED_NO_FILTER,retained in no-S2-filter workflow,3.1867942443637705,3.273686092013248,17.0,-5.45384277318501,-5.518416023773216,-0.0645732505882051,0.06457325058820551,0.04848514658645975
phenalenyl_olympicenyl_orca_331,phenalenyl_olympicenyl,crossdimer,331,/home/rb1820/BLA-ML/CrossDimers/phenalenyl_olympicenyl/orca_331/str_331.xyz,0.913496,INCLUDED_NO_FILTER,retained in no-S2-filter workflow,2.527293610202616,2.927931473618948,17.0,4.171331517945102,9.865765056759114,5.694433538814012,-5.694433538814012,-5.2714458230023915
phenalenyl_olympicenyl_orca_332,phenalenyl_olympicenyl,crossdimer,332,/home/rb1820/BLA-ML/CrossDimers/phenalenyl_olympicenyl/orca_332/str_332.xyz,1.040742,INCLUDED_NO_FILTER,retained in no-S2-filter workflow,2.506851286426885,2.998951640454285,15.0,1.6835195906398999,5.226907025329281,3.543387434689381,-3.5433874346893806,-3.5828041375610287
phenalenyl_olympicenyl_orca_333,phenalenyl_olympicenyl,crossdimer,333,/home/rb1820/BLA-ML/CrossDimers/phenalenyl_olympicenyl/orca_333/str_333.xyz,1.173998,INCLUDED_NO_FILTER,retained in no-S2-filter workflow,3.197390668207632,3.2969447889730468,9.0,-7.703308484832623,-7.635016494481225,0.06829199035139749,-0.06829199035139766,-0.07388905420137526
phenalenyl_olympicenyl_orca_334,phenalenyl_olympicenyl,crossdimer,334,/home/rb1820/BLA-ML/CrossDimers/phenalenyl_olympicenyl/orca_334/str_334.xyz,1.172781,INCLUDED_NO_FILTER,retained in no-S2-filter workflow,3.2282256372211227,3.297723360141636,10.0,-6.851621334655726,-6.999050187515261,-0.14742885285953491,0.14742885285953466,0.14366301136869364
phenalenyl_olympicenyl_orca_335,phenalenyl_olympicenyl,crossdimer,335,/home/rb1820/BLA-ML/CrossDimers/phenalenyl_olympicenyl/orca_335/str_335.xyz,1.14974,INCLUDED_NO_FILTER,retained in no-S2-filter workflow,3.076663103424517,3.221945138388725,12.0,-5.61808923143983,-5.241919967376478,0.3761692640633527,-0.3761692640633525,-0.5449744636680656
phenalenyl_olympicenyl_orca_336,phenalenyl_olympicenyl,crossdimer,336,/home/rb1820/BLA-ML/CrossDimers/phenalenyl_olympicenyl/orca_336/str_336.xyz,1.159069,INCLUDED_NO_FILTER,retained in no-S2-filter workflow,3.057932711893074,3.2157682952910043,11.0,-6.761777331869998,-6.816569147407954,-0.054791815537955826,0.05479181553795609,0.1223579537028533
phenalenyl_olympicenyl_orca_337,phenalenyl_olympicenyl,crossdimer,337,/home/rb1820/BLA-ML/CrossDimers/phenalenyl_olympicenyl/orca_337/str_337.xyz,1.158478,INCLUDED_NO_FILTER,retained in no-S2-filter workflow,3.140176746957787,3.242391920204058,12.0,-4.772786554669065,-4.821408181886075,-0.048621627217009765,0.04862162721700969,0.23771355376575354
phenalenyl_olympicenyl_orca_338,phenalenyl_olympicenyl,crossdimer,338,/home/rb1820/BLA-ML/CrossDimers/phenalenyl_olympicenyl/orca_338/str_338.xyz,1.1702,INCLUDED_NO_FILTER,retained in no-S2-filter workflow,3.015097994708045,3.203781816390906,14.0,-3.8492234659251037,-3.970709151353625,-0.12148568542852135,0.12148568542852134,0.12183702921364103
phenalenyl_olympicenyl_orca_339,phenalenyl_olympicenyl,crossdimer,339,/home/rb1820/BLA-ML/CrossDimers/phenalenyl_olympicenyl/orca_339/str_339.xyz,1.158872,INCLUDED_NO_FILTER,retained in no-S2-filter workflow,3.087245638986288,3.224458697203876,16.0,-5.411667344365655,-5.216922446579499,0.19474489778615536,-0.19474489778615567,-0.22934725325825323
phenalenyl_olympicenyl_orca_340,phenalenyl_olympicenyl,crossdimer,340,/home/rb1820/BLA-ML/CrossDimers/phenalenyl_olympicenyl/orca_340/str_340.xyz,1.174374,INCLUDED_NO_FILTER,retained in no-S2-filter workflow,3.2031519385477107,3.3542783728844965,5.0,-6.395691034949322,-6.299383320044737,0.09630771490458495,-0.09630771490458478,-0.08950673314756763
phenalenyl_olympicenyl_orca_341,phenalenyl_olympicenyl,crossdimer,341,/home/rb1820/BLA-ML/CrossDimers/phenalenyl_olympicenyl/orca_341/str_341.xyz,1.170169,INCLUDED_NO_FILTER,retained in no-S2-filter workflow,3.0078158255051317,3.1816100704120123,15.0,-3.399334314102714,-3.302207335316769,0.09712697878594505,-0.097126978785945,-0.0950736054490724
phenalenyl_olympicenyl_orca_342,phenalenyl_olympicenyl,crossdimer,342,/home/rb1820/BLA-ML/CrossDimers/phenalenyl_olympicenyl/orca_342/str_342.xyz,1.171499,INCLUDED_NO_FILTER,retained in no-S2-filter workflow,3.0851108223664383,3.3068332607944746,6.0,-4.976578398858009,-5.262645710526575,-0.2860673116685663,0.2860673116685666,0.29999482195194016
phenalenyl_olympicenyl_orca_343,phenalenyl_olympicenyl,crossdimer,343,/home/rb1820/BLA-ML/CrossDimers/phenalenyl_olympicenyl/orca_343/str_343.xyz,1.059957,INCLUDED_NO_FILTER,retained in no-S2-filter workflow,2.539961537129357,3.026849227293908,13.0,0.8367601864340687,3.9817941111184507,3.145033924684382,-3.145033924684382,-3.1323484502539247
phenalenyl_olympicenyl_orca_344,phenalenyl_olympicenyl,crossdimer,344,/home/rb1820/BLA-ML/CrossDimers/phenalenyl_olympicenyl/orca_344/str_344.xyz,1.169474,INCLUDED_NO_FILTER,retained in no-S2-filter workflow,3.129782825270361,3.2842907681721707,9.0,-4.38380872721933,-4.888211272369503,-0.5044025451501727,0.5044025451501728,0.5133044614557996
phenalenyl_olympicenyl_orca_345,phenalenyl_olympicenyl,crossdimer,345,/home/rb1820/BLA-ML/CrossDimers/phenalenyl_olympicenyl/orca_345/str_345.xyz,1.162493,INCLUDED_NO_FILTER,retained in no-S2-filter workflow,3.078012681935551,3.2264385807209024,14.0,-5.09637585110802,-5.4219421179237575,-0.3255662668157376,0.32556626681573775,0.3114614601205776
phenalenyl_olympicenyl_orca_346,phenalenyl_olympicenyl,crossdimer,346,/home/rb1820/BLA-ML/CrossDimers/phenalenyl_olympicenyl/orca_346/str_346.xyz,0.920291,INCLUDED_NO_FILTER,retained in no-S2-filter workflow,2.470674723848874,2.9445713518694987,12.0,4.399660328664208,10.205720490561923,5.806060161897716,-5.806060161897715,-5.553676487326317
phenalenyl_olympicenyl_orca_347,phenalenyl_olympicenyl,crossdimer,347,/home/rb1820/BLA-ML/CrossDimers/phenalenyl_olympicenyl/orca_347/str_347.xyz,1.165875,INCLUDED_NO_FILTER,retained in no-S2-filter workflow,3.0495047647172946,3.2024778157913856,20.0,-5.38304180733254,-5.756699460896546,-0.37365765356400615,0.37365765356400615,0.3993721030070878
phenalenyl_olympicenyl_orca_348,phenalenyl_olympicenyl,crossdimer,348,/home/rb1820/BLA-ML/CrossDimers/phenalenyl_olympicenyl/orca_348/str_348.xyz,1.162015,INCLUDED_NO_FILTER,retained in no-S2-filter workflow,3.0728918256295734,3.279211717745873,10.0,-7.404017655477202,-7.402548266124936,0.0014693893522663374,-0.0014693893522661483,0.04709696875957259
phenalenyl_olympicenyl_orca_349,phenalenyl_olympicenyl,crossdimer,349,/home/rb1820/BLA-ML/CrossDimers/phenalenyl_olympicenyl/orca_349/str_349.xyz,1.083091,INCLUDED_NO_FILTER,retained in no-S2-filter workflow,2.9180745162789177,3.114959585539125,12.0,-3.7181187849286963,-1.8689965650012688,1.8491222199274275,-1.8491222199274275,-1.5795216690352716
phenalenyl_olympicenyl_orca_350,phenalenyl_olympicenyl,crossdimer,350,/home/rb1820/BLA-ML/CrossDimers/phenalenyl_olympicenyl/orca_350/str_350.xyz,1.172546,INCLUDED_NO_FILTER,retained in no-S2-filter workflow,3.1411893008817926,3.2209500203291475,14.0,-4.749059983370559,-4.9466413707634675,-0.19758138739290768,0.19758138739290843,0.1906585085909498
phenalenyl_olympicenyl_orca_351,phenalenyl_olympicenyl,crossdimer,351,/home/rb1820/BLA-ML/CrossDimers/phenalenyl_olympicenyl/orca_351/str_351.xyz,1.175464,INCLUDED_NO_FILTER,retained in no-S2-filter workflow,3.0167707683842018,3.2934318689116524,7.0,-5.615063308028996,-5.381705655181297,0.2333576528476995,-0.23335765284769927,-0.21117085319459283
phenalenyl_olympicenyl_orca_352,phenalenyl_olympicenyl,crossdimer,352,/home/rb1820/BLA-ML/CrossDimers/phenalenyl_olympicenyl/orca_352/str_352.xyz,1.171446,INCLUDED_NO_FILTER,retained in no-S2-filter workflow,3.173182070708612,3.260923755941099,11.0,-5.861417848594203,-6.0752530226632295,-0.213835174069026,0.2138351740690263,0.20846791765529238
phenalenyl_olympicenyl_orca_353,phenalenyl_olympicenyl,crossdimer,353,/home/rb1820/BLA-ML/CrossDimers/phenalenyl_olympicenyl/orca_353/str_353.xyz,1.173907,INCLUDED_NO_FILTER,retained in no-S2-filter workflow,3.2208967621742586,3.341760610225694,8.0,-6.972888664934042,-6.969230840743637,0.003657824190405816,-0.003657824190405279,-0.040630318901921925
phenalenyl_olympicenyl_orca_354,phenalenyl_olympicenyl,crossdimer,354,/home/rb1820/BLA-ML/CrossDimers/phenalenyl_olympicenyl/orca_354/str_354.xyz,1.174287,INCLUDED_NO_FILTER,retained in no-S2-filter workflow,3.1986970061622664,3.28099080819337,12.0,-6.734697893486161,-6.748026619485907,-0.013328725999746788,0.013328725999746105,0.010334291630028858
phenalenyl_olympicenyl_orca_355,phenalenyl_olympicenyl,crossdimer,355,/home/rb1820/BLA-ML/CrossDimers/phenalenyl_olympicenyl/orca_355/str_355.xyz,1.155719,INCLUDED_NO_FILTER,retained in no-S2-filter workflow,2.9406788874038448,3.129945596741959,16.0,-3.283180291145129,-2.815761142711102,0.46741914843402704,-0.4674191484340273,-0.3400732101930164
phenalenyl_olympicenyl_orca_356,phenalenyl_olympicenyl,crossdimer,356,/home/rb1820/BLA-ML/CrossDimers/phenalenyl_olympicenyl/orca_356/str_356.xyz,1.153117,INCLUDED_NO_FILTER,retained in no-S2-filter workflow,3.071464515918206,3.2295439219579856,12.0,-5.483650562518622,-5.200125392258853,0.28352517025976953,-0.283525170259769,-0.4498294896104271
phenalenyl_olympicenyl_orca_357,phenalenyl_olympicenyl,crossdimer,357,/home/rb1820/BLA-ML/CrossDimers/phenalenyl_olympicenyl/orca_357/str_357.xyz,0.907233,INCLUDED_NO_FILTER,retained in no-S2-filter workflow,2.458812297238968,2.9322538197946857,12.0,5.391333251162112,11.513671284135023,6.122338032972911,-6.122338032972912,-5.819996267793142
phenalenyl_olympicenyl_orca_358,phenalenyl_olympicenyl,crossdimer,358,/home/rb1820/BLA-ML/CrossDimers/phenalenyl_olympicenyl/orca_358/str_358.xyz,1.167314,INCLUDED_NO_FILTER,retained in no-S2-filter workflow,2.854602145250962,3.041773961589518,27.0,0.30905068689733006,0.6520835828109752,0.34303289591364516,-0.34303289591364516,-0.3246472376959334
phenalenyl_olympicenyl_orca_359,phenalenyl_olympicenyl,crossdimer,359,/home/rb1820/BLA-ML/CrossDimers/phenalenyl_olympicenyl/orca_359/str_359.xyz,1.13139,INCLUDED_NO_FILTER,retained in no-S2-filter workflow,2.821599425264626,3.0905427876784684,16.0,-0.24143766817105713,0.9149044186395701,1.1563420868106273,-1.1563420868106271,-1.0551699093349751
phenalenyl_olympicenyl_orca_360,phenalenyl_olympicenyl,crossdimer,360,/home/rb1820/BLA-ML/CrossDimers/phenalenyl_olympicenyl/orca_360/str_360.xyz,1.159495,INCLUDED_NO_FILTER,retained in no-S2-filter workflow,3.2995721478690507,3.3648114156806685,8.0,-6.676122808835082,-6.637903185300236,0.03821962353484648,-0.03821962353484576,-0.06010465067358961
phenalenyl_olympicenyl_orca_361,phenalenyl_olympicenyl,crossdimer,361,/home/rb1820/BLA-ML/CrossDimers/phenalenyl_olympicenyl/orca_361/str_361.xyz,1.173928,INCLUDED_NO_FILTER,retained in no-S2-filter workflow,3.1855127218254102,3.2757888553942203,11.0,-5.904936351500382,-6.08007549140738,-0.17513913990699806,0.1751391399069977,0.14559754842305672
phenalenyl_olympicenyl_orca_362,phenalenyl_olympicenyl,crossdimer,362,/home/rb1820/BLA-ML/CrossDimers/phenalenyl_olympicenyl/orca_362/str_362.xyz,1.136177,INCLUDED_NO_FILTER,retained in no-S2-filter workflow,2.826006259158088,3.099073114289317,20.0,-1.685609799025963,-0.7061001486980044,0.9795096503279586,-0.9795096503279587,-0.8021443517249005
phenalenyl_olympicenyl_orca_363,phenalenyl_olympicenyl,crossdimer,363,/home/rb1820/BLA-ML/CrossDimers/phenalenyl_olympicenyl/orca_363/str_363.xyz,1.021909,INCLUDED_NO_FILTER,retained in no-S2-filter workflow,2.7778854311707915,3.101740736242029,10.0,0.9722044862953813,4.274427210698346,3.302222724402965,-3.3022227244029647,-3.451434480091722
phenalenyl_olympicenyl_orca_364,phenalenyl_olympicenyl,crossdimer,364,/home/rb1820/BLA-ML/CrossDimers/phenalenyl_olympicenyl/orca_364/str_364.xyz,1.173907,INCLUDED_NO_FILTER,retained in no-S2-filter workflow,3.1143174216078564,3.232878262271333,15.0,-4.0819231580771715,-4.198676898823168,-0.11675374074599655,0.1167537407459962,0.10411844313855934
phenalenyl_olympicenyl_orca_365,phenalenyl_olympicenyl,crossdimer,365,/home/rb1820/BLA-ML/CrossDimers/phenalenyl_olympicenyl/orca_365/str_365.xyz,1.174642,INCLUDED_NO_FILTER,retained in no-S2-filter workflow,3.1981065840293765,3.288581211419885,11.0,-6.244398162578499,-6.322765084240983,-0.07836692166248424,0.07836692166248405,0.05425831149072291
phenalenyl_olympicenyl_orca_366,phenalenyl_olympicenyl,crossdimer,366,/home/rb1820/BLA-ML/CrossDimers/phenalenyl_olympicenyl/orca_366/str_366.xyz,1.170157,INCLUDED_NO_FILTER,retained in no-S2-filter workflow,2.7707873423948857,3.0915001788211547,18.0,-1.7139933238521325,-0.8415632122924257,0.872430111559707,-0.8724301115597068,-0.8666811235845469
phenalenyl_olympicenyl_orca_367,phenalenyl_olympicenyl,crossdimer,367,/home/rb1820/BLA-ML/CrossDimers/phenalenyl_olympicenyl/orca_367/str_367.xyz,1.161025,INCLUDED_NO_FILTER,retained in no-S2-filter workflow,3.0026165054646667,3.207273115732762,18.0,-5.099171217591661,-5.228599909704929,-0.1294286921132677,0.1294286921132679,0.13062526144479936
phenalenyl_olympicenyl_orca_368,phenalenyl_olympicenyl,crossdimer,368,/home/rb1820/BLA-ML/CrossDimers/phenalenyl_olympicenyl/orca_368/str_368.xyz,1.167299,INCLUDED_NO_FILTER,retained in no-S2-filter workflow,3.0575837292790524,3.175644809352473,22.0,-4.039958684069299,-4.042256535398754,-0.0022978513294542664,0.002297851329454481,-0.010172753191985073
phenalenyl_olympicenyl_orca_369,phenalenyl_olympicenyl,crossdimer,369,/home/rb1820/BLA-ML/CrossDimers/phenalenyl_olympicenyl/orca_369/str_369.xyz,1.149216,INCLUDED_NO_FILTER,retained in no-S2-filter workflow,2.857108700125421,3.099312983933415,21.0,-0.3998713511941708,0.4058565176352625,0.8057278688294333,-0.8057278688294333,-0.6296865417999155
phenalenyl_olympicenyl_orca_370,phenalenyl_olympicenyl,crossdimer,370,/home/rb1820/BLA-ML/CrossDimers/phenalenyl_olympicenyl/orca_370/str_370.xyz,1.13771,INCLUDED_NO_FILTER,retained in no-S2-filter workflow,2.671598086826775,3.118975778667299,10.0,-1.868925881186829,-0.8546833078664846,1.0142425733203444,-1.0142425733203444,-0.9708121908999692
phenalenyl_olympicenyl_orca_371,phenalenyl_olympicenyl,crossdimer,371,/home/rb1820/BLA-ML/CrossDimers/phenalenyl_olympicenyl/orca_371/str_371.xyz,1.17609,INCLUDED_NO_FILTER,retained in no-S2-filter workflow,3.179029611618948,3.2740220136554847,13.0,-5.4101106878883884,-5.532152320998888,-0.12204163311050002,0.12204163311049943,0.09476473441900168
phenalenyl_olympicenyl_orca_372,phenalenyl_olympicenyl,crossdimer,372,/home/rb1820/BLA-ML/CrossDimers/phenalenyl_olympicenyl/orca_372/str_372.xyz,1.161023,INCLUDED_NO_FILTER,retained in no-S2-filter workflow,3.1320140327888133,3.203024269039222,15.0,-2.085037781369829,-2.2133428187901503,-0.1283050374203213,0.12830503742032118,0.24158426227577756
phenalenyl_olympicenyl_orca_373,phenalenyl_olympicenyl,crossdimer,373,/home/rb1820/BLA-ML/CrossDimers/phenalenyl_olympicenyl/orca_373/str_373.xyz,1.168947,INCLUDED_NO_FILTER,retained in no-S2-filter workflow,3.09934770859152,3.2652355370360326,9.0,-3.6695267253942934,-4.203302839613941,-0.5337761142196474,0.5337761142196475,0.5391354464604268
phenalenyl_olympicenyl_orca_374,phenalenyl_olympicenyl,crossdimer,374,/home/rb1820/BLA-ML/CrossDimers/phenalenyl_olympicenyl/orca_374/str_374.xyz,1.137031,INCLUDED_NO_FILTER,retained in no-S2-filter workflow,2.8378288344838416,3.0972846742522955,20.0,-1.7906140215429185,-0.7677973018087652,1.0228167197341533,-1.0228167197341533,-0.8344265296010557
phenalenyl_olympicenyl_orca_375,phenalenyl_olympicenyl,crossdimer,375,/home/rb1820/BLA-ML/CrossDimers/phenalenyl_olympicenyl/orca_375/str_375.xyz,1.160493,INCLUDED_NO_FILTER,retained in no-S2-filter workflow,3.1654374416343147,3.306119370930124,9.0,-6.0910953917692865,-5.819366521658862,0.2717288701104248,-0.2717288701104241,-0.22140463579387415
phenalenyl_olympicenyl_orca_376,phenalenyl_olympicenyl,crossdimer,376,/home/rb1820/BLA-ML/CrossDimers/phenalenyl_olympicenyl/orca_376/str_376.xyz,1.164266,INCLUDED_NO_FILTER,retained in no-S2-filter workflow,3.0011411130704597,3.175161556340977,13.0,-4.302272397729477,-4.086751001972393,0.21552139575708404,-0.21552139575708384,-0.2311916690229019
phenalenyl_olympicenyl_orca_377,phenalenyl_olympicenyl,crossdimer,377,/home/rb1820/BLA-ML/CrossDimers/phenalenyl_olympicenyl/orca_377/str_377.xyz,1.167494,INCLUDED_NO_FILTER,retained in no-S2-filter workflow,3.024516613547603,3.096667622386934,21.0,-2.4514363427075043,-2.948270339139733,-0.49683399643222886,0.4968339964322288,0.5037542574895655
phenalenyl_olympicenyl_orca_378,phenalenyl_olympicenyl,crossdimer,378,/home/rb1820/BLA-ML/CrossDimers/phenalenyl_olympicenyl/orca_378/str_378.xyz,1.170473,INCLUDED_NO_FILTER,retained in no-S2-filter workflow,3.051154702940728,3.222357739270575,13.0,-6.008871996324274,-5.940800960308892,0.0680710360153814,-0.06807103601538156,-0.028665679915909736
phenalenyl_olympicenyl_orca_379,phenalenyl_olympicenyl,crossdimer,379,/home/rb1820/BLA-ML/CrossDimers/phenalenyl_olympicenyl/orca_379/str_379.xyz,1.174213,INCLUDED_NO_FILTER,retained in no-S2-filter workflow,3.1388535846762595,3.2759667431446244,12.0,-6.68357130932593,-6.667770114279435,0.015801195046495242,-0.01580119504649513,-0.014613327902237572
phenalenyl_olympicenyl_orca_380,phenalenyl_olympicenyl,crossdimer,380,/home/rb1820/BLA-ML/CrossDimers/phenalenyl_olympicenyl/orca_380/str_380.xyz,1.171268,INCLUDED_NO_FILTER,retained in no-S2-filter workflow,3.104605625966257,3.3347561897698426,6.0,-4.431299223356693,-4.726491342288361,-0.2951921189316675,0.2951921189316682,0.307741891135068
phenalenyl_olympicenyl_orca_381,phenalenyl_olympicenyl,crossdimer,381,/home/rb1820/BLA-ML/CrossDimers/phenalenyl_olympicenyl/orca_381/str_381.xyz,1.163762,INCLUDED_NO_FILTER,retained in no-S2-filter workflow,3.145492674896518,3.314952382159711,9.0,-6.166207945743703,-6.018086859376078,0.14812108636762444,-0.14812108636762478,-0.11150579517340242
phenalenyl_olympicenyl_orca_382,phenalenyl_olympicenyl,crossdimer,382,/home/rb1820/BLA-ML/CrossDimers/phenalenyl_olympicenyl/orca_382/str_382.xyz,1.161382,INCLUDED_NO_FILTER,retained in no-S2-filter workflow,3.10165482211469,3.2458579430697925,10.0,-4.311593175498574,-4.40551912305356,-0.09392594755498605,0.09392594755498607,0.26886725993881067
phenalenyl_olympicenyl_orca_383,phenalenyl_olympicenyl,crossdimer,383,/home/rb1820/BLA-ML/CrossDimers/phenalenyl_olympicenyl/orca_383/str_383.xyz,1.06217,INCLUDED_NO_FILTER,retained in no-S2-filter workflow,2.629702346118761,3.0200079276539906,13.0,1.7600422870262853,5.036920708850777,3.276878421824491,-3.2768784218244913,-3.1672652319676535
phenalenyl_olympicenyl_orca_384,phenalenyl_olympicenyl,crossdimer,384,/home/rb1820/BLA-ML/CrossDimers/phenalenyl_olympicenyl/orca_384/str_384.xyz,1.160974,INCLUDED_NO_FILTER,retained in no-S2-filter workflow,3.0034582822877423,3.277562526754572,8.0,-4.252457712407644,-4.083925345707041,0.16853236670060248,-0.16853236670060312,-0.14120028158334996
phenalenyl_olympicenyl_orca_385,phenalenyl_olympicenyl,crossdimer,385,/home/rb1820/BLA-ML/CrossDimers/phenalenyl_olympicenyl/orca_385/str_385.xyz,1.045795,INCLUDED_NO_FILTER,retained in no-S2-filter workflow,2.566105909053898,2.991508651064956,16.0,2.06757037681082,5.1610594423203,3.0934890655094804,-3.0934890655094804,-2.697423770530697
phenalenyl_olympicenyl_orca_386,phenalenyl_olympicenyl,crossdimer,386,/home/rb1820/BLA-ML/CrossDimers/phenalenyl_olympicenyl/orca_386/str_386.xyz,1.126393,INCLUDED_NO_FILTER,retained in no-S2-filter workflow,3.0789531395683483,3.291138447346463,8.0,-2.9706164855219686,-1.7418258358395828,1.2287906496823857,-1.2287906496823857,-1.262965736755406
phenalenyl_olympicenyl_orca_387,phenalenyl_olympicenyl,crossdimer,387,/home/rb1820/BLA-ML/CrossDimers/phenalenyl_olympicenyl/orca_387/str_387.xyz,1.175634,INCLUDED_NO_FILTER,retained in no-S2-filter workflow,3.1670333778185458,3.2485283971322425,13.0,-4.2911391383663835,-4.210622584455411,0.0805165539109724,-0.08051655391097245,-0.1447985823899156
phenalenyl_olympicenyl_orca_388,phenalenyl_olympicenyl,crossdimer,388,/home/rb1820/BLA-ML/CrossDimers/phenalenyl_olympicenyl/orca_388/str_388.xyz,1.163756,INCLUDED_NO_FILTER,retained in no-S2-filter workflow,3.127856993774332,3.313512626784465,9.0,-5.908053849947354,-5.747950961007202,0.1601028889401519,-0.1601028889401519,-0.11061841977355646
phenalenyl_olympicenyl_orca_389,phenalenyl_olympicenyl,crossdimer,389,/home/rb1820/BLA-ML/CrossDimers/phenalenyl_olympicenyl/orca_389/str_389.xyz,1.154376,INCLUDED_NO_FILTER,retained in no-S2-filter workflow,2.936346519689395,3.1825417821223434,13.0,-2.8085592792286964,-2.053306649752696,0.7552526294760006,-0.7552526294760002,-0.6945534929929282
phenalenyl_olympicenyl_orca_390,phenalenyl_olympicenyl,crossdimer,390,/home/rb1820/BLA-ML/CrossDimers/phenalenyl_olympicenyl/orca_390/str_390.xyz,1.164269,INCLUDED_NO_FILTER,retained in no-S2-filter workflow,2.887484696681048,3.153634678755298,14.0,-2.4472186638523525,-2.9185499556152408,-0.47133129176288835,0.47133129176288824,0.4122624053432111
phenalenyl_olympicenyl_orca_391,phenalenyl_olympicenyl,crossdimer,391,/home/rb1820/BLA-ML/CrossDimers/phenalenyl_olympicenyl/orca_391/str_391.xyz,1.174186,INCLUDED_NO_FILTER,retained in no-S2-filter workflow,3.150686342051204,3.3094980687586277,9.0,-6.548968435553415,-6.542984305105525,0.005984130447888893,-0.005984130447889591,-0.01065830751824226
phenalenyl_olympicenyl_orca_392,phenalenyl_olympicenyl,crossdimer,392,/home/rb1820/BLA-ML/CrossDimers/phenalenyl_olympicenyl/orca_392/str_392.xyz,1.165384,INCLUDED_NO_FILTER,retained in no-S2-filter workflow,3.1371113505664314,3.328595214329927,6.0,-5.960860144062578,-5.837194135390129,0.12366600867244977,-0.12366600867244948,-0.08468729319188917
phenalenyl_olympicenyl_orca_393,phenalenyl_olympicenyl,crossdimer,393,/home/rb1820/BLA-ML/CrossDimers/phenalenyl_olympicenyl/orca_393/str_393.xyz,1.132993,INCLUDED_NO_FILTER,retained in no-S2-filter workflow,2.623795997233706,3.053232758095444,15.0,-0.5167012708988316,0.995892906762527,1.5125941776613585,-1.5125941776613585,-1.4651702091464065
phenalenyl_olympicenyl_orca_394,phenalenyl_olympicenyl,crossdimer,394,/home/rb1820/BLA-ML/CrossDimers/phenalenyl_olympicenyl/orca_394/str_394.xyz,1.170367,INCLUDED_NO_FILTER,retained in no-S2-filter workflow,2.970669468324348,3.185158143077362,13.0,-2.5514815800847153,-2.2417474574174694,0.3097341226672459,-0.30973412266724587,-0.2616419361109532
phenalenyl_olympicenyl_orca_395,phenalenyl_olympicenyl,crossdimer,395,/home/rb1820/BLA-ML/CrossDimers/phenalenyl_olympicenyl/orca_395/str_395.xyz,1.16885,INCLUDED_NO_FILTER,retained in no-S2-filter workflow,3.1015741672516954,3.273007008052615,11.0,-4.971762251084918,-5.295558741741383,-0.3237964906564642,0.32379649065646454,0.31326038944246637
phenalenyl_olympicenyl_orca_396,phenalenyl_olympicenyl,crossdimer,396,/home/rb1820/BLA-ML/CrossDimers/phenalenyl_olympicenyl/orca_396/str_396.xyz,1.169746,INCLUDED_NO_FILTER,retained in no-S2-filter workflow,3.0817626771900493,3.26370127863382,11.0,-3.555044669337697,-3.7064982256668006,-0.15145355632910334,0.15145355632910373,0.16806957205381323
phenalenyl_olympicenyl_orca_397,phenalenyl_olympicenyl,crossdimer,397,/home/rb1820/BLA-ML/CrossDimers/phenalenyl_olympicenyl/orca_397/str_397.xyz,1.166634,INCLUDED_NO_FILTER,retained in no-S2-filter workflow,3.1373081619607395,3.3323905320717992,6.0,-5.891183062616463,-5.794822782435496,0.0963602801809668,-0.0963602801809671,-0.05996289294956636
phenalenyl_olympicenyl_orca_398,phenalenyl_olympicenyl,crossdimer,398,/home/rb1820/BLA-ML/CrossDimers/phenalenyl_olympicenyl/orca_398/str_398.xyz,1.13651,INCLUDED_NO_FILTER,retained in no-S2-filter workflow,2.918192465611137,3.1814521319649924,13.0,-1.2866210311440136,0.06420103139971753,1.3508220625437313,-1.350822062543731,-1.3039980758988463
phenalenyl_olympicenyl_orca_399,phenalenyl_olympicenyl,crossdimer,399,/home/rb1820/BLA-ML/CrossDimers/phenalenyl_olympicenyl/orca_399/str_399.xyz,1.169991,INCLUDED_NO_FILTER,retained in no-S2-filter workflow,3.029376796133566,3.163487908798856,14.0,-4.267386467772376,-4.242041372753983,0.025345095018392758,-0.025345095018392882,0.020632233351907114
phenalenyl_olympicenyl_orca_400,phenalenyl_olympicenyl,crossdimer,400,/home/rb1820/BLA-ML/CrossDimers/phenalenyl_olympicenyl/orca_400/str_400.xyz,1.152907,INCLUDED_NO_FILTER,retained in no-S2-filter workflow,3.1364959048660253,3.337581043574095,5.0,-3.28930648035963,-3.0763663989960297,0.21294008136360015,-0.21294008136360043,-0.18028994963838452
phenalenyl_olympicenyl_orca_401,phenalenyl_olympicenyl,crossdimer,401,/home/rb1820/BLA-ML/CrossDimers/phenalenyl_olympicenyl/orca_401/str_401.xyz,1.08811,INCLUDED_NO_FILTER,retained in no-S2-filter workflow,2.556288092523745,3.0725089923226307,12.0,1.4815964125202865,3.918153103743613,2.4365566912233265,-2.4365566912233265,-2.3370378149074025
phenalenyl_olympicenyl_orca_402,phenalenyl_olympicenyl,crossdimer,402,/home/rb1820/BLA-ML/CrossDimers/phenalenyl_olympicenyl/orca_402/str_402.xyz,1.15463,INCLUDED_NO_FILTER,retained in no-S2-filter workflow,2.863650218997094,3.1322165524346,13.0,-1.813841985050418,-0.9204931486771487,0.8933488363732693,-0.8933488363732692,-0.8362368239645329
phenalenyl_olympicenyl_orca_403,phenalenyl_olympicenyl,crossdimer,403,/home/rb1820/BLA-ML/CrossDimers/phenalenyl_olympicenyl/orca_403/str_403.xyz,1.167427,INCLUDED_NO_FILTER,retained in no-S2-filter workflow,3.17950094029791,3.354648588274965,7.0,-6.310385336290405,-6.218485969503688,0.09189936678671695,-0.09189936678671717,-0.0779709382764005
phenalenyl_olympicenyl_orca_404,phenalenyl_olympicenyl,crossdimer,404,/home/rb1820/BLA-ML/CrossDimers/phenalenyl_olympicenyl/orca_404/str_404.xyz,1.152112,INCLUDED_NO_FILTER,retained in no-S2-filter workflow,2.7883302153703484,3.1331537746976,15.0,-0.44426268343883113,0.9077498374531966,1.3520125208920277,-1.3520125208920277,-1.2612276512798062
phenalenyl_olympicenyl_orca_405,phenalenyl_olympicenyl,crossdimer,405,/home/rb1820/BLA-ML/CrossDimers/phenalenyl_olympicenyl/orca_405/str_405.xyz,1.167279,INCLUDED_NO_FILTER,retained in no-S2-filter workflow,3.1729779078958766,3.346702820447913,8.0,-5.752136418490506,-5.755704890443026,-0.0035684719525197564,0.003568471952519303,-0.07820621615941903
phenalenyl_olympicenyl_orca_406,phenalenyl_olympicenyl,crossdimer,406,/home/rb1820/BLA-ML/CrossDimers/phenalenyl_olympicenyl/orca_406/str_406.xyz,1.089733,INCLUDED_NO_FILTER,retained in no-S2-filter workflow,2.953544610371221,3.1241890019624265,12.0,-2.745655187473415,-1.075775612751766,1.669879574721649,-1.6698795747216493,-1.4184458802000144
phenalenyl_olympicenyl_orca_407,phenalenyl_olympicenyl,crossdimer,407,/home/rb1820/BLA-ML/CrossDimers/phenalenyl_olympicenyl/orca_407/str_407.xyz,1.168158,INCLUDED_NO_FILTER,retained in no-S2-filter workflow,3.151454990957839,3.343065253143024,7.0,-6.1048815094101325,-6.0422747718168335,0.06260673759329947,-0.06260673759329904,-0.04819690675199803
phenalenyl_olympicenyl_orca_408,phenalenyl_olympicenyl,crossdimer,408,/home/rb1820/BLA-ML/CrossDimers/phenalenyl_olympicenyl/orca_408/str_408.xyz,1.167696,INCLUDED_NO_FILTER,retained in no-S2-filter workflow,3.0545590435561825,3.238785953811332,9.0,-2.322898112790999,-2.9081192019445967,-0.5852210891535976,0.5852210891535976,0.5917490490483108
phenalenyl_olympicenyl_orca_409,phenalenyl_olympicenyl,crossdimer,409,/home/rb1820/BLA-ML/CrossDimers/phenalenyl_olympicenyl/orca_409/str_409.xyz,1.154772,INCLUDED_NO_FILTER,retained in no-S2-filter workflow,3.1137675518222165,3.328290054046524,5.0,-2.9607769656529808,-2.77862943617006,0.18214752948292082,-0.18214752948292068,-0.15023849949925472
phenalenyl_olympicenyl_orca_410,phenalenyl_olympicenyl,crossdimer,410,/home/rb1820/BLA-ML/CrossDimers/phenalenyl_olympicenyl/orca_410/str_410.xyz,1.153927,INCLUDED_NO_FILTER,retained in no-S2-filter workflow,2.81935154137267,3.0998183055164032,13.0,-0.987415642906017,-0.05509200045398609,0.9323236424520309,-0.9323236424520309,-0.8563487613540235
phenalenyl_olympicenyl_orca_411,phenalenyl_olympicenyl,crossdimer,411,/home/rb1820/BLA-ML/CrossDimers/phenalenyl_olympicenyl/orca_411/str_411.xyz,1.155132,INCLUDED_NO_FILTER,retained in no-S2-filter workflow,2.8925320585090843,3.050116132624709,31.0,-0.6568331975910352,-1.0144967711815347,-0.3576635735904995,0.3576635735904995,0.290774004476542
phenalenyl_olympicenyl_orca_412,phenalenyl_olympicenyl,crossdimer,412,/home/rb1820/BLA-ML/CrossDimers/phenalenyl_olympicenyl/orca_412/str_412.xyz,1.165058,INCLUDED_NO_FILTER,retained in no-S2-filter workflow,3.1209807060341244,3.350032159338575,7.0,-5.1574209460163045,-5.261399508724153,-0.10397856270784857,0.10397856270784889,0.061514920844708776
phenalenyl_olympicenyl_orca_413,phenalenyl_olympicenyl,crossdimer,413,/home/rb1820/BLA-ML/CrossDimers/phenalenyl_olympicenyl/orca_413/str_413.xyz,1.168043,INCLUDED_NO_FILTER,retained in no-S2-filter workflow,3.135016997317616,3.331487945922203,7.0,-5.668253502188173,-5.601558535380414,0.0666949668077592,-0.06669496680775922,-0.032615353334704
phenalenyl_olympicenyl_orca_414,phenalenyl_olympicenyl,crossdimer,414,/home/rb1820/BLA-ML/CrossDimers/phenalenyl_olympicenyl/orca_414/str_414.xyz,1.171834,INCLUDED_NO_FILTER,retained in no-S2-filter workflow,3.143503987842285,3.2974447117044803,9.0,-5.572519732511718,-5.735964977936005,-0.16344524542428737,0.1634452454242874,0.16176145610995474
phenalenyl_olympicenyl_orca_415,phenalenyl_olympicenyl,crossdimer,415,/home/rb1820/BLA-ML/CrossDimers/phenalenyl_olympicenyl/orca_415/str_415.xyz,1.170953,INCLUDED_NO_FILTER,retained in no-S2-filter workflow,3.3278164462124664,3.4636382574717617,3.0,-5.699638733638189,-5.802590870349972,-0.10295213671178398,0.10295213671178338,0.13305207960485532
phenalenyl_olympicenyl_orca_416,phenalenyl_olympicenyl,crossdimer,416,/home/rb1820/BLA-ML/CrossDimers/phenalenyl_olympicenyl/orca_416/str_416.xyz,1.169819,INCLUDED_NO_FILTER,retained in no-S2-filter workflow,3.2537097673983464,3.4842042620011155,3.0,-5.1625292032090355,-5.1708431426871835,-0.008313939478148328,0.008313939478147958,-0.005111056631752042
phenalenyl_olympicenyl_orca_417,phenalenyl_olympicenyl,crossdimer,417,/home/rb1820/BLA-ML/CrossDimers/phenalenyl_olympicenyl/orca_417/str_417.xyz,1.170446,INCLUDED_NO_FILTER,retained in no-S2-filter workflow,3.0529664174824465,3.2230725644241973,14.0,-4.989883350518767,-4.916651628863564,0.07323172165520285,-0.07323172165520297,-0.028115952602941308
phenalenyl_olympicenyl_orca_418,phenalenyl_olympicenyl,crossdimer,418,/home/rb1820/BLA-ML/CrossDimers/phenalenyl_olympicenyl/orca_418/str_418.xyz,1.16916,INCLUDED_NO_FILTER,retained in no-S2-filter workflow,3.15601082746979,3.359369686134234,5.0,-6.046406457957024,-6.013352039423615,0.033054418533408285,-0.033054418533408736,-0.03145375966680569
phenalenyl_olympicenyl_orca_419,phenalenyl_olympicenyl,crossdimer,419,/home/rb1820/BLA-ML/CrossDimers/phenalenyl_olympicenyl/orca_419/str_419.xyz,1.122101,INCLUDED_NO_FILTER,retained in no-S2-filter workflow,2.8630932212327265,3.119834988316293,12.0,-2.4624550733858586,-1.1449294766815472,1.3175255967043111,-1.3175255967043114,-1.2403519450173888
phenalenyl_olympicenyl_orca_420,phenalenyl_olympicenyl,crossdimer,420,/home/rb1820/BLA-ML/CrossDimers/phenalenyl_olympicenyl/orca_420/str_420.xyz,1.149881,INCLUDED_NO_FILTER,retained in no-S2-filter workflow,3.0658586285130545,3.167356809551423,13.0,-5.072892667015287,-4.547869838000509,0.5250228290147778,-0.5250228290147776,-0.5057079535417205
phenalenyl_olympicenyl_orca_421,phenalenyl_olympicenyl,crossdimer,421,/home/rb1820/BLA-ML/CrossDimers/phenalenyl_olympicenyl/orca_421/str_421.xyz,1.163033,INCLUDED_NO_FILTER,retained in no-S2-filter workflow,3.001143593754665,3.091367347629778,21.0,-1.786946646553862,-1.6265691450791342,0.1603775014747277,-0.16037750147472773,-0.16703294593479145
phenalenyl_olympicenyl_orca_422,phenalenyl_olympicenyl,crossdimer,422,/home/rb1820/BLA-ML/CrossDimers/phenalenyl_olympicenyl/orca_422/str_422.xyz,1.133562,INCLUDED_NO_FILTER,retained in no-S2-filter workflow,3.0721443348201354,3.247938640263642,9.0,-2.9227790689189903,-2.2656331707408386,0.6571458981781517,-0.6571458981781517,-0.7191899420467691
phenalenyl_olympicenyl_orca_423,phenalenyl_olympicenyl,crossdimer,423,/home/rb1820/BLA-ML/CrossDimers/phenalenyl_olympicenyl/orca_423/str_423.xyz,1.173048,INCLUDED_NO_FILTER,retained in no-S2-filter workflow,3.2911975772552777,3.4160561938570204,3.0,-5.872570060454902,-5.932898995134791,-0.0603289346798899,0.0603289346798892,0.0664192534224588
phenalenyl_olympicenyl_orca_424,phenalenyl_olympicenyl,crossdimer,424,/home/rb1820/BLA-ML/CrossDimers/phenalenyl_olympicenyl/orca_424/str_424.xyz,1.171105,INCLUDED_NO_FILTER,retained in no-S2-filter workflow,3.0514521275645383,3.3081618586698425,8.0,-2.836632348809305,-3.190185310395964,-0.3535529615866593,0.3535529615866593,0.36723161416594996
phenalenyl_olympicenyl_orca_425,phenalenyl_olympicenyl,crossdimer,425,/home/rb1820/BLA-ML/CrossDimers/phenalenyl_olympicenyl/orca_425/str_425.xyz,1.149207,INCLUDED_NO_FILTER,retained in no-S2-filter workflow,3.059723390743935,3.1593669661653885,12.0,-4.882929732080111,-4.355533930314968,0.5273958017651441,-0.5273958017651434,-0.5159066326764061
phenalenyl_olympicenyl_orca_426,phenalenyl_olympicenyl,crossdimer,426,/home/rb1820/BLA-ML/CrossDimers/phenalenyl_olympicenyl/orca_426/str_426.xyz,1.169921,INCLUDED_NO_FILTER,retained in no-S2-filter workflow,3.02757339289274,3.2879152929225164,9.0,-4.232932923368408,-4.613119806739573,-0.38018688337116474,0.3801868833711648,0.38507179827498295
phenalenyl_olympicenyl_orca_427,phenalenyl_olympicenyl,crossdimer,427,/home/rb1820/BLA-ML/CrossDimers/phenalenyl_olympicenyl/orca_427/str_427.xyz,1.171766,INCLUDED_NO_FILTER,retained in no-S2-filter workflow,3.1756139763031057,3.29263717699562,10.0,-4.7030297639544365,-4.896568469878666,-0.1935387059242297,0.1935387059242295,0.2113841022428744
phenalenyl_olympicenyl_orca_428,phenalenyl_olympicenyl,crossdimer,428,/home/rb1820/BLA-ML/CrossDimers/phenalenyl_olympicenyl/orca_428/str_428.xyz,1.120609,INCLUDED_NO_FILTER,retained in no-S2-filter workflow,2.7079459840748323,3.088240875318994,11.0,0.19303738922715655,1.7627749251987235,1.569737535971567,-1.5697375359715668,-1.4617284050684236
phenalenyl_olympicenyl_orca_429,phenalenyl_olympicenyl,crossdimer,429,/home/rb1820/BLA-ML/CrossDimers/phenalenyl_olympicenyl/orca_429/str_429.xyz,1.168012,INCLUDED_NO_FILTER,retained in no-S2-filter workflow,3.027255786805135,3.1721943145832205,17.0,-3.520825019696618,-3.8722135763224586,-0.35138855662584045,0.35138855662584056,0.3384568360806792
phenalenyl_olympicenyl_orca_430,phenalenyl_olympicenyl,crossdimer,430,/home/rb1820/BLA-ML/CrossDimers/phenalenyl_olympicenyl/orca_430/str_430.xyz,1.16782,INCLUDED_NO_FILTER,retained in no-S2-filter workflow,2.8886595295017856,3.2228052588442493,7.0,-2.299810468648771,-2.2649440593375916,0.03486640931117911,-0.034866409311179236,0.02880508591492914
phenalenyl_olympicenyl_orca_431,phenalenyl_olympicenyl,crossdimer,431,/home/rb1820/BLA-ML/CrossDimers/phenalenyl_olympicenyl/orca_431/str_431.xyz,1.170774,INCLUDED_NO_FILTER,retained in no-S2-filter workflow,3.158117512757366,3.384684787748641,5.0,-5.85950202764131,-5.843811284365936,0.015690743275373318,-0.015690743275373897,-0.008446893624225016
phenalenyl_olympicenyl_orca_432,phenalenyl_olympicenyl,crossdimer,432,/home/rb1820/BLA-ML/CrossDimers/phenalenyl_olympicenyl/orca_432/str_432.xyz,1.167322,INCLUDED_NO_FILTER,retained in no-S2-filter workflow,2.8224653566214046,3.1587602273684725,12.0,-2.687341117321904,-2.326359717928355,0.3609813993935488,-0.3609813993935491,-0.3016215896383149
phenalenyl_olympicenyl_orca_433,phenalenyl_olympicenyl,crossdimer,433,/home/rb1820/BLA-ML/CrossDimers/phenalenyl_olympicenyl/orca_433/str_433.xyz,1.154014,INCLUDED_NO_FILTER,retained in no-S2-filter workflow,2.773931326237992,3.116037483079824,13.0,-0.2373481782437562,0.7782728671435312,1.0156210453872874,-1.0156210453872874,-0.8922013265377748
phenalenyl_olympicenyl_orca_434,phenalenyl_olympicenyl,crossdimer,434,/home/rb1820/BLA-ML/CrossDimers/phenalenyl_olympicenyl/orca_434/str_434.xyz,1.169664,INCLUDED_NO_FILTER,retained in no-S2-filter workflow,3.1323795259024148,3.3390248512535194,7.0,-5.031257488604781,-5.083860213551291,-0.05260272494650962,0.05260272494651019,-0.02011974733282651
phenalenyl_olympicenyl_orca_435,phenalenyl_olympicenyl,crossdimer,435,/home/rb1820/BLA-ML/CrossDimers/phenalenyl_olympicenyl/orca_435/str_435.xyz,1.172588,INCLUDED_NO_FILTER,retained in no-S2-filter workflow,3.0228331956425363,3.2280666844100288,11.0,-4.7243774580119124,-4.881943510638884,-0.15756605262697101,0.15756605262697132,0.1814810723001148
phenalenyl_olympicenyl_orca_436,phenalenyl_olympicenyl,crossdimer,436,/home/rb1820/BLA-ML/CrossDimers/phenalenyl_olympicenyl/orca_436/str_436.xyz,1.157744,INCLUDED_NO_FILTER,retained in no-S2-filter workflow,2.801312605284056,3.1033712089953083,12.0,-1.2474246101248385,-0.6434308754103348,0.6039937347145038,-0.6039937347145037,-0.5069208967981006
phenalenyl_olympicenyl_orca_437,phenalenyl_olympicenyl,crossdimer,437,/home/rb1820/BLA-ML/CrossDimers/phenalenyl_olympicenyl/orca_437/str_437.xyz,1.17329,INCLUDED_NO_FILTER,retained in no-S2-filter workflow,2.9527378863725744,3.2262814570904914,9.0,-1.5319727312876485,-1.6025386810619038,-0.07056594977425516,0.07056594977425523,0.05768921922822057
phenalenyl_olympicenyl_orca_438,phenalenyl_olympicenyl,crossdimer,438,/home/rb1820/BLA-ML/CrossDimers/phenalenyl_olympicenyl/orca_438/str_438.xyz,1.160525,INCLUDED_NO_FILTER,retained in no-S2-filter workflow,3.1277984632862483,3.3460238026959184,5.0,-3.541844125987919,-3.10529812916357,0.43654599682434936,-0.436545996824349,-0.4138233158343363
phenalenyl_olympicenyl_orca_439,phenalenyl_olympicenyl,crossdimer,439,/home/rb1820/BLA-ML/CrossDimers/phenalenyl_olympicenyl/orca_439/str_439.xyz,1.159151,INCLUDED_NO_FILTER,retained in no-S2-filter workflow,2.885674397964305,3.3348227368407777,5.0,-3.8887491963815206,-3.4126449245606647,0.4761042718208558,-0.4761042718208559,-0.509714096969503
phenalenyl_olympicenyl_orca_440,phenalenyl_olympicenyl,crossdimer,440,/home/rb1820/BLA-ML/CrossDimers/phenalenyl_olympicenyl/orca_440/str_440.xyz,1.171673,INCLUDED_NO_FILTER,retained in no-S2-filter workflow,3.186959371327343,3.3180777498438454,9.0,-5.458863817898849,-5.363251158838334,0.09561265906051622,-0.09561265906051553,-0.10170221803441946
phenalenyl_olympicenyl_orca_441,phenalenyl_olympicenyl,crossdimer,441,/home/rb1820/BLA-ML/CrossDimers/phenalenyl_olympicenyl/orca_441/str_441.xyz,1.177339,INCLUDED_NO_FILTER,retained in no-S2-filter workflow,3.1617727343887414,3.27240009258877,10.0,-3.382474144239691,-3.4281683437334713,-0.04569419949378038,0.045694199493780285,0.03413359264476723
phenalenyl_olympicenyl_orca_442,phenalenyl_olympicenyl,crossdimer,442,/home/rb1820/BLA-ML/CrossDimers/phenalenyl_olympicenyl/orca_442/str_442.xyz,1.173576,INCLUDED_NO_FILTER,retained in no-S2-filter workflow,3.002109286723502,3.211436260405232,15.0,-2.9121225937170547,-3.1072239369425523,-0.1951013432254976,0.19510134322549755,0.18092668310986193
phenalenyl_olympicenyl_orca_443,phenalenyl_olympicenyl,crossdimer,443,/home/rb1820/BLA-ML/CrossDimers/phenalenyl_olympicenyl/orca_443/str_443.xyz,1.169044,INCLUDED_NO_FILTER,retained in no-S2-filter workflow,3.036468203467575,3.223460263043318,10.0,-0.7989480839020926,-0.9598679481502713,-0.16091986424817867,0.16091986424817872,0.1332343142100304
phenalenyl_olympicenyl_orca_444,phenalenyl_olympicenyl,crossdimer,444,/home/rb1820/BLA-ML/CrossDimers/phenalenyl_olympicenyl/orca_444/str_444.xyz,1.165318,INCLUDED_NO_FILTER,retained in no-S2-filter workflow,3.0333964233553443,3.108058716466888,23.0,0.8161419261876421,0.4129827260767892,-0.40315920011085293,0.40315920011085293,0.3091313558862635
phenalenyl_olympicenyl_orca_445,phenalenyl_olympicenyl,crossdimer,445,/home/rb1820/BLA-ML/CrossDimers/phenalenyl_olympicenyl/orca_445/str_445.xyz,1.168741,INCLUDED_NO_FILTER,retained in no-S2-filter workflow,3.195489357208644,3.385856343268761,5.0,-4.629612421737727,-4.565019867661244,0.06459255407648337,-0.06459255407648357,-0.05357271294854904
phenalenyl_olympicenyl_orca_446,phenalenyl_olympicenyl,crossdimer,446,/home/rb1820/BLA-ML/CrossDimers/phenalenyl_olympicenyl/orca_446/str_446.xyz,1.172814,INCLUDED_NO_FILTER,retained in no-S2-filter workflow,3.158372683586309,3.23220225520122,12.0,-5.157585082381627,-5.378042773158217,-0.22045769077659016,0.22045769077659028,0.23026290714592557
phenalenyl_olympicenyl_orca_447,phenalenyl_olympicenyl,crossdimer,447,/home/rb1820/BLA-ML/CrossDimers/phenalenyl_olympicenyl/orca_447/str_447.xyz,1.165786,INCLUDED_NO_FILTER,retained in no-S2-filter workflow,2.8883341707918477,3.266469324790376,8.0,-3.695214677233843,-3.2679865549435414,0.4272281222903016,-0.4272281222903014,-0.4397393925362607
phenalenyl_olympicenyl_orca_448,phenalenyl_olympicenyl,crossdimer,448,/home/rb1820/BLA-ML/CrossDimers/phenalenyl_olympicenyl/orca_448/str_448.xyz,1.162306,INCLUDED_NO_FILTER,retained in no-S2-filter workflow,2.917887659649304,3.35166506214624,5.0,-3.9761568228053314,-3.606823368914737,0.36933345389059447,-0.3693334538905946,-0.40376260001341663
phenalenyl_olympicenyl_orca_449,phenalenyl_olympicenyl,crossdimer,449,/home/rb1820/BLA-ML/CrossDimers/phenalenyl_olympicenyl/orca_449/str_449.xyz,1.174221,INCLUDED_NO_FILTER,retained in no-S2-filter workflow,3.406057279382021,3.5627082702498014,0.0,-5.584426020154277,-5.548356948720305,0.03606907143397179,-0.03606907143397198,-0.03366782519186895
phenalenyl_olympicenyl_orca_450,phenalenyl_olympicenyl,crossdimer,450,/home/rb1820/BLA-ML/CrossDimers/phenalenyl_olympicenyl/orca_450/str_450.xyz,1.172456,INCLUDED_NO_FILTER,retained in no-S2-filter workflow,3.0725340328575865,3.373700064829944,6.0,-5.179967530188268,-5.259457385728706,-0.07948985554043815,0.07948985554043819,0.0719807454772805
phenalenyl_olympicenyl_orca_451,phenalenyl_olympicenyl,crossdimer,451,/home/rb1820/BLA-ML/CrossDimers/phenalenyl_olympicenyl/orca_451/str_451.xyz,1.162636,INCLUDED_NO_FILTER,retained in no-S2-filter workflow,2.877382415209225,3.107345601158099,16.0,-0.6173787464917695,-0.542636975354984,0.0747417711367855,-0.07474177113678548,-0.15991373020435296
phenalenyl_olympicenyl_orca_452,phenalenyl_olympicenyl,crossdimer,452,/home/rb1820/BLA-ML/CrossDimers/phenalenyl_olympicenyl/orca_452/str_452.xyz,1.172867,INCLUDED_NO_FILTER,retained in no-S2-filter workflow,3.1320333793437127,3.397150817363962,4.0,-5.3456797583110465,-5.397891159475504,-0.05221140116445865,0.05221140116445788,0.051916639239673046
phenalenyl_olympicenyl_orca_453,phenalenyl_olympicenyl,crossdimer,453,/home/rb1820/BLA-ML/CrossDimers/phenalenyl_olympicenyl/orca_453/str_453.xyz,1.169968,INCLUDED_NO_FILTER,retained in no-S2-filter workflow,3.032361538186559,3.2126784850449708,14.0,-3.957838308239241,-3.8804720226056855,0.07736628563355571,-0.07736628563355552,-0.04191466789857934
phenalenyl_olympicenyl_orca_454,phenalenyl_olympicenyl,crossdimer,454,/home/rb1820/BLA-ML/CrossDimers/phenalenyl_olympicenyl/orca_454/str_454.xyz,1.154403,INCLUDED_NO_FILTER,retained in no-S2-filter workflow,2.761244576611072,3.207549780212998,8.0,-1.1575919206531218,-0.38761167287255965,0.7699802477805622,-0.7699802477805622,-0.6698385240652112
phenalenyl_olympicenyl_orca_455,phenalenyl_olympicenyl,crossdimer,455,/home/rb1820/BLA-ML/CrossDimers/phenalenyl_olympicenyl/orca_455/str_455.xyz,1.174586,INCLUDED_NO_FILTER,retained in no-S2-filter workflow,3.242635425615639,3.425525379257196,4.0,-5.3423792711619,-5.233759907631317,0.10861936353058292,-0.10861936353058343,-0.11026240561029699
phenalenyl_olympicenyl_orca_456,phenalenyl_olympicenyl,crossdimer,456,/home/rb1820/BLA-ML/CrossDimers/phenalenyl_olympicenyl/orca_456/str_456.xyz,1.172041,INCLUDED_NO_FILTER,retained in no-S2-filter workflow,3.2266633840906134,3.439902349508867,4.0,-5.03623552383466,-5.09209678484018,-0.05586126100552124,0.05586126100552047,0.020500245634356595
phenalenyl_olympicenyl_orca_457,phenalenyl_olympicenyl,crossdimer,457,/home/rb1820/BLA-ML/CrossDimers/phenalenyl_olympicenyl/orca_457/str_457.xyz,1.170292,INCLUDED_NO_FILTER,retained in no-S2-filter workflow,3.2956761321075665,3.475108582388599,4.0,-4.842971774301722,-4.805647059701575,0.037324714600147156,-0.03732471460014697,-0.024705622797683624
phenalenyl_olympicenyl_orca_458,phenalenyl_olympicenyl,crossdimer,458,/home/rb1820/BLA-ML/CrossDimers/phenalenyl_olympicenyl/orca_458/str_458.xyz,1.172411,INCLUDED_NO_FILTER,retained in no-S2-filter workflow,3.241881337771148,3.4541142356025345,3.0,-4.921504047813083,-4.969452371190947,-0.04794832337786351,0.04794832337786392,0.011559259205492722
phenalenyl_olympicenyl_orca_459,phenalenyl_olympicenyl,crossdimer,459,/home/rb1820/BLA-ML/CrossDimers/phenalenyl_olympicenyl/orca_459/str_459.xyz,1.171851,INCLUDED_NO_FILTER,retained in no-S2-filter workflow,2.964375924757801,3.2771130817074003,7.0,-3.8711131662008706,-4.184165894697999,-0.31305272849712895,0.31305272849712873,0.3033031946181386
phenalenyl_olympicenyl_orca_460,phenalenyl_olympicenyl,crossdimer,460,/home/rb1820/BLA-ML/CrossDimers/phenalenyl_olympicenyl/orca_460/str_460.xyz,1.169361,INCLUDED_NO_FILTER,retained in no-S2-filter workflow,3.0745571666035536,3.34600555047921,6.0,-4.403095156922848,-4.555053361934876,-0.15195820501202764,0.15195820501202828,0.15955532006899653
phenalenyl_olympicenyl_orca_461,phenalenyl_olympicenyl,crossdimer,461,/home/rb1820/BLA-ML/CrossDimers/phenalenyl_olympicenyl/orca_461/str_461.xyz,1.047161,INCLUDED_NO_FILTER,retained in no-S2-filter workflow,2.5266996354829674,3.0920577419334685,8.0,3.6915521785896,6.8625969031834435,3.171044724593844,-3.1710447245938433,-3.0249654790352047
phenalenyl_olympicenyl_orca_462,phenalenyl_olympicenyl,crossdimer,462,/home/rb1820/BLA-ML/CrossDimers/phenalenyl_olympicenyl/orca_462/str_462.xyz,1.167888,INCLUDED_NO_FILTER,retained in no-S2-filter workflow,2.9514821670671574,3.3161441060860923,6.0,-3.6323216090112487,-3.3330019606106456,0.29931964840060316,-0.2993196484006031,-0.3184707853302813
phenalenyl_olympicenyl_orca_463,phenalenyl_olympicenyl,crossdimer,463,/home/rb1820/BLA-ML/CrossDimers/phenalenyl_olympicenyl/orca_463/str_463.xyz,1.174435,INCLUDED_NO_FILTER,retained in no-S2-filter workflow,3.1864061100403327,3.46377775786477,4.0,-4.755424979505226,-4.823189301607337,-0.06776432210211097,0.0677643221021107,0.06522285732359911
phenalenyl_olympicenyl_orca_464,phenalenyl_olympicenyl,crossdimer,464,/home/rb1820/BLA-ML/CrossDimers/phenalenyl_olympicenyl/orca_464/str_464.xyz,1.160648,INCLUDED_NO_FILTER,retained in no-S2-filter workflow,3.104654427751268,3.3239423661784984,6.0,-1.8837058314873858,-1.5881759329715979,0.295529898515788,-0.2955298985157879,-0.27525725642005816
phenalenyl_olympicenyl_orca_465,phenalenyl_olympicenyl,crossdimer,465,/home/rb1820/BLA-ML/CrossDimers/phenalenyl_olympicenyl/orca_465/str_465.xyz,1.174106,INCLUDED_NO_FILTER,retained in no-S2-filter workflow,3.270705601465598,3.369118526327962,6.0,-4.632338599684268,-4.712541934084109,-0.08020333439984002,0.08020333439984029,0.09022365894907214
phenalenyl_olympicenyl_orca_466,phenalenyl_olympicenyl,crossdimer,466,/home/rb1820/BLA-ML/CrossDimers/phenalenyl_olympicenyl/orca_466/str_466.xyz,1.098626,INCLUDED_NO_FILTER,retained in no-S2-filter workflow,2.680454559822917,3.176236480544889,7.0,0.4818639039256821,2.351424590553923,1.8695606866282408,-1.8695606866282408,-1.7582362866292158
phenalenyl_olympicenyl_orca_467,phenalenyl_olympicenyl,crossdimer,467,/home/rb1820/BLA-ML/CrossDimers/phenalenyl_olympicenyl/orca_467/str_467.xyz,1.174315,INCLUDED_NO_FILTER,retained in no-S2-filter workflow,3.2096995295014445,3.480241639491214,4.0,-4.60929223233058,-4.669271211331606,-0.05997897900102555,0.05997897900102611,0.06372294179627813
phenalenyl_olympicenyl_orca_468,phenalenyl_olympicenyl,crossdimer,468,/home/rb1820/BLA-ML/CrossDimers/phenalenyl_olympicenyl/orca_468/str_468.xyz,1.171737,INCLUDED_NO_FILTER,retained in no-S2-filter workflow,3.174317054565948,3.5501630341500103,3.0,-4.412917025527946,-4.306109378973873,0.10680764655407311,-0.10680764655407327,-0.12159903880151357
phenalenyl_olympicenyl_orca_469,phenalenyl_olympicenyl,crossdimer,469,/home/rb1820/BLA-ML/CrossDimers/phenalenyl_olympicenyl/orca_469/str_469.xyz,1.171412,INCLUDED_NO_FILTER,retained in no-S2-filter workflow,3.3367891598362576,3.526091488236193,3.0,-4.5156712876806715,-4.4865957586317835,0.02907552904888846,-0.029075529048887994,-0.01604927667739542
phenalenyl_olympicenyl_orca_470,phenalenyl_olympicenyl,crossdimer,470,/home/rb1820/BLA-ML/CrossDimers/phenalenyl_olympicenyl/orca_470/str_470.xyz,1.158222,INCLUDED_NO_FILTER,retained in no-S2-filter workflow,3.0908807795785527,3.30852929061461,6.0,-1.2523764349121684,-0.5718271906063775,0.6805492443057908,-0.6805492443057909,-0.6817485711955166
phenalenyl_olympicenyl_orca_471,phenalenyl_olympicenyl,crossdimer,471,/home/rb1820/BLA-ML/CrossDimers/phenalenyl_olympicenyl/orca_471/str_471.xyz,1.169311,INCLUDED_NO_FILTER,retained in no-S2-filter workflow,3.1811485846492285,3.427706520584721,5.0,-2.542948170989635,-2.6139268588293496,-0.0709786878397149,0.07097868783971473,0.048709095595442786
phenalenyl_olympicenyl_orca_472,phenalenyl_olympicenyl,crossdimer,472,/home/rb1820/BLA-ML/CrossDimers/phenalenyl_olympicenyl/orca_472/str_472.xyz,1.160868,INCLUDED_NO_FILTER,retained in no-S2-filter workflow,2.951724127210756,3.1419508893977315,14.0,-0.696811708869609,-0.5227749884344636,0.17403672043514537,-0.1740367204351454,-0.10718472357655351
phenalenyl_olympicenyl_orca_473,phenalenyl_olympicenyl,crossdimer,473,/home/rb1820/BLA-ML/CrossDimers/phenalenyl_olympicenyl/orca_473/str_473.xyz,1.171571,INCLUDED_NO_FILTER,retained in no-S2-filter workflow,3.322609679125089,3.5197011676595453,3.0,-4.312897267648072,-4.289913159904627,0.022984107743445354,-0.022984107743445392,-0.01406757812386683
phenalenyl_olympicenyl_orca_474,phenalenyl_olympicenyl,crossdimer,474,/home/rb1820/BLA-ML/CrossDimers/phenalenyl_olympicenyl/orca_474/str_474.xyz,1.15555,INCLUDED_NO_FILTER,retained in no-S2-filter workflow,3.010902960385083,3.450840286829165,3.0,-1.9721263302454641,-1.5390522317166637,0.43307409852880036,-0.4330740985288004,-0.4520537354330274
phenalenyl_olympicenyl_orca_475,phenalenyl_olympicenyl,crossdimer,475,/home/rb1820/BLA-ML/CrossDimers/phenalenyl_olympicenyl/orca_475/str_475.xyz,1.169891,INCLUDED_NO_FILTER,retained in no-S2-filter workflow,3.182805174509535,3.4384325974622145,5.0,-2.5021764864217757,-2.575346736768959,-0.07317025034718352,0.07317025034718316,0.057668631204458976
phenalenyl_olympicenyl_orca_476,phenalenyl_olympicenyl,crossdimer,476,/home/rb1820/BLA-ML/CrossDimers/phenalenyl_olympicenyl/orca_476/str_476.xyz,1.167092,INCLUDED_NO_FILTER,retained in no-S2-filter workflow,2.9720330792327934,3.341821891569171,7.0,-1.8483034876685263,-1.9704618607050077,-0.1221583730364814,0.12215837303648147,0.10247385271208653
phenalenyl_olympicenyl_orca_477,phenalenyl_olympicenyl,crossdimer,477,/home/rb1820/BLA-ML/CrossDimers/phenalenyl_olympicenyl/orca_477/str_477.xyz,1.173746,INCLUDED_NO_FILTER,retained in no-S2-filter workflow,3.3067630733423745,3.647866232761146,1.0,-4.013581245580377,-3.9646894103337043,0.04889183524667291,-0.04889183524667251,-0.0632877857948152
phenalenyl_olympicenyl_orca_478,phenalenyl_olympicenyl,crossdimer,478,/home/rb1820/BLA-ML/CrossDimers/phenalenyl_olympicenyl/orca_478/str_478.xyz,1.160956,INCLUDED_NO_FILTER,retained in no-S2-filter workflow,3.0929733683899747,3.31392902142053,7.0,-0.8487937260305964,-0.26848784520439134,0.580305880826205,-0.5803058808262052,-0.5781610756256026
phenalenyl_olympicenyl_orca_479,phenalenyl_olympicenyl,crossdimer,479,/home/rb1820/BLA-ML/CrossDimers/phenalenyl_olympicenyl/orca_479/str_479.xyz,1.164981,INCLUDED_NO_FILTER,retained in no-S2-filter workflow,3.1410911908062573,3.4500807495482717,3.0,-2.749555669065816,-2.7124578152898566,0.037097853775959054,-0.03709785377595942,-0.03292250348075143
phenalenyl_olympicenyl_orca_480,phenalenyl_olympicenyl,crossdimer,480,/home/rb1820/BLA-ML/CrossDimers/phenalenyl_olympicenyl/orca_480/str_480.xyz,1.172049,INCLUDED_NO_FILTER,retained in no-S2-filter workflow,3.236821822327256,3.5559803060478288,2.0,-3.316979416720325,-3.2895540473506775,0.027425369369647196,-0.027425369369647346,-0.017250014668338087
phenalenyl_olympicenyl_orca_481,phenalenyl_olympicenyl,crossdimer,481,/home/rb1820/BLA-ML/CrossDimers/phenalenyl_olympicenyl/orca_481/str_481.xyz,1.158836,INCLUDED_NO_FILTER,retained in no-S2-filter workflow,2.980164788589396,3.4144041340457094,4.0,-0.5596573754566367,-0.23251907306497635,0.3271383023916604,-0.3271383023916604,-0.3384109470324913
phenalenyl_olympicenyl_orca_482,phenalenyl_olympicenyl,crossdimer,482,/home/rb1820/BLA-ML/CrossDimers/phenalenyl_olympicenyl/orca_482/str_482.xyz,1.161538,INCLUDED_NO_FILTER,retained in no-S2-filter workflow,3.0920372796395945,3.303009614599836,7.0,-0.13674260194881335,0.42051432888867185,0.5572569308374853,-0.5572569308374852,-0.5668698238002366
phenalenyl_olympicenyl_orca_483,phenalenyl_olympicenyl,crossdimer,483,/home/rb1820/BLA-ML/CrossDimers/phenalenyl_olympicenyl/orca_483/str_483.xyz,1.172522,INCLUDED_NO_FILTER,retained in no-S2-filter workflow,3.151565781997065,3.4365631492907966,5.0,-1.6853256000229526,-1.8738332298913636,-0.18850762986841113,0.18850762986841096,0.19638708225451995
phenalenyl_olympicenyl_orca_484,phenalenyl_olympicenyl,crossdimer,484,/home/rb1820/BLA-ML/CrossDimers/phenalenyl_olympicenyl/orca_484/str_484.xyz,1.173751,INCLUDED_NO_FILTER,retained in no-S2-filter workflow,3.292782264760308,3.648130101296184,1.0,-3.224252170372651,-3.179311165474391,0.044941004898260035,-0.04494100489826014,-0.05319438748198824
phenalenyl_olympicenyl_orca_485,phenalenyl_olympicenyl,crossdimer,485,/home/rb1820/BLA-ML/CrossDimers/phenalenyl_olympicenyl/orca_485/str_485.xyz,1.174567,INCLUDED_NO_FILTER,retained in no-S2-filter workflow,3.2335316266817564,3.487049586854277,3.0,-3.271137060353681,-3.1060965804394356,0.16504047991424572,-0.16504047991424553,-0.16002474529030342
phenalenyl_olympicenyl_orca_486,phenalenyl_olympicenyl,crossdimer,486,/home/rb1820/BLA-ML/CrossDimers/phenalenyl_olympicenyl/orca_486/str_486.xyz,1.140228,INCLUDED_NO_FILTER,retained in no-S2-filter workflow,2.9743889049824284,3.273602767241464,7.0,-0.4997710477204681,0.11438413936092288,0.6141551870813909,-0.6141551870813909,-0.5890553230874124
phenalenyl_olympicenyl_orca_487,phenalenyl_olympicenyl,crossdimer,487,/home/rb1820/BLA-ML/CrossDimers/phenalenyl_olympicenyl/orca_487/str_487.xyz,1.161837,INCLUDED_NO_FILTER,retained in no-S2-filter workflow,3.0823423758058826,3.294866899408074,7.0,0.204120105790614,0.7464829070640056,0.5423628012733916,-0.5423628012733915,-0.5449385503146794
phenalenyl_olympicenyl_orca_488,phenalenyl_olympicenyl,crossdimer,488,/home/rb1820/BLA-ML/CrossDimers/phenalenyl_olympicenyl/orca_488/str_488.xyz,1.15355,INCLUDED_NO_FILTER,retained in no-S2-filter workflow,3.1348023428761653,3.516249297753247,3.0,-3.5489684280935165,-2.9974254141097707,0.5515430139837457,-0.5515430139837458,-0.5362232308308257
phenalenyl_olympicenyl_orca_489,phenalenyl_olympicenyl,crossdimer,489,/home/rb1820/BLA-ML/CrossDimers/phenalenyl_olympicenyl/orca_489/str_489.xyz,1.160045,INCLUDED_NO_FILTER,retained in no-S2-filter workflow,2.989425521300826,3.413372294678096,4.0,-0.19261229928625803,0.10401054865912257,0.29662284794538063,-0.29662284794538063,-0.30645209262990025
phenalenyl_olympicenyl_orca_490,phenalenyl_olympicenyl,crossdimer,490,/home/rb1820/BLA-ML/CrossDimers/phenalenyl_olympicenyl/orca_490/str_490.xyz,1.172,INCLUDED_NO_FILTER,retained in no-S2-filter workflow,3.095432255054856,3.3902716750218835,6.0,-0.8803775422964075,-1.1101023657700153,-0.22972482347360765,0.2297248234736078,0.2282980440625988
phenalenyl_olympicenyl_orca_491,phenalenyl_olympicenyl,crossdimer,491,/home/rb1820/BLA-ML/CrossDimers/phenalenyl_olympicenyl/orca_491/str_491.xyz,1.16123,INCLUDED_NO_FILTER,retained in no-S2-filter workflow,2.9310934457858595,3.4155660807989507,5.0,-1.5834218503370892,-1.1067987028686714,0.47662314746841755,-0.4766231474684177,-0.4534592369681689
phenalenyl_olympicenyl_orca_492,phenalenyl_olympicenyl,crossdimer,492,/home/rb1820/BLA-ML/CrossDimers/phenalenyl_olympicenyl/orca_492/str_492.xyz,1.170841,INCLUDED_NO_FILTER,retained in no-S2-filter workflow,3.111274068879749,3.367130794747532,6.0,-1.0579716948859639,-1.364608668575258,-0.3066369736892942,0.3066369736892942,0.31305161638496015
phenalenyl_olympicenyl_orca_493,phenalenyl_olympicenyl,crossdimer,493,/home/rb1820/BLA-ML/CrossDimers/phenalenyl_olympicenyl/orca_493/str_493.xyz,1.174627,INCLUDED_NO_FILTER,retained in no-S2-filter workflow,3.398878438379976,3.637003724613115,1.0,-3.529768892123701,-3.5416953408988223,-0.011926448775121511,0.01192644877512139,0.010062497567310258
phenalenyl_olympicenyl_orca_494,phenalenyl_olympicenyl,crossdimer,494,/home/rb1820/BLA-ML/CrossDimers/phenalenyl_olympicenyl/orca_494/str_494.xyz,1.175391,INCLUDED_NO_FILTER,retained in no-S2-filter workflow,3.4444796678053557,3.680155838035867,0.0,-4.072695968261456,-4.095644213033479,-0.0229482447720226,0.02294824477202262,0.02627436364088709
phenalenyl_olympicenyl_orca_495,phenalenyl_olympicenyl,crossdimer,495,/home/rb1820/BLA-ML/CrossDimers/phenalenyl_olympicenyl/orca_495/str_495.xyz,1.174841,INCLUDED_NO_FILTER,retained in no-S2-filter workflow,3.340562430269536,3.5449970940895428,2.0,-3.783620378738779,-3.7857310193477614,-0.0021106406089823147,0.0021106406089823615,-0.009139811477778204
phenalenyl_olympicenyl_orca_496,phenalenyl_olympicenyl,crossdimer,496,/home/rb1820/BLA-ML/CrossDimers/phenalenyl_olympicenyl/orca_496/str_496.xyz,1.156946,INCLUDED_NO_FILTER,retained in no-S2-filter workflow,3.151457478421284,3.544224570489907,3.0,-3.51683044934707,-3.0659961842252543,0.4508342651218156,-0.45083426512181557,-0.43705807294639865
phenalenyl_olympicenyl_orca_497,phenalenyl_olympicenyl,crossdimer,497,/home/rb1820/BLA-ML/CrossDimers/phenalenyl_olympicenyl/orca_497/str_497.xyz,1.174647,INCLUDED_NO_FILTER,retained in no-S2-filter workflow,3.61407239183776,3.824041002681149,0.0,-3.620147381794601,-3.6190354223677117,0.0011119594268891805,-0.001111959426889353,0.001309427172888622
phenalenyl_olympicenyl_orca_498,phenalenyl_olympicenyl,crossdimer,498,/home/rb1820/BLA-ML/CrossDimers/phenalenyl_olympicenyl/orca_498/str_498.xyz,1.174946,INCLUDED_NO_FILTER,retained in no-S2-filter workflow,3.275497156703621,3.623639593152036,2.0,-3.519175444716474,-3.532553436537594,-0.013377991821120361,0.013377991821120094,0.010207678596904857
phenalenyl_olympicenyl_orca_499,phenalenyl_olympicenyl,crossdimer,499,/home/rb1820/BLA-ML/CrossDimers/phenalenyl_olympicenyl/orca_499/str_499.xyz,1.174579,INCLUDED_NO_FILTER,retained in no-S2-filter workflow,3.5645207570782063,3.7156939376927625,0.0,-4.642200703520218,-4.662302434334786,-0.02010173081456881,0.02010173081456834,0.02258446272904635
phenalenyl_olympicenyl_orca_500,phenalenyl_olympicenyl,crossdimer,500,/home/rb1820/BLA-ML/CrossDimers/phenalenyl_olympicenyl/orca_500/str_500.xyz,1.173882,INCLUDED_NO_FILTER,retained in no-S2-filter workflow,3.604835769206803,3.711406090657704,0.0,-4.0302908414433025,-4.02523056367686,0.005060277766442562,-0.005060277766442134,0.0042487136613260645
phenalenyl_olympicenyl_orca_501,phenalenyl_olympicenyl,crossdimer,501,/home/rb1820/BLA-ML/CrossDimers/phenalenyl_olympicenyl/orca_501/str_501.xyz,1.174776,INCLUDED_NO_FILTER,retained in no-S2-filter workflow,3.336442218928128,3.549886717080516,2.0,-3.595574386214502,-3.6050562100615253,-0.00948182384702282,0.009481823847023119,-0.005015116075856835
phenalenyl_olympicenyl_orca_502,phenalenyl_olympicenyl,crossdimer,502,/home/rb1820/BLA-ML/CrossDimers/phenalenyl_olympicenyl/orca_502/str_502.xyz,1.157418,INCLUDED_NO_FILTER,retained in no-S2-filter workflow,3.1132171347614745,3.339743195646622,7.0,-1.5298289317622193,-1.2536176981616731,0.2762112336005464,-0.2762112336005462,-0.2460635206084405
phenalenyl_olympicenyl_orca_503,phenalenyl_olympicenyl,crossdimer,503,/home/rb1820/BLA-ML/CrossDimers/phenalenyl_olympicenyl/orca_503/str_503.xyz,1.171291,INCLUDED_NO_FILTER,retained in no-S2-filter workflow,3.626750147735005,3.829335786013414,0.0,-3.7779769432377863,-3.6826892166466725,0.09528772659111381,-0.09528772659111384,-0.07002049839635704
phenalenyl_olympicenyl_orca_504,phenalenyl_olympicenyl,crossdimer,504,/home/rb1820/BLA-ML/CrossDimers/phenalenyl_olympicenyl/orca_504/str_504.xyz,1.17327,INCLUDED_NO_FILTER,retained in no-S2-filter workflow,3.310350918110561,3.5575687142741037,3.0,-3.739570730350103,-3.699204306604929,0.04036642374517423,-0.040366423745174185,-0.04917144236443072
phenalenyl_olympicenyl_orca_505,phenalenyl_olympicenyl,crossdimer,505,/home/rb1820/BLA-ML/CrossDimers/phenalenyl_olympicenyl/orca_505/str_505.xyz,1.170477,INCLUDED_NO_FILTER,retained in no-S2-filter workflow,3.193056601694686,3.539272588898399,4.0,-2.6964186675431803,-2.507445788265641,0.1889728792775395,-0.18897287927753936,-0.19328168848688865
phenalenyl_olympicenyl_orca_506,phenalenyl_olympicenyl,crossdimer,506,/home/rb1820/BLA-ML/CrossDimers/phenalenyl_olympicenyl/orca_506/str_506.xyz,1.174742,INCLUDED_NO_FILTER,retained in no-S2-filter workflow,3.3206121177586927,3.5958742858837587,3.0,-3.1257430568036755,-3.1518324867566703,-0.02608942995299466,0.02608942995299479,0.019217862460889634
phenalenyl_olympicenyl_orca_507,phenalenyl_olympicenyl,crossdimer,507,/home/rb1820/BLA-ML/CrossDimers/phenalenyl_olympicenyl/orca_507/str_507.xyz,1.171399,INCLUDED_NO_FILTER,retained in no-S2-filter workflow,3.557010734467292,3.746893968287296,0.0,-3.852375385713514,-3.7662182163546616,0.08615716935885225,-0.08615716935885231,-0.07548773258616137
phenalenyl_olympicenyl_orca_508,phenalenyl_olympicenyl,crossdimer,508,/home/rb1820/BLA-ML/CrossDimers/phenalenyl_olympicenyl/orca_508/str_508.xyz,1.176461,INCLUDED_NO_FILTER,retained in no-S2-filter workflow,3.345926875424825,3.689683703282834,1.0,-3.032365689978865,-2.983217145575538,0.04914854440332705,-0.049148544403327055,-0.04873876339159389
phenalenyl_olympicenyl_orca_509,phenalenyl_olympicenyl,crossdimer,509,/home/rb1820/BLA-ML/CrossDimers/phenalenyl_olympicenyl/orca_509/str_509.xyz,1.174875,INCLUDED_NO_FILTER,retained in no-S2-filter workflow,3.453991789139539,3.8797462713543895,0.0,-4.074671588322901,-4.055226725139107,0.01944486318379397,-0.019444863183793792,-0.02108115956054757
phenalenyl_olympicenyl_orca_510,phenalenyl_olympicenyl,crossdimer,510,/home/rb1820/BLA-ML/CrossDimers/phenalenyl_olympicenyl/orca_510/str_510.xyz,1.173993,INCLUDED_NO_FILTER,retained in no-S2-filter workflow,3.2493254787211936,3.524885611111396,2.0,-3.009099078260539,-3.0082320785061754,0.0008669997543637718,-0.000866999754363551,-0.012475430241372376
phenalenyl_olympicenyl_orca_511,phenalenyl_olympicenyl,crossdimer,511,/home/rb1820/BLA-ML/CrossDimers/phenalenyl_olympicenyl/orca_511/str_511.xyz,1.17363,INCLUDED_NO_FILTER,retained in no-S2-filter workflow,3.4230500074288805,3.642908980197356,0.0,-2.8016442434696938,-2.7644714469071006,0.03717279656259339,-0.0371727965625932,-0.031038517160361767
phenalenyl_olympicenyl_orca_512,phenalenyl_olympicenyl,crossdimer,512,/home/rb1820/BLA-ML/CrossDimers/phenalenyl_olympicenyl/orca_512/str_512.xyz,1.172066,INCLUDED_NO_FILTER,retained in no-S2-filter workflow,3.0692476870634917,3.3752108489930377,6.0,-0.20132042397651967,-0.43833591670932986,-0.23701549273281022,0.2370154927328102,0.23546500456008046
phenalenyl_olympicenyl_orca_513,phenalenyl_olympicenyl,crossdimer,513,/home/rb1820/BLA-ML/CrossDimers/phenalenyl_olympicenyl/orca_513/str_513.xyz,1.164391,INCLUDED_NO_FILTER,retained in no-S2-filter workflow,3.174311282600238,3.623728741896432,2.0,-3.2640345798804242,-3.040506720607725,0.22352785927269925,-0.22352785927269903,-0.22119952509287177
phenalenyl_olympicenyl_orca_514,phenalenyl_olympicenyl,crossdimer,514,/home/rb1820/BLA-ML/CrossDimers/phenalenyl_olympicenyl/orca_514/str_514.xyz,1.174446,INCLUDED_NO_FILTER,retained in no-S2-filter workflow,3.4145811929018084,3.710413319319255,0.0,-3.1946540695731955,-3.2186767581482583,-0.024022688575062612,0.024022688575062734,0.028622587668986288
phenalenyl_olympicenyl_orca_515,phenalenyl_olympicenyl,crossdimer,515,/home/rb1820/BLA-ML/CrossDimers/phenalenyl_olympicenyl/orca_515/str_515.xyz,1.173697,INCLUDED_NO_FILTER,retained in no-S2-filter workflow,3.622359206930269,3.829406693432577,0.0,-3.922033550759845,-3.8805220872875386,0.041511463472306644,-0.04151146347230661,-0.033372726279652376
phenalenyl_olympicenyl_orca_516,phenalenyl_olympicenyl,crossdimer,516,/home/rb1820/BLA-ML/CrossDimers/phenalenyl_olympicenyl/orca_516/str_516.xyz,1.175052,INCLUDED_NO_FILTER,retained in no-S2-filter workflow,3.430761103065048,3.817649861003903,0.0,-3.442774008901799,-3.428023032025249,0.014750976876549754,-0.014750976876549693,-0.018634666373418263
phenalenyl_olympicenyl_orca_517,phenalenyl_olympicenyl,crossdimer,517,/home/rb1820/BLA-ML/CrossDimers/phenalenyl_olympicenyl/orca_517/str_517.xyz,1.17013,INCLUDED_NO_FILTER,retained in no-S2-filter workflow,3.167745060355247,3.5141420009322424,4.0,-3.4347825025826366,-3.146803967796318,0.2879785347863187,-0.28797853478631863,-0.28599282532880954
phenalenyl_olympicenyl_orca_518,phenalenyl_olympicenyl,crossdimer,518,/home/rb1820/BLA-ML/CrossDimers/phenalenyl_olympicenyl/orca_518/str_518.xyz,1.174816,INCLUDED_NO_FILTER,retained in no-S2-filter workflow,3.419004915743177,3.7531005554722734,0.0,-3.70872799336638,-3.6541799094616305,0.054548083904749606,-0.05454808390474941,-0.05358098578493564
phenalenyl_olympicenyl_orca_519,phenalenyl_olympicenyl,crossdimer,519,/home/rb1820/BLA-ML/CrossDimers/phenalenyl_olympicenyl/orca_519/str_519.xyz,1.175634,INCLUDED_NO_FILTER,retained in no-S2-filter workflow,3.527076140889884,3.804600074416313,0.0,-3.1924255513148054,-3.1789520876049986,0.01347346370980686,-0.013473463709806843,-0.020162315643255546
phenalenyl_olympicenyl_orca_520,phenalenyl_olympicenyl,crossdimer,520,/home/rb1820/BLA-ML/CrossDimers/phenalenyl_olympicenyl/orca_520/str_520.xyz,1.172965,INCLUDED_NO_FILTER,retained in no-S2-filter workflow,3.547441870830716,3.8750903405986543,0.0,-3.566874702687009,-3.5279785536181367,0.03889614906887216,-0.03889614906887218,-0.018617807023801447
phenalenyl_olympicenyl_orca_521,phenalenyl_olympicenyl,crossdimer,521,/home/rb1820/BLA-ML/CrossDimers/phenalenyl_olympicenyl/orca_521/str_521.xyz,1.173666,INCLUDED_NO_FILTER,retained in no-S2-filter workflow,3.235201069081538,3.521880014643101,2.0,-2.7642286151512017,-2.7557515513308397,0.008477063820361999,-0.008477063820361952,-0.01832445240563918
phenalenyl_olympicenyl_orca_522,phenalenyl_olympicenyl,crossdimer,522,/home/rb1820/BLA-ML/CrossDimers/phenalenyl_olympicenyl/orca_522/str_522.xyz,1.168821,INCLUDED_NO_FILTER,retained in no-S2-filter workflow,3.201461170559679,3.6428254230184094,2.0,-3.0074126785089197,-2.9070383765318635,0.10037430197705652,-0.10037430197705621,-0.10464761587947269
phenalenyl_olympicenyl_orca_523,phenalenyl_olympicenyl,crossdimer,523,/home/rb1820/BLA-ML/CrossDimers/phenalenyl_olympicenyl/orca_523/str_523.xyz,1.164434,INCLUDED_NO_FILTER,retained in no-S2-filter workflow,3.2486132224483755,3.532014442091922,2.0,-3.4251586062718045,-3.141264213085393,0.28389439318641174,-0.2838943931864115,-0.23330065446521608
phenalenyl_olympicenyl_orca_524,phenalenyl_olympicenyl,crossdimer,524,/home/rb1820/BLA-ML/CrossDimers/phenalenyl_olympicenyl/orca_524/str_524.xyz,1.175525,INCLUDED_NO_FILTER,retained in no-S2-filter workflow,3.387522001723883,3.7094866700450657,1.0,-3.1061622311046917,-3.1098803791775094,-0.003718148072817518,0.003718148072817673,0.002672400501879668
phenalenyl_olympicenyl_orca_525,phenalenyl_olympicenyl,crossdimer,525,/home/rb1820/BLA-ML/CrossDimers/phenalenyl_olympicenyl/orca_525/str_525.xyz,1.173107,INCLUDED_NO_FILTER,retained in no-S2-filter workflow,3.5398628626749846,3.70178597848214,0.0,-4.089931132136794,-4.046503575337124,0.04342755679966995,-0.04342755679966981,-0.028381181728106775
phenalenyl_olympicenyl_orca_526,phenalenyl_olympicenyl,crossdimer,526,/home/rb1820/BLA-ML/CrossDimers/phenalenyl_olympicenyl/orca_526/str_526.xyz,1.175248,INCLUDED_NO_FILTER,retained in no-S2-filter workflow,3.467606565433744,3.722482327894736,0.0,-3.775065747834444,-3.7770662719682724,-0.0020005241338287975,0.002000524133828563,-0.0002322987826977041
phenalenyl_olympicenyl_orca_527,phenalenyl_olympicenyl,crossdimer,527,/home/rb1820/BLA-ML/CrossDimers/phenalenyl_olympicenyl/orca_527/str_527.xyz,1.169418,INCLUDED_NO_FILTER,retained in no-S2-filter workflow,3.216529250839532,3.66530578368132,2.0,-2.9074991115731446,-2.8267262250357565,0.08077288653738797,-0.08077288653738801,-0.07378950085569569
phenalenyl_olympicenyl_orca_528,phenalenyl_olympicenyl,crossdimer,528,/home/rb1820/BLA-ML/CrossDimers/phenalenyl_olympicenyl/orca_528/str_528.xyz,1.17538,INCLUDED_NO_FILTER,retained in no-S2-filter workflow,3.4379749603590857,3.650137723479742,0.0,-3.353024945811582,-3.336693612026569,0.016331333785012826,-0.016331333785013058,-0.013215657733373298
phenalenyl_olympicenyl_orca_529,phenalenyl_olympicenyl,crossdimer,529,/home/rb1820/BLA-ML/CrossDimers/phenalenyl_olympicenyl/orca_529/str_529.xyz,1.175714,INCLUDED_NO_FILTER,retained in no-S2-filter workflow,3.4927974872189425,3.8338988163953145,0.0,-2.959896439345856,-2.9747244889231745,-0.014828049577318729,0.014828049577318758,0.02141123323689076
phenalenyl_olympicenyl_orca_530,phenalenyl_olympicenyl,crossdimer,530,/home/rb1820/BLA-ML/CrossDimers/phenalenyl_olympicenyl/orca_530/str_530.xyz,1.175129,INCLUDED_NO_FILTER,retained in no-S2-filter workflow,3.338477079858994,3.70515697395991,2.0,-3.4628015310138855,-3.520628880258526,-0.05782734924464049,0.05782734924464039,0.04787704436150042
phenalenyl_olympicenyl_orca_531,phenalenyl_olympicenyl,crossdimer,531,/home/rb1820/BLA-ML/CrossDimers/phenalenyl_olympicenyl/orca_531/str_531.xyz,1.175303,INCLUDED_NO_FILTER,retained in no-S2-filter workflow,3.530264552310648,3.801689270742334,0.0,-3.6242777488661835,-3.6226162587514343,0.001661490114749047,-0.0016614901147491423,-0.0011528832520486532
phenalenyl_olympicenyl_orca_532,phenalenyl_olympicenyl,crossdimer,532,/home/rb1820/BLA-ML/CrossDimers/phenalenyl_olympicenyl/orca_532/str_532.xyz,1.162156,INCLUDED_NO_FILTER,retained in no-S2-filter workflow,2.938752226317959,3.4197081832700773,4.0,-1.404620268429465,-0.9858242844374535,0.4187959839920115,-0.41879598399201157,-0.39745545637717494
phenalenyl_olympicenyl_orca_533,phenalenyl_olympicenyl,crossdimer,533,/home/rb1820/BLA-ML/CrossDimers/phenalenyl_olympicenyl/orca_533/str_533.xyz,1.173923,INCLUDED_NO_FILTER,retained in no-S2-filter workflow,3.890009769230733,4.013001740254903,0.0,-1.4250161869279618,-1.429542000352536,-0.0045258134245742335,0.004525813424574254,0.0045415649185713836
phenalenyl_olympicenyl_orca_534,phenalenyl_olympicenyl,crossdimer,534,/home/rb1820/BLA-ML/CrossDimers/phenalenyl_olympicenyl/orca_534/str_534.xyz,1.170095,INCLUDED_NO_FILTER,retained in no-S2-filter workflow,3.224395770599207,3.6873201649124967,1.0,-2.762717340769241,-2.7007890263424694,0.061928314426771734,-0.06192831442677171,-0.058957200075557825
phenalenyl_olympicenyl_orca_535,phenalenyl_olympicenyl,crossdimer,535,/home/rb1820/BLA-ML/CrossDimers/phenalenyl_olympicenyl/orca_535/str_535.xyz,1.175648,INCLUDED_NO_FILTER,retained in no-S2-filter workflow,3.4434763026352004,3.6827601384812425,0.0,-3.5657098128678304,-3.5670511896436574,-0.0013413767758270463,0.001341376775827019,0.0019478977389497665
phenalenyl_olympicenyl_orca_536,phenalenyl_olympicenyl,crossdimer,536,/home/rb1820/BLA-ML/CrossDimers/phenalenyl_olympicenyl/orca_536/str_536.xyz,1.17264,INCLUDED_NO_FILTER,retained in no-S2-filter workflow,3.08961672248511,3.4621066989588543,4.0,-0.8598272419770452,-1.0819035276704105,-0.2220762856933654,0.22207628569336535,0.22365255146128327
phenalenyl_olympicenyl_orca_537,phenalenyl_olympicenyl,crossdimer,537,/home/rb1820/BLA-ML/CrossDimers/phenalenyl_olympicenyl/orca_537/str_537.xyz,1.175187,INCLUDED_NO_FILTER,retained in no-S2-filter workflow,3.469057849422224,3.7925457656372847,0.0,-3.2092578647887735,-3.2184173406562544,-0.009159475867480726,0.009159475867480893,0.008172225081254147
phenalenyl_olympicenyl_orca_538,phenalenyl_olympicenyl,crossdimer,538,/home/rb1820/BLA-ML/CrossDimers/phenalenyl_olympicenyl/orca_538/str_538.xyz,1.175725,INCLUDED_NO_FILTER,retained in no-S2-filter workflow,3.388201384433928,3.756573877638968,1.0,-2.755617702321684,-2.7561486317879704,-0.0005309294662864854,0.0005309294662865227,0.005903878575821864
phenalenyl_olympicenyl_orca_539,phenalenyl_olympicenyl,crossdimer,539,/home/rb1820/BLA-ML/CrossDimers/phenalenyl_olympicenyl/orca_539/str_539.xyz,1.173597,INCLUDED_NO_FILTER,retained in no-S2-filter workflow,3.226207138839315,3.522138270514993,2.0,-2.494711237825966,-2.478121443497911,0.01658979432805514,-0.016589794328055074,-0.026263332443594745
phenalenyl_olympicenyl_orca_540,phenalenyl_olympicenyl,crossdimer,540,/home/rb1820/BLA-ML/CrossDimers/phenalenyl_olympicenyl/orca_540/str_540.xyz,1.161339,INCLUDED_NO_FILTER,retained in no-S2-filter workflow,3.022261754223856,3.2525813328170017,7.0,1.854688445327644,2.4359203966397773,0.5812319513121336,-0.5812319513121333,-0.5874979662723159
phenalenyl_olympicenyl_orca_541,phenalenyl_olympicenyl,crossdimer,541,/home/rb1820/BLA-ML/CrossDimers/phenalenyl_olympicenyl/orca_541/str_541.xyz,1.175732,INCLUDED_NO_FILTER,retained in no-S2-filter workflow,3.482915893623408,3.767079999662014,0.0,-3.218850570727191,-3.217226062330966,0.001624508396224893,-0.0016245083962251883,0.00021500308123112433
phenalenyl_olympicenyl_orca_542,phenalenyl_olympicenyl,crossdimer,542,/home/rb1820/BLA-ML/CrossDimers/phenalenyl_olympicenyl/orca_542/str_542.xyz,1.17533,INCLUDED_NO_FILTER,retained in no-S2-filter workflow,3.436902598965381,3.817697865338559,0.0,-3.4935907193766247,-3.4809756794063844,0.012615039970240176,-0.012615039970240272,-0.011469875079361369
phenalenyl_olympicenyl_orca_543,phenalenyl_olympicenyl,crossdimer,543,/home/rb1820/BLA-ML/CrossDimers/phenalenyl_olympicenyl/orca_543/str_543.xyz,1.174984,INCLUDED_NO_FILTER,retained in no-S2-filter workflow,3.692351192091516,3.858994052952512,0.0,-3.495678846930176,-3.4727281340944676,0.022950712835708362,-0.022950712835708487,-0.021968059095915926
phenalenyl_olympicenyl_orca_544,phenalenyl_olympicenyl,crossdimer,544,/home/rb1820/BLA-ML/CrossDimers/phenalenyl_olympicenyl/orca_544/str_544.xyz,1.175532,INCLUDED_NO_FILTER,retained in no-S2-filter workflow,3.5729768302553717,3.858682708543786,0.0,-3.2746211667041005,-3.2597201090692245,0.014901057634875774,-0.014901057634876036,-0.018378203483145672
phenalenyl_olympicenyl_orca_545,phenalenyl_olympicenyl,crossdimer,545,/home/rb1820/BLA-ML/CrossDimers/phenalenyl_olympicenyl/orca_545/str_545.xyz,1.173302,INCLUDED_NO_FILTER,retained in no-S2-filter workflow,3.178573271412205,3.6715503982540105,2.0,-2.0106703014079366,-1.9254398775500028,0.08523042385793379,-0.08523042385793378,-0.09225199257387628
phenalenyl_olympicenyl_orca_546,phenalenyl_olympicenyl,crossdimer,546,/home/rb1820/BLA-ML/CrossDimers/phenalenyl_olympicenyl/orca_546/str_546.xyz,1.156271,INCLUDED_NO_FILTER,retained in no-S2-filter workflow,3.236225703957784,3.617591486504215,2.0,-2.428791179951358,-1.8189399309647056,0.6098512489866524,-0.6098512489866525,-0.560568327323101
phenalenyl_olympicenyl_orca_547,phenalenyl_olympicenyl,crossdimer,547,/home/rb1820/BLA-ML/CrossDimers/phenalenyl_olympicenyl/orca_547/str_547.xyz,1.175594,INCLUDED_NO_FILTER,retained in no-S2-filter workflow,3.690590070232696,3.880296336395658,0.0,-3.1750149413271127,-3.159972815689542,0.015042125637570963,-0.015042125637570791,-0.018116096945536064
phenalenyl_olympicenyl_orca_548,phenalenyl_olympicenyl,crossdimer,548,/home/rb1820/BLA-ML/CrossDimers/phenalenyl_olympicenyl/orca_548/str_548.xyz,1.165589,INCLUDED_NO_FILTER,retained in no-S2-filter workflow,3.3743036385076253,3.8849279606763703,1.0,-2.4786354308156118,-2.2405304486222444,0.23810498219336712,-0.2381049821933674,-0.2215368987656019
phenalenyl_olympicenyl_orca_549,phenalenyl_olympicenyl,crossdimer,549,/home/rb1820/BLA-ML/CrossDimers/phenalenyl_olympicenyl/orca_549/str_549.xyz,1.174992,INCLUDED_NO_FILTER,retained in no-S2-filter workflow,3.5720858684705807,3.769294082325782,0.0,-3.632915227980013,-3.6304053908396416,0.0025098371403715247,-0.0025098371403715625,-0.005588709448971496
phenalenyl_olympicenyl_orca_550,phenalenyl_olympicenyl,crossdimer,550,/home/rb1820/BLA-ML/CrossDimers/phenalenyl_olympicenyl/orca_550/str_550.xyz,1.17573,INCLUDED_NO_FILTER,retained in no-S2-filter workflow,3.4488869260710797,3.6902603936729896,0.0,-2.5484450178041427,-2.5377030281477078,0.010741989656435047,-0.010741989656434914,-0.012272054515538589
phenalenyl_olympicenyl_orca_551,phenalenyl_olympicenyl,crossdimer,551,/home/rb1820/BLA-ML/CrossDimers/phenalenyl_olympicenyl/orca_551/str_551.xyz,1.175341,INCLUDED_NO_FILTER,retained in no-S2-filter workflow,3.387989414906526,3.670960195909393,1.0,-2.9139897840560858,-2.8875076379153573,0.026482146140728902,-0.026482146140728524,-0.021856765391543576
phenalenyl_olympicenyl_orca_552,phenalenyl_olympicenyl,crossdimer,552,/home/rb1820/BLA-ML/CrossDimers/phenalenyl_olympicenyl/orca_552/str_552.xyz,1.174458,INCLUDED_NO_FILTER,retained in no-S2-filter workflow,3.3035336782584683,3.600908582769095,2.0,-1.829555006103328,-1.7749694329703694,0.05458557313295871,-0.05458557313295875,-0.05647873553419913
phenalenyl_olympicenyl_orca_553,phenalenyl_olympicenyl,crossdimer,553,/home/rb1820/BLA-ML/CrossDimers/phenalenyl_olympicenyl/orca_553/str_553.xyz,1.17501,INCLUDED_NO_FILTER,retained in no-S2-filter workflow,3.4705654416497222,3.778390873139797,0.0,-3.7231357100678566,-3.718812960442499,0.0043227496253576345,-0.004322749625357503,-0.007514384865457302
phenalenyl_olympicenyl_orca_554,phenalenyl_olympicenyl,crossdimer,554,/home/rb1820/BLA-ML/CrossDimers/phenalenyl_olympicenyl/orca_554/str_554.xyz,1.175249,INCLUDED_NO_FILTER,retained in no-S2-filter workflow,3.526400497051315,3.8044217298967142,0.0,-3.3212832687795446,-3.3263027679929884,-0.005019499213443799,0.005019499213443801,0.010300195828198078
phenalenyl_olympicenyl_orca_555,phenalenyl_olympicenyl,crossdimer,555,/home/rb1820/BLA-ML/CrossDimers/phenalenyl_olympicenyl/orca_555/str_555.xyz,1.175258,INCLUDED_NO_FILTER,retained in no-S2-filter workflow,3.399293379650425,3.638925133954925,1.0,-2.849109623513478,-2.8325771485305995,0.016532474982878652,-0.016532474982878576,-0.014532869155283734
phenalenyl_olympicenyl_orca_556,phenalenyl_olympicenyl,crossdimer,556,/home/rb1820/BLA-ML/CrossDimers/phenalenyl_olympicenyl/orca_556/str_556.xyz,1.173622,INCLUDED_NO_FILTER,retained in no-S2-filter workflow,3.142852318374548,3.647378346707431,2.0,-1.706877630006817,-1.6375366169939503,0.06934101301286669,-0.06934101301286666,-0.08025532827609072
phenalenyl_olympicenyl_orca_557,phenalenyl_olympicenyl,crossdimer,557,/home/rb1820/BLA-ML/CrossDimers/phenalenyl_olympicenyl/orca_557/str_557.xyz,1.175169,INCLUDED_NO_FILTER,retained in no-S2-filter workflow,3.52345231088159,3.852771637233985,0.0,-2.9704557012602564,-2.941227079924529,0.02922862133572733,-0.029228621335727567,-0.029396822046718007
phenalenyl_olympicenyl_orca_558,phenalenyl_olympicenyl,crossdimer,558,/home/rb1820/BLA-ML/CrossDimers/phenalenyl_olympicenyl/orca_558/str_558.xyz,1.17429,INCLUDED_NO_FILTER,retained in no-S2-filter workflow,3.074901616710062,3.4693757805640963,3.0,-0.4397388446934921,-0.45870220046602656,-0.018963355772534423,0.01896335577253444,0.009360051977464201
phenalenyl_olympicenyl_orca_559,phenalenyl_olympicenyl,crossdimer,559,/home/rb1820/BLA-ML/CrossDimers/phenalenyl_olympicenyl/orca_559/str_559.xyz,1.17541,INCLUDED_NO_FILTER,retained in no-S2-filter workflow,3.5327862834554016,3.7865943080059536,0.0,-3.0555866141258567,-3.0525617473967,0.0030248667291569217,-0.0030248667291568054,-0.0006301448626055972
phenalenyl_olympicenyl_orca_560,phenalenyl_olympicenyl,crossdimer,560,/home/rb1820/BLA-ML/CrossDimers/phenalenyl_olympicenyl/orca_560/str_560.xyz,1.17428,INCLUDED_NO_FILTER,retained in no-S2-filter workflow,3.543444418517418,3.954923181343058,0.0,-3.671781130356273,-3.6461783101631027,0.02560282019317074,-0.025602820193170395,-0.026873963579538973
phenalenyl_olympicenyl_orca_561,phenalenyl_olympicenyl,crossdimer,561,/home/rb1820/BLA-ML/CrossDimers/phenalenyl_olympicenyl/orca_561/str_561.xyz,1.176093,INCLUDED_NO_FILTER,retained in no-S2-filter workflow,3.5569734171506626,3.783340041961559,0.0,-3.3899099733965157,-3.4051248453718395,-0.015214871975324023,0.015214871975323785,0.015060415276997308
phenalenyl_olympicenyl_orca_562,phenalenyl_olympicenyl,crossdimer,562,/home/rb1820/BLA-ML/CrossDimers/phenalenyl_olympicenyl/orca_562/str_562.xyz,1.175186,INCLUDED_NO_FILTER,retained in no-S2-filter workflow,3.4566176359053,3.772372943956273,0.0,-3.505520220486492,-3.497303494723916,0.00821672576257573,-0.008216725762575816,-0.005819944412281952
phenalenyl_olympicenyl_orca_563,phenalenyl_olympicenyl,crossdimer,563,/home/rb1820/BLA-ML/CrossDimers/phenalenyl_olympicenyl/orca_563/str_563.xyz,1.171386,INCLUDED_NO_FILTER,retained in no-S2-filter workflow,3.4916861879292838,3.791973814424969,0.0,-1.2352621964552515,-1.2177269618071915,0.01753523464805986,-0.01753523464805995,-0.02854560626779379
phenalenyl_olympicenyl_orca_564,phenalenyl_olympicenyl,crossdimer,564,/home/rb1820/BLA-ML/CrossDimers/phenalenyl_olympicenyl/orca_564/str_564.xyz,1.17107,INCLUDED_NO_FILTER,retained in no-S2-filter workflow,3.455485212723485,3.8829540042482926,0.0,-2.3185960514976087,-2.179997270900083,0.13859878059752556,-0.13859878059752573,-0.13338859389259902
phenalenyl_olympicenyl_orca_565,phenalenyl_olympicenyl,crossdimer,565,/home/rb1820/BLA-ML/CrossDimers/phenalenyl_olympicenyl/orca_565/str_565.xyz,1.174457,INCLUDED_NO_FILTER,retained in no-S2-filter workflow,3.516495318936548,3.81716472517696,0.0,-2.304747261903818,-2.2683727352719094,0.0363745266319089,-0.036374526631908655,-0.02003630038498949
phenalenyl_olympicenyl_orca_566,phenalenyl_olympicenyl,crossdimer,566,/home/rb1820/BLA-ML/CrossDimers/phenalenyl_olympicenyl/orca_566/str_566.xyz,1.173417,INCLUDED_NO_FILTER,retained in no-S2-filter workflow,3.376833207931841,3.6791566930535824,1.0,-1.8063378013160405,-1.8395258762417717,-0.03318807492573114,0.03318807492573117,0.04739090880704011
phenalenyl_olympicenyl_orca_567,phenalenyl_olympicenyl,crossdimer,567,/home/rb1820/BLA-ML/CrossDimers/phenalenyl_olympicenyl/orca_567/str_567.xyz,1.16767,INCLUDED_NO_FILTER,retained in no-S2-filter workflow,3.452728953612094,3.954037821918477,0.0,-2.37195727028541,-2.181249221387553,0.19070804889785722,-0.1907080488978572,-0.18307258888189026
phenalenyl_olympicenyl_orca_568,phenalenyl_olympicenyl,crossdimer,568,/home/rb1820/BLA-ML/CrossDimers/phenalenyl_olympicenyl/orca_568/str_568.xyz,1.17575,INCLUDED_NO_FILTER,retained in no-S2-filter workflow,3.483491241803395,3.791161972239252,0.0,-3.1260142093692154,-3.102152803862123,0.02386140550709248,-0.02386140550709248,-0.02460673419944337
phenalenyl_olympicenyl_orca_569,phenalenyl_olympicenyl,crossdimer,569,/home/rb1820/BLA-ML/CrossDimers/phenalenyl_olympicenyl/orca_569/str_569.xyz,1.174638,INCLUDED_NO_FILTER,retained in no-S2-filter workflow,3.442194620398836,3.6808551487605623,0.0,-2.121974266042299,-2.0623772998683005,0.0595969661739986,-0.05959696617399857,-0.05709216128056638
phenalenyl_olympicenyl_orca_570,phenalenyl_olympicenyl,crossdimer,570,/home/rb1820/BLA-ML/CrossDimers/phenalenyl_olympicenyl/orca_570/str_570.xyz,1.175205,INCLUDED_NO_FILTER,retained in no-S2-filter workflow,3.435582744269209,3.796311759874167,0.0,-2.8909259066908524,-2.8868516928478725,0.004074213842980225,-0.004074213842979901,-0.0021219342396721075
phenalenyl_olympicenyl_orca_571,phenalenyl_olympicenyl,crossdimer,571,/home/rb1820/BLA-ML/CrossDimers/phenalenyl_olympicenyl/orca_571/str_571.xyz,1.170875,INCLUDED_NO_FILTER,retained in no-S2-filter workflow,3.077715991299142,3.319450341432064,6.0,0.9635472080259562,0.9924048363576864,0.028857628331730195,-0.028857628331730223,-0.04632888164382731
phenalenyl_olympicenyl_orca_572,phenalenyl_olympicenyl,crossdimer,572,/home/rb1820/BLA-ML/CrossDimers/phenalenyl_olympicenyl/orca_572/str_572.xyz,1.172793,INCLUDED_NO_FILTER,retained in no-S2-filter workflow,3.19505623141971,3.6228817526310153,2.0,0.14075545149312588,-0.09556459445478437,-0.23632004594791023,0.23632004594791023,0.23644821995499288
phenalenyl_olympicenyl_orca_573,phenalenyl_olympicenyl,crossdimer,573,/home/rb1820/BLA-ML/CrossDimers/phenalenyl_olympicenyl/orca_573/str_573.xyz,1.17265,INCLUDED_NO_FILTER,retained in no-S2-filter workflow,3.5993777272414853,3.9982104777432697,0.0,-2.1806934456339326,-2.1128864905780986,0.06780695505583374,-0.067806955055834,-0.0673852195255159
phenalenyl_olympicenyl_orca_574,phenalenyl_olympicenyl,crossdimer,574,/home/rb1820/BLA-ML/CrossDimers/phenalenyl_olympicenyl/orca_574/str_574.xyz,1.17557,INCLUDED_NO_FILTER,retained in no-S2-filter workflow,3.742419683178045,3.97243344089412,0.0,-2.4801426446920556,-2.4925713325848613,-0.012428687892805622,0.012428687892805712,0.012578423827272117
phenalenyl_olympicenyl_orca_575,phenalenyl_olympicenyl,crossdimer,575,/home/rb1820/BLA-ML/CrossDimers/phenalenyl_olympicenyl/orca_575/str_575.xyz,1.17565,INCLUDED_NO_FILTER,retained in no-S2-filter workflow,3.3955312545116256,3.7230825420568494,1.0,-2.341958241828615,-2.3098795678075152,0.03207867402109963,-0.03207867402109965,-0.032804636636850404
phenalenyl_olympicenyl_orca_576,phenalenyl_olympicenyl,crossdimer,576,/home/rb1820/BLA-ML/CrossDimers/phenalenyl_olympicenyl/orca_576/str_576.xyz,1.17058,INCLUDED_NO_FILTER,retained in no-S2-filter workflow,2.906890975879384,3.4227471963245706,4.0,0.31470275634084904,0.4469588381282864,0.13225608178743742,-0.13225608178743736,-0.08311554982913599
phenalenyl_olympicenyl_orca_577,phenalenyl_olympicenyl,crossdimer,577,/home/rb1820/BLA-ML/CrossDimers/phenalenyl_olympicenyl/orca_577/str_577.xyz,1.171459,INCLUDED_NO_FILTER,retained in no-S2-filter workflow,3.0313891091618523,3.34290499454561,6.0,1.568856360189017,1.3128208888980355,-0.25603547129098164,0.2560354712909816,0.24896255671012435
phenalenyl_olympicenyl_orca_578,phenalenyl_olympicenyl,crossdimer,578,/home/rb1820/BLA-ML/CrossDimers/phenalenyl_olympicenyl/orca_578/str_578.xyz,1.163139,INCLUDED_NO_FILTER,retained in no-S2-filter workflow,3.1372805219973303,3.320415555299276,8.0,1.1239372742533928,1.3258903995821132,0.20195312532872034,-0.20195312532872034,-0.150188592815109
phenalenyl_olympicenyl_orca_579,phenalenyl_olympicenyl,crossdimer,579,/home/rb1820/BLA-ML/CrossDimers/phenalenyl_olympicenyl/orca_579/str_579.xyz,1.172401,INCLUDED_NO_FILTER,retained in no-S2-filter workflow,3.279852175438087,3.624770130121955,2.0,-0.045728580742381036,-0.1546833663697287,-0.10895478562734767,0.10895478562734767,0.1170123330312885
phenalenyl_olympicenyl_orca_580,phenalenyl_olympicenyl,crossdimer,580,/home/rb1820/BLA-ML/CrossDimers/phenalenyl_olympicenyl/orca_580/str_580.xyz,1.167499,INCLUDED_NO_FILTER,retained in no-S2-filter workflow,3.2586367330020205,3.8929340805823394,1.0,-1.7269694297828388,-1.5068298492727876,0.22013958051005136,-0.22013958051005122,-0.20039032902001974
phenalenyl_olympicenyl_orca_581,phenalenyl_olympicenyl,crossdimer,581,/home/rb1820/BLA-ML/CrossDimers/phenalenyl_olympicenyl/orca_581/str_581.xyz,1.175206,INCLUDED_NO_FILTER,retained in no-S2-filter workflow,3.448204845991663,3.662962889980268,0.0,-2.7101846604346442,-2.725022401064204,-0.014837740629559696,0.014837740629559892,0.01449670219796273
phenalenyl_olympicenyl_orca_582,phenalenyl_olympicenyl,crossdimer,582,/home/rb1820/BLA-ML/CrossDimers/phenalenyl_olympicenyl/orca_582/str_582.xyz,1.170086,INCLUDED_NO_FILTER,retained in no-S2-filter workflow,3.269040034676157,3.8253329739854585,1.0,-2.274932376708761,-2.1347214063462103,0.14021097036255026,-0.14021097036255048,-0.13511680151285654
phenalenyl_olympicenyl_orca_583,phenalenyl_olympicenyl,crossdimer,583,/home/rb1820/BLA-ML/CrossDimers/phenalenyl_olympicenyl/orca_583/str_583.xyz,1.175535,INCLUDED_NO_FILTER,retained in no-S2-filter workflow,3.367574617003088,3.8840292667540055,1.0,-1.7378687993768136,-1.7238835697207666,0.013985229656046986,-0.013985229656046982,-0.012260310474363934
phenalenyl_olympicenyl_orca_584,phenalenyl_olympicenyl,crossdimer,584,/home/rb1820/BLA-ML/CrossDimers/phenalenyl_olympicenyl/orca_584/str_584.xyz,1.175344,INCLUDED_NO_FILTER,retained in no-S2-filter workflow,3.5216065699903005,3.846276465060422,0.0,-1.5236188125450185,-1.526059430329597,-0.002440617784578365,0.0024406177845783805,0.009470462059694151
phenalenyl_olympicenyl_orca_585,phenalenyl_olympicenyl,crossdimer,585,/home/rb1820/BLA-ML/CrossDimers/phenalenyl_olympicenyl/orca_585/str_585.xyz,1.170507,INCLUDED_NO_FILTER,retained in no-S2-filter workflow,3.4176519294049643,3.8173630495848143,0.0,-1.3055816159450577,-1.1014900372781151,0.2040915786669426,-0.2040915786669426,-0.1990108251060294
phenalenyl_olympicenyl_orca_586,phenalenyl_olympicenyl,crossdimer,586,/home/rb1820/BLA-ML/CrossDimers/phenalenyl_olympicenyl/orca_586/str_586.xyz,1.172798,INCLUDED_NO_FILTER,retained in no-S2-filter workflow,3.354684145664143,3.833673570605052,1.0,-1.7391869977844006,-1.6793773704991364,0.05980962728526414,-0.05980962728526418,-0.05714696475973824
phenalenyl_olympicenyl_orca_587,phenalenyl_olympicenyl,crossdimer,587,/home/rb1820/BLA-ML/CrossDimers/phenalenyl_olympicenyl/orca_587/str_587.xyz,1.174472,INCLUDED_NO_FILTER,retained in no-S2-filter workflow,3.2767685241586486,3.745143624179815,3.0,-0.7980437064946037,-0.8405674878500574,-0.04252378135545367,0.04252378135545376,0.05145449760491605
phenalenyl_olympicenyl_orca_588,phenalenyl_olympicenyl,crossdimer,588,/home/rb1820/BLA-ML/CrossDimers/phenalenyl_olympicenyl/orca_588/str_588.xyz,1.175312,INCLUDED_NO_FILTER,retained in no-S2-filter workflow,3.527322800491854,3.857286066506538,0.0,-1.4027534296518236,-1.4231969233666175,-0.020443493714794002,0.020443493714793926,0.0202951021500537
phenalenyl_olympicenyl_orca_589,phenalenyl_olympicenyl,crossdimer,589,/home/rb1820/BLA-ML/CrossDimers/phenalenyl_olympicenyl/orca_589/str_589.xyz,1.17372,INCLUDED_NO_FILTER,retained in no-S2-filter workflow,3.2980066073937846,3.7207953279389776,1.0,-0.023442708590218013,-0.05897884748552013,-0.03553613889530212,0.03553613889530212,0.044372376543814165
phenalenyl_olympicenyl_orca_590,phenalenyl_olympicenyl,crossdimer,590,/home/rb1820/BLA-ML/CrossDimers/phenalenyl_olympicenyl/orca_590/str_590.xyz,1.175079,INCLUDED_NO_FILTER,retained in no-S2-filter workflow,3.490069765075071,3.742419891465583,0.0,-0.8681302692122319,-0.8658016850823507,0.002328584129881226,-0.0023285841298812393,-0.004565417432231822
phenalenyl_olympicenyl_orca_591,phenalenyl_olympicenyl,crossdimer,591,/home/rb1820/BLA-ML/CrossDimers/phenalenyl_olympicenyl/orca_591/str_591.xyz,1.174485,INCLUDED_NO_FILTER,retained in no-S2-filter workflow,3.755567244596156,4.000130155920127,0.0,-1.0166900391327098,-0.9753104435697626,0.041379595562947194,-0.041379595562947236,-0.03699519201169488
phenalenyl_olympicenyl_orca_592,phenalenyl_olympicenyl,crossdimer,592,/home/rb1820/BLA-ML/CrossDimers/phenalenyl_olympicenyl/orca_592/str_592.xyz,1.169685,INCLUDED_NO_FILTER,retained in no-S2-filter workflow,3.3064075021493564,3.699734522860113,1.0,-0.1850290061064524,-0.09483906605703182,0.09018994004942057,-0.09018994004942057,-0.08661023790825381
phenalenyl_olympicenyl_orca_593,phenalenyl_olympicenyl,crossdimer,593,/home/rb1820/BLA-ML/CrossDimers/phenalenyl_olympicenyl/orca_593/str_593.xyz,1.176036,INCLUDED_NO_FILTER,retained in no-S2-filter workflow,3.6471821157133126,3.976330160828985,0.0,-1.5226946453987575,-1.5076131975341238,0.015081447864633746,-0.015081447864633724,-0.01554116030918773
phenalenyl_olympicenyl_orca_594,phenalenyl_olympicenyl,crossdimer,594,/home/rb1820/BLA-ML/CrossDimers/phenalenyl_olympicenyl/orca_594/str_594.xyz,1.174518,INCLUDED_NO_FILTER,retained in no-S2-filter workflow,3.246859449920457,3.804387838643308,1.0,-0.8361768850216289,-0.8830891538446483,-0.0469122688230193,0.046912268823019354,0.056074636829935534
phenalenyl_olympicenyl_orca_595,phenalenyl_olympicenyl,crossdimer,595,/home/rb1820/BLA-ML/CrossDimers/phenalenyl_olympicenyl/orca_595/str_595.xyz,1.175749,INCLUDED_NO_FILTER,retained in no-S2-filter workflow,3.680579861160488,3.8316411692927432,0.0,-2.129702625664893,-2.10119005412391,0.028512571540983005,-0.028512571540983078,-0.027442027008421466
phenalenyl_olympicenyl_orca_596,phenalenyl_olympicenyl,crossdimer,596,/home/rb1820/BLA-ML/CrossDimers/phenalenyl_olympicenyl/orca_596/str_596.xyz,1.175622,INCLUDED_NO_FILTER,retained in no-S2-filter workflow,3.300708025848421,4.013766907603927,1.0,-1.8407649402350819,-1.8153004533136163,0.02546448692146555,-0.025464486921465523,-0.02511938079100795
phenalenyl_olympicenyl_orca_597,phenalenyl_olympicenyl,crossdimer,597,/home/rb1820/BLA-ML/CrossDimers/phenalenyl_olympicenyl/orca_597/str_597.xyz,1.174628,INCLUDED_NO_FILTER,retained in no-S2-filter workflow,3.432038073512335,3.913039301945477,0.0,-1.2583543586749841,-1.2144147753969727,0.043939583278011486,-0.043939583278011396,-0.04389537187065118
phenalenyl_olympicenyl_orca_598,phenalenyl_olympicenyl,crossdimer,598,/home/rb1820/BLA-ML/CrossDimers/phenalenyl_olympicenyl/orca_598/str_598.xyz,1.170731,INCLUDED_NO_FILTER,retained in no-S2-filter workflow,3.4067863681331945,3.7696703278392634,0.0,-0.41204922857114185,-0.22259729796098118,0.18945193061016066,-0.18945193061016066,-0.18697176866363044
phenalenyl_olympicenyl_orca_599,phenalenyl_olympicenyl,crossdimer,599,/home/rb1820/BLA-ML/CrossDimers/phenalenyl_olympicenyl/orca_599/str_599.xyz,1.173846,INCLUDED_NO_FILTER,retained in no-S2-filter workflow,3.3290252425740534,3.7509170236802234,1.0,0.04040637732741158,0.011980271482724467,-0.02842610584468711,0.028426105844687112,0.03397057182599975
phenalenyl_olympicenyl_orca_600,phenalenyl_olympicenyl,crossdimer,600,/home/rb1820/BLA-ML/CrossDimers/phenalenyl_olympicenyl/orca_600/str_600.xyz,1.175889,INCLUDED_NO_FILTER,retained in no-S2-filter workflow,3.358928854502166,3.859900131786034,1.0,-1.002717968487971,-0.9891590800688409,0.0135588884191302,-0.01355888841913011,-0.008848911073985
phenalenyl_olympicenyl_orca_601,phenalenyl_olympicenyl,crossdimer,601,/home/rb1820/BLA-ML/CrossDimers/phenalenyl_olympicenyl/orca_601/str_601.xyz,1.176064,INCLUDED_NO_FILTER,retained in no-S2-filter workflow,3.525643964697389,4.109286862380172,0.0,-1.3955304773371173,-1.3808418686496327,0.014688608687484705,-0.014688608687484672,-0.014876985531001141
phenalenyl_olympicenyl_orca_602,phenalenyl_olympicenyl,crossdimer,602,/home/rb1820/BLA-ML/CrossDimers/phenalenyl_olympicenyl/orca_602/str_602.xyz,1.174109,INCLUDED_NO_FILTER,retained in no-S2-filter workflow,3.354004226484542,3.8734781416072783,2.0,-0.8409914049684621,-0.8181906160867098,0.02280078888175225,-0.0228007888817523,-0.026477503488902876
phenalenyl_olympicenyl_orca_603,phenalenyl_olympicenyl,crossdimer,603,/home/rb1820/BLA-ML/CrossDimers/phenalenyl_olympicenyl/orca_603/str_603.xyz,1.175813,INCLUDED_NO_FILTER,retained in no-S2-filter workflow,3.488714779845234,3.886869566349278,0.0,-1.22515342921522,-1.2126512347439578,0.012502194471262081,-0.012502194471262218,-0.009911171979873457
phenalenyl_olympicenyl_orca_604,phenalenyl_olympicenyl,crossdimer,604,/home/rb1820/BLA-ML/CrossDimers/phenalenyl_olympicenyl/orca_604/str_604.xyz,1.174816,INCLUDED_NO_FILTER,retained in no-S2-filter workflow,3.4133242167994906,3.988567330507915,0.0,-0.9727174690092889,-1.0017463553927097,-0.029028886383420924,0.029028886383420827,0.027580143394790202
phenalenyl_olympicenyl_orca_605,phenalenyl_olympicenyl,crossdimer,605,/home/rb1820/BLA-ML/CrossDimers/phenalenyl_olympicenyl/orca_605/str_605.xyz,1.173812,INCLUDED_NO_FILTER,retained in no-S2-filter workflow,3.221572217045521,3.708977648039223,1.0,0.5285238247225028,0.434642191309493,-0.09388163341300977,0.09388163341300981,0.10179032555881584
phenalenyl_olympicenyl_orca_606,phenalenyl_olympicenyl,crossdimer,606,/home/rb1820/BLA-ML/CrossDimers/phenalenyl_olympicenyl/orca_606/str_606.xyz,1.176207,INCLUDED_NO_FILTER,retained in no-S2-filter workflow,3.285879166237266,3.8508157148986095,1.0,-0.6087169759697635,-0.5830520117364496,0.02566496423331393,-0.02566496423331388,-0.01821313761932264
phenalenyl_olympicenyl_orca_607,phenalenyl_olympicenyl,crossdimer,607,/home/rb1820/BLA-ML/CrossDimers/phenalenyl_olympicenyl/orca_607/str_607.xyz,1.176215,INCLUDED_NO_FILTER,retained in no-S2-filter workflow,3.3973685469494685,3.780769718725713,1.0,-1.1125010244744278,-1.1080438937894181,0.004457130685009664,-0.004457130685009636,-0.0025364612185303503
phenalenyl_olympicenyl_orca_608,phenalenyl_olympicenyl,crossdimer,608,/home/rb1820/BLA-ML/CrossDimers/phenalenyl_olympicenyl/orca_608/str_608.xyz,1.174907,INCLUDED_NO_FILTER,retained in no-S2-filter workflow,3.449198423033683,3.813202066539037,0.0,-1.7438282524694648,-1.7237020287837808,0.02012622368568411,-0.020126223685684064,-0.019770785324880302
phenalenyl_olympicenyl_orca_609,phenalenyl_olympicenyl,crossdimer,609,/home/rb1820/BLA-ML/CrossDimers/phenalenyl_olympicenyl/orca_609/str_609.xyz,1.176236,INCLUDED_NO_FILTER,retained in no-S2-filter workflow,3.3004981955552424,3.872703277230781,1.0,-0.34489027178298326,-0.32292924934632405,0.021961022436659195,-0.021961022436659206,-0.016199185737897248
phenalenyl_olympicenyl_orca_610,phenalenyl_olympicenyl,crossdimer,610,/home/rb1820/BLA-ML/CrossDimers/phenalenyl_olympicenyl/orca_610/str_610.xyz,1.175856,INCLUDED_NO_FILTER,retained in no-S2-filter workflow,3.5552246412566944,4.018959890921375,0.0,-1.4036996668348,-1.3738103520699587,0.029889314764841288,-0.029889314764841357,-0.03256189139976384
phenalenyl_olympicenyl_orca_611,phenalenyl_olympicenyl,crossdimer,611,/home/rb1820/BLA-ML/CrossDimers/phenalenyl_olympicenyl/orca_611/str_611.xyz,1.174856,INCLUDED_NO_FILTER,retained in no-S2-filter workflow,3.389307065614092,4.031856170223576,1.0,-1.0040203404978119,-1.0049178673092891,-0.0008975268114773499,0.0008975268114772561,0.001238018602792934
phenalenyl_olympicenyl_orca_612,phenalenyl_olympicenyl,crossdimer,612,/home/rb1820/BLA-ML/CrossDimers/phenalenyl_olympicenyl/orca_612/str_612.xyz,1.170524,INCLUDED_NO_FILTER,retained in no-S2-filter workflow,3.3265662001240237,3.7313934965680553,1.0,0.4872248070586462,0.6991104937486468,0.21188568669000052,-0.21188568669000057,-0.21054652706717564
phenalenyl_olympicenyl_orca_613,phenalenyl_olympicenyl,crossdimer,613,/home/rb1820/BLA-ML/CrossDimers/phenalenyl_olympicenyl/orca_613/str_613.xyz,1.175596,INCLUDED_NO_FILTER,retained in no-S2-filter workflow,3.3001361150928163,3.956887175162165,1.0,-0.5742743125620265,-0.5674865669950002,0.006787745567026364,-0.0067877455670263265,-0.006399052110358183
phenalenyl_olympicenyl_orca_614,phenalenyl_olympicenyl,crossdimer,614,/home/rb1820/BLA-ML/CrossDimers/phenalenyl_olympicenyl/orca_614/str_614.xyz,1.174823,INCLUDED_NO_FILTER,retained in no-S2-filter workflow,3.4930241228091665,4.1202240770668,0.0,-1.0401535922885485,-1.0571999040626399,-0.017046311774091327,0.017046311774091327,0.015351418928742921
phenalenyl_olympicenyl_orca_615,phenalenyl_olympicenyl,crossdimer,615,/home/rb1820/BLA-ML/CrossDimers/phenalenyl_olympicenyl/orca_615/str_615.xyz,1.175431,INCLUDED_NO_FILTER,retained in no-S2-filter workflow,3.5077478522164283,4.131170578696937,0.0,-0.9682752258933139,-0.9844578744646251,-0.016182648571311065,0.01618264857131113,0.01725889191989982
phenalenyl_olympicenyl_orca_616,phenalenyl_olympicenyl,crossdimer,616,/home/rb1820/BLA-ML/CrossDimers/phenalenyl_olympicenyl/orca_616/str_616.xyz,1.175261,INCLUDED_NO_FILTER,retained in no-S2-filter workflow,3.4778484997608468,4.020351762164458,0.0,-0.0375655327254066,-0.006979811087762606,0.030585721637644,-0.030585721637643996,-0.030193673510943424
phenalenyl_olympicenyl_orca_617,phenalenyl_olympicenyl,crossdimer,617,/home/rb1820/BLA-ML/CrossDimers/phenalenyl_olympicenyl/orca_617/str_617.xyz,1.175089,INCLUDED_NO_FILTER,retained in no-S2-filter workflow,3.345819483742454,3.97346911053538,1.0,0.36529212958585333,0.32152058280733226,-0.043771546778521055,0.043771546778521075,0.04821475665404534
phenalenyl_olympicenyl_orca_618,phenalenyl_olympicenyl,crossdimer,618,/home/rb1820/BLA-ML/CrossDimers/phenalenyl_olympicenyl/orca_618/str_618.xyz,1.175111,INCLUDED_NO_FILTER,retained in no-S2-filter workflow,3.33605715711311,3.97736158597432,1.0,0.3657381759528148,0.3153511944882989,-0.05038698146451588,0.05038698146451592,0.05199447507490218
phenalenyl_olympicenyl_orca_619,phenalenyl_olympicenyl,crossdimer,619,/home/rb1820/BLA-ML/CrossDimers/phenalenyl_olympicenyl/orca_619/str_619.xyz,1.176206,INCLUDED_NO_FILTER,retained in no-S2-filter workflow,4.83448815562173,4.998955049104021,0.0,0.8010732506738595,0.8258495755790459,0.02477632490518645,-0.024776324905186442,-0.026241548866206
phenalenyl_olympicenyl_orca_620,phenalenyl_olympicenyl,crossdimer,620,/home/rb1820/BLA-ML/CrossDimers/phenalenyl_olympicenyl/orca_620/str_620.xyz,1.17587,INCLUDED_NO_FILTER,retained in no-S2-filter workflow,4.199150955715992,4.6108455795438825,0.0,0.4058544719018178,0.45231473122608684,0.04646025932426902,-0.04646025932426906,-0.04742573298366376
phenalenyl_olympicenyl_orca_621,phenalenyl_olympicenyl,crossdimer,621,/home/rb1820/BLA-ML/CrossDimers/phenalenyl_olympicenyl/orca_621/str_621.xyz,1.176264,INCLUDED_NO_FILTER,retained in no-S2-filter workflow,3.545123795802781,4.044322713330865,0.0,0.17230788862202626,0.15981330651068013,-0.012494582111346113,0.01249458211134613,0.013216049731244017
phenalenyl_olympicenyl_orca_622,phenalenyl_olympicenyl,crossdimer,622,/home/rb1820/BLA-ML/CrossDimers/phenalenyl_olympicenyl/orca_622/str_622.xyz,1.175665,INCLUDED_NO_FILTER,retained in no-S2-filter workflow,4.367170159667732,4.774298024021702,0.0,0.7208311116868603,0.7669396901988377,0.04610857851197742,-0.04610857851197736,-0.04467667653986507
phenalenyl_olympicenyl_orca_623,phenalenyl_olympicenyl,crossdimer,623,/home/rb1820/BLA-ML/CrossDimers/phenalenyl_olympicenyl/orca_623/str_623.xyz,1.176011,INCLUDED_NO_FILTER,retained in no-S2-filter workflow,4.548892682541772,4.934330640495325,0.0,0.9697107591988774,1.0138094588195075,0.04409869962063002,-0.044098699620630066,-0.04072337718833574
phenalenyl_olympicenyl_orca_624,phenalenyl_olympicenyl,crossdimer,624,/home/rb1820/BLA-ML/CrossDimers/phenalenyl_olympicenyl/orca_624/str_624.xyz,1.175943,INCLUDED_NO_FILTER,retained in no-S2-filter workflow,4.682758826320002,5.131220107617968,0.0,1.1479428203583635,1.1358947834202364,-0.012048036938126951,0.01204803693812706,0.012740686395185774
phenalenyl_olympicenyl_orca_625,phenalenyl_olympicenyl,crossdimer,625,/home/rb1820/BLA-ML/CrossDimers/phenalenyl_olympicenyl/orca_625/str_625.xyz,1.176096,INCLUDED_NO_FILTER,retained in no-S2-filter workflow,4.898736266446785,5.289030969580048,0.0,1.086411319721418,1.08185739879251,-0.004553920928908118,0.004553920928908051,0.003903091066025821
phenalenyl_olympicenyl_orca_626,phenalenyl_olympicenyl,crossdimer,626,/home/rb1820/BLA-ML/CrossDimers/phenalenyl_olympicenyl/orca_626/str_626.xyz,1.17632,INCLUDED_NO_FILTER,retained in no-S2-filter workflow,7.045611606124015,7.444774401375805,0.0,0.7003502404616202,0.6974634145119407,-0.0028868259496794926,0.0028868259496794835,0.0028868259496794835
phenalenyl_olympicenyl_orca_627,phenalenyl_olympicenyl,crossdimer,627,/home/rb1820/BLA-ML/CrossDimers/phenalenyl_olympicenyl/orca_627/str_627.xyz,1.176297,INCLUDED_NO_FILTER,retained in no-S2-filter workflow,7.297041038173158,7.714261444785163,0.0,0.7050414297051663,0.7013083150190729,-0.003733114686093346,0.003733114686093386,0.0038261935158816485
phenalenyl_olympicenyl_orca_628,phenalenyl_olympicenyl,crossdimer,628,/home/rb1820/BLA-ML/CrossDimers/phenalenyl_olympicenyl/orca_628/str_628.xyz,1.176323,INCLUDED_NO_FILTER,retained in no-S2-filter workflow,7.411607334990232,7.860632214448408,0.0,0.6685433439406742,0.665557633074708,-0.0029857108659661225,0.002985710865966107,0.002985710865966107
phenalenyl_olympicenyl_orca_629,phenalenyl_olympicenyl,crossdimer,629,/home/rb1820/BLA-ML/CrossDimers/phenalenyl_olympicenyl/orca_629/str_629.xyz,1.176313,INCLUDED_NO_FILTER,retained in no-S2-filter workflow,5.344184459678468,5.558169571754235,0.0,1.2976587835193536,1.2885556328088332,-0.009103150710520355,0.009103150710520369,0.005810238312166538
phenalenyl_olympicenyl_orca_630,phenalenyl_olympicenyl,crossdimer,630,/home/rb1820/BLA-ML/CrossDimers/phenalenyl_olympicenyl/orca_630/str_630.xyz,1.176304,INCLUDED_NO_FILTER,retained in no-S2-filter workflow,7.067830654405484,7.439113978579631,0.0,0.6882696896594179,0.6853981536339353,-0.0028715360254826373,0.002871536025482624,0.002665027397087072
phenalenyl_olympicenyl_orca_631,phenalenyl_olympicenyl,crossdimer,631,/home/rb1820/BLA-ML/CrossDimers/phenalenyl_olympicenyl/orca_631/str_631.xyz,1.17625,INCLUDED_NO_FILTER,retained in no-S2-filter workflow,6.154510786445325,6.440814100596526,0.0,0.8831883065696722,0.8791915769140877,-0.003996729655584488,0.003996729655584508,0.003733773932645734
phenalenyl_olympicenyl_orca_632,phenalenyl_olympicenyl,crossdimer,632,/home/rb1820/BLA-ML/CrossDimers/phenalenyl_olympicenyl/orca_632/str_632.xyz,1.176305,INCLUDED_NO_FILTER,retained in no-S2-filter workflow,6.289371011523316,6.618679039617992,0.0,0.9729743957516246,0.9694766304422064,-0.0034977653094182158,0.003497765309418144,0.003497765309418144
phenalenyl_olympicenyl_orca_633,phenalenyl_olympicenyl,crossdimer,633,/home/rb1820/BLA-ML/CrossDimers/phenalenyl_olympicenyl/orca_633/str_633.xyz,1.176293,INCLUDED_NO_FILTER,retained in no-S2-filter workflow,6.699073470746054,6.979401048267609,0.0,0.8645330703852511,0.8815483851171565,0.017015314731905436,-0.01701531473190543,-0.016973694612459234
phenalenyl_olympicenyl_orca_634,phenalenyl_olympicenyl,crossdimer,634,/home/rb1820/BLA-ML/CrossDimers/phenalenyl_olympicenyl/orca_634/str_634.xyz,1.176381,INCLUDED_NO_FILTER,retained in no-S2-filter workflow,6.699793752646061,6.964098787828954,0.0,0.887966497412347,0.8845637250177574,-0.0034027723945895686,0.003402772394589637,0.0036625721536182043
phenalenyl_olympicenyl_orca_635,phenalenyl_olympicenyl,crossdimer,635,/home/rb1820/BLA-ML/CrossDimers/phenalenyl_olympicenyl/orca_635/str_635.xyz,1.175728,INCLUDED_NO_FILTER,retained in no-S2-filter workflow,5.302266942793185,5.484365593034583,0.0,1.4660146268801282,1.459960106108781,-0.006054520771347046,0.0060545207713471605,0.004361806127527679
phenalenyl_olympicenyl_orca_636,phenalenyl_olympicenyl,crossdimer,636,/home/rb1820/BLA-ML/CrossDimers/phenalenyl_olympicenyl/orca_636/str_636.xyz,1.175869,INCLUDED_NO_FILTER,retained in no-S2-filter workflow,4.415488467188897,4.947587998520943,0.0,1.5413151964280194,1.5279574920104957,-0.013357704417523724,0.013357704417523708,0.01412928324500684
phenalenyl_olympicenyl_orca_637,phenalenyl_olympicenyl,crossdimer,637,/home/rb1820/BLA-ML/CrossDimers/phenalenyl_olympicenyl/orca_637/str_637.xyz,1.17438,INCLUDED_NO_FILTER,retained in no-S2-filter workflow,3.192981087446787,3.4728962400360706,2.0,0.2101963841313698,0.21534681057063274,0.005150426439262945,-0.005150426439262945,-0.010998558826933846
