task_index,permutation,family,target,selected_model,n_total,n_train_validation,n_test,n_features,split_seed,permutation_seed,model_random_state,r2,mae,rmse
0,1,extra_trees,target_fodft_coupling_abs_ev,extra_trees,2582,2194,388,19,42,42,42,-0.1057762786623246,0.1801066389852085,0.2393985671332904
0,2,extra_trees,target_fodft_coupling_abs_ev,extra_trees,2582,2194,388,19,42,42,42,-0.1063173276415292,0.1823262131950651,0.2368360681570475
0,3,extra_trees,target_fodft_coupling_abs_ev,extra_trees,2582,2194,388,19,42,42,42,-0.1240008100589846,0.1801119606635021,0.222960558361976
0,4,extra_trees,target_fodft_coupling_abs_ev,extra_trees,2582,2194,388,19,42,42,42,-0.1042586559554874,0.1676849577689415,0.2111342469193216
0,5,extra_trees,target_fodft_coupling_abs_ev,extra_trees,2582,2194,388,19,42,42,42,-0.1317490638814686,0.1808139244338856,0.2271325501718732
0,6,extra_trees,target_fodft_coupling_abs_ev,extra_trees,2582,2194,388,19,42,42,42,-0.1080851285891675,0.1821089158353789,0.2358301343888407
0,7,extra_trees,target_fodft_coupling_abs_ev,extra_trees,2582,2194,388,19,42,42,42,-0.2123247690224237,0.1957020150501047,0.2493372823511476
0,8,extra_trees,target_fodft_coupling_abs_ev,extra_trees,2582,2194,388,19,42,42,42,-0.1198322588470297,0.1882254018335935,0.2407299952503174
0,9,extra_trees,target_fodft_coupling_abs_ev,extra_trees,2582,2194,388,19,42,42,42,-0.1265324417664983,0.1818494980899836,0.2376023356945522
0,10,extra_trees,target_fodft_coupling_abs_ev,extra_trees,2582,2194,388,19,42,42,42,-0.1223594982500348,0.1817681893809166,0.2356036795675027
0,11,extra_trees,target_fodft_coupling_abs_ev,extra_trees,2582,2194,388,19,42,42,42,-0.1100698637218389,0.1769672560620813,0.2290709314841225
0,12,extra_trees,target_fodft_coupling_abs_ev,extra_trees,2582,2194,388,19,42,42,42,-0.0736684213169776,0.1846822117759442,0.2349322482161673
0,13,extra_trees,target_fodft_coupling_abs_ev,extra_trees,2582,2194,388,19,42,42,42,-0.0984058189229393,0.1803349803927993,0.2437718061823345
0,14,extra_trees,target_fodft_coupling_abs_ev,extra_trees,2582,2194,388,19,42,42,42,-0.2504267276302321,0.1870105067936682,0.233303840149538
0,15,extra_trees,target_fodft_coupling_abs_ev,extra_trees,2582,2194,388,19,42,42,42,-0.0844672751143165,0.1679739080431025,0.2093598240716413
0,16,extra_trees,target_fodft_coupling_abs_ev,extra_trees,2582,2194,388,19,42,42,42,-0.0782634289907293,0.1737241360933892,0.2312828076338325
0,17,extra_trees,target_fodft_coupling_abs_ev,extra_trees,2582,2194,388,19,42,42,42,-0.1793024022304714,0.1883616369535486,0.248193169141275
0,18,extra_trees,target_fodft_coupling_abs_ev,extra_trees,2582,2194,388,19,42,42,42,-0.0641595933570429,0.1805369866464272,0.2258644270347948
0,19,extra_trees,target_fodft_coupling_abs_ev,extra_trees,2582,2194,388,19,42,42,42,-0.1408944563675245,0.179344116337566,0.2354687689445744
0,20,extra_trees,target_fodft_coupling_abs_ev,extra_trees,2582,2194,388,19,42,42,42,-0.0637498951429091,0.1818465056655591,0.2250694104364701
0,21,extra_trees,target_fodft_coupling_abs_ev,extra_trees,2582,2194,388,19,42,42,42,-0.1065672033528726,0.1919260009820647,0.2507951647326321
0,22,extra_trees,target_fodft_coupling_abs_ev,extra_trees,2582,2194,388,19,42,42,42,-0.1152117177752716,0.1874815889299589,0.2487365172905602
0,23,extra_trees,target_fodft_coupling_abs_ev,extra_trees,2582,2194,388,19,42,42,42,-0.0730963290513364,0.1789247845180583,0.2268299014006876
0,24,extra_trees,target_fodft_coupling_abs_ev,extra_trees,2582,2194,388,19,42,42,42,-0.0957652045679922,0.173149202461645,0.2233832454977016
0,25,extra_trees,target_fodft_coupling_abs_ev,extra_trees,2582,2194,388,19,42,42,42,-0.1953153930969833,0.1772354178177118,0.2246358510275466
0,26,extra_trees,target_fodft_coupling_abs_ev,extra_trees,2582,2194,388,19,42,42,42,-0.1263948711401352,0.1770571621212689,0.2295536326674433
0,27,extra_trees,target_fodft_coupling_abs_ev,extra_trees,2582,2194,388,19,42,42,42,-0.1524564584393151,0.1885588492047285,0.2398159085644201
0,28,extra_trees,target_fodft_coupling_abs_ev,extra_trees,2582,2194,388,19,42,42,42,-0.1105675060399686,0.185945970767354,0.2426639977589621
0,29,extra_trees,target_fodft_coupling_abs_ev,extra_trees,2582,2194,388,19,42,42,42,-0.1289613905959366,0.1878548271515766,0.250324020086305
0,30,extra_trees,target_fodft_coupling_abs_ev,extra_trees,2582,2194,388,19,42,42,42,-0.1669112630751303,0.1855529287901034,0.2383396620554665
0,31,extra_trees,target_fodft_coupling_abs_ev,extra_trees,2582,2194,388,19,42,42,42,-0.1510518010844934,0.1780157580444189,0.2323488428757812
0,32,extra_trees,target_fodft_coupling_abs_ev,extra_trees,2582,2194,388,19,42,42,42,-0.1729352193149538,0.1717256419451802,0.2134961760528122
0,33,extra_trees,target_fodft_coupling_abs_ev,extra_trees,2582,2194,388,19,42,42,42,-0.232943343749759,0.1834807861593261,0.2365478873451383
0,34,extra_trees,target_fodft_coupling_abs_ev,extra_trees,2582,2194,388,19,42,42,42,-0.0079403070312797,0.1845716699651593,0.2405523239362528
0,35,extra_trees,target_fodft_coupling_abs_ev,extra_trees,2582,2194,388,19,42,42,42,-0.1079123572863278,0.1739468266244638,0.2241176197100474
0,36,extra_trees,target_fodft_coupling_abs_ev,extra_trees,2582,2194,388,19,42,42,42,-0.2141399734605578,0.1774333374521203,0.2253299115412246
0,37,extra_trees,target_fodft_coupling_abs_ev,extra_trees,2582,2194,388,19,42,42,42,-0.1582990310349552,0.1869336971234616,0.241961070885349
0,38,extra_trees,target_fodft_coupling_abs_ev,extra_trees,2582,2194,388,19,42,42,42,-0.1898156150368577,0.1863534416492464,0.236325567814178
0,39,extra_trees,target_fodft_coupling_abs_ev,extra_trees,2582,2194,388,19,42,42,42,-0.144640356956899,0.2002701781604286,0.2686104982345059
0,40,extra_trees,target_fodft_coupling_abs_ev,extra_trees,2582,2194,388,19,42,42,42,-0.1117871155689118,0.1796594905033502,0.2233133864344978
0,41,extra_trees,target_fodft_coupling_abs_ev,extra_trees,2582,2194,388,19,42,42,42,-0.1073307084632213,0.1691180744036602,0.2195971725789024
0,42,extra_trees,target_fodft_coupling_abs_ev,extra_trees,2582,2194,388,19,42,42,42,-0.1136165135101732,0.1763274627717419,0.2308443787292977
0,43,extra_trees,target_fodft_coupling_abs_ev,extra_trees,2582,2194,388,19,42,42,42,-0.1067098782479429,0.1875192688949133,0.2501938464137566
0,44,extra_trees,target_fodft_coupling_abs_ev,extra_trees,2582,2194,388,19,42,42,42,-0.1180498419823115,0.1806454211413303,0.2295845303876132
0,45,extra_trees,target_fodft_coupling_abs_ev,extra_trees,2582,2194,388,19,42,42,42,-0.1770791943818794,0.1809045387967605,0.2282271534432514
0,46,extra_trees,target_fodft_coupling_abs_ev,extra_trees,2582,2194,388,19,42,42,42,-0.0826524683904297,0.1791181336151352,0.2339627161801933
0,47,extra_trees,target_fodft_coupling_abs_ev,extra_trees,2582,2194,388,19,42,42,42,-0.1243703489175716,0.1803398676235065,0.2331514718791363
0,48,extra_trees,target_fodft_coupling_abs_ev,extra_trees,2582,2194,388,19,42,42,42,-0.2652045772894484,0.1832763491501755,0.2396156403145169
0,49,extra_trees,target_fodft_coupling_abs_ev,extra_trees,2582,2194,388,19,42,42,42,-0.0901311017818986,0.1835044763804874,0.2416095849821904
0,50,extra_trees,target_fodft_coupling_abs_ev,extra_trees,2582,2194,388,19,42,42,42,-0.1199673758110158,0.1754282388924551,0.2288525693221121
0,51,extra_trees,target_fodft_coupling_abs_ev,extra_trees,2582,2194,388,19,42,42,42,-0.1518800154278747,0.178331448917294,0.2269427460677357
0,52,extra_trees,target_fodft_coupling_abs_ev,extra_trees,2582,2194,388,19,42,42,42,-0.1271829463417364,0.189619793043939,0.2477499782593363
0,53,extra_trees,target_fodft_coupling_abs_ev,extra_trees,2582,2194,388,19,42,42,42,-0.0865694757322637,0.1878566047775634,0.2406215975829297
0,54,extra_trees,target_fodft_coupling_abs_ev,extra_trees,2582,2194,388,19,42,42,42,-0.1450702121804119,0.1883697358299144,0.2312868033596591
0,55,extra_trees,target_fodft_coupling_abs_ev,extra_trees,2582,2194,388,19,42,42,42,-0.0836978752781185,0.1784825772457833,0.2283442181855055
0,56,extra_trees,target_fodft_coupling_abs_ev,extra_trees,2582,2194,388,19,42,42,42,-0.1607588094275118,0.18054015821673,0.2321395388233219
0,57,extra_trees,target_fodft_coupling_abs_ev,extra_trees,2582,2194,388,19,42,42,42,-0.0844385050370004,0.1794180096129731,0.2314117613731205
0,58,extra_trees,target_fodft_coupling_abs_ev,extra_trees,2582,2194,388,19,42,42,42,-0.121986684039937,0.1859193244069492,0.2368023543835157
0,59,extra_trees,target_fodft_coupling_abs_ev,extra_trees,2582,2194,388,19,42,42,42,-0.1883872596849862,0.1901316957078804,0.2370063585313624
0,60,extra_trees,target_fodft_coupling_abs_ev,extra_trees,2582,2194,388,19,42,42,42,-0.0793924069720053,0.1906537497727821,0.249212161795416
0,61,extra_trees,target_fodft_coupling_abs_ev,extra_trees,2582,2194,388,19,42,42,42,-0.1190369074806665,0.1840846455382792,0.242931040378946
0,62,extra_trees,target_fodft_coupling_abs_ev,extra_trees,2582,2194,388,19,42,42,42,-0.1269783915356561,0.1825250797062544,0.244526687371815
0,63,extra_trees,target_fodft_coupling_abs_ev,extra_trees,2582,2194,388,19,42,42,42,-0.1030155026804411,0.1733752326264965,0.2154294067208746
0,64,extra_trees,target_fodft_coupling_abs_ev,extra_trees,2582,2194,388,19,42,42,42,-0.1037226338455183,0.1850824631905332,0.2409375154345387
0,65,extra_trees,target_fodft_coupling_abs_ev,extra_trees,2582,2194,388,19,42,42,42,-0.1512232385079708,0.186474363098781,0.2334299755405951
0,66,extra_trees,target_fodft_coupling_abs_ev,extra_trees,2582,2194,388,19,42,42,42,-0.0977762002095428,0.1800748665870475,0.2293706867645258
0,67,extra_trees,target_fodft_coupling_abs_ev,extra_trees,2582,2194,388,19,42,42,42,-0.1560666430709945,0.1809064971280592,0.2359997847206447
0,68,extra_trees,target_fodft_coupling_abs_ev,extra_trees,2582,2194,388,19,42,42,42,-0.119854095275572,0.1814622779811602,0.2288310194108119
0,69,extra_trees,target_fodft_coupling_abs_ev,extra_trees,2582,2194,388,19,42,42,42,-0.1076074922231886,0.1859844649261591,0.2418797197492628
0,70,extra_trees,target_fodft_coupling_abs_ev,extra_trees,2582,2194,388,19,42,42,42,-0.1283201660051594,0.1736996505299636,0.2294562461056166
0,71,extra_trees,target_fodft_coupling_abs_ev,extra_trees,2582,2194,388,19,42,42,42,-0.10725538442176,0.1816400844754264,0.2357870534645179
0,72,extra_trees,target_fodft_coupling_abs_ev,extra_trees,2582,2194,388,19,42,42,42,-0.137416328557663,0.1760305191651467,0.2343633254629112
0,73,extra_trees,target_fodft_coupling_abs_ev,extra_trees,2582,2194,388,19,42,42,42,-0.1042971966585077,0.1778078092423984,0.225423985418313
0,74,extra_trees,target_fodft_coupling_abs_ev,extra_trees,2582,2194,388,19,42,42,42,-0.0409979231105706,0.1785122514739385,0.2298784549313023
0,75,extra_trees,target_fodft_coupling_abs_ev,extra_trees,2582,2194,388,19,42,42,42,-0.023823824343248,0.1809346598465188,0.2379620017477634
0,76,extra_trees,target_fodft_coupling_abs_ev,extra_trees,2582,2194,388,19,42,42,42,-0.1670013670161396,0.1905000865112844,0.243266643507391
0,77,extra_trees,target_fodft_coupling_abs_ev,extra_trees,2582,2194,388,19,42,42,42,-0.1471273334451435,0.1832924929804228,0.2368107479319112
0,78,extra_trees,target_fodft_coupling_abs_ev,extra_trees,2582,2194,388,19,42,42,42,-0.0862390520527802,0.1729666791414592,0.2186935954481995
0,79,extra_trees,target_fodft_coupling_abs_ev,extra_trees,2582,2194,388,19,42,42,42,-0.0916654633645313,0.1881755732395674,0.2505527201816347
0,80,extra_trees,target_fodft_coupling_abs_ev,extra_trees,2582,2194,388,19,42,42,42,-0.1592041540439852,0.177711440218618,0.2343180710657886
0,81,extra_trees,target_fodft_coupling_abs_ev,extra_trees,2582,2194,388,19,42,42,42,-0.1499611746874314,0.1802198588091195,0.2399247678275987
0,82,extra_trees,target_fodft_coupling_abs_ev,extra_trees,2582,2194,388,19,42,42,42,-0.0360042139685932,0.1819022718603003,0.2349580036380263
0,83,extra_trees,target_fodft_coupling_abs_ev,extra_trees,2582,2194,388,19,42,42,42,-0.0633241863860407,0.1767644486685966,0.2294251058436455
0,84,extra_trees,target_fodft_coupling_abs_ev,extra_trees,2582,2194,388,19,42,42,42,-0.1599606486985485,0.1725294030151601,0.2181223376003866
0,85,extra_trees,target_fodft_coupling_abs_ev,extra_trees,2582,2194,388,19,42,42,42,-0.0871198592421464,0.1742356461699561,0.2169363976613807
0,86,extra_trees,target_fodft_coupling_abs_ev,extra_trees,2582,2194,388,19,42,42,42,-0.206300318666212,0.1842915622703411,0.236453562809229
0,87,extra_trees,target_fodft_coupling_abs_ev,extra_trees,2582,2194,388,19,42,42,42,-0.1174393689014448,0.165824424156856,0.2165065984874909
0,88,extra_trees,target_fodft_coupling_abs_ev,extra_trees,2582,2194,388,19,42,42,42,-0.0682389186145089,0.185188888867245,0.2375903966237707
0,89,extra_trees,target_fodft_coupling_abs_ev,extra_trees,2582,2194,388,19,42,42,42,-0.1016054298042388,0.17532182445751,0.2174897736084279
0,90,extra_trees,target_fodft_coupling_abs_ev,extra_trees,2582,2194,388,19,42,42,42,-0.1260578031401242,0.1850827765610853,0.2363356178638203
0,91,extra_trees,target_fodft_coupling_abs_ev,extra_trees,2582,2194,388,19,42,42,42,-0.108541117023291,0.1945745923858307,0.2501688849655825
0,92,extra_trees,target_fodft_coupling_abs_ev,extra_trees,2582,2194,388,19,42,42,42,-0.1524335350057934,0.1802885695291814,0.2348270948711921
0,93,extra_trees,target_fodft_coupling_abs_ev,extra_trees,2582,2194,388,19,42,42,42,-0.1549073651507455,0.1804970761982241,0.2315448029690172
0,94,extra_trees,target_fodft_coupling_abs_ev,extra_trees,2582,2194,388,19,42,42,42,-0.1533124158520968,0.1851006304206745,0.238494977371834
0,95,extra_trees,target_fodft_coupling_abs_ev,extra_trees,2582,2194,388,19,42,42,42,-0.1858938395317193,0.1920205055182016,0.251993984329399
0,96,extra_trees,target_fodft_coupling_abs_ev,extra_trees,2582,2194,388,19,42,42,42,-0.1362560639869796,0.1776476517955643,0.2249295871485107
0,97,extra_trees,target_fodft_coupling_abs_ev,extra_trees,2582,2194,388,19,42,42,42,-0.1653221454791469,0.1770773188440925,0.2235519463827833
0,98,extra_trees,target_fodft_coupling_abs_ev,extra_trees,2582,2194,388,19,42,42,42,-0.1943746969540631,0.1803652095943067,0.2324882136879111
0,99,extra_trees,target_fodft_coupling_abs_ev,extra_trees,2582,2194,388,19,42,42,42,-0.1790258347120157,0.1751835744918106,0.221270407463325
0,100,extra_trees,target_fodft_coupling_abs_ev,extra_trees,2582,2194,388,19,42,42,42,-0.1276953525715345,0.1784616558841603,0.2245534294879435
0,101,extra_trees,target_fodft_coupling_abs_ev,extra_trees,2582,2194,388,19,42,42,42,-0.1541661076016947,0.1793299682557144,0.234951141720522
0,102,extra_trees,target_fodft_coupling_abs_ev,extra_trees,2582,2194,388,19,42,42,42,-0.212740132143042,0.1807937144800009,0.2315361488390539
0,103,extra_trees,target_fodft_coupling_abs_ev,extra_trees,2582,2194,388,19,42,42,42,-0.1157985897842495,0.1661466547093426,0.213122340253166
0,104,extra_trees,target_fodft_coupling_abs_ev,extra_trees,2582,2194,388,19,42,42,42,-0.0548363281910919,0.1825334590696298,0.2407398829508315
0,105,extra_trees,target_fodft_coupling_abs_ev,extra_trees,2582,2194,388,19,42,42,42,-0.1633683268509365,0.1868177123063157,0.243171425835228
0,106,extra_trees,target_fodft_coupling_abs_ev,extra_trees,2582,2194,388,19,42,42,42,-0.1483153432655073,0.1842947863470132,0.2524615281044841
0,107,extra_trees,target_fodft_coupling_abs_ev,extra_trees,2582,2194,388,19,42,42,42,-0.1660584111659548,0.196202631956604,0.2595412551130863
0,108,extra_trees,target_fodft_coupling_abs_ev,extra_trees,2582,2194,388,19,42,42,42,-0.1096800014422962,0.1872549744464789,0.2406673382321139
0,109,extra_trees,target_fodft_coupling_abs_ev,extra_trees,2582,2194,388,19,42,42,42,-0.1175680829712562,0.1822437646821245,0.2422817869122579
0,110,extra_trees,target_fodft_coupling_abs_ev,extra_trees,2582,2194,388,19,42,42,42,-0.1878212503499101,0.1882318318904261,0.2329490620449235
0,111,extra_trees,target_fodft_coupling_abs_ev,extra_trees,2582,2194,388,19,42,42,42,-0.1213458598014345,0.1908840775537433,0.259030311378249
0,112,extra_trees,target_fodft_coupling_abs_ev,extra_trees,2582,2194,388,19,42,42,42,-0.1011215590934553,0.1715401035103441,0.2152746519796186
0,113,extra_trees,target_fodft_coupling_abs_ev,extra_trees,2582,2194,388,19,42,42,42,-0.186105910116145,0.19438990272644,0.2419451525001602
0,114,extra_trees,target_fodft_coupling_abs_ev,extra_trees,2582,2194,388,19,42,42,42,-0.1386167402849987,0.1888769718581994,0.2472310752080347
0,115,extra_trees,target_fodft_coupling_abs_ev,extra_trees,2582,2194,388,19,42,42,42,-0.1312106355910745,0.1809212415210491,0.2305603903782756
0,116,extra_trees,target_fodft_coupling_abs_ev,extra_trees,2582,2194,388,19,42,42,42,-0.0971080889204059,0.1732596718282953,0.2213367836406523
0,117,extra_trees,target_fodft_coupling_abs_ev,extra_trees,2582,2194,388,19,42,42,42,-0.1681823454888138,0.1957466019223761,0.24927309167794
0,118,extra_trees,target_fodft_coupling_abs_ev,extra_trees,2582,2194,388,19,42,42,42,-0.1558835100580127,0.16969759559166,0.2168639273496716
0,119,extra_trees,target_fodft_coupling_abs_ev,extra_trees,2582,2194,388,19,42,42,42,-0.1833757578718,0.1788989453085371,0.2340759468331261
0,120,extra_trees,target_fodft_coupling_abs_ev,extra_trees,2582,2194,388,19,42,42,42,-0.186542727901481,0.1783924540391554,0.232339331606112
0,121,extra_trees,target_fodft_coupling_abs_ev,extra_trees,2582,2194,388,19,42,42,42,-0.1217985461037638,0.1800027621252679,0.2285692215195754
0,122,extra_trees,target_fodft_coupling_abs_ev,extra_trees,2582,2194,388,19,42,42,42,-0.1638384356944182,0.1812355108520737,0.2325320058768636
0,123,extra_trees,target_fodft_coupling_abs_ev,extra_trees,2582,2194,388,19,42,42,42,-0.1383779168343071,0.1815718622625744,0.2279260810876981
0,124,extra_trees,target_fodft_coupling_abs_ev,extra_trees,2582,2194,388,19,42,42,42,-0.1807383099961199,0.190844613376907,0.2427526614249713
0,125,extra_trees,target_fodft_coupling_abs_ev,extra_trees,2582,2194,388,19,42,42,42,-0.1043385823445095,0.184137624716164,0.2394649889693681
0,126,extra_trees,target_fodft_coupling_abs_ev,extra_trees,2582,2194,388,19,42,42,42,-0.1064568656949265,0.1863630643134491,0.242548457237386
0,127,extra_trees,target_fodft_coupling_abs_ev,extra_trees,2582,2194,388,19,42,42,42,-0.1888621387477231,0.18239394644706,0.2316324718881529
0,128,extra_trees,target_fodft_coupling_abs_ev,extra_trees,2582,2194,388,19,42,42,42,-0.0995768597336863,0.1894284798168123,0.2477242723493579
0,129,extra_trees,target_fodft_coupling_abs_ev,extra_trees,2582,2194,388,19,42,42,42,-0.1761107531595955,0.1921966792387698,0.2502322360188165
0,130,extra_trees,target_fodft_coupling_abs_ev,extra_trees,2582,2194,388,19,42,42,42,-0.141886390315022,0.175103084761303,0.2230481661163567
0,131,extra_trees,target_fodft_coupling_abs_ev,extra_trees,2582,2194,388,19,42,42,42,-0.1798123825063224,0.1960069612514806,0.2605230144701966
0,132,extra_trees,target_fodft_coupling_abs_ev,extra_trees,2582,2194,388,19,42,42,42,-0.1589591952199205,0.1670938586067439,0.2106566400292932
0,133,extra_trees,target_fodft_coupling_abs_ev,extra_trees,2582,2194,388,19,42,42,42,-0.1140680300521121,0.1892315935058644,0.2506622825282438
0,134,extra_trees,target_fodft_coupling_abs_ev,extra_trees,2582,2194,388,19,42,42,42,-0.075969347853988,0.193203005212897,0.2471039534331023
0,135,extra_trees,target_fodft_coupling_abs_ev,extra_trees,2582,2194,388,19,42,42,42,-0.1024462316416221,0.1809923407210585,0.2402283775850341
0,136,extra_trees,target_fodft_coupling_abs_ev,extra_trees,2582,2194,388,19,42,42,42,-0.2057829278376328,0.1900826676166452,0.2442656328680776
0,137,extra_trees,target_fodft_coupling_abs_ev,extra_trees,2582,2194,388,19,42,42,42,-0.184682957657567,0.1826189471562745,0.234285662195815
0,138,extra_trees,target_fodft_coupling_abs_ev,extra_trees,2582,2194,388,19,42,42,42,-0.1718729128959939,0.1889365783612192,0.2399218195198042
0,139,extra_trees,target_fodft_coupling_abs_ev,extra_trees,2582,2194,388,19,42,42,42,-0.1585571724378396,0.1820909057024274,0.2298687715852068
0,140,extra_trees,target_fodft_coupling_abs_ev,extra_trees,2582,2194,388,19,42,42,42,-0.1851671635350764,0.1843069128336713,0.23700439031338
0,141,extra_trees,target_fodft_coupling_abs_ev,extra_trees,2582,2194,388,19,42,42,42,-0.1531830694326201,0.1843104270745719,0.2303978364276667
0,142,extra_trees,target_fodft_coupling_abs_ev,extra_trees,2582,2194,388,19,42,42,42,-0.1606359514294568,0.1829456184618467,0.2312621095345864
0,143,extra_trees,target_fodft_coupling_abs_ev,extra_trees,2582,2194,388,19,42,42,42,-0.1473587070508715,0.1744656588978572,0.2230636639008993
0,144,extra_trees,target_fodft_coupling_abs_ev,extra_trees,2582,2194,388,19,42,42,42,-0.1273741552037386,0.1919567710395873,0.25301259145263
0,145,extra_trees,target_fodft_coupling_abs_ev,extra_trees,2582,2194,388,19,42,42,42,-0.1510858209006758,0.1871166191660008,0.2343010292811429
0,146,extra_trees,target_fodft_coupling_abs_ev,extra_trees,2582,2194,388,19,42,42,42,-0.134375508708163,0.1857990798348106,0.248384955299161
0,147,extra_trees,target_fodft_coupling_abs_ev,extra_trees,2582,2194,388,19,42,42,42,-0.1671580671458052,0.1903472372210798,0.2514838525380025
0,148,extra_trees,target_fodft_coupling_abs_ev,extra_trees,2582,2194,388,19,42,42,42,-0.1582348345011388,0.1842009641536842,0.2411785588052855
0,149,extra_trees,target_fodft_coupling_abs_ev,extra_trees,2582,2194,388,19,42,42,42,-0.2149965589239151,0.1746844324773796,0.2205697376728598
0,150,extra_trees,target_fodft_coupling_abs_ev,extra_trees,2582,2194,388,19,42,42,42,-0.1784636289215173,0.1801238556478476,0.2290840764967108
0,151,extra_trees,target_fodft_coupling_abs_ev,extra_trees,2582,2194,388,19,42,42,42,-0.0915974624831073,0.1728861735507075,0.221456796580815
0,152,extra_trees,target_fodft_coupling_abs_ev,extra_trees,2582,2194,388,19,42,42,42,-0.1597645014495814,0.1796685006570517,0.2336968267257679
0,153,extra_trees,target_fodft_coupling_abs_ev,extra_trees,2582,2194,388,19,42,42,42,-0.1518293137075268,0.1851264829581364,0.2339484840818239
0,154,extra_trees,target_fodft_coupling_abs_ev,extra_trees,2582,2194,388,19,42,42,42,-0.0953178332881929,0.1884233353947216,0.2464630419032467
0,155,extra_trees,target_fodft_coupling_abs_ev,extra_trees,2582,2194,388,19,42,42,42,-0.1247623016160375,0.1855798840310414,0.2486621864681115
0,156,extra_trees,target_fodft_coupling_abs_ev,extra_trees,2582,2194,388,19,42,42,42,-0.1200425742164963,0.1728392765021917,0.2174738335965475
0,157,extra_trees,target_fodft_coupling_abs_ev,extra_trees,2582,2194,388,19,42,42,42,-0.2406269284312003,0.1817552423954828,0.2292076192110543
0,158,extra_trees,target_fodft_coupling_abs_ev,extra_trees,2582,2194,388,19,42,42,42,-0.1012135401423888,0.1762485218171173,0.2337955878544494
0,159,extra_trees,target_fodft_coupling_abs_ev,extra_trees,2582,2194,388,19,42,42,42,-0.2197606603564819,0.1858107437164602,0.2339809324753247
0,160,extra_trees,target_fodft_coupling_abs_ev,extra_trees,2582,2194,388,19,42,42,42,-0.1474144837150635,0.1874456498991182,0.2460101092499574
0,161,extra_trees,target_fodft_coupling_abs_ev,extra_trees,2582,2194,388,19,42,42,42,-0.084676651455517,0.1747209145853095,0.2204930023573184
0,162,extra_trees,target_fodft_coupling_abs_ev,extra_trees,2582,2194,388,19,42,42,42,-0.1318500940771481,0.1892581672622527,0.2598925359860587
0,163,extra_trees,target_fodft_coupling_abs_ev,extra_trees,2582,2194,388,19,42,42,42,-0.1564862254719681,0.1894076499873916,0.2440790200105478
0,164,extra_trees,target_fodft_coupling_abs_ev,extra_trees,2582,2194,388,19,42,42,42,-0.1757395183474479,0.1810876236358805,0.2311450133162622
0,165,extra_trees,target_fodft_coupling_abs_ev,extra_trees,2582,2194,388,19,42,42,42,-0.0969987538842771,0.179915610109965,0.2351071181284331
0,166,extra_trees,target_fodft_coupling_abs_ev,extra_trees,2582,2194,388,19,42,42,42,-0.1703905663357725,0.1663055059567292,0.2186522645114104
0,167,extra_trees,target_fodft_coupling_abs_ev,extra_trees,2582,2194,388,19,42,42,42,-0.1905742801434469,0.1699847319680506,0.2158095284464204
0,168,extra_trees,target_fodft_coupling_abs_ev,extra_trees,2582,2194,388,19,42,42,42,-0.1396389123053032,0.1774335315412928,0.2303815203335254
0,169,extra_trees,target_fodft_coupling_abs_ev,extra_trees,2582,2194,388,19,42,42,42,-0.1543556494844666,0.1709502835019926,0.2133897568307605
0,170,extra_trees,target_fodft_coupling_abs_ev,extra_trees,2582,2194,388,19,42,42,42,-0.2010219117328311,0.1746581252760483,0.2271159460277295
0,171,extra_trees,target_fodft_coupling_abs_ev,extra_trees,2582,2194,388,19,42,42,42,-0.075753949119022,0.1869403859630913,0.2460151640764848
0,172,extra_trees,target_fodft_coupling_abs_ev,extra_trees,2582,2194,388,19,42,42,42,-0.2442974425627559,0.1845807013677998,0.2388177674238132
0,173,extra_trees,target_fodft_coupling_abs_ev,extra_trees,2582,2194,388,19,42,42,42,-0.0995955054378499,0.1866320840414194,0.2518985461331771
0,174,extra_trees,target_fodft_coupling_abs_ev,extra_trees,2582,2194,388,19,42,42,42,-0.2109140551313622,0.1696099338394001,0.2124646848123593
0,175,extra_trees,target_fodft_coupling_abs_ev,extra_trees,2582,2194,388,19,42,42,42,-0.123870642569476,0.1841932445258616,0.2441303602771527
0,176,extra_trees,target_fodft_coupling_abs_ev,extra_trees,2582,2194,388,19,42,42,42,-0.1519617731039562,0.1791815869279195,0.2293242200305101
0,177,extra_trees,target_fodft_coupling_abs_ev,extra_trees,2582,2194,388,19,42,42,42,-0.1354384751724096,0.1770864807663956,0.2234017021002985
0,178,extra_trees,target_fodft_coupling_abs_ev,extra_trees,2582,2194,388,19,42,42,42,-0.1956181571085482,0.1917831219460406,0.2518028371201
0,179,extra_trees,target_fodft_coupling_abs_ev,extra_trees,2582,2194,388,19,42,42,42,-0.163647639368565,0.1835732238263611,0.2416984302060176
0,180,extra_trees,target_fodft_coupling_abs_ev,extra_trees,2582,2194,388,19,42,42,42,-0.181663565760596,0.1752476231626013,0.2248503875747564
0,181,extra_trees,target_fodft_coupling_abs_ev,extra_trees,2582,2194,388,19,42,42,42,-0.0716066728694888,0.1660006557882705,0.2125241827479197
0,182,extra_trees,target_fodft_coupling_abs_ev,extra_trees,2582,2194,388,19,42,42,42,-0.0904408229873159,0.1866585519625153,0.238299938604496
0,183,extra_trees,target_fodft_coupling_abs_ev,extra_trees,2582,2194,388,19,42,42,42,-0.1054998025687834,0.1786674688120089,0.2363439682545742
0,184,extra_trees,target_fodft_coupling_abs_ev,extra_trees,2582,2194,388,19,42,42,42,-0.1417210130326929,0.1826303649475551,0.2348389679738578
0,185,extra_trees,target_fodft_coupling_abs_ev,extra_trees,2582,2194,388,19,42,42,42,-0.1711650654575292,0.1848133338406848,0.2384699512812468
0,186,extra_trees,target_fodft_coupling_abs_ev,extra_trees,2582,2194,388,19,42,42,42,-0.1376017353680747,0.1853316457057407,0.2473514448228799
0,187,extra_trees,target_fodft_coupling_abs_ev,extra_trees,2582,2194,388,19,42,42,42,-0.1113171190641584,0.1817387256946614,0.2360771133857288
0,188,extra_trees,target_fodft_coupling_abs_ev,extra_trees,2582,2194,388,19,42,42,42,-0.1271169000524579,0.1887501638822356,0.2518580135216582
0,189,extra_trees,target_fodft_coupling_abs_ev,extra_trees,2582,2194,388,19,42,42,42,-0.0779213037772716,0.1934308761492413,0.2602300361965838
0,190,extra_trees,target_fodft_coupling_abs_ev,extra_trees,2582,2194,388,19,42,42,42,-0.1314134945765181,0.1752586442980933,0.219728944666312
0,191,extra_trees,target_fodft_coupling_abs_ev,extra_trees,2582,2194,388,19,42,42,42,-0.1408851433431934,0.1690650976446928,0.2108048682496545
0,192,extra_trees,target_fodft_coupling_abs_ev,extra_trees,2582,2194,388,19,42,42,42,-0.0932925845316547,0.1751448214913994,0.2158331723289174
0,193,extra_trees,target_fodft_coupling_abs_ev,extra_trees,2582,2194,388,19,42,42,42,-0.1754792827850995,0.1772622583406309,0.222791677240259
0,194,extra_trees,target_fodft_coupling_abs_ev,extra_trees,2582,2194,388,19,42,42,42,-0.1278218626993734,0.1804683737013543,0.2319528027485327
0,195,extra_trees,target_fodft_coupling_abs_ev,extra_trees,2582,2194,388,19,42,42,42,-0.0662265834968334,0.1762327364347564,0.2294957252811985
0,196,extra_trees,target_fodft_coupling_abs_ev,extra_trees,2582,2194,388,19,42,42,42,-0.0720092559852183,0.1685002198013476,0.2212202417041147
0,197,extra_trees,target_fodft_coupling_abs_ev,extra_trees,2582,2194,388,19,42,42,42,-0.1822912024669118,0.1937145147252213,0.2482640588493449
0,198,extra_trees,target_fodft_coupling_abs_ev,extra_trees,2582,2194,388,19,42,42,42,-0.2062597537190085,0.1864611112133694,0.2328805239613714
0,199,extra_trees,target_fodft_coupling_abs_ev,extra_trees,2582,2194,388,19,42,42,42,-0.1695629739261737,0.186576650792747,0.2416224975717321
0,200,extra_trees,target_fodft_coupling_abs_ev,extra_trees,2582,2194,388,19,42,42,42,-0.1488491915667573,0.179107601004877,0.2295289839017056
0,201,extra_trees,target_fodft_coupling_abs_ev,extra_trees,2582,2194,388,19,42,42,42,-0.1436560432759994,0.1907999093587546,0.2468702327749676
0,202,extra_trees,target_fodft_coupling_abs_ev,extra_trees,2582,2194,388,19,42,42,42,-0.1573186074358286,0.1824726775459787,0.2389088135914869
0,203,extra_trees,target_fodft_coupling_abs_ev,extra_trees,2582,2194,388,19,42,42,42,-0.1268063128402552,0.1962848899153306,0.2616431246153897
0,204,extra_trees,target_fodft_coupling_abs_ev,extra_trees,2582,2194,388,19,42,42,42,-0.1003794963794899,0.1799738555673238,0.2252607897536457
0,205,extra_trees,target_fodft_coupling_abs_ev,extra_trees,2582,2194,388,19,42,42,42,-0.1524151396905904,0.168059336968361,0.2162831019235331
0,206,extra_trees,target_fodft_coupling_abs_ev,extra_trees,2582,2194,388,19,42,42,42,-0.1267762240440502,0.1916221990372073,0.2428253752398651
0,207,extra_trees,target_fodft_coupling_abs_ev,extra_trees,2582,2194,388,19,42,42,42,-0.1539428563526275,0.1930311927383476,0.2477407405577538
0,208,extra_trees,target_fodft_coupling_abs_ev,extra_trees,2582,2194,388,19,42,42,42,-0.1961549362368695,0.1757727204010085,0.2254269044999543
0,209,extra_trees,target_fodft_coupling_abs_ev,extra_trees,2582,2194,388,19,42,42,42,-0.1014589117922912,0.1794417547240766,0.2344970212256932
0,210,extra_trees,target_fodft_coupling_abs_ev,extra_trees,2582,2194,388,19,42,42,42,-0.1111648048502167,0.1758171995932243,0.2234653654080536
0,211,extra_trees,target_fodft_coupling_abs_ev,extra_trees,2582,2194,388,19,42,42,42,-0.0884562956414241,0.1888665812341213,0.2439898745945673
0,212,extra_trees,target_fodft_coupling_abs_ev,extra_trees,2582,2194,388,19,42,42,42,-0.2207088261711298,0.1798320904953455,0.2354331516075503
0,213,extra_trees,target_fodft_coupling_abs_ev,extra_trees,2582,2194,388,19,42,42,42,-0.0871482581681462,0.1796012245360431,0.2336270021446768
0,214,extra_trees,target_fodft_coupling_abs_ev,extra_trees,2582,2194,388,19,42,42,42,-0.1438175832199955,0.1909503174275562,0.2407452798984985
0,215,extra_trees,target_fodft_coupling_abs_ev,extra_trees,2582,2194,388,19,42,42,42,-0.0890786498864475,0.1735498767605371,0.2208101880507051
0,216,extra_trees,target_fodft_coupling_abs_ev,extra_trees,2582,2194,388,19,42,42,42,-0.1831830279356401,0.17698477267909,0.2303447862378737
0,217,extra_trees,target_fodft_coupling_abs_ev,extra_trees,2582,2194,388,19,42,42,42,-0.0726560942173926,0.180385751789987,0.2313302340106763
0,218,extra_trees,target_fodft_coupling_abs_ev,extra_trees,2582,2194,388,19,42,42,42,-0.13783533581152,0.176855542155767,0.2292478502783261
0,219,extra_trees,target_fodft_coupling_abs_ev,extra_trees,2582,2194,388,19,42,42,42,-0.1701419161108115,0.1804062041090079,0.2296578249468278
0,220,extra_trees,target_fodft_coupling_abs_ev,extra_trees,2582,2194,388,19,42,42,42,-0.1468471876874788,0.1891081062274773,0.2375637696973184
0,221,extra_trees,target_fodft_coupling_abs_ev,extra_trees,2582,2194,388,19,42,42,42,-0.1222605854372296,0.1871664541093113,0.2406439196351117
0,222,extra_trees,target_fodft_coupling_abs_ev,extra_trees,2582,2194,388,19,42,42,42,-0.0549650278363436,0.1668087094590358,0.218524185390622
0,223,extra_trees,target_fodft_coupling_abs_ev,extra_trees,2582,2194,388,19,42,42,42,-0.1648451506004122,0.1829186929416558,0.23727236604631
0,224,extra_trees,target_fodft_coupling_abs_ev,extra_trees,2582,2194,388,19,42,42,42,-0.1691186634290395,0.1762165916236443,0.2229860642922172
0,225,extra_trees,target_fodft_coupling_abs_ev,extra_trees,2582,2194,388,19,42,42,42,-0.0413249504653538,0.183238959766373,0.2443087930847969
0,226,extra_trees,target_fodft_coupling_abs_ev,extra_trees,2582,2194,388,19,42,42,42,-0.1204237953188649,0.1859274559616188,0.2394066907927282
0,227,extra_trees,target_fodft_coupling_abs_ev,extra_trees,2582,2194,388,19,42,42,42,-0.1453691494249289,0.1804052736422918,0.235573699598329
0,228,extra_trees,target_fodft_coupling_abs_ev,extra_trees,2582,2194,388,19,42,42,42,-0.0968779025363246,0.1930771678395969,0.2553780860538272
0,229,extra_trees,target_fodft_coupling_abs_ev,extra_trees,2582,2194,388,19,42,42,42,-0.2159067906446639,0.1680494065190054,0.2140420800034663
0,230,extra_trees,target_fodft_coupling_abs_ev,extra_trees,2582,2194,388,19,42,42,42,-0.1447559280430896,0.180269344723166,0.2303043777851784
0,231,extra_trees,target_fodft_coupling_abs_ev,extra_trees,2582,2194,388,19,42,42,42,-0.1479277165650778,0.1756991728961052,0.2250522427090656
0,232,extra_trees,target_fodft_coupling_abs_ev,extra_trees,2582,2194,388,19,42,42,42,-0.1410163967217705,0.1866753745770696,0.251988402030583
0,233,extra_trees,target_fodft_coupling_abs_ev,extra_trees,2582,2194,388,19,42,42,42,-0.1519983506014099,0.1854722227930015,0.235796477133789
0,234,extra_trees,target_fodft_coupling_abs_ev,extra_trees,2582,2194,388,19,42,42,42,-0.1573400657628636,0.1792863574621623,0.2267376563162349
0,235,extra_trees,target_fodft_coupling_abs_ev,extra_trees,2582,2194,388,19,42,42,42,-0.1350178945245252,0.1911392636292169,0.2435977516468631
0,236,extra_trees,target_fodft_coupling_abs_ev,extra_trees,2582,2194,388,19,42,42,42,-0.1363328999922104,0.1833640032102744,0.2387325671952909
0,237,extra_trees,target_fodft_coupling_abs_ev,extra_trees,2582,2194,388,19,42,42,42,-0.1813157121385726,0.1870385841964544,0.2446265941962059
0,238,extra_trees,target_fodft_coupling_abs_ev,extra_trees,2582,2194,388,19,42,42,42,-0.1858839859994336,0.1896604262253881,0.2435899693934952
0,239,extra_trees,target_fodft_coupling_abs_ev,extra_trees,2582,2194,388,19,42,42,42,-0.1361615741485018,0.1824850938785031,0.228303281145252
0,240,extra_trees,target_fodft_coupling_abs_ev,extra_trees,2582,2194,388,19,42,42,42,-0.1225765370473579,0.1827366381687894,0.2327876466495175
0,241,extra_trees,target_fodft_coupling_abs_ev,extra_trees,2582,2194,388,19,42,42,42,-0.1609181760966687,0.1855671215350219,0.2439022241801546
0,242,extra_trees,target_fodft_coupling_abs_ev,extra_trees,2582,2194,388,19,42,42,42,-0.1561966765458564,0.1852690499848944,0.2481213816085483
0,243,extra_trees,target_fodft_coupling_abs_ev,extra_trees,2582,2194,388,19,42,42,42,-0.1380365422273568,0.177484336528764,0.2323644313923778
0,244,extra_trees,target_fodft_coupling_abs_ev,extra_trees,2582,2194,388,19,42,42,42,-0.0747507808991609,0.1720041170154853,0.2200550408996735
0,245,extra_trees,target_fodft_coupling_abs_ev,extra_trees,2582,2194,388,19,42,42,42,-0.15380197748784,0.1741604302505743,0.2268471313827749
0,246,extra_trees,target_fodft_coupling_abs_ev,extra_trees,2582,2194,388,19,42,42,42,-0.1361611986640423,0.1872494920215869,0.2498770122502603
0,247,extra_trees,target_fodft_coupling_abs_ev,extra_trees,2582,2194,388,19,42,42,42,-0.1056925507945516,0.1842051490551168,0.228713653612326
0,248,extra_trees,target_fodft_coupling_abs_ev,extra_trees,2582,2194,388,19,42,42,42,-0.1646673004009076,0.1831172984190844,0.2411110665104266
0,249,extra_trees,target_fodft_coupling_abs_ev,extra_trees,2582,2194,388,19,42,42,42,-0.0727855472509744,0.1794005616086579,0.2380884452437474
0,250,extra_trees,target_fodft_coupling_abs_ev,extra_trees,2582,2194,388,19,42,42,42,-0.1084156619915945,0.180383997732326,0.2430097670631642
0,251,extra_trees,target_fodft_coupling_abs_ev,extra_trees,2582,2194,388,19,42,42,42,-0.1574645369541722,0.1760325128240551,0.2262898754419959
0,252,extra_trees,target_fodft_coupling_abs_ev,extra_trees,2582,2194,388,19,42,42,42,-0.105746193563659,0.1781427639685913,0.2251274508689618
0,253,extra_trees,target_fodft_coupling_abs_ev,extra_trees,2582,2194,388,19,42,42,42,-0.0774124578940065,0.1814740584946051,0.2324957997027725
0,254,extra_trees,target_fodft_coupling_abs_ev,extra_trees,2582,2194,388,19,42,42,42,-0.1027590957827884,0.1942478701307825,0.2586480384769603
0,255,extra_trees,target_fodft_coupling_abs_ev,extra_trees,2582,2194,388,19,42,42,42,-0.0812289500124661,0.1799436024203108,0.233679166822546
0,256,extra_trees,target_fodft_coupling_abs_ev,extra_trees,2582,2194,388,19,42,42,42,-0.0929583304440058,0.1821796666226976,0.2368520428119624
0,257,extra_trees,target_fodft_coupling_abs_ev,extra_trees,2582,2194,388,19,42,42,42,-0.1337571221808617,0.1855779095326623,0.2452082892966026
0,258,extra_trees,target_fodft_coupling_abs_ev,extra_trees,2582,2194,388,19,42,42,42,-0.1594984842759756,0.1657509969751232,0.2046344109907036
0,259,extra_trees,target_fodft_coupling_abs_ev,extra_trees,2582,2194,388,19,42,42,42,-0.0746271403242944,0.1845534443120247,0.243466614689565
0,260,extra_trees,target_fodft_coupling_abs_ev,extra_trees,2582,2194,388,19,42,42,42,-0.124023549828679,0.1947076065954026,0.2504621788949191
0,261,extra_trees,target_fodft_coupling_abs_ev,extra_trees,2582,2194,388,19,42,42,42,-0.171363383250291,0.1931202107837854,0.2533478781037103
0,262,extra_trees,target_fodft_coupling_abs_ev,extra_trees,2582,2194,388,19,42,42,42,-0.069108659324911,0.1820430316274031,0.2333092036395769
0,263,extra_trees,target_fodft_coupling_abs_ev,extra_trees,2582,2194,388,19,42,42,42,-0.1519503289276143,0.1735900907014863,0.2268284118363334
0,264,extra_trees,target_fodft_coupling_abs_ev,extra_trees,2582,2194,388,19,42,42,42,-0.152315356246391,0.1884841911441231,0.2461144667031675
0,265,extra_trees,target_fodft_coupling_abs_ev,extra_trees,2582,2194,388,19,42,42,42,-0.1468376507759796,0.186619019512266,0.2413820550290629
0,266,extra_trees,target_fodft_coupling_abs_ev,extra_trees,2582,2194,388,19,42,42,42,-0.0682701410362169,0.1803521515057748,0.2364352174355386
0,267,extra_trees,target_fodft_coupling_abs_ev,extra_trees,2582,2194,388,19,42,42,42,-0.0373051015431078,0.1854458259263585,0.2377422057290832
0,268,extra_trees,target_fodft_coupling_abs_ev,extra_trees,2582,2194,388,19,42,42,42,-0.1245843570087048,0.1800339122196396,0.2295842997570151
0,269,extra_trees,target_fodft_coupling_abs_ev,extra_trees,2582,2194,388,19,42,42,42,-0.1784741564167318,0.1840980329086684,0.2385250913673854
0,270,extra_trees,target_fodft_coupling_abs_ev,extra_trees,2582,2194,388,19,42,42,42,-0.133030047353178,0.1866040142367351,0.2382156416029142
0,271,extra_trees,target_fodft_coupling_abs_ev,extra_trees,2582,2194,388,19,42,42,42,-0.0726073671614102,0.1851446444632667,0.2348767029239599
0,272,extra_trees,target_fodft_coupling_abs_ev,extra_trees,2582,2194,388,19,42,42,42,-0.1487069703540975,0.1806429389403758,0.2301396787357265
0,273,extra_trees,target_fodft_coupling_abs_ev,extra_trees,2582,2194,388,19,42,42,42,-0.1561723574517797,0.1890819776840246,0.2392413908999554
0,274,extra_trees,target_fodft_coupling_abs_ev,extra_trees,2582,2194,388,19,42,42,42,-0.105848741706215,0.1808458210211819,0.2245051003873645
0,275,extra_trees,target_fodft_coupling_abs_ev,extra_trees,2582,2194,388,19,42,42,42,-0.1496746196877818,0.1829464263670505,0.2363215030432408
0,276,extra_trees,target_fodft_coupling_abs_ev,extra_trees,2582,2194,388,19,42,42,42,-0.1014276160706639,0.1776207963210504,0.2285456679567184
0,277,extra_trees,target_fodft_coupling_abs_ev,extra_trees,2582,2194,388,19,42,42,42,-0.1750696120178747,0.1891287043253933,0.2477680231363664
0,278,extra_trees,target_fodft_coupling_abs_ev,extra_trees,2582,2194,388,19,42,42,42,-0.1129863886744122,0.1805044626524715,0.2308406884569179
0,279,extra_trees,target_fodft_coupling_abs_ev,extra_trees,2582,2194,388,19,42,42,42,-0.0461353253622918,0.1725059224581113,0.2251896287865976
0,280,extra_trees,target_fodft_coupling_abs_ev,extra_trees,2582,2194,388,19,42,42,42,-0.0884501105266177,0.1741449046138583,0.2249866622168031
0,281,extra_trees,target_fodft_coupling_abs_ev,extra_trees,2582,2194,388,19,42,42,42,-0.0906401472363027,0.1845970456382877,0.2413069929901231
0,282,extra_trees,target_fodft_coupling_abs_ev,extra_trees,2582,2194,388,19,42,42,42,-0.2536527191823521,0.194138739380279,0.2446460668115225
0,283,extra_trees,target_fodft_coupling_abs_ev,extra_trees,2582,2194,388,19,42,42,42,-0.1299691668096736,0.1843897106835122,0.2491869505660854
0,284,extra_trees,target_fodft_coupling_abs_ev,extra_trees,2582,2194,388,19,42,42,42,-0.0714998142109719,0.179501978059172,0.2377795937392298
0,285,extra_trees,target_fodft_coupling_abs_ev,extra_trees,2582,2194,388,19,42,42,42,-0.149443292813848,0.1865271855175213,0.2432196417161626
0,286,extra_trees,target_fodft_coupling_abs_ev,extra_trees,2582,2194,388,19,42,42,42,-0.0617982188696144,0.181921285554346,0.2334293023048274
0,287,extra_trees,target_fodft_coupling_abs_ev,extra_trees,2582,2194,388,19,42,42,42,-0.1410818722989368,0.1739032000416797,0.2283724285355202
0,288,extra_trees,target_fodft_coupling_abs_ev,extra_trees,2582,2194,388,19,42,42,42,-0.1148622008378361,0.1704798101676612,0.2202874541082544
0,289,extra_trees,target_fodft_coupling_abs_ev,extra_trees,2582,2194,388,19,42,42,42,-0.0799863259716677,0.1836132916836408,0.2299746155678075
0,290,extra_trees,target_fodft_coupling_abs_ev,extra_trees,2582,2194,388,19,42,42,42,-0.224366139744792,0.1818655790252159,0.2307464674304712
0,291,extra_trees,target_fodft_coupling_abs_ev,extra_trees,2582,2194,388,19,42,42,42,-0.1591268658097948,0.1856885491546415,0.2362336091068756
0,292,extra_trees,target_fodft_coupling_abs_ev,extra_trees,2582,2194,388,19,42,42,42,-0.2268283093579974,0.1878895487851857,0.2336255244197833
0,293,extra_trees,target_fodft_coupling_abs_ev,extra_trees,2582,2194,388,19,42,42,42,-0.06288617757889,0.1861436104663826,0.2471412743883898
0,294,extra_trees,target_fodft_coupling_abs_ev,extra_trees,2582,2194,388,19,42,42,42,-0.0842168317104685,0.1699757702537492,0.2154805403747634
0,295,extra_trees,target_fodft_coupling_abs_ev,extra_trees,2582,2194,388,19,42,42,42,-0.1809020059286319,0.1887891982115701,0.2364480964553789
0,296,extra_trees,target_fodft_coupling_abs_ev,extra_trees,2582,2194,388,19,42,42,42,-0.1168098480347912,0.1818841762772247,0.2410099388902786
0,297,extra_trees,target_fodft_coupling_abs_ev,extra_trees,2582,2194,388,19,42,42,42,-0.1871507121988174,0.1837856208565901,0.2339591639232686
0,298,extra_trees,target_fodft_coupling_abs_ev,extra_trees,2582,2194,388,19,42,42,42,-0.1948775538270697,0.1767235814444473,0.2245234531149918
0,299,extra_trees,target_fodft_coupling_abs_ev,extra_trees,2582,2194,388,19,42,42,42,-0.1210048282982507,0.171415801043668,0.2181150526002657
0,300,extra_trees,target_fodft_coupling_abs_ev,extra_trees,2582,2194,388,19,42,42,42,-0.2002714955122915,0.1838361197835427,0.2373423568547969
0,301,extra_trees,target_fodft_coupling_abs_ev,extra_trees,2582,2194,388,19,42,42,42,-0.1342845637352869,0.1869346819024596,0.2411149402044751
0,302,extra_trees,target_fodft_coupling_abs_ev,extra_trees,2582,2194,388,19,42,42,42,-0.1515519701391787,0.1882200762846308,0.251558169858426
0,303,extra_trees,target_fodft_coupling_abs_ev,extra_trees,2582,2194,388,19,42,42,42,-0.1110281110168422,0.1878224692560179,0.2396215857343118
0,304,extra_trees,target_fodft_coupling_abs_ev,extra_trees,2582,2194,388,19,42,42,42,-0.0937271914286044,0.1812927909288928,0.2289144887880699
0,305,extra_trees,target_fodft_coupling_abs_ev,extra_trees,2582,2194,388,19,42,42,42,-0.1577405723172924,0.1863305055803793,0.252757747036307
0,306,extra_trees,target_fodft_coupling_abs_ev,extra_trees,2582,2194,388,19,42,42,42,-0.1404983623045894,0.179398447462585,0.2207539649856741
0,307,extra_trees,target_fodft_coupling_abs_ev,extra_trees,2582,2194,388,19,42,42,42,-0.1824073045509953,0.1828561752869348,0.2374769141582444
0,308,extra_trees,target_fodft_coupling_abs_ev,extra_trees,2582,2194,388,19,42,42,42,-0.1268552351031295,0.1902086468350634,0.246924003008067
0,309,extra_trees,target_fodft_coupling_abs_ev,extra_trees,2582,2194,388,19,42,42,42,-0.0728126935846518,0.1756045154261067,0.2280404673459448
0,310,extra_trees,target_fodft_coupling_abs_ev,extra_trees,2582,2194,388,19,42,42,42,-0.1042618368040397,0.1780113192052024,0.2322924294529366
0,311,extra_trees,target_fodft_coupling_abs_ev,extra_trees,2582,2194,388,19,42,42,42,-0.1836515317877418,0.1800704206375062,0.2241584435188137
0,312,extra_trees,target_fodft_coupling_abs_ev,extra_trees,2582,2194,388,19,42,42,42,-0.1535231169101056,0.1803326894523078,0.2233954573066829
0,313,extra_trees,target_fodft_coupling_abs_ev,extra_trees,2582,2194,388,19,42,42,42,-0.1021825459856315,0.1731452422213235,0.2218725002160104
0,314,extra_trees,target_fodft_coupling_abs_ev,extra_trees,2582,2194,388,19,42,42,42,-0.1278478548554069,0.1788506635551114,0.2346721732083059
0,315,extra_trees,target_fodft_coupling_abs_ev,extra_trees,2582,2194,388,19,42,42,42,-0.0401241162630938,0.1701828043331536,0.2281409935800912
0,316,extra_trees,target_fodft_coupling_abs_ev,extra_trees,2582,2194,388,19,42,42,42,-0.1492238628255702,0.1763190065682644,0.2223578234204562
0,317,extra_trees,target_fodft_coupling_abs_ev,extra_trees,2582,2194,388,19,42,42,42,-0.1243609627028361,0.1901114128324396,0.2528811571103652
0,318,extra_trees,target_fodft_coupling_abs_ev,extra_trees,2582,2194,388,19,42,42,42,-0.1604992528480933,0.1798638514132216,0.2374119220771449
0,319,extra_trees,target_fodft_coupling_abs_ev,extra_trees,2582,2194,388,19,42,42,42,-0.1156638376099179,0.1847211199647126,0.2273575975955737
0,320,extra_trees,target_fodft_coupling_abs_ev,extra_trees,2582,2194,388,19,42,42,42,-0.0975531282402095,0.1736205260526213,0.2240797767865804
0,321,extra_trees,target_fodft_coupling_abs_ev,extra_trees,2582,2194,388,19,42,42,42,-0.0679898757541737,0.181840942706033,0.2503525617522195
0,322,extra_trees,target_fodft_coupling_abs_ev,extra_trees,2582,2194,388,19,42,42,42,-0.0871068681388766,0.1796215667580826,0.2369985274413239
0,323,extra_trees,target_fodft_coupling_abs_ev,extra_trees,2582,2194,388,19,42,42,42,-0.1487999873854242,0.1765742310994696,0.2300919853169242
0,324,extra_trees,target_fodft_coupling_abs_ev,extra_trees,2582,2194,388,19,42,42,42,-0.171769026151388,0.17230272740516,0.2183673410864682
0,325,extra_trees,target_fodft_coupling_abs_ev,extra_trees,2582,2194,388,19,42,42,42,-0.1492319359001641,0.173511331238342,0.2133506477988074
0,326,extra_trees,target_fodft_coupling_abs_ev,extra_trees,2582,2194,388,19,42,42,42,-0.0840090347388504,0.17717331571295,0.2332137658952719
0,327,extra_trees,target_fodft_coupling_abs_ev,extra_trees,2582,2194,388,19,42,42,42,-0.064789763499484,0.1809087686337505,0.2326451902390414
0,328,extra_trees,target_fodft_coupling_abs_ev,extra_trees,2582,2194,388,19,42,42,42,-0.176750187403671,0.1859421797538258,0.2353825311671349
0,329,extra_trees,target_fodft_coupling_abs_ev,extra_trees,2582,2194,388,19,42,42,42,-0.1734685922239962,0.1913283709656186,0.2405330663257435
0,330,extra_trees,target_fodft_coupling_abs_ev,extra_trees,2582,2194,388,19,42,42,42,-0.1478970167432132,0.172227695309035,0.2217761386494759
0,331,extra_trees,target_fodft_coupling_abs_ev,extra_trees,2582,2194,388,19,42,42,42,-0.1654502560177424,0.1838997213415897,0.2492661504329826
0,332,extra_trees,target_fodft_coupling_abs_ev,extra_trees,2582,2194,388,19,42,42,42,-0.1004529846547601,0.191070347208276,0.2435882736257422
0,333,extra_trees,target_fodft_coupling_abs_ev,extra_trees,2582,2194,388,19,42,42,42,-0.1557059736758028,0.1810809882274153,0.230556613553188
0,334,extra_trees,target_fodft_coupling_abs_ev,extra_trees,2582,2194,388,19,42,42,42,-0.1413109065634243,0.1832547066819487,0.2430256902961138
0,335,extra_trees,target_fodft_coupling_abs_ev,extra_trees,2582,2194,388,19,42,42,42,-0.1594280321195711,0.1803129354287291,0.2345734117107677
0,336,extra_trees,target_fodft_coupling_abs_ev,extra_trees,2582,2194,388,19,42,42,42,-0.1140455461630671,0.1888200120238589,0.2501498412112598
0,337,extra_trees,target_fodft_coupling_abs_ev,extra_trees,2582,2194,388,19,42,42,42,-0.1295286258783787,0.190670463585992,0.2451338855870871
0,338,extra_trees,target_fodft_coupling_abs_ev,extra_trees,2582,2194,388,19,42,42,42,-0.1409042605906723,0.1755183915154633,0.2232158398492557
0,339,extra_trees,target_fodft_coupling_abs_ev,extra_trees,2582,2194,388,19,42,42,42,-0.129003769754769,0.1909543022564225,0.246910052017671
0,340,extra_trees,target_fodft_coupling_abs_ev,extra_trees,2582,2194,388,19,42,42,42,-0.1370955591219091,0.1815800856350102,0.2324661778981547
0,341,extra_trees,target_fodft_coupling_abs_ev,extra_trees,2582,2194,388,19,42,42,42,-0.1581841802677177,0.1941447563709482,0.2509424077856022
0,342,extra_trees,target_fodft_coupling_abs_ev,extra_trees,2582,2194,388,19,42,42,42,-0.1186552570960737,0.1810436838668587,0.2346596921679029
0,343,extra_trees,target_fodft_coupling_abs_ev,extra_trees,2582,2194,388,19,42,42,42,-0.1241459542217244,0.1868926014809722,0.2419630718405264
0,344,extra_trees,target_fodft_coupling_abs_ev,extra_trees,2582,2194,388,19,42,42,42,-0.1216120451348206,0.1868066998171309,0.2388426640534082
0,345,extra_trees,target_fodft_coupling_abs_ev,extra_trees,2582,2194,388,19,42,42,42,-0.0694469971651017,0.1725894014392776,0.21588193400353
0,346,extra_trees,target_fodft_coupling_abs_ev,extra_trees,2582,2194,388,19,42,42,42,-0.2022058012086351,0.1849473845184466,0.2408381083462787
0,347,extra_trees,target_fodft_coupling_abs_ev,extra_trees,2582,2194,388,19,42,42,42,-0.1135410476210132,0.1801980936947535,0.2382582809830356
0,348,extra_trees,target_fodft_coupling_abs_ev,extra_trees,2582,2194,388,19,42,42,42,-0.1312911627987172,0.1851837010365656,0.2364051238986016
0,349,extra_trees,target_fodft_coupling_abs_ev,extra_trees,2582,2194,388,19,42,42,42,-0.0919853598455715,0.1803673753478546,0.2325069979488926
0,350,extra_trees,target_fodft_coupling_abs_ev,extra_trees,2582,2194,388,19,42,42,42,-0.1791187725007157,0.1879433947929128,0.2420423691290652
0,351,extra_trees,target_fodft_coupling_abs_ev,extra_trees,2582,2194,388,19,42,42,42,-0.0813222653548386,0.1793716344074623,0.2307845888126791
0,352,extra_trees,target_fodft_coupling_abs_ev,extra_trees,2582,2194,388,19,42,42,42,-0.127970373218669,0.1922656514185983,0.2439601266790851
0,353,extra_trees,target_fodft_coupling_abs_ev,extra_trees,2582,2194,388,19,42,42,42,-0.0813644003171814,0.1728787220005499,0.2195343465298328
0,354,extra_trees,target_fodft_coupling_abs_ev,extra_trees,2582,2194,388,19,42,42,42,-0.1292947130105224,0.1815747149809963,0.2346695858626101
0,355,extra_trees,target_fodft_coupling_abs_ev,extra_trees,2582,2194,388,19,42,42,42,-0.1940762463296297,0.1970815578988815,0.2499009007277179
0,356,extra_trees,target_fodft_coupling_abs_ev,extra_trees,2582,2194,388,19,42,42,42,-0.1184930015540717,0.1842634866039903,0.2349796248579403
0,357,extra_trees,target_fodft_coupling_abs_ev,extra_trees,2582,2194,388,19,42,42,42,-0.1087288188169133,0.1868666721258017,0.2369922066115906
0,358,extra_trees,target_fodft_coupling_abs_ev,extra_trees,2582,2194,388,19,42,42,42,-0.1711257137902613,0.163278628146917,0.2018605226549054
0,359,extra_trees,target_fodft_coupling_abs_ev,extra_trees,2582,2194,388,19,42,42,42,-0.1234828482857905,0.1794716921521001,0.2287858625612849
0,360,extra_trees,target_fodft_coupling_abs_ev,extra_trees,2582,2194,388,19,42,42,42,-0.134622118239104,0.1835450214971714,0.2385284551341004
0,361,extra_trees,target_fodft_coupling_abs_ev,extra_trees,2582,2194,388,19,42,42,42,-0.0971728965792599,0.185545084658386,0.2350117980406758
0,362,extra_trees,target_fodft_coupling_abs_ev,extra_trees,2582,2194,388,19,42,42,42,-0.1839174063123847,0.1869132950035683,0.2403924095960274
0,363,extra_trees,target_fodft_coupling_abs_ev,extra_trees,2582,2194,388,19,42,42,42,-0.0688980655375552,0.1683039200867876,0.2140928668791935
0,364,extra_trees,target_fodft_coupling_abs_ev,extra_trees,2582,2194,388,19,42,42,42,-0.204924515211456,0.1841171531855468,0.2321178090287143
0,365,extra_trees,target_fodft_coupling_abs_ev,extra_trees,2582,2194,388,19,42,42,42,-0.2396178499201369,0.1827338327874045,0.2238074873753655
0,366,extra_trees,target_fodft_coupling_abs_ev,extra_trees,2582,2194,388,19,42,42,42,-0.0727672389904385,0.1703417384641216,0.2204478975707438
0,367,extra_trees,target_fodft_coupling_abs_ev,extra_trees,2582,2194,388,19,42,42,42,-0.1254580590255631,0.185783454557168,0.2380585560045472
0,368,extra_trees,target_fodft_coupling_abs_ev,extra_trees,2582,2194,388,19,42,42,42,-0.1713303621211037,0.1884936173099936,0.2413332907337653
0,369,extra_trees,target_fodft_coupling_abs_ev,extra_trees,2582,2194,388,19,42,42,42,-0.1837434919201326,0.1687409225271117,0.2168490692394275
0,370,extra_trees,target_fodft_coupling_abs_ev,extra_trees,2582,2194,388,19,42,42,42,-0.1395181363197093,0.1845267289510931,0.2418069284476758
0,371,extra_trees,target_fodft_coupling_abs_ev,extra_trees,2582,2194,388,19,42,42,42,-0.0622269963692152,0.1809658380166145,0.2388532268620596
0,372,extra_trees,target_fodft_coupling_abs_ev,extra_trees,2582,2194,388,19,42,42,42,-0.0899680783014471,0.1792090937632532,0.2345037936868839
0,373,extra_trees,target_fodft_coupling_abs_ev,extra_trees,2582,2194,388,19,42,42,42,-0.1006971034244395,0.1651930544936841,0.2036129020146065
0,374,extra_trees,target_fodft_coupling_abs_ev,extra_trees,2582,2194,388,19,42,42,42,-0.0993482433566128,0.186913351224964,0.2464191091931351
0,375,extra_trees,target_fodft_coupling_abs_ev,extra_trees,2582,2194,388,19,42,42,42,-0.075261408861851,0.1836780510758585,0.242961294237464
0,376,extra_trees,target_fodft_coupling_abs_ev,extra_trees,2582,2194,388,19,42,42,42,-0.0871520632117424,0.1778962736300129,0.2326306162949139
0,377,extra_trees,target_fodft_coupling_abs_ev,extra_trees,2582,2194,388,19,42,42,42,-0.2240530441061607,0.1846367030305729,0.2399232530716986
0,378,extra_trees,target_fodft_coupling_abs_ev,extra_trees,2582,2194,388,19,42,42,42,-0.1511070177536033,0.1767218138229096,0.2258285101985382
0,379,extra_trees,target_fodft_coupling_abs_ev,extra_trees,2582,2194,388,19,42,42,42,-0.1144200142641782,0.1812299492685899,0.2333777667034593
0,380,extra_trees,target_fodft_coupling_abs_ev,extra_trees,2582,2194,388,19,42,42,42,-0.1805022617012572,0.1887644150472818,0.242415174815034
0,381,extra_trees,target_fodft_coupling_abs_ev,extra_trees,2582,2194,388,19,42,42,42,-0.0663350118322303,0.1733833780553471,0.2309162123986024
0,382,extra_trees,target_fodft_coupling_abs_ev,extra_trees,2582,2194,388,19,42,42,42,-0.0705376536475363,0.1795086982035423,0.2309551920807361
0,383,extra_trees,target_fodft_coupling_abs_ev,extra_trees,2582,2194,388,19,42,42,42,-0.0985217447637669,0.1791332985053054,0.2419007910208321
0,384,extra_trees,target_fodft_coupling_abs_ev,extra_trees,2582,2194,388,19,42,42,42,-0.1078997058999517,0.1857721540116821,0.2422750292275055
0,385,extra_trees,target_fodft_coupling_abs_ev,extra_trees,2582,2194,388,19,42,42,42,-0.1286871329000916,0.1851935549549416,0.2445475231538215
0,386,extra_trees,target_fodft_coupling_abs_ev,extra_trees,2582,2194,388,19,42,42,42,-0.1237274885105461,0.1837815774319298,0.2374996824047119
0,387,extra_trees,target_fodft_coupling_abs_ev,extra_trees,2582,2194,388,19,42,42,42,-0.1250059135990944,0.1902771189517934,0.2452673408936018
0,388,extra_trees,target_fodft_coupling_abs_ev,extra_trees,2582,2194,388,19,42,42,42,-0.1350075604741774,0.1858249788484089,0.2332978452982499
0,389,extra_trees,target_fodft_coupling_abs_ev,extra_trees,2582,2194,388,19,42,42,42,-0.1019383475550512,0.1718768817745815,0.2133318804744076
0,390,extra_trees,target_fodft_coupling_abs_ev,extra_trees,2582,2194,388,19,42,42,42,-0.186714141455202,0.1835089372909144,0.2295988448342577
0,391,extra_trees,target_fodft_coupling_abs_ev,extra_trees,2582,2194,388,19,42,42,42,-0.1281576122854191,0.1847285340512649,0.2387337658200139
0,392,extra_trees,target_fodft_coupling_abs_ev,extra_trees,2582,2194,388,19,42,42,42,-0.1669893295882822,0.1724322240567465,0.2239395686041208
0,393,extra_trees,target_fodft_coupling_abs_ev,extra_trees,2582,2194,388,19,42,42,42,-0.0931693729500415,0.1831015408511225,0.2328915197160866
0,394,extra_trees,target_fodft_coupling_abs_ev,extra_trees,2582,2194,388,19,42,42,42,-0.1649340755750745,0.2062863741872831,0.2701590696050407
0,395,extra_trees,target_fodft_coupling_abs_ev,extra_trees,2582,2194,388,19,42,42,42,-0.1323980351237204,0.1855506564745926,0.2456121133463287
0,396,extra_trees,target_fodft_coupling_abs_ev,extra_trees,2582,2194,388,19,42,42,42,-0.1140034559099942,0.1883357189939827,0.2430069571432111
0,397,extra_trees,target_fodft_coupling_abs_ev,extra_trees,2582,2194,388,19,42,42,42,-0.0912408358686711,0.1799149358491014,0.2406437924430002
0,398,extra_trees,target_fodft_coupling_abs_ev,extra_trees,2582,2194,388,19,42,42,42,-0.0856216447651732,0.1783145572436158,0.2336206052057436
0,399,extra_trees,target_fodft_coupling_abs_ev,extra_trees,2582,2194,388,19,42,42,42,-0.2036696785239282,0.19253961898642,0.2496774670695478
0,400,extra_trees,target_fodft_coupling_abs_ev,extra_trees,2582,2194,388,19,42,42,42,-0.0817029462509162,0.1780054846287648,0.2303169392829041
0,401,extra_trees,target_fodft_coupling_abs_ev,extra_trees,2582,2194,388,19,42,42,42,-0.0663846280033169,0.1808691413783548,0.2338465481080319
0,402,extra_trees,target_fodft_coupling_abs_ev,extra_trees,2582,2194,388,19,42,42,42,-0.1782671261448556,0.1891322963647256,0.2450951476519763
0,403,extra_trees,target_fodft_coupling_abs_ev,extra_trees,2582,2194,388,19,42,42,42,-0.0742154145356956,0.1793515949534211,0.2378688751138525
0,404,extra_trees,target_fodft_coupling_abs_ev,extra_trees,2582,2194,388,19,42,42,42,-0.1226427816696835,0.1849058134908384,0.2384222932360127
0,405,extra_trees,target_fodft_coupling_abs_ev,extra_trees,2582,2194,388,19,42,42,42,-0.0929417371794962,0.1895276581373861,0.2437933696392031
0,406,extra_trees,target_fodft_coupling_abs_ev,extra_trees,2582,2194,388,19,42,42,42,-0.1291154790278244,0.17806997102183,0.229290237446353
0,407,extra_trees,target_fodft_coupling_abs_ev,extra_trees,2582,2194,388,19,42,42,42,-0.0977406098007502,0.1759893500785725,0.2198090901463774
0,408,extra_trees,target_fodft_coupling_abs_ev,extra_trees,2582,2194,388,19,42,42,42,-0.1166415843536541,0.1750976858675699,0.2230646228870346
0,409,extra_trees,target_fodft_coupling_abs_ev,extra_trees,2582,2194,388,19,42,42,42,-0.1795483594193998,0.1931482503784971,0.2515819669356273
0,410,extra_trees,target_fodft_coupling_abs_ev,extra_trees,2582,2194,388,19,42,42,42,-0.0910473372003219,0.1721947182196575,0.2250193262334297
0,411,extra_trees,target_fodft_coupling_abs_ev,extra_trees,2582,2194,388,19,42,42,42,-0.2492541803585259,0.1749668517884002,0.2221109616718534
0,412,extra_trees,target_fodft_coupling_abs_ev,extra_trees,2582,2194,388,19,42,42,42,-0.1882570384723303,0.1852481790179866,0.239442935386388
0,413,extra_trees,target_fodft_coupling_abs_ev,extra_trees,2582,2194,388,19,42,42,42,-0.1833364935673802,0.1824468191904989,0.2334536235288661
0,414,extra_trees,target_fodft_coupling_abs_ev,extra_trees,2582,2194,388,19,42,42,42,-0.1161662159929779,0.1895285466751543,0.2415381793851031
0,415,extra_trees,target_fodft_coupling_abs_ev,extra_trees,2582,2194,388,19,42,42,42,-0.1378616110153991,0.1754228152486583,0.2313668204101795
0,416,extra_trees,target_fodft_coupling_abs_ev,extra_trees,2582,2194,388,19,42,42,42,-0.1150993462282008,0.1731473413868698,0.2118190178774159
0,417,extra_trees,target_fodft_coupling_abs_ev,extra_trees,2582,2194,388,19,42,42,42,-0.090067749045108,0.1850287640225098,0.2423401867716707
0,418,extra_trees,target_fodft_coupling_abs_ev,extra_trees,2582,2194,388,19,42,42,42,-0.0851828290256089,0.1766628204378207,0.2264251097181766
0,419,extra_trees,target_fodft_coupling_abs_ev,extra_trees,2582,2194,388,19,42,42,42,-0.0971859722076535,0.1893426684031535,0.2388665196949047
0,420,extra_trees,target_fodft_coupling_abs_ev,extra_trees,2582,2194,388,19,42,42,42,-0.0476022491145817,0.1793184411155542,0.2267652785412727
0,421,extra_trees,target_fodft_coupling_abs_ev,extra_trees,2582,2194,388,19,42,42,42,-0.194572258819641,0.1901760803419981,0.2520040791253305
0,422,extra_trees,target_fodft_coupling_abs_ev,extra_trees,2582,2194,388,19,42,42,42,-0.1875130169544892,0.174688407475025,0.2182449457705469
0,423,extra_trees,target_fodft_coupling_abs_ev,extra_trees,2582,2194,388,19,42,42,42,-0.0913992441703812,0.1794849684817825,0.2289955074090259
0,424,extra_trees,target_fodft_coupling_abs_ev,extra_trees,2582,2194,388,19,42,42,42,-0.1132156711305143,0.1741919850646816,0.2286128430804347
0,425,extra_trees,target_fodft_coupling_abs_ev,extra_trees,2582,2194,388,19,42,42,42,-0.1268912130603163,0.185917925105555,0.2450434114355903
0,426,extra_trees,target_fodft_coupling_abs_ev,extra_trees,2582,2194,388,19,42,42,42,-0.0180796496219346,0.1788309466601899,0.233416377439607
0,427,extra_trees,target_fodft_coupling_abs_ev,extra_trees,2582,2194,388,19,42,42,42,-0.0974608671437342,0.1751575668056343,0.2208151045388885
0,428,extra_trees,target_fodft_coupling_abs_ev,extra_trees,2582,2194,388,19,42,42,42,-0.1026196591541588,0.1797835134784832,0.2337118770132009
0,429,extra_trees,target_fodft_coupling_abs_ev,extra_trees,2582,2194,388,19,42,42,42,-0.0405821936940402,0.1707042362107839,0.2268084532494412
0,430,extra_trees,target_fodft_coupling_abs_ev,extra_trees,2582,2194,388,19,42,42,42,-0.1645725642162367,0.1770748375998274,0.2273203161273972
0,431,extra_trees,target_fodft_coupling_abs_ev,extra_trees,2582,2194,388,19,42,42,42,-0.1245114606210182,0.1749634968619036,0.2247448486630419
0,432,extra_trees,target_fodft_coupling_abs_ev,extra_trees,2582,2194,388,19,42,42,42,-0.089332731961405,0.1840621956157372,0.2361681670114089
0,433,extra_trees,target_fodft_coupling_abs_ev,extra_trees,2582,2194,388,19,42,42,42,-0.1697952327120944,0.1816548984507442,0.2329899347162607
0,434,extra_trees,target_fodft_coupling_abs_ev,extra_trees,2582,2194,388,19,42,42,42,-0.1505704367753557,0.1855353758593831,0.2360625428433991
0,435,extra_trees,target_fodft_coupling_abs_ev,extra_trees,2582,2194,388,19,42,42,42,-0.0845802945231153,0.1821156201741273,0.2385743169710475
0,436,extra_trees,target_fodft_coupling_abs_ev,extra_trees,2582,2194,388,19,42,42,42,-0.1232647783216907,0.1853995770305453,0.244714011231233
0,437,extra_trees,target_fodft_coupling_abs_ev,extra_trees,2582,2194,388,19,42,42,42,-0.1256186277541575,0.1773323284295696,0.2288428708136185
0,438,extra_trees,target_fodft_coupling_abs_ev,extra_trees,2582,2194,388,19,42,42,42,-0.230208789838415,0.1822410226382666,0.2305806849654525
0,439,extra_trees,target_fodft_coupling_abs_ev,extra_trees,2582,2194,388,19,42,42,42,-0.0772755504088429,0.1857386038469944,0.2459475460996494
0,440,extra_trees,target_fodft_coupling_abs_ev,extra_trees,2582,2194,388,19,42,42,42,-0.1030075408790749,0.1994256974775441,0.2656837406357503
0,441,extra_trees,target_fodft_coupling_abs_ev,extra_trees,2582,2194,388,19,42,42,42,-0.1355187442206566,0.1740162164540111,0.2223006706044812
0,442,extra_trees,target_fodft_coupling_abs_ev,extra_trees,2582,2194,388,19,42,42,42,-0.1402315699565008,0.1840157450369945,0.2433338821317537
0,443,extra_trees,target_fodft_coupling_abs_ev,extra_trees,2582,2194,388,19,42,42,42,-0.1445136377260629,0.1897244197054586,0.2475004704842182
0,444,extra_trees,target_fodft_coupling_abs_ev,extra_trees,2582,2194,388,19,42,42,42,-0.0783686591418706,0.1832621838925587,0.2390080797617401
0,445,extra_trees,target_fodft_coupling_abs_ev,extra_trees,2582,2194,388,19,42,42,42,-0.1418409744208981,0.1708268372057615,0.2154860948260932
0,446,extra_trees,target_fodft_coupling_abs_ev,extra_trees,2582,2194,388,19,42,42,42,-0.1606454421092888,0.175646084935952,0.2312177615924584
0,447,extra_trees,target_fodft_coupling_abs_ev,extra_trees,2582,2194,388,19,42,42,42,-0.1060587503412826,0.1754915344376609,0.2203022503451566
0,448,extra_trees,target_fodft_coupling_abs_ev,extra_trees,2582,2194,388,19,42,42,42,-0.1023485136216335,0.1821589965812603,0.2387911521142411
0,449,extra_trees,target_fodft_coupling_abs_ev,extra_trees,2582,2194,388,19,42,42,42,-0.1863758940650601,0.181615750036893,0.2314575446689259
0,450,extra_trees,target_fodft_coupling_abs_ev,extra_trees,2582,2194,388,19,42,42,42,-0.0945467812725873,0.1788127119535233,0.2296778587960704
0,451,extra_trees,target_fodft_coupling_abs_ev,extra_trees,2582,2194,388,19,42,42,42,-0.1003558049270942,0.1968096677040105,0.2659311930141655
0,452,extra_trees,target_fodft_coupling_abs_ev,extra_trees,2582,2194,388,19,42,42,42,-0.2847472804953888,0.1895295913993051,0.2333651588910689
0,453,extra_trees,target_fodft_coupling_abs_ev,extra_trees,2582,2194,388,19,42,42,42,-0.0986568591015992,0.1818215074136089,0.2371870129901986
0,454,extra_trees,target_fodft_coupling_abs_ev,extra_trees,2582,2194,388,19,42,42,42,-0.2165028607123102,0.1873077532762286,0.2351228681981295
0,455,extra_trees,target_fodft_coupling_abs_ev,extra_trees,2582,2194,388,19,42,42,42,-0.1219855485219871,0.1842975467966632,0.2372073299670436
0,456,extra_trees,target_fodft_coupling_abs_ev,extra_trees,2582,2194,388,19,42,42,42,-0.1311689925843491,0.1833245148635505,0.239269565761707
0,457,extra_trees,target_fodft_coupling_abs_ev,extra_trees,2582,2194,388,19,42,42,42,-0.0471234191304381,0.1812512583337399,0.239460320108299
0,458,extra_trees,target_fodft_coupling_abs_ev,extra_trees,2582,2194,388,19,42,42,42,-0.1716007196601003,0.1773433326137317,0.2259413681925239
0,459,extra_trees,target_fodft_coupling_abs_ev,extra_trees,2582,2194,388,19,42,42,42,-0.1027769868047836,0.1805003473880649,0.2329816945059246
0,460,extra_trees,target_fodft_coupling_abs_ev,extra_trees,2582,2194,388,19,42,42,42,-0.1463872091669673,0.1821246933397495,0.229163443182465
0,461,extra_trees,target_fodft_coupling_abs_ev,extra_trees,2582,2194,388,19,42,42,42,-0.1232902775627915,0.1702354489998581,0.2135552978660354
0,462,extra_trees,target_fodft_coupling_abs_ev,extra_trees,2582,2194,388,19,42,42,42,-0.0836106778939336,0.1788359526997441,0.2277644122801794
0,463,extra_trees,target_fodft_coupling_abs_ev,extra_trees,2582,2194,388,19,42,42,42,-0.0963370483931582,0.1965614379966307,0.257363726550907
0,464,extra_trees,target_fodft_coupling_abs_ev,extra_trees,2582,2194,388,19,42,42,42,-0.096722537011165,0.1808006940185244,0.2378456052400547
0,465,extra_trees,target_fodft_coupling_abs_ev,extra_trees,2582,2194,388,19,42,42,42,-0.1958206129331041,0.1622149700574284,0.2044330531075228
0,466,extra_trees,target_fodft_coupling_abs_ev,extra_trees,2582,2194,388,19,42,42,42,-0.1175287724319382,0.1798097726660695,0.2351215228138796
0,467,extra_trees,target_fodft_coupling_abs_ev,extra_trees,2582,2194,388,19,42,42,42,-0.1811360866304794,0.1892400916303597,0.2443313933064037
0,468,extra_trees,target_fodft_coupling_abs_ev,extra_trees,2582,2194,388,19,42,42,42,-0.1043419047584868,0.1775268052129038,0.2291830689985807
0,469,extra_trees,target_fodft_coupling_abs_ev,extra_trees,2582,2194,388,19,42,42,42,-0.0788770758711463,0.1878161404668664,0.2449277384493205
0,470,extra_trees,target_fodft_coupling_abs_ev,extra_trees,2582,2194,388,19,42,42,42,-0.1869722294575113,0.1841628468223721,0.2261901701018646
0,471,extra_trees,target_fodft_coupling_abs_ev,extra_trees,2582,2194,388,19,42,42,42,-0.140147946069929,0.1712696422839748,0.2151415542449663
0,472,extra_trees,target_fodft_coupling_abs_ev,extra_trees,2582,2194,388,19,42,42,42,-0.1743136350124272,0.1878823715052198,0.2393369239857188
0,473,extra_trees,target_fodft_coupling_abs_ev,extra_trees,2582,2194,388,19,42,42,42,-0.2106324657936549,0.1835096836328133,0.2355839155428701
0,474,extra_trees,target_fodft_coupling_abs_ev,extra_trees,2582,2194,388,19,42,42,42,-0.1053041722915488,0.1832257695616311,0.2276388780690851
0,475,extra_trees,target_fodft_coupling_abs_ev,extra_trees,2582,2194,388,19,42,42,42,-0.2318126440104484,0.190208212539184,0.2405711861517744
0,476,extra_trees,target_fodft_coupling_abs_ev,extra_trees,2582,2194,388,19,42,42,42,-0.141010567663905,0.1819697315139324,0.2336881757950948
0,477,extra_trees,target_fodft_coupling_abs_ev,extra_trees,2582,2194,388,19,42,42,42,-0.1356590009237805,0.1911049792231132,0.2496186744673632
0,478,extra_trees,target_fodft_coupling_abs_ev,extra_trees,2582,2194,388,19,42,42,42,-0.0143189566855537,0.1655345610790834,0.2109482512428026
0,479,extra_trees,target_fodft_coupling_abs_ev,extra_trees,2582,2194,388,19,42,42,42,-0.0938544196591126,0.1852974516612656,0.2365999657248986
0,480,extra_trees,target_fodft_coupling_abs_ev,extra_trees,2582,2194,388,19,42,42,42,-0.0707065794391557,0.176547221208644,0.2242921995460935
0,481,extra_trees,target_fodft_coupling_abs_ev,extra_trees,2582,2194,388,19,42,42,42,-0.1570091207634347,0.1810435654628525,0.2300416825493518
0,482,extra_trees,target_fodft_coupling_abs_ev,extra_trees,2582,2194,388,19,42,42,42,-0.0813480187199142,0.1905459677011229,0.2358636341463257
0,483,extra_trees,target_fodft_coupling_abs_ev,extra_trees,2582,2194,388,19,42,42,42,-0.0877100731017128,0.181091329349395,0.2419017701097224
0,484,extra_trees,target_fodft_coupling_abs_ev,extra_trees,2582,2194,388,19,42,42,42,-0.1455058096992798,0.1884159721668001,0.2386770094320124
0,485,extra_trees,target_fodft_coupling_abs_ev,extra_trees,2582,2194,388,19,42,42,42,-0.1618528523802849,0.1816646820229949,0.2375861231006203
0,486,extra_trees,target_fodft_coupling_abs_ev,extra_trees,2582,2194,388,19,42,42,42,-0.0987195231644029,0.1922739620884245,0.2478990137071201
0,487,extra_trees,target_fodft_coupling_abs_ev,extra_trees,2582,2194,388,19,42,42,42,-0.1676263324489271,0.1865372568023371,0.2484348582533465
0,488,extra_trees,target_fodft_coupling_abs_ev,extra_trees,2582,2194,388,19,42,42,42,-0.1146524581902175,0.1807821677615525,0.236230246473861
0,489,extra_trees,target_fodft_coupling_abs_ev,extra_trees,2582,2194,388,19,42,42,42,-0.126546637252026,0.1768022525174989,0.2311531543231679
0,490,extra_trees,target_fodft_coupling_abs_ev,extra_trees,2582,2194,388,19,42,42,42,-0.1465090698633513,0.1834950405986375,0.2318015654656547
0,491,extra_trees,target_fodft_coupling_abs_ev,extra_trees,2582,2194,388,19,42,42,42,-0.0635657825962565,0.1793887646253451,0.2335509912635214
0,492,extra_trees,target_fodft_coupling_abs_ev,extra_trees,2582,2194,388,19,42,42,42,-0.117266936281007,0.1788748991121973,0.2322443549616507
0,493,extra_trees,target_fodft_coupling_abs_ev,extra_trees,2582,2194,388,19,42,42,42,-0.1440960767116306,0.2010230004070192,0.261849139443876
0,494,extra_trees,target_fodft_coupling_abs_ev,extra_trees,2582,2194,388,19,42,42,42,-0.0829048364887889,0.189022745502497,0.2487730133787148
0,495,extra_trees,target_fodft_coupling_abs_ev,extra_trees,2582,2194,388,19,42,42,42,-0.0847671914235324,0.1751383551872937,0.2258467398767207
0,496,extra_trees,target_fodft_coupling_abs_ev,extra_trees,2582,2194,388,19,42,42,42,-0.1320775327514185,0.1901062772571784,0.2458546407961766
0,497,extra_trees,target_fodft_coupling_abs_ev,extra_trees,2582,2194,388,19,42,42,42,-0.1177546145878807,0.1830192173519174,0.2455879296780681
0,498,extra_trees,target_fodft_coupling_abs_ev,extra_trees,2582,2194,388,19,42,42,42,-0.1208482554825773,0.1885757884055382,0.2416491006900083
0,499,extra_trees,target_fodft_coupling_abs_ev,extra_trees,2582,2194,388,19,42,42,42,-0.1917840705200664,0.1832664456226271,0.2297896916309495
0,500,extra_trees,target_fodft_coupling_abs_ev,extra_trees,2582,2194,388,19,42,42,42,-0.116993257695573,0.1885246017051483,0.2444597986489443
4,1,extra_trees,target_frontier_gap_ev,extra_trees,2582,2194,388,19,42,42,42,-0.1624131961800285,0.3518668238058418,0.4278495382688349
4,2,extra_trees,target_frontier_gap_ev,extra_trees,2582,2194,388,19,42,42,42,-0.1336322722646352,0.316577340250368,0.3925911885129158
4,3,extra_trees,target_frontier_gap_ev,extra_trees,2582,2194,388,19,42,42,42,-0.0930468857988469,0.3191621480019636,0.3894564192646103
4,4,extra_trees,target_frontier_gap_ev,extra_trees,2582,2194,388,19,42,42,42,-0.0672845726363544,0.3024902611119292,0.3676841323480337
4,5,extra_trees,target_frontier_gap_ev,extra_trees,2582,2194,388,19,42,42,42,-0.1147755116540298,0.3098235904725086,0.3774015073046909
4,6,extra_trees,target_frontier_gap_ev,extra_trees,2582,2194,388,19,42,42,42,-0.1510751700264658,0.3142257516408934,0.3834364802565863
4,7,extra_trees,target_frontier_gap_ev,extra_trees,2582,2194,388,19,42,42,42,-0.1652159633038203,0.3335422023969075,0.4011820709998381
4,8,extra_trees,target_frontier_gap_ev,extra_trees,2582,2194,388,19,42,42,42,-0.1028109586581353,0.3114039162800689,0.3756059329027682
4,9,extra_trees,target_frontier_gap_ev,extra_trees,2582,2194,388,19,42,42,42,-0.1356014592104144,0.320637126572165,0.3912340675975647
4,10,extra_trees,target_frontier_gap_ev,extra_trees,2582,2194,388,19,42,42,42,-0.1029917216521723,0.3181303452749141,0.390343400524354
4,11,extra_trees,target_frontier_gap_ev,extra_trees,2582,2194,388,19,42,42,42,-0.1139054943979578,0.306429238771478,0.3708190635972929
4,12,extra_trees,target_frontier_gap_ev,extra_trees,2582,2194,388,19,42,42,42,-0.1925096466598705,0.3221769207394453,0.3885549543137448
4,13,extra_trees,target_frontier_gap_ev,extra_trees,2582,2194,388,19,42,42,42,-0.1039824039807271,0.3154957645017181,0.3891731161802725
4,14,extra_trees,target_frontier_gap_ev,extra_trees,2582,2194,388,19,42,42,42,-0.1720743157772777,0.315842475999018,0.3854184156948613
4,15,extra_trees,target_frontier_gap_ev,extra_trees,2582,2194,388,19,42,42,42,-0.0932153996642792,0.3052204770103091,0.3712412301122114
4,16,extra_trees,target_frontier_gap_ev,extra_trees,2582,2194,388,19,42,42,42,-0.1054051772586661,0.3153129459486991,0.3879733902827662
4,17,extra_trees,target_frontier_gap_ev,extra_trees,2582,2194,388,19,42,42,42,-0.135972449897491,0.3342704915721649,0.406538915836824
4,18,extra_trees,target_frontier_gap_ev,extra_trees,2582,2194,388,19,42,42,42,-0.1198711243085477,0.3147263416691212,0.3819218332560724
4,19,extra_trees,target_frontier_gap_ev,extra_trees,2582,2194,388,19,42,42,42,-0.1448649961832286,0.3191192124312711,0.3892395308442848
4,20,extra_trees,target_frontier_gap_ev,extra_trees,2582,2194,388,19,42,42,42,-0.1245901011177847,0.3244374971821307,0.3955866452121468
4,21,extra_trees,target_frontier_gap_ev,extra_trees,2582,2194,388,19,42,42,42,-0.1580165786954799,0.313163936967354,0.3846775463076948
4,22,extra_trees,target_frontier_gap_ev,extra_trees,2582,2194,388,19,42,42,42,-0.087962065354268,0.3213106167697595,0.3955249838978809
4,23,extra_trees,target_frontier_gap_ev,extra_trees,2582,2194,388,19,42,42,42,-0.1943360754519902,0.3132504234290623,0.3863731798504785
4,24,extra_trees,target_frontier_gap_ev,extra_trees,2582,2194,388,19,42,42,42,-0.2160659101823119,0.3321337494980365,0.4130606548606937
4,25,extra_trees,target_frontier_gap_ev,extra_trees,2582,2194,388,19,42,42,42,-0.2083066838340064,0.3268285706381937,0.3941071584311707
4,26,extra_trees,target_frontier_gap_ev,extra_trees,2582,2194,388,19,42,42,42,-0.0850756765268287,0.3086988681786939,0.3804024457833196
4,27,extra_trees,target_frontier_gap_ev,extra_trees,2582,2194,388,19,42,42,42,-0.1066589600850416,0.3159370218728524,0.3915179758635941
4,28,extra_trees,target_frontier_gap_ev,extra_trees,2582,2194,388,19,42,42,42,-0.102653513352773,0.3156025488960477,0.3951566909467269
4,29,extra_trees,target_frontier_gap_ev,extra_trees,2582,2194,388,19,42,42,42,-0.0567717925575286,0.3070570343384881,0.3847221052666049
4,30,extra_trees,target_frontier_gap_ev,extra_trees,2582,2194,388,19,42,42,42,-0.1543706938506854,0.3227126510149731,0.3988212805812736
4,31,extra_trees,target_frontier_gap_ev,extra_trees,2582,2194,388,19,42,42,42,-0.1623910821797944,0.3281305463242513,0.4027250728721374
4,32,extra_trees,target_frontier_gap_ev,extra_trees,2582,2194,388,19,42,42,42,-0.1439330237754865,0.3200512436082476,0.3829528823030391
4,33,extra_trees,target_frontier_gap_ev,extra_trees,2582,2194,388,19,42,42,42,-0.1514144257488754,0.3327759353092781,0.3952285212670094
4,34,extra_trees,target_frontier_gap_ev,extra_trees,2582,2194,388,19,42,42,42,-0.1024211476243435,0.3106919127920963,0.3848974115731657
4,35,extra_trees,target_frontier_gap_ev,extra_trees,2582,2194,388,19,42,42,42,-0.1194313285326011,0.3195940890578467,0.3863789943455375
4,36,extra_trees,target_frontier_gap_ev,extra_trees,2582,2194,388,19,42,42,42,-0.2335901622069107,0.3094643173649974,0.3802176292924323
4,37,extra_trees,target_frontier_gap_ev,extra_trees,2582,2194,388,19,42,42,42,-0.2189918888024911,0.3386841817268042,0.4123946296201859
4,38,extra_trees,target_frontier_gap_ev,extra_trees,2582,2194,388,19,42,42,42,-0.1989148219200232,0.3216229056271477,0.3891541958638418
4,39,extra_trees,target_frontier_gap_ev,extra_trees,2582,2194,388,19,42,42,42,-0.1273664031528254,0.3317416725859107,0.404674090101101
4,40,extra_trees,target_frontier_gap_ev,extra_trees,2582,2194,388,19,42,42,42,-0.177685019389179,0.3115260125945018,0.3835121231070622
4,41,extra_trees,target_frontier_gap_ev,extra_trees,2582,2194,388,19,42,42,42,-0.0578841446996758,0.3053263441323022,0.3803351190437455
4,42,extra_trees,target_frontier_gap_ev,extra_trees,2582,2194,388,19,42,42,42,-0.1853432009433164,0.3289115695446735,0.4023020519349893
4,43,extra_trees,target_frontier_gap_ev,extra_trees,2582,2194,388,19,42,42,42,-0.1586760837342815,0.3222374324054983,0.4026524026824311
4,44,extra_trees,target_frontier_gap_ev,extra_trees,2582,2194,388,19,42,42,42,-0.1797576078932992,0.3244781128350513,0.4029545282790995
4,45,extra_trees,target_frontier_gap_ev,extra_trees,2582,2194,388,19,42,42,42,-0.179166797274098,0.3203550448109965,0.393150576899927
4,46,extra_trees,target_frontier_gap_ev,extra_trees,2582,2194,388,19,42,42,42,-0.0740722152900934,0.3027575975300688,0.3671859518766765
4,47,extra_trees,target_frontier_gap_ev,extra_trees,2582,2194,388,19,42,42,42,-0.1051459428086931,0.3209578676587304,0.3898887788366085
4,48,extra_trees,target_frontier_gap_ev,extra_trees,2582,2194,388,19,42,42,42,-0.1132317410916114,0.3139483251804123,0.376796001149309
4,49,extra_trees,target_frontier_gap_ev,extra_trees,2582,2194,388,19,42,42,42,-0.1677550962121166,0.3261991684437898,0.394153707803912
4,50,extra_trees,target_frontier_gap_ev,extra_trees,2582,2194,388,19,42,42,42,-0.2746599561427885,0.3268522923281787,0.4016678955179548
4,51,extra_trees,target_frontier_gap_ev,extra_trees,2582,2194,388,19,42,42,42,-0.100622696837344,0.3228231570189002,0.3886393549907539
4,52,extra_trees,target_frontier_gap_ev,extra_trees,2582,2194,388,19,42,42,42,-0.0840729299272009,0.3189210341666669,0.3900582767961374
4,53,extra_trees,target_frontier_gap_ev,extra_trees,2582,2194,388,19,42,42,42,-0.1080397796255996,0.2987775564261166,0.374555067448961
4,54,extra_trees,target_frontier_gap_ev,extra_trees,2582,2194,388,19,42,42,42,-0.1422928398592249,0.3065221777348225,0.3747608392535247
4,55,extra_trees,target_frontier_gap_ev,extra_trees,2582,2194,388,19,42,42,42,-0.2211597360979835,0.3306532262800689,0.4026135106879538
4,56,extra_trees,target_frontier_gap_ev,extra_trees,2582,2194,388,19,42,42,42,-0.1444168652058273,0.3323706380670101,0.4029168728933418
4,57,extra_trees,target_frontier_gap_ev,extra_trees,2582,2194,388,19,42,42,42,-0.1157264947067295,0.3127504559106528,0.3754396929286275
4,58,extra_trees,target_frontier_gap_ev,extra_trees,2582,2194,388,19,42,42,42,-0.1910284752760465,0.3114211159536085,0.3842551338704958
4,59,extra_trees,target_frontier_gap_ev,extra_trees,2582,2194,388,19,42,42,42,-0.1583575300594752,0.3036808667053265,0.3722685905798948
4,60,extra_trees,target_frontier_gap_ev,extra_trees,2582,2194,388,19,42,42,42,-0.106956693403398,0.3427507578632793,0.4164307732428936
4,61,extra_trees,target_frontier_gap_ev,extra_trees,2582,2194,388,19,42,42,42,-0.1657905290918078,0.3006306966752577,0.3789054356791368
4,62,extra_trees,target_frontier_gap_ev,extra_trees,2582,2194,388,19,42,42,42,-0.1182856194288071,0.3176677289408443,0.3956649908423835
4,63,extra_trees,target_frontier_gap_ev,extra_trees,2582,2194,388,19,42,42,42,-0.1616099182840251,0.3184000530412368,0.3869629406233573
4,64,extra_trees,target_frontier_gap_ev,extra_trees,2582,2194,388,19,42,42,42,-0.1592318561765078,0.3350151954712813,0.4060980257237809
4,65,extra_trees,target_frontier_gap_ev,extra_trees,2582,2194,388,19,42,42,42,-0.1257263579560659,0.3027503383861073,0.3704463433676372
4,66,extra_trees,target_frontier_gap_ev,extra_trees,2582,2194,388,19,42,42,42,-0.1906978351752066,0.3101920659278353,0.3830842746558212
4,67,extra_trees,target_frontier_gap_ev,extra_trees,2582,2194,388,19,42,42,42,-0.1215724381244147,0.3183882002276629,0.3805094186163049
4,68,extra_trees,target_frontier_gap_ev,extra_trees,2582,2194,388,19,42,42,42,-0.0600419156750253,0.3045317738316153,0.3707431566262149
4,69,extra_trees,target_frontier_gap_ev,extra_trees,2582,2194,388,19,42,42,42,-0.1177839755077967,0.3126323994685814,0.3850513492510603
4,70,extra_trees,target_frontier_gap_ev,extra_trees,2582,2194,388,19,42,42,42,-0.1280281151128961,0.3207920339432989,0.3838489978797238
4,71,extra_trees,target_frontier_gap_ev,extra_trees,2582,2194,388,19,42,42,42,-0.1289186606326073,0.3121513944505807,0.3812883612202792
4,72,extra_trees,target_frontier_gap_ev,extra_trees,2582,2194,388,19,42,42,42,-0.0758182470178105,0.301863647362543,0.3762733509218386
4,73,extra_trees,target_frontier_gap_ev,extra_trees,2582,2194,388,19,42,42,42,-0.1532878186681019,0.3021352699828178,0.3798300213945914
4,74,extra_trees,target_frontier_gap_ev,extra_trees,2582,2194,388,19,42,42,42,-0.1367735830032741,0.3238742087064314,0.3986020428177042
4,75,extra_trees,target_frontier_gap_ev,extra_trees,2582,2194,388,19,42,42,42,-0.139506463389176,0.313237676161635,0.3844138577269227
4,76,extra_trees,target_frontier_gap_ev,extra_trees,2582,2194,388,19,42,42,42,-0.2199815406013106,0.3232904157596957,0.3911810735853525
4,77,extra_trees,target_frontier_gap_ev,extra_trees,2582,2194,388,19,42,42,42,-0.1765525553297353,0.3045691350945018,0.3885957032567393
4,78,extra_trees,target_frontier_gap_ev,extra_trees,2582,2194,388,19,42,42,42,-0.0975460870853857,0.3040627243262151,0.3685092217106652
4,79,extra_trees,target_frontier_gap_ev,extra_trees,2582,2194,388,19,42,42,42,-0.1129247658449099,0.3044639003092781,0.3776931947367948
4,80,extra_trees,target_frontier_gap_ev,extra_trees,2582,2194,388,19,42,42,42,-0.1280814282728863,0.3095664946526753,0.3828031460869134
4,81,extra_trees,target_frontier_gap_ev,extra_trees,2582,2194,388,19,42,42,42,-0.1306342034221819,0.3288153730400097,0.3988382081567891
4,82,extra_trees,target_frontier_gap_ev,extra_trees,2582,2194,388,19,42,42,42,-0.101618378759438,0.3141751669415809,0.3855849060468158
4,83,extra_trees,target_frontier_gap_ev,extra_trees,2582,2194,388,19,42,42,42,-0.1635015924541532,0.3058324433161513,0.3916060673558505
4,84,extra_trees,target_frontier_gap_ev,extra_trees,2582,2194,388,19,42,42,42,-0.1454675376694501,0.3068780769741038,0.3798395526908388
4,85,extra_trees,target_frontier_gap_ev,extra_trees,2582,2194,388,19,42,42,42,-0.2252688337491262,0.3258399121305843,0.3929667040673565
4,86,extra_trees,target_frontier_gap_ev,extra_trees,2582,2194,388,19,42,42,42,-0.1661674881972377,0.3147674427466866,0.3821134205754385
4,87,extra_trees,target_frontier_gap_ev,extra_trees,2582,2194,388,19,42,42,42,-0.1295556738925734,0.3203768382731961,0.3858480058514291
4,88,extra_trees,target_frontier_gap_ev,extra_trees,2582,2194,388,19,42,42,42,-0.1632481151757092,0.3316737121563573,0.4018245915966743
4,89,extra_trees,target_frontier_gap_ev,extra_trees,2582,2194,388,19,42,42,42,-0.1625601812673791,0.3136929241151202,0.382416198684317
4,90,extra_trees,target_frontier_gap_ev,extra_trees,2582,2194,388,19,42,42,42,-0.1820233203024612,0.3321448245446737,0.4062167431750301
4,91,extra_trees,target_frontier_gap_ev,extra_trees,2582,2194,388,19,42,42,42,-0.1583495478378487,0.3058727522434953,0.384290537454247
4,92,extra_trees,target_frontier_gap_ev,extra_trees,2582,2194,388,19,42,42,42,-0.1399739142924445,0.3433275237628868,0.4069581161915875
4,93,extra_trees,target_frontier_gap_ev,extra_trees,2582,2194,388,19,42,42,42,-0.0589547466071849,0.3020896887972508,0.361030679983558
4,94,extra_trees,target_frontier_gap_ev,extra_trees,2582,2194,388,19,42,42,42,-0.1382728144230023,0.325098231941581,0.3934717722863175
4,95,extra_trees,target_frontier_gap_ev,extra_trees,2582,2194,388,19,42,42,42,-0.1397707427891148,0.3130112566666665,0.3841879052970307
4,96,extra_trees,target_frontier_gap_ev,extra_trees,2582,2194,388,19,42,42,42,-0.1256476647869724,0.3098201028645068,0.3787880405904433
4,97,extra_trees,target_frontier_gap_ev,extra_trees,2582,2194,388,19,42,42,42,-0.0768006031340642,0.3123950732167401,0.3782410071185525
4,98,extra_trees,target_frontier_gap_ev,extra_trees,2582,2194,388,19,42,42,42,-0.0858781275341724,0.3119587375257732,0.3830909655622455
4,99,extra_trees,target_frontier_gap_ev,extra_trees,2582,2194,388,19,42,42,42,-0.1656419828440101,0.329361262796392,0.3953474026421887
4,100,extra_trees,target_frontier_gap_ev,extra_trees,2582,2194,388,19,42,42,42,-0.1760778217564982,0.3232826332977419,0.3940624883808259
4,101,extra_trees,target_frontier_gap_ev,extra_trees,2582,2194,388,19,42,42,42,-0.1213089536856519,0.3223953165611191,0.3881779018239809
4,102,extra_trees,target_frontier_gap_ev,extra_trees,2582,2194,388,19,42,42,42,-0.1138928434831925,0.3070742508505156,0.3745930373432102
4,103,extra_trees,target_frontier_gap_ev,extra_trees,2582,2194,388,19,42,42,42,-0.1660538760897063,0.300815437562592,0.3685221265052261
4,104,extra_trees,target_frontier_gap_ev,extra_trees,2582,2194,388,19,42,42,42,-0.146162561843907,0.3152033040549828,0.3892285677753022
4,105,extra_trees,target_frontier_gap_ev,extra_trees,2582,2194,388,19,42,42,42,-0.1031991395118365,0.3134365163573883,0.3803521096170279
4,106,extra_trees,target_frontier_gap_ev,extra_trees,2582,2194,388,19,42,42,42,-0.1615724418966675,0.320303716027246,0.4048182756016925
4,107,extra_trees,target_frontier_gap_ev,extra_trees,2582,2194,388,19,42,42,42,-0.1679604106853074,0.3224617764776632,0.3949290916080101
4,108,extra_trees,target_frontier_gap_ev,extra_trees,2582,2194,388,19,42,42,42,-0.1007793295399352,0.3196793307731958,0.3914362372624816
4,109,extra_trees,target_frontier_gap_ev,extra_trees,2582,2194,388,19,42,42,42,-0.1365795435769468,0.3104282668237602,0.376090896519822
4,110,extra_trees,target_frontier_gap_ev,extra_trees,2582,2194,388,19,42,42,42,-0.1780655410143323,0.3105282044906727,0.3799897218932793
4,111,extra_trees,target_frontier_gap_ev,extra_trees,2582,2194,388,19,42,42,42,-0.066753680418327,0.3207245131173293,0.3943759062825047
4,112,extra_trees,target_frontier_gap_ev,extra_trees,2582,2194,388,19,42,42,42,-0.1239284111388836,0.3030995639833907,0.368655086628542
4,113,extra_trees,target_frontier_gap_ev,extra_trees,2582,2194,388,19,42,42,42,-0.0831059942583833,0.3155910855007363,0.3826385548216292
4,114,extra_trees,target_frontier_gap_ev,extra_trees,2582,2194,388,19,42,42,42,-0.1367023634254918,0.3102032740095732,0.3818742934970344
4,115,extra_trees,target_frontier_gap_ev,extra_trees,2582,2194,388,19,42,42,42,-0.1003933314140834,0.3020895849312718,0.3711836811551717
4,116,extra_trees,target_frontier_gap_ev,extra_trees,2582,2194,388,19,42,42,42,-0.2033239983459076,0.3326048866040745,0.4036348297879745
4,117,extra_trees,target_frontier_gap_ev,extra_trees,2582,2194,388,19,42,42,42,-0.1986952516437012,0.3050363360567012,0.375358784516658
4,118,extra_trees,target_frontier_gap_ev,extra_trees,2582,2194,388,19,42,42,42,-0.1164405395905419,0.2938195315378008,0.3701791803134344
4,119,extra_trees,target_frontier_gap_ev,extra_trees,2582,2194,388,19,42,42,42,-0.0637225108173822,0.3170635620495828,0.3882864378215371
4,120,extra_trees,target_frontier_gap_ev,extra_trees,2582,2194,388,19,42,42,42,-0.1110840620440474,0.3237455442550319,0.4037351092483329
4,121,extra_trees,target_frontier_gap_ev,extra_trees,2582,2194,388,19,42,42,42,-0.1731722878025388,0.31848472709622,0.394652378872856
4,122,extra_trees,target_frontier_gap_ev,extra_trees,2582,2194,388,19,42,42,42,-0.123515210597316,0.3236814670643103,0.3932982024347973
4,123,extra_trees,target_frontier_gap_ev,extra_trees,2582,2194,388,19,42,42,42,-0.1926898495887332,0.3213371136082472,0.3931076899254644
4,124,extra_trees,target_frontier_gap_ev,extra_trees,2582,2194,388,19,42,42,42,-0.1300253008352316,0.3030685139003438,0.3717871800790813
4,125,extra_trees,target_frontier_gap_ev,extra_trees,2582,2194,388,19,42,42,42,-0.1388089380007036,0.2936021087935689,0.3678808833212634
4,126,extra_trees,target_frontier_gap_ev,extra_trees,2582,2194,388,19,42,42,42,-0.1054689643517825,0.2968608089310262,0.3663832004838359
4,127,extra_trees,target_frontier_gap_ev,extra_trees,2582,2194,388,19,42,42,42,-0.1841345618689467,0.3085320556529209,0.3812858588337792
4,128,extra_trees,target_frontier_gap_ev,extra_trees,2582,2194,388,19,42,42,42,-0.2024767451641165,0.3277046302074128,0.3980655744305558
4,129,extra_trees,target_frontier_gap_ev,extra_trees,2582,2194,388,19,42,42,42,-0.1598933130160824,0.3327236425773194,0.4015017359736846
4,130,extra_trees,target_frontier_gap_ev,extra_trees,2582,2194,388,19,42,42,42,-0.1379260690540471,0.300113341575847,0.3627450159954676
4,131,extra_trees,target_frontier_gap_ev,extra_trees,2582,2194,388,19,42,42,42,-0.1949321964617025,0.3294630777920963,0.4041488731479498
4,132,extra_trees,target_frontier_gap_ev,extra_trees,2582,2194,388,19,42,42,42,-0.1133479759982318,0.3045921820103094,0.3730944709849068
4,133,extra_trees,target_frontier_gap_ev,extra_trees,2582,2194,388,19,42,42,42,-0.1442077207025809,0.3055987496134019,0.3797499670564895
4,134,extra_trees,target_frontier_gap_ev,extra_trees,2582,2194,388,19,42,42,42,-0.1922468537556048,0.3132795633247423,0.3813634148064025
4,135,extra_trees,target_frontier_gap_ev,extra_trees,2582,2194,388,19,42,42,42,-0.1488114400068836,0.3337773561364752,0.4094204233299292
4,136,extra_trees,target_frontier_gap_ev,extra_trees,2582,2194,388,19,42,42,42,-0.2473296592938967,0.3273600721305841,0.405358461514199
4,137,extra_trees,target_frontier_gap_ev,extra_trees,2582,2194,388,19,42,42,42,-0.0855206620205051,0.3163151619869908,0.386677459011439
4,138,extra_trees,target_frontier_gap_ev,extra_trees,2582,2194,388,19,42,42,42,-0.1067263058000729,0.3025347469133532,0.3717687001687275
4,139,extra_trees,target_frontier_gap_ev,extra_trees,2582,2194,388,19,42,42,42,-0.1226562633929766,0.3154524535266323,0.3851318865708312
4,140,extra_trees,target_frontier_gap_ev,extra_trees,2582,2194,388,19,42,42,42,-0.2521883762326069,0.3199056852123219,0.3917486766785281
4,141,extra_trees,target_frontier_gap_ev,extra_trees,2582,2194,388,19,42,42,42,-0.2092964500415171,0.3242185348195877,0.3995479946957395
4,142,extra_trees,target_frontier_gap_ev,extra_trees,2582,2194,388,19,42,42,42,-0.1822484877234664,0.3338525597717233,0.4098221007372628
4,143,extra_trees,target_frontier_gap_ev,extra_trees,2582,2194,388,19,42,42,42,-0.2394097748285637,0.3322059192482817,0.402276565455918
4,144,extra_trees,target_frontier_gap_ev,extra_trees,2582,2194,388,19,42,42,42,-0.1434545899110992,0.31791350895189,0.3973859027775075
4,145,extra_trees,target_frontier_gap_ev,extra_trees,2582,2194,388,19,42,42,42,-0.1468286315966722,0.3152650731688758,0.3841065520198782
4,146,extra_trees,target_frontier_gap_ev,extra_trees,2582,2194,388,19,42,42,42,-0.1128306324934536,0.314328605783219,0.3928308303842752
4,147,extra_trees,target_frontier_gap_ev,extra_trees,2582,2194,388,19,42,42,42,-0.1401297108463086,0.3123536134965635,0.3838083759676352
4,148,extra_trees,target_frontier_gap_ev,extra_trees,2582,2194,388,19,42,42,42,-0.1788147153199792,0.3176996744544673,0.3881292913720952
4,149,extra_trees,target_frontier_gap_ev,extra_trees,2582,2194,388,19,42,42,42,-0.2015187428336002,0.342620493597202,0.4062332467767928
4,150,extra_trees,target_frontier_gap_ev,extra_trees,2582,2194,388,19,42,42,42,-0.1405914185749486,0.3107459957547865,0.3859347377896276
4,151,extra_trees,target_frontier_gap_ev,extra_trees,2582,2194,388,19,42,42,42,-0.2249635242431924,0.3375378634793815,0.4067553825784684
4,152,extra_trees,target_frontier_gap_ev,extra_trees,2582,2194,388,19,42,42,42,-0.1067105750649439,0.3121806392722139,0.3853844699189334
4,153,extra_trees,target_frontier_gap_ev,extra_trees,2582,2194,388,19,42,42,42,-0.1664900048272124,0.3328027579896906,0.3955935825416621
4,154,extra_trees,target_frontier_gap_ev,extra_trees,2582,2194,388,19,42,42,42,-0.1445805145654579,0.3375101403092782,0.4078909999099263
4,155,extra_trees,target_frontier_gap_ev,extra_trees,2582,2194,388,19,42,42,42,-0.1706525083510341,0.3279247609020616,0.4033240717178397
4,156,extra_trees,target_frontier_gap_ev,extra_trees,2582,2194,388,19,42,42,42,-0.123060376124193,0.3140952797533138,0.379649028985148
4,157,extra_trees,target_frontier_gap_ev,extra_trees,2582,2194,388,19,42,42,42,-0.0979858921239205,0.3054961255154639,0.3748879719542028
4,158,extra_trees,target_frontier_gap_ev,extra_trees,2582,2194,388,19,42,42,42,-0.0860774170936866,0.3202628522079036,0.3906307817806618
4,159,extra_trees,target_frontier_gap_ev,extra_trees,2582,2194,388,19,42,42,42,-0.0700897101871163,0.2869448474558173,0.3630611659298495
4,160,extra_trees,target_frontier_gap_ev,extra_trees,2582,2194,388,19,42,42,42,-0.1621449141326938,0.31280254121134,0.388848982913683
4,161,extra_trees,target_frontier_gap_ev,extra_trees,2582,2194,388,19,42,42,42,-0.2378970842684467,0.322669377718459,0.395152692747492
4,162,extra_trees,target_frontier_gap_ev,extra_trees,2582,2194,388,19,42,42,42,-0.1052217159594914,0.3095649473195876,0.3797414840253775
4,163,extra_trees,target_frontier_gap_ev,extra_trees,2582,2194,388,19,42,42,42,-0.0816360545397407,0.3029086086291116,0.3690994788888395
4,164,extra_trees,target_frontier_gap_ev,extra_trees,2582,2194,388,19,42,42,42,-0.1062395161938254,0.3099816255068729,0.3780203318664821
4,165,extra_trees,target_frontier_gap_ev,extra_trees,2582,2194,388,19,42,42,42,-0.1190766126030489,0.3214951929467356,0.394168435594142
4,166,extra_trees,target_frontier_gap_ev,extra_trees,2582,2194,388,19,42,42,42,-0.1872968454125445,0.3047587046520622,0.3790795229140642
4,167,extra_trees,target_frontier_gap_ev,extra_trees,2582,2194,388,19,42,42,42,-0.2248860351747672,0.3386243602638684,0.4035870817146773
4,168,extra_trees,target_frontier_gap_ev,extra_trees,2582,2194,388,19,42,42,42,-0.1733465267301064,0.3237686402785957,0.393769727776051
4,169,extra_trees,target_frontier_gap_ev,extra_trees,2582,2194,388,19,42,42,42,-0.2231594666588932,0.3246319366580753,0.387689542314076
4,170,extra_trees,target_frontier_gap_ev,extra_trees,2582,2194,388,19,42,42,42,-0.1060896081899713,0.3300285314948453,0.3956862478018946
4,171,extra_trees,target_frontier_gap_ev,extra_trees,2582,2194,388,19,42,42,42,-0.1446758472853127,0.3203255644095594,0.3959009665847116
4,172,extra_trees,target_frontier_gap_ev,extra_trees,2582,2194,388,19,42,42,42,-0.0944418778756999,0.306384144475945,0.3823945610195758
4,173,extra_trees,target_frontier_gap_ev,extra_trees,2582,2194,388,19,42,42,42,-0.2041400318669006,0.3274527780111687,0.4006883213406634
4,174,extra_trees,target_frontier_gap_ev,extra_trees,2582,2194,388,19,42,42,42,-0.1779918035855674,0.3246684829467356,0.395620013804609
4,175,extra_trees,target_frontier_gap_ev,extra_trees,2582,2194,388,19,42,42,42,-0.1464219267417663,0.3148101169072164,0.3911395332430836
4,176,extra_trees,target_frontier_gap_ev,extra_trees,2582,2194,388,19,42,42,42,-0.1280413605849717,0.3148692503583702,0.3839191238943242
4,177,extra_trees,target_frontier_gap_ev,extra_trees,2582,2194,388,19,42,42,42,-0.1531755494802207,0.3141725469088529,0.3812397324552156
4,178,extra_trees,target_frontier_gap_ev,extra_trees,2582,2194,388,19,42,42,42,-0.1236187248406228,0.3236600356651941,0.3912357903727889
4,179,extra_trees,target_frontier_gap_ev,extra_trees,2582,2194,388,19,42,42,42,-0.1190250361286953,0.3115865706701033,0.3806828941870266
4,180,extra_trees,target_frontier_gap_ev,extra_trees,2582,2194,388,19,42,42,42,-0.0952309682764038,0.3250761756332842,0.3897161518167245
4,181,extra_trees,target_frontier_gap_ev,extra_trees,2582,2194,388,19,42,42,42,-0.1146616682601315,0.3020194990378009,0.3724783763613923
4,182,extra_trees,target_frontier_gap_ev,extra_trees,2582,2194,388,19,42,42,42,-0.1747131697322788,0.3158781636131568,0.3813732299788133
4,183,extra_trees,target_frontier_gap_ev,extra_trees,2582,2194,388,19,42,42,42,-0.1362981057481291,0.3367421800042957,0.4031376312895687
4,184,extra_trees,target_frontier_gap_ev,extra_trees,2582,2194,388,19,42,42,42,-0.1283940406129704,0.2935052681750122,0.3670404967392888
4,185,extra_trees,target_frontier_gap_ev,extra_trees,2582,2194,388,19,42,42,42,-0.1482289664382434,0.3077028130756015,0.3885213601595503
4,186,extra_trees,target_frontier_gap_ev,extra_trees,2582,2194,388,19,42,42,42,-0.0838928183337646,0.312026758109966,0.3815327060634356
4,187,extra_trees,target_frontier_gap_ev,extra_trees,2582,2194,388,19,42,42,42,-0.1493314882454361,0.2855645427147768,0.3614858337007287
4,188,extra_trees,target_frontier_gap_ev,extra_trees,2582,2194,388,19,42,42,42,-0.1107756967844124,0.3165609400816148,0.3836757245970511
4,189,extra_trees,target_frontier_gap_ev,extra_trees,2582,2194,388,19,42,42,42,-0.1359057148939955,0.332276884580265,0.4108014652763179
4,190,extra_trees,target_frontier_gap_ev,extra_trees,2582,2194,388,19,42,42,42,-0.1777394914306658,0.3264946034965637,0.3979740093391509
4,191,extra_trees,target_frontier_gap_ev,extra_trees,2582,2194,388,19,42,42,42,-0.1670208596628342,0.311949728170103,0.3803600964931402
4,192,extra_trees,target_frontier_gap_ev,extra_trees,2582,2194,388,19,42,42,42,-0.0680783420295958,0.3078361761082474,0.3701871529353593
4,193,extra_trees,target_frontier_gap_ev,extra_trees,2582,2194,388,19,42,42,42,-0.1790148544134333,0.3195125418200785,0.3829170708901177
4,194,extra_trees,target_frontier_gap_ev,extra_trees,2582,2194,388,19,42,42,42,-0.1015851580550792,0.3059890154896906,0.3808481990467954
4,195,extra_trees,target_frontier_gap_ev,extra_trees,2582,2194,388,19,42,42,42,-0.1617369354444338,0.3248122723523154,0.3952600146523872
4,196,extra_trees,target_frontier_gap_ev,extra_trees,2582,2194,388,19,42,42,42,-0.1652309085973016,0.3317782969329897,0.3983670326899493
4,197,extra_trees,target_frontier_gap_ev,extra_trees,2582,2194,388,19,42,42,42,-0.1548640622553356,0.3081507335978157,0.3858409190672067
4,198,extra_trees,target_frontier_gap_ev,extra_trees,2582,2194,388,19,42,42,42,-0.1567639956526063,0.3018134473797248,0.367345092383549
4,199,extra_trees,target_frontier_gap_ev,extra_trees,2582,2194,388,19,42,42,42,-0.1033932714317604,0.2978002868900343,0.3762293868693163
4,200,extra_trees,target_frontier_gap_ev,extra_trees,2582,2194,388,19,42,42,42,-0.0498012766062048,0.3100619544630583,0.3757439068947769
4,201,extra_trees,target_frontier_gap_ev,extra_trees,2582,2194,388,19,42,42,42,-0.0571333841499519,0.2895419772981096,0.3654537948514518
4,202,extra_trees,target_frontier_gap_ev,extra_trees,2582,2194,388,19,42,42,42,-0.1267333748581742,0.3119314944845362,0.3822194566890898
4,203,extra_trees,target_frontier_gap_ev,extra_trees,2582,2194,388,19,42,42,42,-0.199833333076687,0.3379980831971037,0.416041570903897
4,204,extra_trees,target_frontier_gap_ev,extra_trees,2582,2194,388,19,42,42,42,-0.0868923077945806,0.3140002232216495,0.3788462642144495
4,205,extra_trees,target_frontier_gap_ev,extra_trees,2582,2194,388,19,42,42,42,-0.1090188192895051,0.3039437844108981,0.3698409194731891
4,206,extra_trees,target_frontier_gap_ev,extra_trees,2582,2194,388,19,42,42,42,-0.0848742153697175,0.2945567152282767,0.3565626024887002
4,207,extra_trees,target_frontier_gap_ev,extra_trees,2582,2194,388,19,42,42,42,-0.0987584430206647,0.3168767052356404,0.3803918516862033
4,208,extra_trees,target_frontier_gap_ev,extra_trees,2582,2194,388,19,42,42,42,-0.1884956233062618,0.3179698298576338,0.3914532655059999
4,209,extra_trees,target_frontier_gap_ev,extra_trees,2582,2194,388,19,42,42,42,-0.1043708525458646,0.3102421104037801,0.3819270602863519
4,210,extra_trees,target_frontier_gap_ev,extra_trees,2582,2194,388,19,42,42,42,-0.1073550079067551,0.3288997036726804,0.3922195395359457
4,211,extra_trees,target_frontier_gap_ev,extra_trees,2582,2194,388,19,42,42,42,-0.1931092415878383,0.3376500311426115,0.4100283285028423
4,212,extra_trees,target_frontier_gap_ev,extra_trees,2582,2194,388,19,42,42,42,-0.1840359449090174,0.298064788856161,0.368242635507634
4,213,extra_trees,target_frontier_gap_ev,extra_trees,2582,2194,388,19,42,42,42,-0.1820015680029607,0.3197098749828177,0.3932244903070893
4,214,extra_trees,target_frontier_gap_ev,extra_trees,2582,2194,388,19,42,42,42,-0.1498982567431139,0.3118895024312716,0.3881487093551409
4,215,extra_trees,target_frontier_gap_ev,extra_trees,2582,2194,388,19,42,42,42,-0.181767925979883,0.3273022188303878,0.3891034650936585
4,216,extra_trees,target_frontier_gap_ev,extra_trees,2582,2194,388,19,42,42,42,-0.1300679292416664,0.3230731189175258,0.3937803181368208
4,217,extra_trees,target_frontier_gap_ev,extra_trees,2582,2194,388,19,42,42,42,-0.1040371434769129,0.3105819432216495,0.3832923831818648
4,218,extra_trees,target_frontier_gap_ev,extra_trees,2582,2194,388,19,42,42,42,-0.1503971921909581,0.2895389098146785,0.3577979249750448
4,219,extra_trees,target_frontier_gap_ev,extra_trees,2582,2194,388,19,42,42,42,-0.1897322390180709,0.3072893971489935,0.3786115400431972
4,220,extra_trees,target_frontier_gap_ev,extra_trees,2582,2194,388,19,42,42,42,-0.1089873526933846,0.300881502491409,0.3680440435899343
4,221,extra_trees,target_frontier_gap_ev,extra_trees,2582,2194,388,19,42,42,42,-0.1257963381365598,0.3005996697913597,0.3745454024869362
4,222,extra_trees,target_frontier_gap_ev,extra_trees,2582,2194,388,19,42,42,42,-0.0781569937638231,0.3323231243571138,0.3953665090964254
4,223,extra_trees,target_frontier_gap_ev,extra_trees,2582,2194,388,19,42,42,42,-0.2026345249897758,0.3178229073330879,0.388463213219695
4,224,extra_trees,target_frontier_gap_ev,extra_trees,2582,2194,388,19,42,42,42,-0.1433843934793539,0.3169255244857636,0.3834190487760117
4,225,extra_trees,target_frontier_gap_ev,extra_trees,2582,2194,388,19,42,42,42,-0.0867527200508391,0.3148764747201767,0.3882304521981968
4,226,extra_trees,target_frontier_gap_ev,extra_trees,2582,2194,388,19,42,42,42,-0.1755400068128043,0.3385104365488461,0.4201881012995646
4,227,extra_trees,target_frontier_gap_ev,extra_trees,2582,2194,388,19,42,42,42,-0.1273711354370681,0.3140953810824744,0.3837779697182997
4,228,extra_trees,target_frontier_gap_ev,extra_trees,2582,2194,388,19,42,42,42,-0.1703247487364549,0.3366455488745707,0.4119737009079424
4,229,extra_trees,target_frontier_gap_ev,extra_trees,2582,2194,388,19,42,42,42,-0.1409615286900774,0.3030845644673539,0.3725051426929512
4,230,extra_trees,target_frontier_gap_ev,extra_trees,2582,2194,388,19,42,42,42,-0.1303928080590226,0.3192016072594501,0.39125255652453
4,231,extra_trees,target_frontier_gap_ev,extra_trees,2582,2194,388,19,42,42,42,-0.1765918565445769,0.3142073231701033,0.3817500890304384
4,232,extra_trees,target_frontier_gap_ev,extra_trees,2582,2194,388,19,42,42,42,-0.1462648740900685,0.3184570260125183,0.3873451288411207
4,233,extra_trees,target_frontier_gap_ev,extra_trees,2582,2194,388,19,42,42,42,-0.1263485346309212,0.3235930562457048,0.3915564825638748
4,234,extra_trees,target_frontier_gap_ev,extra_trees,2582,2194,388,19,42,42,42,-0.1335196555768216,0.2999604557216494,0.3698792554247181
4,235,extra_trees,target_frontier_gap_ev,extra_trees,2582,2194,388,19,42,42,42,-0.1647493021597044,0.317539319035346,0.3941705817451423
4,236,extra_trees,target_frontier_gap_ev,extra_trees,2582,2194,388,19,42,42,42,-0.1284999028423172,0.3145576838573882,0.392237229421041
4,237,extra_trees,target_frontier_gap_ev,extra_trees,2582,2194,388,19,42,42,42,-0.0921447929912886,0.307944633939003,0.3734579768357605
4,238,extra_trees,target_frontier_gap_ev,extra_trees,2582,2194,388,19,42,42,42,-0.1030761555004882,0.3197330401902308,0.3871147818921917
4,239,extra_trees,target_frontier_gap_ev,extra_trees,2582,2194,388,19,42,42,42,-0.1504668715962662,0.313156616168385,0.3896698032444962
4,240,extra_trees,target_frontier_gap_ev,extra_trees,2582,2194,388,19,42,42,42,-0.112958621558145,0.3120330180584188,0.3862758801566177
4,241,extra_trees,target_frontier_gap_ev,extra_trees,2582,2194,388,19,42,42,42,-0.0643549753380863,0.3068642460493371,0.379390937596464
4,242,extra_trees,target_frontier_gap_ev,extra_trees,2582,2194,388,19,42,42,42,-0.2140853328841647,0.3181154884278349,0.3871051801000185
4,243,extra_trees,target_frontier_gap_ev,extra_trees,2582,2194,388,19,42,42,42,-0.0751731707024319,0.3097350629810997,0.3843473889346546
4,244,extra_trees,target_frontier_gap_ev,extra_trees,2582,2194,388,19,42,42,42,-0.1147403042521992,0.3024237917611683,0.3652703791523031
4,245,extra_trees,target_frontier_gap_ev,extra_trees,2582,2194,388,19,42,42,42,-0.168796446156173,0.3259721851566474,0.3939320056802198
4,246,extra_trees,target_frontier_gap_ev,extra_trees,2582,2194,388,19,42,42,42,-0.1950723726375567,0.3356076484793817,0.4190405721703085
4,247,extra_trees,target_frontier_gap_ev,extra_trees,2582,2194,388,19,42,42,42,-0.1005879234165156,0.3033954118168058,0.3751526239712267
4,248,extra_trees,target_frontier_gap_ev,extra_trees,2582,2194,388,19,42,42,42,-0.0665557329879387,0.3173428146232206,0.3792798811008607
4,249,extra_trees,target_frontier_gap_ev,extra_trees,2582,2194,388,19,42,42,42,-0.1098567125525007,0.3143220217439863,0.3877829199127884
4,250,extra_trees,target_frontier_gap_ev,extra_trees,2582,2194,388,19,42,42,42,-0.1049792456060305,0.3119400516580755,0.3778056962860254
4,251,extra_trees,target_frontier_gap_ev,extra_trees,2582,2194,388,19,42,42,42,-0.1864383172072294,0.3233881647839962,0.3920986177126714
4,252,extra_trees,target_frontier_gap_ev,extra_trees,2582,2194,388,19,42,42,42,-0.1418226286793487,0.3019269106099657,0.3721547543414529
4,253,extra_trees,target_frontier_gap_ev,extra_trees,2582,2194,388,19,42,42,42,-0.0734341887970451,0.3051277546833578,0.3750479834222135
4,254,extra_trees,target_frontier_gap_ev,extra_trees,2582,2194,388,19,42,42,42,-0.1086149963368217,0.3146254316408935,0.3889100584032409
4,255,extra_trees,target_frontier_gap_ev,extra_trees,2582,2194,388,19,42,42,42,-0.1083752190874949,0.3205844979209623,0.3877331713997407
4,256,extra_trees,target_frontier_gap_ev,extra_trees,2582,2194,388,19,42,42,42,-0.0943120274336304,0.3190798647115856,0.3832183821741573
4,257,extra_trees,target_frontier_gap_ev,extra_trees,2582,2194,388,19,42,42,42,-0.1479645494478656,0.3124501023766567,0.3917647437836443
4,258,extra_trees,target_frontier_gap_ev,extra_trees,2582,2194,388,19,42,42,42,-0.1238108366172858,0.3044975120066273,0.3735928708006619
4,259,extra_trees,target_frontier_gap_ev,extra_trees,2582,2194,388,19,42,42,42,-0.1424654387151096,0.3184307988279332,0.3954382659494259
4,260,extra_trees,target_frontier_gap_ev,extra_trees,2582,2194,388,19,42,42,42,-0.1390553459157946,0.3188272137027491,0.3949289612184228
4,261,extra_trees,target_frontier_gap_ev,extra_trees,2582,2194,388,19,42,42,42,-0.1388068772261972,0.3096856274944768,0.3876686902956638
4,262,extra_trees,target_frontier_gap_ev,extra_trees,2582,2194,388,19,42,42,42,-0.1249223303950402,0.3133193211702259,0.3808218161727823
4,263,extra_trees,target_frontier_gap_ev,extra_trees,2582,2194,388,19,42,42,42,-0.0607601857744262,0.310308256821306,0.3807979207778078
4,264,extra_trees,target_frontier_gap_ev,extra_trees,2582,2194,388,19,42,42,42,-0.1669608179462038,0.3222141291691209,0.3936364893003208
4,265,extra_trees,target_frontier_gap_ev,extra_trees,2582,2194,388,19,42,42,42,-0.065560457815009,0.3032202378694156,0.3730474012476692
4,266,extra_trees,target_frontier_gap_ev,extra_trees,2582,2194,388,19,42,42,42,-0.1922471438739452,0.3330952608198329,0.4116156227245048
4,267,extra_trees,target_frontier_gap_ev,extra_trees,2582,2194,388,19,42,42,42,-0.1845683451402546,0.3160164326632299,0.3876268710401248
4,268,extra_trees,target_frontier_gap_ev,extra_trees,2582,2194,388,19,42,42,42,-0.131632513271118,0.3038854253522337,0.3771489630787331
4,269,extra_trees,target_frontier_gap_ev,extra_trees,2582,2194,388,19,42,42,42,-0.1515059930466771,0.3350094146968582,0.4048974872050845
4,270,extra_trees,target_frontier_gap_ev,extra_trees,2582,2194,388,19,42,42,42,-0.1010746230798611,0.3091911108627882,0.3786258197574819
4,271,extra_trees,target_frontier_gap_ev,extra_trees,2582,2194,388,19,42,42,42,-0.1404491786440167,0.3050413824484533,0.3748151365883556
4,272,extra_trees,target_frontier_gap_ev,extra_trees,2582,2194,388,19,42,42,42,-0.1319824173822608,0.2920043520360824,0.3644827620104668
4,273,extra_trees,target_frontier_gap_ev,extra_trees,2582,2194,388,19,42,42,42,-0.1680356972279173,0.3089178438831616,0.3843232768070683
4,274,extra_trees,target_frontier_gap_ev,extra_trees,2582,2194,388,19,42,42,42,-0.2319693892432992,0.314688711434708,0.3823110906674701
4,275,extra_trees,target_frontier_gap_ev,extra_trees,2582,2194,388,19,42,42,42,-0.1131975703497027,0.3206103615292098,0.3944048336388688
4,276,extra_trees,target_frontier_gap_ev,extra_trees,2582,2194,388,19,42,42,42,-0.1474931256758238,0.3213194166065294,0.3860878027766254
4,277,extra_trees,target_frontier_gap_ev,extra_trees,2582,2194,388,19,42,42,42,-0.1631800001703489,0.3062364331308297,0.3837185182432577
4,278,extra_trees,target_frontier_gap_ev,extra_trees,2582,2194,388,19,42,42,42,-0.2538717378737531,0.3218023328780071,0.3963748732770519
4,279,extra_trees,target_frontier_gap_ev,extra_trees,2582,2194,388,19,42,42,42,-0.1269933583636004,0.3256962644047618,0.399985735908681
4,280,extra_trees,target_frontier_gap_ev,extra_trees,2582,2194,388,19,42,42,42,-0.1191714873321077,0.3135938094759451,0.3804827639232261
4,281,extra_trees,target_frontier_gap_ev,extra_trees,2582,2194,388,19,42,42,42,-0.2093255749703304,0.3233187080326459,0.3928292119184208
4,282,extra_trees,target_frontier_gap_ev,extra_trees,2582,2194,388,19,42,42,42,-0.1388381511910046,0.3069400238291606,0.3807812289628881
4,283,extra_trees,target_frontier_gap_ev,extra_trees,2582,2194,388,19,42,42,42,-0.2001815172290868,0.333864561913353,0.4126318831072742
4,284,extra_trees,target_frontier_gap_ev,extra_trees,2582,2194,388,19,42,42,42,-0.1451612298956868,0.2966140076730484,0.364652858273938
4,285,extra_trees,target_frontier_gap_ev,extra_trees,2582,2194,388,19,42,42,42,-0.1819533972581546,0.3165321648969071,0.3847407090594629
4,286,extra_trees,target_frontier_gap_ev,extra_trees,2582,2194,388,19,42,42,42,-0.2016427116715919,0.3479533073551791,0.4154253025071987
4,287,extra_trees,target_frontier_gap_ev,extra_trees,2582,2194,388,19,42,42,42,-0.1347123856576997,0.3199245001227295,0.3908824059189281
4,288,extra_trees,target_frontier_gap_ev,extra_trees,2582,2194,388,19,42,42,42,-0.1592314727270238,0.3260238202577321,0.3944172931872488
4,289,extra_trees,target_frontier_gap_ev,extra_trees,2582,2194,388,19,42,42,42,-0.1575358926478067,0.3181732662199314,0.3843571353932275
4,290,extra_trees,target_frontier_gap_ev,extra_trees,2582,2194,388,19,42,42,42,-0.023441816085312,0.3093905704688267,0.3790148618545352
4,291,extra_trees,target_frontier_gap_ev,extra_trees,2582,2194,388,19,42,42,42,-0.1590921904054476,0.3016036443961706,0.3732464988885524
4,292,extra_trees,target_frontier_gap_ev,extra_trees,2582,2194,388,19,42,42,42,-0.1877722892008648,0.3202537234364259,0.3839758594842261
4,293,extra_trees,target_frontier_gap_ev,extra_trees,2582,2194,388,19,42,42,42,-0.093717981369902,0.3123827764874813,0.3873748956269296
4,294,extra_trees,target_frontier_gap_ev,extra_trees,2582,2194,388,19,42,42,42,-0.1178457188295418,0.3011848998109964,0.3709545717162202
4,295,extra_trees,target_frontier_gap_ev,extra_trees,2582,2194,388,19,42,42,42,-0.0812282059002174,0.2867966217783503,0.3581814440702245
4,296,extra_trees,target_frontier_gap_ev,extra_trees,2582,2194,388,19,42,42,42,-0.1274033713162072,0.3145518029553266,0.387618350864816
4,297,extra_trees,target_frontier_gap_ev,extra_trees,2582,2194,388,19,42,42,42,-0.1472473277982242,0.3282359720459008,0.3975481886984368
4,298,extra_trees,target_frontier_gap_ev,extra_trees,2582,2194,388,19,42,42,42,-0.1456175097678851,0.3205614777577318,0.3894322732770231
4,299,extra_trees,target_frontier_gap_ev,extra_trees,2582,2194,388,19,42,42,42,-0.1850655154284242,0.3170348470778104,0.3913708641010635
4,300,extra_trees,target_frontier_gap_ev,extra_trees,2582,2194,388,19,42,42,42,-0.1676373066829424,0.3153947075730244,0.3823073888425624
4,301,extra_trees,target_frontier_gap_ev,extra_trees,2582,2194,388,19,42,42,42,-0.1533023836937466,0.3319285865721649,0.4004016893410037
4,302,extra_trees,target_frontier_gap_ev,extra_trees,2582,2194,388,19,42,42,42,-0.1358955108464175,0.3275167068759206,0.3989307920331678
4,303,extra_trees,target_frontier_gap_ev,extra_trees,2582,2194,388,19,42,42,42,-0.2185139808271778,0.3254723248784981,0.4015797674428279
4,304,extra_trees,target_frontier_gap_ev,extra_trees,2582,2194,388,19,42,42,42,-0.0937905496242457,0.3190952077556863,0.3875568428364341
4,305,extra_trees,target_frontier_gap_ev,extra_trees,2582,2194,388,19,42,42,42,-0.1247237973840331,0.3363084224226805,0.4070994184649515
4,306,extra_trees,target_frontier_gap_ev,extra_trees,2582,2194,388,19,42,42,42,-0.1272914671917067,0.3126188951129111,0.3811685556997299
4,307,extra_trees,target_frontier_gap_ev,extra_trees,2582,2194,388,19,42,42,42,-0.1382804792227254,0.3191831165721649,0.3930048464815328
4,308,extra_trees,target_frontier_gap_ev,extra_trees,2582,2194,388,19,42,42,42,-0.13416913466466,0.3211695453522336,0.3918435013736238
4,309,extra_trees,target_frontier_gap_ev,extra_trees,2582,2194,388,19,42,42,42,-0.1627101037232545,0.3131102627074128,0.3825377570597836
4,310,extra_trees,target_frontier_gap_ev,extra_trees,2582,2194,388,19,42,42,42,-0.0976464044134124,0.3009251429381444,0.3719357382299303
4,311,extra_trees,target_frontier_gap_ev,extra_trees,2582,2194,388,19,42,42,42,-0.1717054033442204,0.3239573537886597,0.3913859958373052
4,312,extra_trees,target_frontier_gap_ev,extra_trees,2582,2194,388,19,42,42,42,-0.1515664410209283,0.3212531731615123,0.3907917018549379
4,313,extra_trees,target_frontier_gap_ev,extra_trees,2582,2194,388,19,42,42,42,-0.1691180107286241,0.3179049221391753,0.395756371587657
4,314,extra_trees,target_frontier_gap_ev,extra_trees,2582,2194,388,19,42,42,42,-0.2375040509156223,0.3238079870532646,0.3972899791342739
4,315,extra_trees,target_frontier_gap_ev,extra_trees,2582,2194,388,19,42,42,42,-0.106930762282529,0.303992754229259,0.3784256139349095
4,316,extra_trees,target_frontier_gap_ev,extra_trees,2582,2194,388,19,42,42,42,-0.1692330056561326,0.3246720088230241,0.3901701523420294
4,317,extra_trees,target_frontier_gap_ev,extra_trees,2582,2194,388,19,42,42,42,-0.1523633553233674,0.3314912913230241,0.4014235596298743
4,318,extra_trees,target_frontier_gap_ev,extra_trees,2582,2194,388,19,42,42,42,-0.1762137766579508,0.3266885311450664,0.4027275397937741
4,319,extra_trees,target_frontier_gap_ev,extra_trees,2582,2194,388,19,42,42,42,-0.1317838800012472,0.3020309532952871,0.3677810453599265
4,320,extra_trees,target_frontier_gap_ev,extra_trees,2582,2194,388,19,42,42,42,-0.1384926547285985,0.312711766572165,0.3877090034534673
4,321,extra_trees,target_frontier_gap_ev,extra_trees,2582,2194,388,19,42,42,42,-0.1646002414916101,0.3288811861941578,0.4049517678773195
4,322,extra_trees,target_frontier_gap_ev,extra_trees,2582,2194,388,19,42,42,42,-0.1266081866178736,0.3064362985738833,0.3751572402827453
4,323,extra_trees,target_frontier_gap_ev,extra_trees,2582,2194,388,19,42,42,42,-0.1784001083891504,0.3367541427810506,0.4062045871745779
4,324,extra_trees,target_frontier_gap_ev,extra_trees,2582,2194,388,19,42,42,42,-0.1104765463326105,0.311361687216495,0.3788091343669584
4,325,extra_trees,target_frontier_gap_ev,extra_trees,2582,2194,388,19,42,42,42,-0.1830925273475145,0.3169313428031419,0.3851796334030458
4,326,extra_trees,target_frontier_gap_ev,extra_trees,2582,2194,388,19,42,42,42,-0.1499877799760653,0.3341981752110946,0.401660353247728
4,327,extra_trees,target_frontier_gap_ev,extra_trees,2582,2194,388,19,42,42,42,-0.1369744697260249,0.2991172450945014,0.3742072175397966
4,328,extra_trees,target_frontier_gap_ev,extra_trees,2582,2194,388,19,42,42,42,-0.0869662120603913,0.3116633043618066,0.3823464529569776
4,329,extra_trees,target_frontier_gap_ev,extra_trees,2582,2194,388,19,42,42,42,-0.1531364223200155,0.3124855172680413,0.3852775572491629
4,330,extra_trees,target_frontier_gap_ev,extra_trees,2582,2194,388,19,42,42,42,-0.1272132826793752,0.2988470891408935,0.3670473918643112
4,331,extra_trees,target_frontier_gap_ev,extra_trees,2582,2194,388,19,42,42,42,-0.1286168114668056,0.3202505916151205,0.3881320875167638
4,332,extra_trees,target_frontier_gap_ev,extra_trees,2582,2194,388,19,42,42,42,-0.1172238256356024,0.3102256901589345,0.3737110383916566
4,333,extra_trees,target_frontier_gap_ev,extra_trees,2582,2194,388,19,42,42,42,-0.1392309663669255,0.3126414009106529,0.3784411930769517
4,334,extra_trees,target_frontier_gap_ev,extra_trees,2582,2194,388,19,42,42,42,-0.1779115279560341,0.3124871053608249,0.380424040946055
4,335,extra_trees,target_frontier_gap_ev,extra_trees,2582,2194,388,19,42,42,42,-0.0592743706774627,0.297601578024055,0.3690588013777183
4,336,extra_trees,target_frontier_gap_ev,extra_trees,2582,2194,388,19,42,42,42,-0.114787349142849,0.3125405704295532,0.3891857748244083
4,337,extra_trees,target_frontier_gap_ev,extra_trees,2582,2194,388,19,42,42,42,-0.0959519381129114,0.3066487622594501,0.3727293070528071
4,338,extra_trees,target_frontier_gap_ev,extra_trees,2582,2194,388,19,42,42,42,-0.1757497536379209,0.3152490662002944,0.3861085209182313
4,339,extra_trees,target_frontier_gap_ev,extra_trees,2582,2194,388,19,42,42,42,-0.1328837655914057,0.3089574150429552,0.3750251705325713
4,340,extra_trees,target_frontier_gap_ev,extra_trees,2582,2194,388,19,42,42,42,-0.1592949344821341,0.3139585302276632,0.3827370670093452
4,341,extra_trees,target_frontier_gap_ev,extra_trees,2582,2194,388,19,42,42,42,-0.1041182044925612,0.295771222129357,0.3647057176366832
4,342,extra_trees,target_frontier_gap_ev,extra_trees,2582,2194,388,19,42,42,42,-0.0262558457303445,0.2991652759106527,0.3706399607344172
4,343,extra_trees,target_frontier_gap_ev,extra_trees,2582,2194,388,19,42,42,42,-0.1660303031022967,0.322935424510309,0.3979448714169718
4,344,extra_trees,target_frontier_gap_ev,extra_trees,2582,2194,388,19,42,42,42,-0.1667284536946789,0.3152867291721896,0.3871188194952734
4,345,extra_trees,target_frontier_gap_ev,extra_trees,2582,2194,388,19,42,42,42,-0.19373151484391,0.3376606712886596,0.4032572972162697
4,346,extra_trees,target_frontier_gap_ev,extra_trees,2582,2194,388,19,42,42,42,-0.1446035083535377,0.3087320476546394,0.3794206112215894
4,347,extra_trees,target_frontier_gap_ev,extra_trees,2582,2194,388,19,42,42,42,-0.1366337822937227,0.3117971489684112,0.3783237761443482
4,348,extra_trees,target_frontier_gap_ev,extra_trees,2582,2194,388,19,42,42,42,-0.1169119929693354,0.3048890587248404,0.3750070224430086
4,349,extra_trees,target_frontier_gap_ev,extra_trees,2582,2194,388,19,42,42,42,-0.1999745024163712,0.3202841927687775,0.4000098105329034
4,350,extra_trees,target_frontier_gap_ev,extra_trees,2582,2194,388,19,42,42,42,-0.124685133011406,0.3040871453780068,0.3741945648677711
4,351,extra_trees,target_frontier_gap_ev,extra_trees,2582,2194,388,19,42,42,42,-0.1323630676608385,0.3238756153865978,0.3931396037132399
4,352,extra_trees,target_frontier_gap_ev,extra_trees,2582,2194,388,19,42,42,42,-0.122577700128986,0.3307223597508588,0.3962126833378113
4,353,extra_trees,target_frontier_gap_ev,extra_trees,2582,2194,388,19,42,42,42,-0.1643048508310238,0.311330348978985,0.3845794070653188
4,354,extra_trees,target_frontier_gap_ev,extra_trees,2582,2194,388,19,42,42,42,-0.1123767267501822,0.3117968971170835,0.3835339963898904
4,355,extra_trees,target_frontier_gap_ev,extra_trees,2582,2194,388,19,42,42,42,-0.1310948037400403,0.3014106862929553,0.3744705492776488
4,356,extra_trees,target_frontier_gap_ev,extra_trees,2582,2194,388,19,42,42,42,-0.1548957818448995,0.3358606461953853,0.4052566579570474
4,357,extra_trees,target_frontier_gap_ev,extra_trees,2582,2194,388,19,42,42,42,-0.1421771686488073,0.3248696981586488,0.4028931872088298
4,358,extra_trees,target_frontier_gap_ev,extra_trees,2582,2194,388,19,42,42,42,-0.1941141663011532,0.3199531238702748,0.389158673543364
4,359,extra_trees,target_frontier_gap_ev,extra_trees,2582,2194,388,19,42,42,42,-0.1429336709619035,0.3101793380412372,0.3796625162398033
4,360,extra_trees,target_frontier_gap_ev,extra_trees,2582,2194,388,19,42,42,42,-0.2183130282123564,0.3261234675945018,0.3943491409628601
4,361,extra_trees,target_frontier_gap_ev,extra_trees,2582,2194,388,19,42,42,42,-0.0288188036171452,0.3135728370532646,0.3794448746054745
4,362,extra_trees,target_frontier_gap_ev,extra_trees,2582,2194,388,19,42,42,42,-0.162253234687183,0.3198057016265749,0.3925281487479382
4,363,extra_trees,target_frontier_gap_ev,extra_trees,2582,2194,388,19,42,42,42,-0.1807582921989414,0.3236482863745705,0.3944114973693763
4,364,extra_trees,target_frontier_gap_ev,extra_trees,2582,2194,388,19,42,42,42,-0.1559445752383397,0.3312857097766322,0.3990031903426814
4,365,extra_trees,target_frontier_gap_ev,extra_trees,2582,2194,388,19,42,42,42,-0.1411077637441249,0.3105529225932744,0.3779747996376258
4,366,extra_trees,target_frontier_gap_ev,extra_trees,2582,2194,388,19,42,42,42,-0.1304353166573364,0.3198828487972507,0.38540085374515
4,367,extra_trees,target_frontier_gap_ev,extra_trees,2582,2194,388,19,42,42,42,-0.2156728518238591,0.3214802679590082,0.3865993164110897
4,368,extra_trees,target_frontier_gap_ev,extra_trees,2582,2194,388,19,42,42,42,-0.1542923444261736,0.3178916225760923,0.3889688375126635
4,369,extra_trees,target_frontier_gap_ev,extra_trees,2582,2194,388,19,42,42,42,-0.1262985875400517,0.3156200999999999,0.3848849526882819
4,370,extra_trees,target_frontier_gap_ev,extra_trees,2582,2194,388,19,42,42,42,-0.1395563725989599,0.3183919003436425,0.3974016591618025
4,371,extra_trees,target_frontier_gap_ev,extra_trees,2582,2194,388,19,42,42,42,-0.1233831119954134,0.3206803377933234,0.3880311156666795
4,372,extra_trees,target_frontier_gap_ev,extra_trees,2582,2194,388,19,42,42,42,-0.1382759412644763,0.3229188144931271,0.3967261293176298
4,373,extra_trees,target_frontier_gap_ev,extra_trees,2582,2194,388,19,42,42,42,-0.1150833354632634,0.3123455678608246,0.3737889974909423
4,374,extra_trees,target_frontier_gap_ev,extra_trees,2582,2194,388,19,42,42,42,-0.122072765689313,0.31555111940108,0.3919561591325889
4,375,extra_trees,target_frontier_gap_ev,extra_trees,2582,2194,388,19,42,42,42,-0.1162423415677991,0.3006447420434459,0.3839351502988185
4,376,extra_trees,target_frontier_gap_ev,extra_trees,2582,2194,388,19,42,42,42,-0.1279900817985479,0.3175780590930292,0.3913312635615953
4,377,extra_trees,target_frontier_gap_ev,extra_trees,2582,2194,388,19,42,42,42,-0.0849523559137317,0.2988112978608249,0.3642907831696361
4,378,extra_trees,target_frontier_gap_ev,extra_trees,2582,2194,388,19,42,42,42,-0.1896246906015164,0.3164855948809525,0.389542641617866
4,379,extra_trees,target_frontier_gap_ev,extra_trees,2582,2194,388,19,42,42,42,-0.10108892483711,0.3136872235395192,0.3773523225002373
4,380,extra_trees,target_frontier_gap_ev,extra_trees,2582,2194,388,19,42,42,42,-0.1680578024261463,0.31587736718704,0.3861902750516767
4,381,extra_trees,target_frontier_gap_ev,extra_trees,2582,2194,388,19,42,42,42,-0.189883725436851,0.3365802929258713,0.4124711496563745
4,382,extra_trees,target_frontier_gap_ev,extra_trees,2582,2194,388,19,42,42,42,-0.1179288718253768,0.3187212909785631,0.3864781788710347
4,383,extra_trees,target_frontier_gap_ev,extra_trees,2582,2194,388,19,42,42,42,-0.2668571954912517,0.3237758099226802,0.4036754862723415
4,384,extra_trees,target_frontier_gap_ev,extra_trees,2582,2194,388,19,42,42,42,-0.1184097257599974,0.309070663533996,0.3788285089576773
4,385,extra_trees,target_frontier_gap_ev,extra_trees,2582,2194,388,19,42,42,42,-0.111865367459581,0.3167786909585174,0.392766718506697
4,386,extra_trees,target_frontier_gap_ev,extra_trees,2582,2194,388,19,42,42,42,-0.0835975102462496,0.309730559501718,0.3775463632505745
4,387,extra_trees,target_frontier_gap_ev,extra_trees,2582,2194,388,19,42,42,42,-0.1759261450401648,0.3246672553479379,0.3931748825527147
4,388,extra_trees,target_frontier_gap_ev,extra_trees,2582,2194,388,19,42,42,42,-0.1001525412280854,0.3196395158505153,0.3893611585785184
4,389,extra_trees,target_frontier_gap_ev,extra_trees,2582,2194,388,19,42,42,42,-0.176263977384796,0.3101400011082474,0.382579626962681
4,390,extra_trees,target_frontier_gap_ev,extra_trees,2582,2194,388,19,42,42,42,-0.0858620082844852,0.2955017095716741,0.3635027739355056
4,391,extra_trees,target_frontier_gap_ev,extra_trees,2582,2194,388,19,42,42,42,-0.1666786778257782,0.3159359267709866,0.3941034205634547
4,392,extra_trees,target_frontier_gap_ev,extra_trees,2582,2194,388,19,42,42,42,-0.1355264282587458,0.3263757304123713,0.3960622616790523
4,393,extra_trees,target_frontier_gap_ev,extra_trees,2582,2194,388,19,42,42,42,-0.2088271040658396,0.3090115016507118,0.3839930001684719
4,394,extra_trees,target_frontier_gap_ev,extra_trees,2582,2194,388,19,42,42,42,-0.1795068068939305,0.3261679678473244,0.4058112423196384
4,395,extra_trees,target_frontier_gap_ev,extra_trees,2582,2194,388,19,42,42,42,-0.1054887796147272,0.3353382955841922,0.4040849105889741
4,396,extra_trees,target_frontier_gap_ev,extra_trees,2582,2194,388,19,42,42,42,-0.0890651248581411,0.3056609953694159,0.3794522573985841
4,397,extra_trees,target_frontier_gap_ev,extra_trees,2582,2194,388,19,42,42,42,-0.1128520184950556,0.3186029582216493,0.3940244859337518
4,398,extra_trees,target_frontier_gap_ev,extra_trees,2582,2194,388,19,42,42,42,-0.076495322803602,0.3186446747250857,0.3826828922023516
4,399,extra_trees,target_frontier_gap_ev,extra_trees,2582,2194,388,19,42,42,42,-0.1356098096332438,0.3123018198711341,0.3803362288438035
4,400,extra_trees,target_frontier_gap_ev,extra_trees,2582,2194,388,19,42,42,42,-0.1017800510267867,0.3149518813978889,0.3888086289860681
4,401,extra_trees,target_frontier_gap_ev,extra_trees,2582,2194,388,19,42,42,42,-0.0824718952597489,0.3059506530841923,0.3774459517001327
4,402,extra_trees,target_frontier_gap_ev,extra_trees,2582,2194,388,19,42,42,42,-0.1134105942647936,0.3140304853780068,0.3854144276976597
4,403,extra_trees,target_frontier_gap_ev,extra_trees,2582,2194,388,19,42,42,42,-0.1582641315619029,0.3167752438573884,0.3898280945714267
4,404,extra_trees,target_frontier_gap_ev,extra_trees,2582,2194,388,19,42,42,42,-0.090730400832846,0.3055801239776634,0.3742292321607442
4,405,extra_trees,target_frontier_gap_ev,extra_trees,2582,2194,388,19,42,42,42,-0.1495899642710234,0.3243872355584195,0.3909552065124536
4,406,extra_trees,target_frontier_gap_ev,extra_trees,2582,2194,388,19,42,42,42,-0.222118019341025,0.3191221592501226,0.3928545280953696
4,407,extra_trees,target_frontier_gap_ev,extra_trees,2582,2194,388,19,42,42,42,-0.1188226248096344,0.308757803897889,0.3789289118234936
4,408,extra_trees,target_frontier_gap_ev,extra_trees,2582,2194,388,19,42,42,42,-0.1592251500316248,0.3209846031357388,0.3890815253344682
4,409,extra_trees,target_frontier_gap_ev,extra_trees,2582,2194,388,19,42,42,42,-0.0762448254288179,0.3196094582302404,0.3909331441195626
4,410,extra_trees,target_frontier_gap_ev,extra_trees,2582,2194,388,19,42,42,42,-0.1526948669112788,0.3145402855756009,0.3851965746132519
4,411,extra_trees,target_frontier_gap_ev,extra_trees,2582,2194,388,19,42,42,42,-0.1272731183165409,0.3207817956529209,0.3846653077282791
4,412,extra_trees,target_frontier_gap_ev,extra_trees,2582,2194,388,19,42,42,42,-0.1674115263301474,0.320212545752332,0.3913413641425627
4,413,extra_trees,target_frontier_gap_ev,extra_trees,2582,2194,388,19,42,42,42,-0.1278925836303106,0.3127989392697594,0.3799254062852565
4,414,extra_trees,target_frontier_gap_ev,extra_trees,2582,2194,388,19,42,42,42,-0.1805305452716896,0.3328780798453606,0.4088158964069002
4,415,extra_trees,target_frontier_gap_ev,extra_trees,2582,2194,388,19,42,42,42,-0.1950601271668512,0.3174716841715756,0.3939952028495908
4,416,extra_trees,target_frontier_gap_ev,extra_trees,2582,2194,388,19,42,42,42,-0.1259552734727147,0.310829502362543,0.3796114227369842
4,417,extra_trees,target_frontier_gap_ev,extra_trees,2582,2194,388,19,42,42,42,-0.1188200916500796,0.311505650274914,0.3825874052974904
4,418,extra_trees,target_frontier_gap_ev,extra_trees,2582,2194,388,19,42,42,42,-0.164393417618027,0.3158575220962198,0.388506739676994
4,419,extra_trees,target_frontier_gap_ev,extra_trees,2582,2194,388,19,42,42,42,-0.0564135372206606,0.3019947420201276,0.3677086272795958
4,420,extra_trees,target_frontier_gap_ev,extra_trees,2582,2194,388,19,42,42,42,-0.1462086258667871,0.3194025500552283,0.3877494143471696
4,421,extra_trees,target_frontier_gap_ev,extra_trees,2582,2194,388,19,42,42,42,-0.1831487093560533,0.3229540097643593,0.3996286210637862
4,422,extra_trees,target_frontier_gap_ev,extra_trees,2582,2194,388,19,42,42,42,-0.1601123887103692,0.3094586381443301,0.3750931244201
4,423,extra_trees,target_frontier_gap_ev,extra_trees,2582,2194,388,19,42,42,42,-0.100080475404356,0.3137754382511047,0.3858885629178557
4,424,extra_trees,target_frontier_gap_ev,extra_trees,2582,2194,388,19,42,42,42,-0.0826370654050243,0.3003906280670099,0.3702378007269014
4,425,extra_trees,target_frontier_gap_ev,extra_trees,2582,2194,388,19,42,42,42,-0.1461002992439966,0.3100811072594501,0.3830569278239476
4,426,extra_trees,target_frontier_gap_ev,extra_trees,2582,2194,388,19,42,42,42,-0.238550435087689,0.333554093539519,0.4040536584837355
4,427,extra_trees,target_frontier_gap_ev,extra_trees,2582,2194,388,19,42,42,42,-0.1659145625986553,0.3001040715402553,0.3678998438989497
4,428,extra_trees,target_frontier_gap_ev,extra_trees,2582,2194,388,19,42,42,42,-0.1770645521308258,0.3406542366323021,0.4104420640871049
4,429,extra_trees,target_frontier_gap_ev,extra_trees,2582,2194,388,19,42,42,42,-0.1523546404303351,0.320132845038046,0.3893313574939144
4,430,extra_trees,target_frontier_gap_ev,extra_trees,2582,2194,388,19,42,42,42,-0.2553636069480469,0.3147638620360827,0.3879991777947985
4,431,extra_trees,target_frontier_gap_ev,extra_trees,2582,2194,388,19,42,42,42,-0.2049208052504094,0.3282663485738832,0.397609286945875
4,432,extra_trees,target_frontier_gap_ev,extra_trees,2582,2194,388,19,42,42,42,-0.1734265278476268,0.3349771889641631,0.4001101864612792
4,433,extra_trees,target_frontier_gap_ev,extra_trees,2582,2194,388,19,42,42,42,-0.1618709199393802,0.3170112137757727,0.3855298461924277
4,434,extra_trees,target_frontier_gap_ev,extra_trees,2582,2194,388,19,42,42,42,-0.1468794655633676,0.3282124212886597,0.3947403776534426
4,435,extra_trees,target_frontier_gap_ev,extra_trees,2582,2194,388,19,42,42,42,-0.1910012391952777,0.3345059576288661,0.4060656875838872
4,436,extra_trees,target_frontier_gap_ev,extra_trees,2582,2194,388,19,42,42,42,-0.1053631508986774,0.31824724077632,0.3895501625441646
4,437,extra_trees,target_frontier_gap_ev,extra_trees,2582,2194,388,19,42,42,42,-0.208975347052857,0.3211264745618557,0.3838193763468129
4,438,extra_trees,target_frontier_gap_ev,extra_trees,2582,2194,388,19,42,42,42,-0.1420552898898202,0.3207383895375144,0.3862027481955109
4,439,extra_trees,target_frontier_gap_ev,extra_trees,2582,2194,388,19,42,42,42,-0.1125930785087936,0.3226119667167811,0.3996297278107293
4,440,extra_trees,target_frontier_gap_ev,extra_trees,2582,2194,388,19,42,42,42,-0.121261034743173,0.3265695791065292,0.4110708373522591
4,441,extra_trees,target_frontier_gap_ev,extra_trees,2582,2194,388,19,42,42,42,-0.1048943199009442,0.3100878068937161,0.375586022443015
4,442,extra_trees,target_frontier_gap_ev,extra_trees,2582,2194,388,19,42,42,42,-0.110566750697,0.3093844006210112,0.3848731483217062
4,443,extra_trees,target_frontier_gap_ev,extra_trees,2582,2194,388,19,42,42,42,-0.148235154884142,0.3048954179725087,0.375650503775052
4,444,extra_trees,target_frontier_gap_ev,extra_trees,2582,2194,388,19,42,42,42,-0.1470799944592491,0.3321257000601375,0.4003853787547821
4,445,extra_trees,target_frontier_gap_ev,extra_trees,2582,2194,388,19,42,42,42,-0.156462234325577,0.3008222606977173,0.3695031528631103
4,446,extra_trees,target_frontier_gap_ev,extra_trees,2582,2194,388,19,42,42,42,-0.1171274581132888,0.3044214107817868,0.3734333320069755
4,447,extra_trees,target_frontier_gap_ev,extra_trees,2582,2194,388,19,42,42,42,-0.0438080414660539,0.306775848864752,0.368571932539987
4,448,extra_trees,target_frontier_gap_ev,extra_trees,2582,2194,388,19,42,42,42,-0.1542969131133584,0.3294261339175257,0.4021578018112622
4,449,extra_trees,target_frontier_gap_ev,extra_trees,2582,2194,388,19,42,42,42,-0.1369156333285153,0.3017279895103093,0.3690832730530538
4,450,extra_trees,target_frontier_gap_ev,extra_trees,2582,2194,388,19,42,42,42,-0.1017672926591481,0.3099825238874572,0.3792282659046191
4,451,extra_trees,target_frontier_gap_ev,extra_trees,2582,2194,388,19,42,42,42,-0.1258873083006566,0.3179570926939128,0.404780282158707
4,452,extra_trees,target_frontier_gap_ev,extra_trees,2582,2194,388,19,42,42,42,-0.0696542936303343,0.3017733359290621,0.3652415492297193
4,453,extra_trees,target_frontier_gap_ev,extra_trees,2582,2194,388,19,42,42,42,-0.1720819224468923,0.3125754337714777,0.3824953121959051
4,454,extra_trees,target_frontier_gap_ev,extra_trees,2582,2194,388,19,42,42,42,-0.167295260073901,0.3086268588344785,0.3837189767960108
4,455,extra_trees,target_frontier_gap_ev,extra_trees,2582,2194,388,19,42,42,42,-0.1271856805270534,0.316413259022255,0.3816006659749466
4,456,extra_trees,target_frontier_gap_ev,extra_trees,2582,2194,388,19,42,42,42,-0.1868967589467181,0.3223942956210112,0.3970601572533055
4,457,extra_trees,target_frontier_gap_ev,extra_trees,2582,2194,388,19,42,42,42,-0.0998823878441705,0.3081032115206185,0.3687316622001713
4,458,extra_trees,target_frontier_gap_ev,extra_trees,2582,2194,388,19,42,42,42,-0.0774751891702829,0.3011395111917035,0.3709326621286606
4,459,extra_trees,target_frontier_gap_ev,extra_trees,2582,2194,388,19,42,42,42,-0.1792163700953055,0.3230926888745704,0.399287091212099
4,460,extra_trees,target_frontier_gap_ev,extra_trees,2582,2194,388,19,42,42,42,-0.1992648780303807,0.3284812529982815,0.4000596975133312
4,461,extra_trees,target_frontier_gap_ev,extra_trees,2582,2194,388,19,42,42,42,-0.1529600067085375,0.3188995554467356,0.3847181348416054
4,462,extra_trees,target_frontier_gap_ev,extra_trees,2582,2194,388,19,42,42,42,-0.0860185164002325,0.3198372515549831,0.3829930497412402
4,463,extra_trees,target_frontier_gap_ev,extra_trees,2582,2194,388,19,42,42,42,-0.1506313285744258,0.308504754080756,0.3878650038057411
4,464,extra_trees,target_frontier_gap_ev,extra_trees,2582,2194,388,19,42,42,42,-0.1715896144498307,0.3224844124398625,0.3960537375531933
4,465,extra_trees,target_frontier_gap_ev,extra_trees,2582,2194,388,19,42,42,42,-0.0987141573960008,0.3148139635959746,0.3755027726953013
4,466,extra_trees,target_frontier_gap_ev,extra_trees,2582,2194,388,19,42,42,42,-0.0943825053117886,0.3070583579295531,0.376260344001063
4,467,extra_trees,target_frontier_gap_ev,extra_trees,2582,2194,388,19,42,42,42,-0.0851347779729867,0.3223541711827034,0.3918928055240707
4,468,extra_trees,target_frontier_gap_ev,extra_trees,2582,2194,388,19,42,42,42,-0.1375452643355743,0.3261072156443296,0.3936167177470089
4,469,extra_trees,target_frontier_gap_ev,extra_trees,2582,2194,388,19,42,42,42,-0.1051270398432586,0.3053322187862055,0.3738339061769964
4,470,extra_trees,target_frontier_gap_ev,extra_trees,2582,2194,388,19,42,42,42,-0.1556381663975676,0.2985029965967109,0.3636600904278333
4,471,extra_trees,target_frontier_gap_ev,extra_trees,2582,2194,388,19,42,42,42,-0.1134242510952632,0.3195400132388315,0.3869757794955403
4,472,extra_trees,target_frontier_gap_ev,extra_trees,2582,2194,388,19,42,42,42,-0.213866842086791,0.3176470073195874,0.3782864010764297
4,473,extra_trees,target_frontier_gap_ev,extra_trees,2582,2194,388,19,42,42,42,-0.1173824618810237,0.3062930245274911,0.3757271280827221
4,474,extra_trees,target_frontier_gap_ev,extra_trees,2582,2194,388,19,42,42,42,-0.1827886257699462,0.3305518174742268,0.394762707040946
4,475,extra_trees,target_frontier_gap_ev,extra_trees,2582,2194,388,19,42,42,42,-0.2250281728644034,0.3258984494170348,0.3975601325869612
4,476,extra_trees,target_frontier_gap_ev,extra_trees,2582,2194,388,19,42,42,42,-0.1231578633991516,0.3103842285996564,0.3815784620954936
4,477,extra_trees,target_frontier_gap_ev,extra_trees,2582,2194,388,19,42,42,42,-0.181681187957809,0.3105153259879724,0.3850674645064434
4,478,extra_trees,target_frontier_gap_ev,extra_trees,2582,2194,388,19,42,42,42,-0.1470595041111515,0.3184329359302895,0.3833129223536814
4,479,extra_trees,target_frontier_gap_ev,extra_trees,2582,2194,388,19,42,42,42,-0.0222311904950223,0.3141972330756012,0.3818105541463546
4,480,extra_trees,target_frontier_gap_ev,extra_trees,2582,2194,388,19,42,42,42,-0.1584648343907171,0.325131511993127,0.4051017063827291
4,481,extra_trees,target_frontier_gap_ev,extra_trees,2582,2194,388,19,42,42,42,-0.0850278830556801,0.3154781214862545,0.3810941280744632
4,482,extra_trees,target_frontier_gap_ev,extra_trees,2582,2194,388,19,42,42,42,-0.150966901740621,0.327254297700049,0.3949686076466287
4,483,extra_trees,target_frontier_gap_ev,extra_trees,2582,2194,388,19,42,42,42,-0.0737438614653593,0.3145346817783507,0.3899612056182176
4,484,extra_trees,target_frontier_gap_ev,extra_trees,2582,2194,388,19,42,42,42,-0.106638579150134,0.311523486056701,0.380719661234781
4,485,extra_trees,target_frontier_gap_ev,extra_trees,2582,2194,388,19,42,42,42,-0.1340978859378214,0.3202383095287189,0.3896996821323474
4,486,extra_trees,target_frontier_gap_ev,extra_trees,2582,2194,388,19,42,42,42,-0.1078333998752929,0.30414286959622,0.3849740947535401
4,487,extra_trees,target_frontier_gap_ev,extra_trees,2582,2194,388,19,42,42,42,-0.1434502783203692,0.3284470214690722,0.394918061780461
4,488,extra_trees,target_frontier_gap_ev,extra_trees,2582,2194,388,19,42,42,42,-0.0875332266824628,0.3096002037653412,0.3788540028780702
4,489,extra_trees,target_frontier_gap_ev,extra_trees,2582,2194,388,19,42,42,42,-0.1881350479524792,0.3252742184707901,0.4003796193322959
4,490,extra_trees,target_frontier_gap_ev,extra_trees,2582,2194,388,19,42,42,42,-0.1131577206650862,0.3133939983676977,0.383799046955802
4,491,extra_trees,target_frontier_gap_ev,extra_trees,2582,2194,388,19,42,42,42,-0.1194099394060346,0.3179671645949927,0.385949643674581
4,492,extra_trees,target_frontier_gap_ev,extra_trees,2582,2194,388,19,42,42,42,-0.1417660312390596,0.2989161887542955,0.3699352844191303
4,493,extra_trees,target_frontier_gap_ev,extra_trees,2582,2194,388,19,42,42,42,-0.1217972541986101,0.3204692492525771,0.4005006034104127
4,494,extra_trees,target_frontier_gap_ev,extra_trees,2582,2194,388,19,42,42,42,-0.0859867319573792,0.3041214433676978,0.3821301436500558
4,495,extra_trees,target_frontier_gap_ev,extra_trees,2582,2194,388,19,42,42,42,-0.0977908731388663,0.3088479191088722,0.3715101499716161
4,496,extra_trees,target_frontier_gap_ev,extra_trees,2582,2194,388,19,42,42,42,-0.134776800596696,0.3164753024871136,0.3882273590454446
4,497,extra_trees,target_frontier_gap_ev,extra_trees,2582,2194,388,19,42,42,42,-0.1218579473743231,0.3339138382646049,0.4117873652699496
4,498,extra_trees,target_frontier_gap_ev,extra_trees,2582,2194,388,19,42,42,42,-0.1835213350970241,0.3017985264003437,0.3722386355551354
4,499,extra_trees,target_frontier_gap_ev,extra_trees,2582,2194,388,19,42,42,42,-0.1128197473699141,0.3095727078205129,0.3765408445174541
4,500,extra_trees,target_frontier_gap_ev,extra_trees,2582,2194,388,19,42,42,42,-0.1409167112173419,0.3194538941179838,0.3860660533408264
2,1,extra_trees,target_interaction_energy_kcal_mol,extra_trees,2582,2194,388,19,42,42,42,-0.1147672325631117,4.220891267150864,5.09548919739037
2,2,extra_trees,target_interaction_energy_kcal_mol,extra_trees,2582,2194,388,19,42,42,42,-0.0826295486219479,4.467667064283918,5.290167720517735
2,3,extra_trees,target_interaction_energy_kcal_mol,extra_trees,2582,2194,388,19,42,42,42,-0.1497884890679435,4.423693669342491,5.269332558305802
2,4,extra_trees,target_interaction_energy_kcal_mol,extra_trees,2582,2194,388,19,42,42,42,-0.0916515924068239,4.333178181027347,5.170368572989889
2,5,extra_trees,target_interaction_energy_kcal_mol,extra_trees,2582,2194,388,19,42,42,42,-0.1539681914014643,4.266088332800684,5.136373068942735
2,6,extra_trees,target_interaction_energy_kcal_mol,extra_trees,2582,2194,388,19,42,42,42,-0.1912837577057529,4.6941003156788526,5.533904539409259
2,7,extra_trees,target_interaction_energy_kcal_mol,extra_trees,2582,2194,388,19,42,42,42,-0.1718710638601095,4.4240625618054485,5.291027828498016
2,8,extra_trees,target_interaction_energy_kcal_mol,extra_trees,2582,2194,388,19,42,42,42,-0.1228162323604118,4.396253422937278,5.237909344157782
2,9,extra_trees,target_interaction_energy_kcal_mol,extra_trees,2582,2194,388,19,42,42,42,-0.0932405986899089,4.442050020163522,5.316670039400259
2,10,extra_trees,target_interaction_energy_kcal_mol,extra_trees,2582,2194,388,19,42,42,42,-0.0757937714093883,4.19230571626918,4.9888437628904185
2,11,extra_trees,target_interaction_energy_kcal_mol,extra_trees,2582,2194,388,19,42,42,42,-0.1216412870814374,4.314720263354434,5.139220495722494
2,12,extra_trees,target_interaction_energy_kcal_mol,extra_trees,2582,2194,388,19,42,42,42,-0.1881359377900011,4.432559012033247,5.275485309593724
2,13,extra_trees,target_interaction_energy_kcal_mol,extra_trees,2582,2194,388,19,42,42,42,-0.1278759399137936,4.29675494775015,5.104823349542923
2,14,extra_trees,target_interaction_energy_kcal_mol,extra_trees,2582,2194,388,19,42,42,42,-0.1604267430872867,4.455039113791239,5.279275220425194
2,15,extra_trees,target_interaction_energy_kcal_mol,extra_trees,2582,2194,388,19,42,42,42,-0.0706916897632428,4.272772013153872,5.133166790118545
2,16,extra_trees,target_interaction_energy_kcal_mol,extra_trees,2582,2194,388,19,42,42,42,-0.1065409107339372,4.352092370746113,5.210413809727109
2,17,extra_trees,target_interaction_energy_kcal_mol,extra_trees,2582,2194,388,19,42,42,42,-0.1395720813475411,4.313915557527943,5.120682791883219
2,18,extra_trees,target_interaction_energy_kcal_mol,extra_trees,2582,2194,388,19,42,42,42,-0.0904686893579513,4.132779259969413,4.94901798397882
2,19,extra_trees,target_interaction_energy_kcal_mol,extra_trees,2582,2194,388,19,42,42,42,-0.1984589680562494,4.70691742155087,5.493799036108847
2,20,extra_trees,target_interaction_energy_kcal_mol,extra_trees,2582,2194,388,19,42,42,42,-0.1657721084456203,4.592376508704203,5.430766603840651
2,21,extra_trees,target_interaction_energy_kcal_mol,extra_trees,2582,2194,388,19,42,42,42,-0.1475382976816055,4.525685396626452,5.409140446817947
2,22,extra_trees,target_interaction_energy_kcal_mol,extra_trees,2582,2194,388,19,42,42,42,-0.1058469022199026,4.185308160294964,5.01116584455056
2,23,extra_trees,target_interaction_energy_kcal_mol,extra_trees,2582,2194,388,19,42,42,42,-0.1408654978093675,4.497798562524816,5.354130987743883
2,24,extra_trees,target_interaction_energy_kcal_mol,extra_trees,2582,2194,388,19,42,42,42,-0.2474119368941247,4.471438076536903,5.319856180493673
2,25,extra_trees,target_interaction_energy_kcal_mol,extra_trees,2582,2194,388,19,42,42,42,-0.1832970716582118,4.639204012516617,5.430968113174971
2,26,extra_trees,target_interaction_energy_kcal_mol,extra_trees,2582,2194,388,19,42,42,42,-0.0995697372992381,4.257747548186221,5.0565156478108895
2,27,extra_trees,target_interaction_energy_kcal_mol,extra_trees,2582,2194,388,19,42,42,42,-0.1191467223916822,4.114389142829827,5.04866262432757
2,28,extra_trees,target_interaction_energy_kcal_mol,extra_trees,2582,2194,388,19,42,42,42,-0.1828790974677585,4.358941613812072,5.235274979203182
2,29,extra_trees,target_interaction_energy_kcal_mol,extra_trees,2582,2194,388,19,42,42,42,-0.0834936544816764,4.161534579276968,4.916220773768334
2,30,extra_trees,target_interaction_energy_kcal_mol,extra_trees,2582,2194,388,19,42,42,42,-0.1339356860423028,4.238516587302883,5.125549398852695
2,31,extra_trees,target_interaction_energy_kcal_mol,extra_trees,2582,2194,388,19,42,42,42,-0.1757372438388702,4.353691080969876,5.250452078982812
2,32,extra_trees,target_interaction_energy_kcal_mol,extra_trees,2582,2194,388,19,42,42,42,-0.1428267891344621,4.361319561007192,5.263495251675007
2,33,extra_trees,target_interaction_energy_kcal_mol,extra_trees,2582,2194,388,19,42,42,42,-0.1119432128679647,4.376704419894311,5.168341273484465
2,34,extra_trees,target_interaction_energy_kcal_mol,extra_trees,2582,2194,388,19,42,42,42,-0.187710834645941,4.350918964536467,5.218834524727204
2,35,extra_trees,target_interaction_energy_kcal_mol,extra_trees,2582,2194,388,19,42,42,42,-0.0545150770867941,4.272906645850966,5.0985850268421045
2,36,extra_trees,target_interaction_energy_kcal_mol,extra_trees,2582,2194,388,19,42,42,42,-0.1793037602930547,4.210286085454802,5.149065666418158
2,37,extra_trees,target_interaction_energy_kcal_mol,extra_trees,2582,2194,388,19,42,42,42,-0.1776264863326548,4.509188920733969,5.361818022633664
2,38,extra_trees,target_interaction_energy_kcal_mol,extra_trees,2582,2194,388,19,42,42,42,-0.2052534625183117,4.265340871527145,5.1266723535853576
2,39,extra_trees,target_interaction_energy_kcal_mol,extra_trees,2582,2194,388,19,42,42,42,-0.1078056030248233,4.438602152974758,5.315247529461735
2,40,extra_trees,target_interaction_energy_kcal_mol,extra_trees,2582,2194,388,19,42,42,42,-0.172976634567386,4.584027073822402,5.452093022662871
2,41,extra_trees,target_interaction_energy_kcal_mol,extra_trees,2582,2194,388,19,42,42,42,-0.1062203405701096,4.103611134384599,4.844273897973592
2,42,extra_trees,target_interaction_energy_kcal_mol,extra_trees,2582,2194,388,19,42,42,42,-0.1610765244507974,4.167106222419021,5.044055105093087
2,43,extra_trees,target_interaction_energy_kcal_mol,extra_trees,2582,2194,388,19,42,42,42,-0.1724680450710851,4.467229795141983,5.298507468066907
2,44,extra_trees,target_interaction_energy_kcal_mol,extra_trees,2582,2194,388,19,42,42,42,-0.1762617818173204,4.468772015574217,5.428730174577757
2,45,extra_trees,target_interaction_energy_kcal_mol,extra_trees,2582,2194,388,19,42,42,42,-0.1637712300318665,4.359803301156036,5.197787972598892
2,46,extra_trees,target_interaction_energy_kcal_mol,extra_trees,2582,2194,388,19,42,42,42,-0.0753174265221572,4.149982810470604,4.920862328580432
2,47,extra_trees,target_interaction_energy_kcal_mol,extra_trees,2582,2194,388,19,42,42,42,-0.1339683773549198,4.4187817422667965,5.276010742692795
2,48,extra_trees,target_interaction_energy_kcal_mol,extra_trees,2582,2194,388,19,42,42,42,-0.1061851870256633,4.205880267845512,5.006722152483158
2,49,extra_trees,target_interaction_energy_kcal_mol,extra_trees,2582,2194,388,19,42,42,42,-0.1258509445700661,4.450781108685978,5.279826744190928
2,50,extra_trees,target_interaction_energy_kcal_mol,extra_trees,2582,2194,388,19,42,42,42,-0.2253341047576935,4.284953394013372,5.208505886851508
2,51,extra_trees,target_interaction_energy_kcal_mol,extra_trees,2582,2194,388,19,42,42,42,-0.1321298940853927,4.229695591281841,5.045879825843777
2,52,extra_trees,target_interaction_energy_kcal_mol,extra_trees,2582,2194,388,19,42,42,42,-0.1138247365247919,4.335099732321703,5.2078297684736
2,53,extra_trees,target_interaction_energy_kcal_mol,extra_trees,2582,2194,388,19,42,42,42,-0.1336874438515884,4.179653308572939,5.06119004367787
2,54,extra_trees,target_interaction_energy_kcal_mol,extra_trees,2582,2194,388,19,42,42,42,-0.1736868704454925,4.300336262882848,5.108215022645596
2,55,extra_trees,target_interaction_energy_kcal_mol,extra_trees,2582,2194,388,19,42,42,42,-0.1608577618182947,4.540883846385702,5.37095652900711
2,56,extra_trees,target_interaction_energy_kcal_mol,extra_trees,2582,2194,388,19,42,42,42,-0.1507295665813361,4.200893792892368,5.066060987154574
2,57,extra_trees,target_interaction_energy_kcal_mol,extra_trees,2582,2194,388,19,42,42,42,-0.142357739915399,4.332295332817476,5.214348585701732
2,58,extra_trees,target_interaction_energy_kcal_mol,extra_trees,2582,2194,388,19,42,42,42,-0.1385508313115018,4.283881007533156,5.143959614527763
2,59,extra_trees,target_interaction_energy_kcal_mol,extra_trees,2582,2194,388,19,42,42,42,-0.1676205483100441,4.252086358303931,5.15146471002455
2,60,extra_trees,target_interaction_energy_kcal_mol,extra_trees,2582,2194,388,19,42,42,42,-0.1508092336864208,4.323274276943615,5.229463307378901
2,61,extra_trees,target_interaction_energy_kcal_mol,extra_trees,2582,2194,388,19,42,42,42,-0.1340859496102919,4.128774572956567,4.964135824893065
2,62,extra_trees,target_interaction_energy_kcal_mol,extra_trees,2582,2194,388,19,42,42,42,-0.0665931204737275,4.121408205060532,5.045535232393735
2,63,extra_trees,target_interaction_energy_kcal_mol,extra_trees,2582,2194,388,19,42,42,42,-0.1777272861661722,4.241393763404116,5.06497058934182
2,64,extra_trees,target_interaction_energy_kcal_mol,extra_trees,2582,2194,388,19,42,42,42,-0.1334258022916834,4.417157650581989,5.352728540578479
2,65,extra_trees,target_interaction_energy_kcal_mol,extra_trees,2582,2194,388,19,42,42,42,-0.1043877269758226,4.169849936251915,4.996561586876414
2,66,extra_trees,target_interaction_energy_kcal_mol,extra_trees,2582,2194,388,19,42,42,42,-0.2262948121151344,4.261915316065387,5.255965784482693
2,67,extra_trees,target_interaction_energy_kcal_mol,extra_trees,2582,2194,388,19,42,42,42,-0.135500335412148,4.501504065242787,5.352754780625662
2,68,extra_trees,target_interaction_energy_kcal_mol,extra_trees,2582,2194,388,19,42,42,42,-0.097403028751414,4.277952278389227,5.174130517440471
2,69,extra_trees,target_interaction_energy_kcal_mol,extra_trees,2582,2194,388,19,42,42,42,-0.0734277889995111,4.441260938346461,5.245835814821331
2,70,extra_trees,target_interaction_energy_kcal_mol,extra_trees,2582,2194,388,19,42,42,42,-0.1774135990065124,4.481358171512479,5.377367369157534
2,71,extra_trees,target_interaction_energy_kcal_mol,extra_trees,2582,2194,388,19,42,42,42,-0.1271580320555583,4.406739292610517,5.198717549230154
2,72,extra_trees,target_interaction_energy_kcal_mol,extra_trees,2582,2194,388,19,42,42,42,-0.1297402292691194,4.167519906401264,5.072371553711448
2,73,extra_trees,target_interaction_energy_kcal_mol,extra_trees,2582,2194,388,19,42,42,42,-0.1275362890063094,4.188766837767132,5.039135036149137
2,74,extra_trees,target_interaction_energy_kcal_mol,extra_trees,2582,2194,388,19,42,42,42,-0.1272617947285594,4.524899946072815,5.303764848096083
2,75,extra_trees,target_interaction_energy_kcal_mol,extra_trees,2582,2194,388,19,42,42,42,-0.1419328155218953,4.42038843711715,5.295633311270959
2,76,extra_trees,target_interaction_energy_kcal_mol,extra_trees,2582,2194,388,19,42,42,42,-0.1597995908417002,4.228577127753018,5.133150770493969
2,77,extra_trees,target_interaction_energy_kcal_mol,extra_trees,2582,2194,388,19,42,42,42,-0.1456383519776589,4.182071259682443,4.984207916696963
2,78,extra_trees,target_interaction_energy_kcal_mol,extra_trees,2582,2194,388,19,42,42,42,-0.0955904570446879,4.345224491953414,5.243300314555392
2,79,extra_trees,target_interaction_energy_kcal_mol,extra_trees,2582,2194,388,19,42,42,42,-0.0906071970147381,4.30054832082474,5.233638116011988
2,80,extra_trees,target_interaction_energy_kcal_mol,extra_trees,2582,2194,388,19,42,42,42,-0.0916825353255592,4.197993599368443,4.997834146781532
2,81,extra_trees,target_interaction_energy_kcal_mol,extra_trees,2582,2194,388,19,42,42,42,-0.0944363500001213,4.257729065990555,5.193744138784132
2,82,extra_trees,target_interaction_energy_kcal_mol,extra_trees,2582,2194,388,19,42,42,42,-0.071049610301096,4.443804327477777,5.260012198911615
2,83,extra_trees,target_interaction_energy_kcal_mol,extra_trees,2582,2194,388,19,42,42,42,-0.1483310731026155,4.180337687815677,4.974914398430771
2,84,extra_trees,target_interaction_energy_kcal_mol,extra_trees,2582,2194,388,19,42,42,42,-0.1167643457006812,4.252517039571277,5.113945573931651
2,85,extra_trees,target_interaction_energy_kcal_mol,extra_trees,2582,2194,388,19,42,42,42,-0.2059342767450998,4.285559624441019,5.128894259040508
2,86,extra_trees,target_interaction_energy_kcal_mol,extra_trees,2582,2194,388,19,42,42,42,-0.1750134122168021,4.328340039702566,5.238397858133858
2,87,extra_trees,target_interaction_energy_kcal_mol,extra_trees,2582,2194,388,19,42,42,42,-0.0794629222761889,4.219832918003542,4.999129090376688
2,88,extra_trees,target_interaction_energy_kcal_mol,extra_trees,2582,2194,388,19,42,42,42,-0.1196665227297197,4.393674603972176,5.288790432057494
2,89,extra_trees,target_interaction_energy_kcal_mol,extra_trees,2582,2194,388,19,42,42,42,-0.178892103116407,4.486045585073566,5.446621028358216
2,90,extra_trees,target_interaction_energy_kcal_mol,extra_trees,2582,2194,388,19,42,42,42,-0.1868837915943551,4.411198105314193,5.380156450085302
2,91,extra_trees,target_interaction_energy_kcal_mol,extra_trees,2582,2194,388,19,42,42,42,-0.1288910447540934,4.224623088190759,5.089183765675125
2,92,extra_trees,target_interaction_energy_kcal_mol,extra_trees,2582,2194,388,19,42,42,42,-0.1448239391058123,4.557582067157446,5.419644621443596
2,93,extra_trees,target_interaction_energy_kcal_mol,extra_trees,2582,2194,388,19,42,42,42,-0.0924300093313346,4.503760588088621,5.403829348838363
2,94,extra_trees,target_interaction_energy_kcal_mol,extra_trees,2582,2194,388,19,42,42,42,-0.0942371983572751,4.291067190713314,5.172315593082487
2,95,extra_trees,target_interaction_energy_kcal_mol,extra_trees,2582,2194,388,19,42,42,42,-0.1731750992279066,4.346329697173728,5.217165145430767
2,96,extra_trees,target_interaction_energy_kcal_mol,extra_trees,2582,2194,388,19,42,42,42,-0.0334909427194991,4.2600396588496245,5.124888457023848
2,97,extra_trees,target_interaction_energy_kcal_mol,extra_trees,2582,2194,388,19,42,42,42,-0.1238344607170724,4.314473112497584,5.227210432963201
2,98,extra_trees,target_interaction_energy_kcal_mol,extra_trees,2582,2194,388,19,42,42,42,-0.1296550598771841,4.295040588260678,5.137432853124885
2,99,extra_trees,target_interaction_energy_kcal_mol,extra_trees,2582,2194,388,19,42,42,42,-0.1526139916971121,4.148376616171045,5.010768919043425
2,100,extra_trees,target_interaction_energy_kcal_mol,extra_trees,2582,2194,388,19,42,42,42,-0.1511075053312609,4.532333141657356,5.377931150305449
2,101,extra_trees,target_interaction_energy_kcal_mol,extra_trees,2582,2194,388,19,42,42,42,-0.1576440200225979,4.413789856958283,5.195067862127632
2,102,extra_trees,target_interaction_energy_kcal_mol,extra_trees,2582,2194,388,19,42,42,42,-0.1287178437237424,4.194308311987253,4.992335613470635
2,103,extra_trees,target_interaction_energy_kcal_mol,extra_trees,2582,2194,388,19,42,42,42,-0.1541158858443923,4.186851446668126,5.040056480423409
2,104,extra_trees,target_interaction_energy_kcal_mol,extra_trees,2582,2194,388,19,42,42,42,-0.1452483996333617,4.159729024151416,4.963772719395793
2,105,extra_trees,target_interaction_energy_kcal_mol,extra_trees,2582,2194,388,19,42,42,42,-0.1024871185775055,4.252435449892089,5.057982564444487
2,106,extra_trees,target_interaction_energy_kcal_mol,extra_trees,2582,2194,388,19,42,42,42,-0.1663780599423658,4.321586462940239,5.245178454373109
2,107,extra_trees,target_interaction_energy_kcal_mol,extra_trees,2582,2194,388,19,42,42,42,-0.1437356446009488,4.551559130957238,5.36211824032144
2,108,extra_trees,target_interaction_energy_kcal_mol,extra_trees,2582,2194,388,19,42,42,42,-0.195214246567253,4.524093304110551,5.432268571966684
2,109,extra_trees,target_interaction_energy_kcal_mol,extra_trees,2582,2194,388,19,42,42,42,-0.1607511692746932,4.448731100738479,5.368016831884972
2,110,extra_trees,target_interaction_energy_kcal_mol,extra_trees,2582,2194,388,19,42,42,42,-0.1207015670216526,4.158883639699327,5.063015854200995
2,111,extra_trees,target_interaction_energy_kcal_mol,extra_trees,2582,2194,388,19,42,42,42,-0.1243237498293281,4.254226754225576,5.0316516319259925
2,112,extra_trees,target_interaction_energy_kcal_mol,extra_trees,2582,2194,388,19,42,42,42,-0.1041111548071016,4.313042948738165,5.177696435034417
2,113,extra_trees,target_interaction_energy_kcal_mol,extra_trees,2582,2194,388,19,42,42,42,-0.1360697013222562,4.5372854058999605,5.318657478590819
2,114,extra_trees,target_interaction_energy_kcal_mol,extra_trees,2582,2194,388,19,42,42,42,-0.1702193097580995,4.346393589720984,5.157169918212102
2,115,extra_trees,target_interaction_energy_kcal_mol,extra_trees,2582,2194,388,19,42,42,42,-0.1064703339608097,4.085613725931334,4.97981005195324
2,116,extra_trees,target_interaction_energy_kcal_mol,extra_trees,2582,2194,388,19,42,42,42,-0.1260417602624139,4.426065288463692,5.323072770117582
2,117,extra_trees,target_interaction_energy_kcal_mol,extra_trees,2582,2194,388,19,42,42,42,-0.1736667957238047,4.616058338356979,5.475959738302596
2,118,extra_trees,target_interaction_energy_kcal_mol,extra_trees,2582,2194,388,19,42,42,42,-0.1075469892630258,4.183324180652563,4.9795461764482924
2,119,extra_trees,target_interaction_energy_kcal_mol,extra_trees,2582,2194,388,19,42,42,42,-0.1216832653087192,4.245537107388673,5.127954852656642
2,120,extra_trees,target_interaction_energy_kcal_mol,extra_trees,2582,2194,388,19,42,42,42,-0.1303292869704595,4.218007935603693,5.08052223031017
2,121,extra_trees,target_interaction_energy_kcal_mol,extra_trees,2582,2194,388,19,42,42,42,-0.1308771642327164,4.310367303697354,5.166783873403117
2,122,extra_trees,target_interaction_energy_kcal_mol,extra_trees,2582,2194,388,19,42,42,42,-0.067418919294544,4.157593199039772,4.985634895121196
2,123,extra_trees,target_interaction_energy_kcal_mol,extra_trees,2582,2194,388,19,42,42,42,-0.1703084695384831,4.728575603806738,5.560268181108948
2,124,extra_trees,target_interaction_energy_kcal_mol,extra_trees,2582,2194,388,19,42,42,42,-0.0967716502809237,4.120974717382317,4.891727945762244
2,125,extra_trees,target_interaction_energy_kcal_mol,extra_trees,2582,2194,388,19,42,42,42,-0.1074072956809222,4.181674242931138,5.079450106685537
2,126,extra_trees,target_interaction_energy_kcal_mol,extra_trees,2582,2194,388,19,42,42,42,-0.1395586363568894,4.266501484233487,5.198783645942688
2,127,extra_trees,target_interaction_energy_kcal_mol,extra_trees,2582,2194,388,19,42,42,42,-0.1401292560351721,4.161367608688875,5.108741471085847
2,128,extra_trees,target_interaction_energy_kcal_mol,extra_trees,2582,2194,388,19,42,42,42,-0.1492428027624133,4.557045370537011,5.521267514534546
2,129,extra_trees,target_interaction_energy_kcal_mol,extra_trees,2582,2194,388,19,42,42,42,-0.13970806763659,4.483262320241378,5.328172284099947
2,130,extra_trees,target_interaction_energy_kcal_mol,extra_trees,2582,2194,388,19,42,42,42,-0.1212471467822209,4.434284968611902,5.34945694977093
2,131,extra_trees,target_interaction_energy_kcal_mol,extra_trees,2582,2194,388,19,42,42,42,-0.1304595069175391,4.2784555207479,5.1927736543457375
2,132,extra_trees,target_interaction_energy_kcal_mol,extra_trees,2582,2194,388,19,42,42,42,-0.0882330705107634,4.305211754360809,5.1206446231029785
2,133,extra_trees,target_interaction_energy_kcal_mol,extra_trees,2582,2194,388,19,42,42,42,-0.0976356988573818,4.381818310404685,5.181149531306468
2,134,extra_trees,target_interaction_energy_kcal_mol,extra_trees,2582,2194,388,19,42,42,42,-0.1054948711734793,4.182660920230835,5.053878655311519
2,135,extra_trees,target_interaction_energy_kcal_mol,extra_trees,2582,2194,388,19,42,42,42,-0.1797620912940762,4.39604972427088,5.28856375406312
2,136,extra_trees,target_interaction_energy_kcal_mol,extra_trees,2582,2194,388,19,42,42,42,-0.2070699441155814,4.35644067968063,5.280374457942511
2,137,extra_trees,target_interaction_energy_kcal_mol,extra_trees,2582,2194,388,19,42,42,42,-0.1635053035699911,4.243372554613714,5.075128982912847
2,138,extra_trees,target_interaction_energy_kcal_mol,extra_trees,2582,2194,388,19,42,42,42,-0.1264841828480591,4.299874311101877,5.053162101208888
2,139,extra_trees,target_interaction_energy_kcal_mol,extra_trees,2582,2194,388,19,42,42,42,-0.1001545121776481,4.38807748833691,5.289363143591695
2,140,extra_trees,target_interaction_energy_kcal_mol,extra_trees,2582,2194,388,19,42,42,42,-0.2269094539949523,4.395650600051904,5.267990842189086
2,141,extra_trees,target_interaction_energy_kcal_mol,extra_trees,2582,2194,388,19,42,42,42,-0.1717906052090123,4.424963669456468,5.436595548006743
2,142,extra_trees,target_interaction_energy_kcal_mol,extra_trees,2582,2194,388,19,42,42,42,-0.1799415878260255,4.4233621861587,5.395514778650807
2,143,extra_trees,target_interaction_energy_kcal_mol,extra_trees,2582,2194,388,19,42,42,42,-0.2571261871002472,4.497568019462235,5.363656313371286
2,144,extra_trees,target_interaction_energy_kcal_mol,extra_trees,2582,2194,388,19,42,42,42,-0.1264597309302211,4.25510040015606,5.098492234514269
2,145,extra_trees,target_interaction_energy_kcal_mol,extra_trees,2582,2194,388,19,42,42,42,-0.1263207468094147,4.309401074933118,5.135887955243261
2,146,extra_trees,target_interaction_energy_kcal_mol,extra_trees,2582,2194,388,19,42,42,42,-0.0728991895535131,4.353756697726749,5.161580138166324
2,147,extra_trees,target_interaction_energy_kcal_mol,extra_trees,2582,2194,388,19,42,42,42,-0.1570323912250824,4.387953995749052,5.263855343563846
2,148,extra_trees,target_interaction_energy_kcal_mol,extra_trees,2582,2194,388,19,42,42,42,-0.205860780454685,4.730347996413654,5.549010965000768
2,149,extra_trees,target_interaction_energy_kcal_mol,extra_trees,2582,2194,388,19,42,42,42,-0.1697497611319858,4.566044728962453,5.361361663727895
2,150,extra_trees,target_interaction_energy_kcal_mol,extra_trees,2582,2194,388,19,42,42,42,-0.1050213041952823,4.207008809269094,5.084465765516638
2,151,extra_trees,target_interaction_energy_kcal_mol,extra_trees,2582,2194,388,19,42,42,42,-0.1647113594267377,4.475050198618105,5.354181607676979
2,152,extra_trees,target_interaction_energy_kcal_mol,extra_trees,2582,2194,388,19,42,42,42,-0.1031298580627451,4.2709034677973206,5.159602932946797
2,153,extra_trees,target_interaction_energy_kcal_mol,extra_trees,2582,2194,388,19,42,42,42,-0.2330150949782268,4.658154183235154,5.580731886151294
2,154,extra_trees,target_interaction_energy_kcal_mol,extra_trees,2582,2194,388,19,42,42,42,-0.1542679494297973,4.67876892800469,5.507441984260384
2,155,extra_trees,target_interaction_energy_kcal_mol,extra_trees,2582,2194,388,19,42,42,42,-0.1767856292202068,4.44801159675358,5.361768259671782
2,156,extra_trees,target_interaction_energy_kcal_mol,extra_trees,2582,2194,388,19,42,42,42,-0.0917290229505363,4.251266443277916,5.082043041509636
2,157,extra_trees,target_interaction_energy_kcal_mol,extra_trees,2582,2194,388,19,42,42,42,-0.2070113418948034,4.475716010940085,5.439687368649656
2,158,extra_trees,target_interaction_energy_kcal_mol,extra_trees,2582,2194,388,19,42,42,42,-0.0810336508693096,4.005795595239827,4.894662146829437
2,159,extra_trees,target_interaction_energy_kcal_mol,extra_trees,2582,2194,388,19,42,42,42,-0.0588411894757334,4.066681380705628,4.86350638144818
2,160,extra_trees,target_interaction_energy_kcal_mol,extra_trees,2582,2194,388,19,42,42,42,-0.0984585216029043,4.36321858070151,5.196692988289366
2,161,extra_trees,target_interaction_energy_kcal_mol,extra_trees,2582,2194,388,19,42,42,42,-0.2113476904546791,4.473459114911705,5.392572493006386
2,162,extra_trees,target_interaction_energy_kcal_mol,extra_trees,2582,2194,388,19,42,42,42,-0.1549746243718823,4.376348962347771,5.250570995309995
2,163,extra_trees,target_interaction_energy_kcal_mol,extra_trees,2582,2194,388,19,42,42,42,-0.1294447158969747,4.35637009551535,5.255288910083619
2,164,extra_trees,target_interaction_energy_kcal_mol,extra_trees,2582,2194,388,19,42,42,42,-0.0909151591258072,4.230169792346384,5.131811393736601
2,165,extra_trees,target_interaction_energy_kcal_mol,extra_trees,2582,2194,388,19,42,42,42,-0.1419498225426094,4.439937253438453,5.295074054090822
2,166,extra_trees,target_interaction_energy_kcal_mol,extra_trees,2582,2194,388,19,42,42,42,-0.1513334694849817,4.204063436050522,5.043510275077482
2,167,extra_trees,target_interaction_energy_kcal_mol,extra_trees,2582,2194,388,19,42,42,42,-0.1379604361863879,4.383214780663803,5.257092636663728
2,168,extra_trees,target_interaction_energy_kcal_mol,extra_trees,2582,2194,388,19,42,42,42,-0.1203916456301514,4.442656834975294,5.295827570377365
2,169,extra_trees,target_interaction_energy_kcal_mol,extra_trees,2582,2194,388,19,42,42,42,-0.1941216694793825,4.255427177630226,5.177642998757304
2,170,extra_trees,target_interaction_energy_kcal_mol,extra_trees,2582,2194,388,19,42,42,42,-0.110459636840317,4.250589377593712,5.06391023344681
2,171,extra_trees,target_interaction_energy_kcal_mol,extra_trees,2582,2194,388,19,42,42,42,-0.1287441865981218,4.295777993188821,5.148953551254115
2,172,extra_trees,target_interaction_energy_kcal_mol,extra_trees,2582,2194,388,19,42,42,42,-0.0478909184193434,4.022198944844671,4.8463336039801685
2,173,extra_trees,target_interaction_energy_kcal_mol,extra_trees,2582,2194,388,19,42,42,42,-0.1817157909431379,4.387639828916152,5.261450797361889
2,174,extra_trees,target_interaction_energy_kcal_mol,extra_trees,2582,2194,388,19,42,42,42,-0.1955571841290786,4.351786886817547,5.212157435844498
2,175,extra_trees,target_interaction_energy_kcal_mol,extra_trees,2582,2194,388,19,42,42,42,-0.1610838396472373,4.191087637984892,5.180866743797808
2,176,extra_trees,target_interaction_energy_kcal_mol,extra_trees,2582,2194,388,19,42,42,42,-0.1499418005430415,4.369502443072057,5.27476498642036
2,177,extra_trees,target_interaction_energy_kcal_mol,extra_trees,2582,2194,388,19,42,42,42,-0.1444759208788271,4.0523304662026085,4.842276720385717
2,178,extra_trees,target_interaction_energy_kcal_mol,extra_trees,2582,2194,388,19,42,42,42,-0.0982769561978718,4.238302293996873,5.179596168108477
2,179,extra_trees,target_interaction_energy_kcal_mol,extra_trees,2582,2194,388,19,42,42,42,-0.0566022573246915,4.452782898737934,5.326876260584941
2,180,extra_trees,target_interaction_energy_kcal_mol,extra_trees,2582,2194,388,19,42,42,42,-0.0807253034620685,4.292832770924438,5.148169025191904
2,181,extra_trees,target_interaction_energy_kcal_mol,extra_trees,2582,2194,388,19,42,42,42,-0.1369994803959127,4.376948900815727,5.185872669581359
2,182,extra_trees,target_interaction_energy_kcal_mol,extra_trees,2582,2194,388,19,42,42,42,-0.1288838135539936,4.326030957757655,5.092435121444957
2,183,extra_trees,target_interaction_energy_kcal_mol,extra_trees,2582,2194,388,19,42,42,42,-0.0953831606076578,4.4042571288063685,5.2507992501226015
2,184,extra_trees,target_interaction_energy_kcal_mol,extra_trees,2582,2194,388,19,42,42,42,-0.1405682127564793,4.538536213688649,5.462289573279231
2,185,extra_trees,target_interaction_energy_kcal_mol,extra_trees,2582,2194,388,19,42,42,42,-0.0907631477944546,4.3856196257899525,5.28772080384324
2,186,extra_trees,target_interaction_energy_kcal_mol,extra_trees,2582,2194,388,19,42,42,42,-0.0733571034615168,4.183801203919994,5.137421631885952
2,187,extra_trees,target_interaction_energy_kcal_mol,extra_trees,2582,2194,388,19,42,42,42,-0.1632539194178255,4.145167539221905,5.047984125385044
2,188,extra_trees,target_interaction_energy_kcal_mol,extra_trees,2582,2194,388,19,42,42,42,-0.1236313847159955,4.353906495106018,5.094034190367768
2,189,extra_trees,target_interaction_energy_kcal_mol,extra_trees,2582,2194,388,19,42,42,42,-0.147349879830005,4.425073977447089,5.300881352741241
2,190,extra_trees,target_interaction_energy_kcal_mol,extra_trees,2582,2194,388,19,42,42,42,-0.2056138635973807,4.502451726494035,5.334240883647777
2,191,extra_trees,target_interaction_energy_kcal_mol,extra_trees,2582,2194,388,19,42,42,42,-0.228849742292962,4.460295935692358,5.306154206401137
2,192,extra_trees,target_interaction_energy_kcal_mol,extra_trees,2582,2194,388,19,42,42,42,-0.0697708757303621,4.3673573760211015,5.1841504099802895
2,193,extra_trees,target_interaction_energy_kcal_mol,extra_trees,2582,2194,388,19,42,42,42,-0.2080475190149151,4.293573009497667,5.190185710525482
2,194,extra_trees,target_interaction_energy_kcal_mol,extra_trees,2582,2194,388,19,42,42,42,-0.1114467690478546,4.379241111066801,5.21868129872864
2,195,extra_trees,target_interaction_energy_kcal_mol,extra_trees,2582,2194,388,19,42,42,42,-0.1264129603307573,4.349457620473768,5.203567556403769
2,196,extra_trees,target_interaction_energy_kcal_mol,extra_trees,2582,2194,388,19,42,42,42,-0.1953495927255242,4.393429539042237,5.267257140295185
2,197,extra_trees,target_interaction_energy_kcal_mol,extra_trees,2582,2194,388,19,42,42,42,-0.0413069064470152,4.293237888611549,5.167381302442289
2,198,extra_trees,target_interaction_energy_kcal_mol,extra_trees,2582,2194,388,19,42,42,42,-0.128673940088587,4.2638467425504025,5.150500380610518
2,199,extra_trees,target_interaction_energy_kcal_mol,extra_trees,2582,2194,388,19,42,42,42,-0.1027874716761003,4.134038512114091,5.031111958456007
2,200,extra_trees,target_interaction_energy_kcal_mol,extra_trees,2582,2194,388,19,42,42,42,-0.0424534544437904,4.267178789208672,5.033825131255004
2,201,extra_trees,target_interaction_energy_kcal_mol,extra_trees,2582,2194,388,19,42,42,42,-0.1470699252332667,4.162955813126944,4.956431476665206
2,202,extra_trees,target_interaction_energy_kcal_mol,extra_trees,2582,2194,388,19,42,42,42,-0.0917748037580319,4.1666771004336844,5.023583365921518
2,203,extra_trees,target_interaction_energy_kcal_mol,extra_trees,2582,2194,388,19,42,42,42,-0.1326257216680644,4.383414284310946,5.301261167763815
2,204,extra_trees,target_interaction_energy_kcal_mol,extra_trees,2582,2194,388,19,42,42,42,-0.0857842340653292,4.194934225982983,5.034327151915248
2,205,extra_trees,target_interaction_energy_kcal_mol,extra_trees,2582,2194,388,19,42,42,42,-0.1379799073275636,4.188608053091105,5.060115570748542
2,206,extra_trees,target_interaction_energy_kcal_mol,extra_trees,2582,2194,388,19,42,42,42,-0.0557621670667622,4.113562343190151,4.942453176528441
2,207,extra_trees,target_interaction_energy_kcal_mol,extra_trees,2582,2194,388,19,42,42,42,-0.062969952481362,4.540042755679328,5.432803790067188
2,208,extra_trees,target_interaction_energy_kcal_mol,extra_trees,2582,2194,388,19,42,42,42,-0.1932772524549992,4.219421915216546,5.119420662169314
2,209,extra_trees,target_interaction_energy_kcal_mol,extra_trees,2582,2194,388,19,42,42,42,-0.05946608644447,4.209421186050634,5.113865290831615
2,210,extra_trees,target_interaction_energy_kcal_mol,extra_trees,2582,2194,388,19,42,42,42,-0.1415883889202029,4.4207142167425015,5.419143175177348
2,211,extra_trees,target_interaction_energy_kcal_mol,extra_trees,2582,2194,388,19,42,42,42,-0.1772922359378552,4.270690204000964,5.246664595064286
2,212,extra_trees,target_interaction_energy_kcal_mol,extra_trees,2582,2194,388,19,42,42,42,-0.1690487266421614,4.401740242535043,5.300325592597698
2,213,extra_trees,target_interaction_energy_kcal_mol,extra_trees,2582,2194,388,19,42,42,42,-0.1697704315613977,4.422252073937747,5.342079105251558
2,214,extra_trees,target_interaction_energy_kcal_mol,extra_trees,2582,2194,388,19,42,42,42,-0.1440176401542521,4.340382003100783,5.137933071610743
2,215,extra_trees,target_interaction_energy_kcal_mol,extra_trees,2582,2194,388,19,42,42,42,-0.1793875902956789,4.457576725825425,5.334488652908282
2,216,extra_trees,target_interaction_energy_kcal_mol,extra_trees,2582,2194,388,19,42,42,42,-0.1092303375011221,4.447325339425247,5.336397502145287
2,217,extra_trees,target_interaction_energy_kcal_mol,extra_trees,2582,2194,388,19,42,42,42,-0.107778434671272,4.298104410880989,5.258127743806541
2,218,extra_trees,target_interaction_energy_kcal_mol,extra_trees,2582,2194,388,19,42,42,42,-0.1720232313828507,4.215872488455394,5.069086222143299
2,219,extra_trees,target_interaction_energy_kcal_mol,extra_trees,2582,2194,388,19,42,42,42,-0.2018126911871858,4.348665287101297,5.264569539565732
2,220,extra_trees,target_interaction_energy_kcal_mol,extra_trees,2582,2194,388,19,42,42,42,-0.0578780514576706,4.135071105537706,4.9362079343843135
2,221,extra_trees,target_interaction_energy_kcal_mol,extra_trees,2582,2194,388,19,42,42,42,-0.1065423308912523,4.115312197188742,4.975610271283572
2,222,extra_trees,target_interaction_energy_kcal_mol,extra_trees,2582,2194,388,19,42,42,42,-0.0515404575561646,4.3123134515231385,5.120633361134769
2,223,extra_trees,target_interaction_energy_kcal_mol,extra_trees,2582,2194,388,19,42,42,42,-0.1136141258674607,4.381626664278486,5.231547288932196
2,224,extra_trees,target_interaction_energy_kcal_mol,extra_trees,2582,2194,388,19,42,42,42,-0.0588760524510239,4.106796411975605,4.956623905692014
2,225,extra_trees,target_interaction_energy_kcal_mol,extra_trees,2582,2194,388,19,42,42,42,-0.0693245614297883,4.433526343284855,5.298035970428087
2,226,extra_trees,target_interaction_energy_kcal_mol,extra_trees,2582,2194,388,19,42,42,42,-0.1377672546714823,4.268244466061482,5.046156804409521
2,227,extra_trees,target_interaction_energy_kcal_mol,extra_trees,2582,2194,388,19,42,42,42,-0.1596706387197741,4.328880558552,5.2662311049329045
2,228,extra_trees,target_interaction_energy_kcal_mol,extra_trees,2582,2194,388,19,42,42,42,-0.1675586745680604,4.433301579290244,5.318253651244068
2,229,extra_trees,target_interaction_energy_kcal_mol,extra_trees,2582,2194,388,19,42,42,42,-0.0729790343124112,4.1938362302707874,5.068925756167048
2,230,extra_trees,target_interaction_energy_kcal_mol,extra_trees,2582,2194,388,19,42,42,42,-0.118539720031723,4.371161029508344,5.1563622301820855
2,231,extra_trees,target_interaction_energy_kcal_mol,extra_trees,2582,2194,388,19,42,42,42,-0.1657478682888569,4.250251847307475,5.202971438557087
2,232,extra_trees,target_interaction_energy_kcal_mol,extra_trees,2582,2194,388,19,42,42,42,-0.0762124705605258,4.221835650336958,5.025624351850341
2,233,extra_trees,target_interaction_energy_kcal_mol,extra_trees,2582,2194,388,19,42,42,42,-0.1418742967801265,4.3878169692550815,5.23124017023174
2,234,extra_trees,target_interaction_energy_kcal_mol,extra_trees,2582,2194,388,19,42,42,42,-0.1301950686256954,4.340041161121427,5.168845900028042
2,235,extra_trees,target_interaction_energy_kcal_mol,extra_trees,2582,2194,388,19,42,42,42,-0.1906975970962836,4.4162232029407456,5.272175833802483
2,236,extra_trees,target_interaction_energy_kcal_mol,extra_trees,2582,2194,388,19,42,42,42,-0.1256830777237683,4.388534567395286,5.251997421983448
2,237,extra_trees,target_interaction_energy_kcal_mol,extra_trees,2582,2194,388,19,42,42,42,-0.1088430894012868,4.28872481994887,5.136426251874909
2,238,extra_trees,target_interaction_energy_kcal_mol,extra_trees,2582,2194,388,19,42,42,42,-0.0774050647664077,4.253895314584522,5.123411513053316
2,239,extra_trees,target_interaction_energy_kcal_mol,extra_trees,2582,2194,388,19,42,42,42,-0.2204999939971286,4.567109277378124,5.436672940124995
2,240,extra_trees,target_interaction_energy_kcal_mol,extra_trees,2582,2194,388,19,42,42,42,-0.186259462866714,4.244864825560207,5.10587643309891
2,241,extra_trees,target_interaction_energy_kcal_mol,extra_trees,2582,2194,388,19,42,42,42,-0.0631790400054026,4.318511038379009,5.086206514557344
2,242,extra_trees,target_interaction_energy_kcal_mol,extra_trees,2582,2194,388,19,42,42,42,-0.1628585674073523,4.342411979276627,5.180044175090791
2,243,extra_trees,target_interaction_energy_kcal_mol,extra_trees,2582,2194,388,19,42,42,42,-0.1178879338797369,4.401325183540233,5.337846749351652
2,244,extra_trees,target_interaction_energy_kcal_mol,extra_trees,2582,2194,388,19,42,42,42,-0.1192152257790677,4.311147418330074,5.1846155508083935
2,245,extra_trees,target_interaction_energy_kcal_mol,extra_trees,2582,2194,388,19,42,42,42,-0.1997618362061828,4.452175813559292,5.289003575783014
2,246,extra_trees,target_interaction_energy_kcal_mol,extra_trees,2582,2194,388,19,42,42,42,-0.2315127055556618,4.480454767142435,5.355198225394791
2,247,extra_trees,target_interaction_energy_kcal_mol,extra_trees,2582,2194,388,19,42,42,42,-0.0789107221232539,4.020967840378149,4.828783283151358
2,248,extra_trees,target_interaction_energy_kcal_mol,extra_trees,2582,2194,388,19,42,42,42,-0.1270711873529373,4.397839790769433,5.226774782478033
2,249,extra_trees,target_interaction_energy_kcal_mol,extra_trees,2582,2194,388,19,42,42,42,-0.0706038511874658,4.080848605925596,4.974846436463095
2,250,extra_trees,target_interaction_energy_kcal_mol,extra_trees,2582,2194,388,19,42,42,42,-0.1766608041645143,4.582162056530908,5.455652251539285
2,251,extra_trees,target_interaction_energy_kcal_mol,extra_trees,2582,2194,388,19,42,42,42,-0.1920782525174831,4.446369552457498,5.348479279817523
2,252,extra_trees,target_interaction_energy_kcal_mol,extra_trees,2582,2194,388,19,42,42,42,-0.148561371691501,4.279669826769479,5.192997320613364
2,253,extra_trees,target_interaction_energy_kcal_mol,extra_trees,2582,2194,388,19,42,42,42,-0.0743008183523765,4.113523917985297,5.08130383712894
2,254,extra_trees,target_interaction_energy_kcal_mol,extra_trees,2582,2194,388,19,42,42,42,-0.1300541403775219,4.284224751089569,5.169336062286083
2,255,extra_trees,target_interaction_energy_kcal_mol,extra_trees,2582,2194,388,19,42,42,42,-0.1431200200778841,4.368888743116767,5.325928440414003
2,256,extra_trees,target_interaction_energy_kcal_mol,extra_trees,2582,2194,388,19,42,42,42,-0.1148982704374945,4.482051144231722,5.326443851449805
2,257,extra_trees,target_interaction_energy_kcal_mol,extra_trees,2582,2194,388,19,42,42,42,-0.0473975058187754,4.2619024669639165,5.049932396319638
2,258,extra_trees,target_interaction_energy_kcal_mol,extra_trees,2582,2194,388,19,42,42,42,-0.1467164841954924,4.282598613044102,5.188912459957091
2,259,extra_trees,target_interaction_energy_kcal_mol,extra_trees,2582,2194,388,19,42,42,42,-0.1414190667103354,4.071570685435817,4.881063737048236
2,260,extra_trees,target_interaction_energy_kcal_mol,extra_trees,2582,2194,388,19,42,42,42,-0.1625715196828707,4.155917340472668,5.078143845003636
2,261,extra_trees,target_interaction_energy_kcal_mol,extra_trees,2582,2194,388,19,42,42,42,-0.1213198396272647,4.254432742265557,5.120911772623865
2,262,extra_trees,target_interaction_energy_kcal_mol,extra_trees,2582,2194,388,19,42,42,42,-0.0942357546174885,4.384488426340814,5.23349015874668
2,263,extra_trees,target_interaction_energy_kcal_mol,extra_trees,2582,2194,388,19,42,42,42,-0.1015568391849297,4.166541950804409,4.957418123101493
2,264,extra_trees,target_interaction_energy_kcal_mol,extra_trees,2582,2194,388,19,42,42,42,-0.1918573829143832,4.300179340850085,5.122001542542969
2,265,extra_trees,target_interaction_energy_kcal_mol,extra_trees,2582,2194,388,19,42,42,42,-0.1048034081733584,4.274943249213889,5.027371688242283
2,266,extra_trees,target_interaction_energy_kcal_mol,extra_trees,2582,2194,388,19,42,42,42,-0.1697786083051264,4.3868405479415165,5.236786050808144
2,267,extra_trees,target_interaction_energy_kcal_mol,extra_trees,2582,2194,388,19,42,42,42,-0.1311580156029927,4.348255592385029,5.25559339646633
2,268,extra_trees,target_interaction_energy_kcal_mol,extra_trees,2582,2194,388,19,42,42,42,-0.1505166803241555,4.505840503476608,5.465082250891613
2,269,extra_trees,target_interaction_energy_kcal_mol,extra_trees,2582,2194,388,19,42,42,42,-0.1083742616395044,4.137609866344103,4.97356899410919
2,270,extra_trees,target_interaction_energy_kcal_mol,extra_trees,2582,2194,388,19,42,42,42,-0.1848417164586826,4.378941000263178,5.279744399947389
2,271,extra_trees,target_interaction_energy_kcal_mol,extra_trees,2582,2194,388,19,42,42,42,-0.1008584332161279,4.246708846145748,5.117312292928723
2,272,extra_trees,target_interaction_energy_kcal_mol,extra_trees,2582,2194,388,19,42,42,42,-0.1770800323495951,4.103807535471256,5.101074498574559
2,273,extra_trees,target_interaction_energy_kcal_mol,extra_trees,2582,2194,388,19,42,42,42,-0.1996943138384808,4.299498099622481,5.088425532799748
2,274,extra_trees,target_interaction_energy_kcal_mol,extra_trees,2582,2194,388,19,42,42,42,-0.1788217143590367,4.45876567594553,5.3391628386294405
2,275,extra_trees,target_interaction_energy_kcal_mol,extra_trees,2582,2194,388,19,42,42,42,-0.1330932742745449,4.394929210490771,5.263431178314161
2,276,extra_trees,target_interaction_energy_kcal_mol,extra_trees,2582,2194,388,19,42,42,42,-0.1446962541888732,4.428963349213103,5.285149572089655
2,277,extra_trees,target_interaction_energy_kcal_mol,extra_trees,2582,2194,388,19,42,42,42,-0.200574386005119,4.383260564876327,5.297267741312148
2,278,extra_trees,target_interaction_energy_kcal_mol,extra_trees,2582,2194,388,19,42,42,42,-0.2178675860545493,4.485781148268248,5.475125693090488
2,279,extra_trees,target_interaction_energy_kcal_mol,extra_trees,2582,2194,388,19,42,42,42,-0.1387807098526676,4.419981639065301,5.269493250178531
2,280,extra_trees,target_interaction_energy_kcal_mol,extra_trees,2582,2194,388,19,42,42,42,-0.1490580165766064,4.375974742448518,5.2580468486261935
2,281,extra_trees,target_interaction_energy_kcal_mol,extra_trees,2582,2194,388,19,42,42,42,-0.1626327249232846,4.568634986007028,5.46917721283028
2,282,extra_trees,target_interaction_energy_kcal_mol,extra_trees,2582,2194,388,19,42,42,42,-0.1506992345579987,4.227673274962114,5.075354972277561
2,283,extra_trees,target_interaction_energy_kcal_mol,extra_trees,2582,2194,388,19,42,42,42,-0.182826928683639,4.399493619829399,5.435067028047946
2,284,extra_trees,target_interaction_energy_kcal_mol,extra_trees,2582,2194,388,19,42,42,42,-0.1585883546760478,4.194144665506722,5.058470712126167
2,285,extra_trees,target_interaction_energy_kcal_mol,extra_trees,2582,2194,388,19,42,42,42,-0.1628332356313011,4.296702135414719,5.201699382082934
2,286,extra_trees,target_interaction_energy_kcal_mol,extra_trees,2582,2194,388,19,42,42,42,-0.2023020365324739,4.6802930346316245,5.511122323517459
2,287,extra_trees,target_interaction_energy_kcal_mol,extra_trees,2582,2194,388,19,42,42,42,-0.1429261594417321,4.578513179307946,5.494539480510415
2,288,extra_trees,target_interaction_energy_kcal_mol,extra_trees,2582,2194,388,19,42,42,42,-0.191680797835297,4.664856703363023,5.611737264716182
2,289,extra_trees,target_interaction_energy_kcal_mol,extra_trees,2582,2194,388,19,42,42,42,-0.1173389879292707,4.311551584686908,5.190709429104905
2,290,extra_trees,target_interaction_energy_kcal_mol,extra_trees,2582,2194,388,19,42,42,42,-0.0725464383518166,4.221852606513962,5.1055552735685135
2,291,extra_trees,target_interaction_energy_kcal_mol,extra_trees,2582,2194,388,19,42,42,42,-0.1073733525884108,4.25340969771291,5.2464498700510775
2,292,extra_trees,target_interaction_energy_kcal_mol,extra_trees,2582,2194,388,19,42,42,42,-0.1538171931572791,4.36456679167821,5.234736229642696
2,293,extra_trees,target_interaction_energy_kcal_mol,extra_trees,2582,2194,388,19,42,42,42,-0.1224716000803396,4.167742967364543,5.019969400630996
2,294,extra_trees,target_interaction_energy_kcal_mol,extra_trees,2582,2194,388,19,42,42,42,-0.1570166932686894,4.414953999519317,5.355310286366276
2,295,extra_trees,target_interaction_energy_kcal_mol,extra_trees,2582,2194,388,19,42,42,42,-0.1382299433905687,4.037893639670744,4.923090417299508
2,296,extra_trees,target_interaction_energy_kcal_mol,extra_trees,2582,2194,388,19,42,42,42,-0.1553478954894498,4.271491816827532,5.175478548357518
2,297,extra_trees,target_interaction_energy_kcal_mol,extra_trees,2582,2194,388,19,42,42,42,-0.1893235769098094,4.647666972009587,5.439572553836658
2,298,extra_trees,target_interaction_energy_kcal_mol,extra_trees,2582,2194,388,19,42,42,42,-0.1010885071481861,4.450667014433845,5.301775960922646
2,299,extra_trees,target_interaction_energy_kcal_mol,extra_trees,2582,2194,388,19,42,42,42,-0.117978678114951,4.200134249673654,5.056201055735466
2,300,extra_trees,target_interaction_energy_kcal_mol,extra_trees,2582,2194,388,19,42,42,42,-0.1325189799687189,4.452764250104643,5.306164055710403
2,301,extra_trees,target_interaction_energy_kcal_mol,extra_trees,2582,2194,388,19,42,42,42,-0.1324063052795014,4.297052805362696,5.129491419457995
2,302,extra_trees,target_interaction_energy_kcal_mol,extra_trees,2582,2194,388,19,42,42,42,-0.1509876231316305,4.482784659014549,5.319058661744588
2,303,extra_trees,target_interaction_energy_kcal_mol,extra_trees,2582,2194,388,19,42,42,42,-0.1246821896793162,4.40922331676615,5.283946710247571
2,304,extra_trees,target_interaction_energy_kcal_mol,extra_trees,2582,2194,388,19,42,42,42,-0.1069716441376362,4.38890872167539,5.223492337547587
2,305,extra_trees,target_interaction_energy_kcal_mol,extra_trees,2582,2194,388,19,42,42,42,-0.1611215456835424,4.649064650741025,5.544841446117459
2,306,extra_trees,target_interaction_energy_kcal_mol,extra_trees,2582,2194,388,19,42,42,42,-0.1597699640870344,4.289389440284498,5.094489635315456
2,307,extra_trees,target_interaction_energy_kcal_mol,extra_trees,2582,2194,388,19,42,42,42,-0.2597102126154393,4.455515479856458,5.327101941726175
2,308,extra_trees,target_interaction_energy_kcal_mol,extra_trees,2582,2194,388,19,42,42,42,-0.1670972428034915,4.296785953234013,5.202068112562362
2,309,extra_trees,target_interaction_energy_kcal_mol,extra_trees,2582,2194,388,19,42,42,42,-0.1332578916790738,4.464529782780707,5.277298834255979
2,310,extra_trees,target_interaction_energy_kcal_mol,extra_trees,2582,2194,388,19,42,42,42,-0.1262064916685954,4.330754767102088,5.220843094087232
2,311,extra_trees,target_interaction_energy_kcal_mol,extra_trees,2582,2194,388,19,42,42,42,-0.1760533836909443,4.299618945206783,5.166415758559936
2,312,extra_trees,target_interaction_energy_kcal_mol,extra_trees,2582,2194,388,19,42,42,42,-0.1298758875170629,4.387246311291998,5.294945818545022
2,313,extra_trees,target_interaction_energy_kcal_mol,extra_trees,2582,2194,388,19,42,42,42,-0.1318649881587066,4.3321895460451385,5.059190762163216
2,314,extra_trees,target_interaction_energy_kcal_mol,extra_trees,2582,2194,388,19,42,42,42,-0.1389124453678198,4.403078177857438,5.297630741611046
2,315,extra_trees,target_interaction_energy_kcal_mol,extra_trees,2582,2194,388,19,42,42,42,-0.1618937659637191,4.221097021681677,5.078549686675492
2,316,extra_trees,target_interaction_energy_kcal_mol,extra_trees,2582,2194,388,19,42,42,42,-0.1438764955284208,4.409524733994751,5.302355447234572
2,317,extra_trees,target_interaction_energy_kcal_mol,extra_trees,2582,2194,388,19,42,42,42,-0.1501832163406393,4.335646608461806,5.244098922063913
2,318,extra_trees,target_interaction_energy_kcal_mol,extra_trees,2582,2194,388,19,42,42,42,-0.2160108360964225,4.527809144668404,5.3738936196253375
2,319,extra_trees,target_interaction_energy_kcal_mol,extra_trees,2582,2194,388,19,42,42,42,-0.1216979165166485,4.46126034218222,5.329576616914668
2,320,extra_trees,target_interaction_energy_kcal_mol,extra_trees,2582,2194,388,19,42,42,42,-0.136932159546969,4.411057450869787,5.150305643589891
2,321,extra_trees,target_interaction_energy_kcal_mol,extra_trees,2582,2194,388,19,42,42,42,-0.0868662396608686,4.348371606626361,5.2755303058363525
2,322,extra_trees,target_interaction_energy_kcal_mol,extra_trees,2582,2194,388,19,42,42,42,-0.1523807900834612,4.257169463882589,5.113316033760278
2,323,extra_trees,target_interaction_energy_kcal_mol,extra_trees,2582,2194,388,19,42,42,42,-0.19801161795965,4.511963286410342,5.325660299373351
2,324,extra_trees,target_interaction_energy_kcal_mol,extra_trees,2582,2194,388,19,42,42,42,-0.1631342587054682,4.142450315641971,4.949025213705653
2,325,extra_trees,target_interaction_energy_kcal_mol,extra_trees,2582,2194,388,19,42,42,42,-0.1590436911369572,4.601818137481087,5.429158701270587
2,326,extra_trees,target_interaction_energy_kcal_mol,extra_trees,2582,2194,388,19,42,42,42,-0.1577663379546017,4.649157713844335,5.400198100441597
2,327,extra_trees,target_interaction_energy_kcal_mol,extra_trees,2582,2194,388,19,42,42,42,-0.1647527362807153,4.121818040353044,4.996354011316201
2,328,extra_trees,target_interaction_energy_kcal_mol,extra_trees,2582,2194,388,19,42,42,42,-0.0689011413518776,4.287351392010145,5.033132597885391
2,329,extra_trees,target_interaction_energy_kcal_mol,extra_trees,2582,2194,388,19,42,42,42,-0.170440602876666,4.286466892549746,5.060862177985192
2,330,extra_trees,target_interaction_energy_kcal_mol,extra_trees,2582,2194,388,19,42,42,42,-0.1185041103373574,4.08445618541491,4.896170191540993
2,331,extra_trees,target_interaction_energy_kcal_mol,extra_trees,2582,2194,388,19,42,42,42,-0.1155072515163555,4.363982531184858,5.169209368307223
2,332,extra_trees,target_interaction_energy_kcal_mol,extra_trees,2582,2194,388,19,42,42,42,-0.0268022848826015,4.266448591432206,5.040429714584743
2,333,extra_trees,target_interaction_energy_kcal_mol,extra_trees,2582,2194,388,19,42,42,42,-0.1521187293908945,4.392347660699337,5.276615919845365
2,334,extra_trees,target_interaction_energy_kcal_mol,extra_trees,2582,2194,388,19,42,42,42,-0.1804999904728108,4.377864566858044,5.272748176997902
2,335,extra_trees,target_interaction_energy_kcal_mol,extra_trees,2582,2194,388,19,42,42,42,-0.1027921762808494,4.039033036276781,4.895215976836951
2,336,extra_trees,target_interaction_energy_kcal_mol,extra_trees,2582,2194,388,19,42,42,42,-0.1030345865820807,4.499894381487463,5.279382829674389
2,337,extra_trees,target_interaction_energy_kcal_mol,extra_trees,2582,2194,388,19,42,42,42,-0.1469089036295099,4.316761995576759,5.1232940363458015
2,338,extra_trees,target_interaction_energy_kcal_mol,extra_trees,2582,2194,388,19,42,42,42,-0.0366944035115772,4.12957614489495,4.912697778580403
2,339,extra_trees,target_interaction_energy_kcal_mol,extra_trees,2582,2194,388,19,42,42,42,-0.0977224914332375,4.377783276578636,5.16509335663774
2,340,extra_trees,target_interaction_energy_kcal_mol,extra_trees,2582,2194,388,19,42,42,42,-0.1851061711234665,4.38997081080493,5.230262638579182
2,341,extra_trees,target_interaction_energy_kcal_mol,extra_trees,2582,2194,388,19,42,42,42,-0.1360443657016237,4.4304642010584985,5.392289947511192
2,342,extra_trees,target_interaction_energy_kcal_mol,extra_trees,2582,2194,388,19,42,42,42,0.0089579428553973,4.096826584652951,4.967726741804113
2,343,extra_trees,target_interaction_energy_kcal_mol,extra_trees,2582,2194,388,19,42,42,42,-0.1686956855915482,4.376067142032949,5.156001884420747
2,344,extra_trees,target_interaction_energy_kcal_mol,extra_trees,2582,2194,388,19,42,42,42,-0.1312646828314456,4.302106521161832,5.210267613474433
2,345,extra_trees,target_interaction_energy_kcal_mol,extra_trees,2582,2194,388,19,42,42,42,-0.1718353943985557,4.516135703033206,5.278759323883749
2,346,extra_trees,target_interaction_energy_kcal_mol,extra_trees,2582,2194,388,19,42,42,42,-0.1471565367942719,4.104937070638347,4.941229731829849
2,347,extra_trees,target_interaction_energy_kcal_mol,extra_trees,2582,2194,388,19,42,42,42,-0.120318175032315,4.227098310804568,4.990740271115831
2,348,extra_trees,target_interaction_energy_kcal_mol,extra_trees,2582,2194,388,19,42,42,42,-0.0638057561536005,4.121868283155904,4.982011770494483
2,349,extra_trees,target_interaction_energy_kcal_mol,extra_trees,2582,2194,388,19,42,42,42,-0.1917190720933339,4.445092852385222,5.356475791559172
2,350,extra_trees,target_interaction_energy_kcal_mol,extra_trees,2582,2194,388,19,42,42,42,-0.0464369184370214,4.483365814929609,5.354958200324185
2,351,extra_trees,target_interaction_energy_kcal_mol,extra_trees,2582,2194,388,19,42,42,42,-0.0982020048210869,4.267084802149974,5.084846933365532
2,352,extra_trees,target_interaction_energy_kcal_mol,extra_trees,2582,2194,388,19,42,42,42,-0.0541014794165859,4.429040558146256,5.246646642437596
2,353,extra_trees,target_interaction_energy_kcal_mol,extra_trees,2582,2194,388,19,42,42,42,-0.1694245900986775,4.183629414770724,5.091599129364983
2,354,extra_trees,target_interaction_energy_kcal_mol,extra_trees,2582,2194,388,19,42,42,42,-0.1191318326659125,4.226067685953763,5.071169128197132
2,355,extra_trees,target_interaction_energy_kcal_mol,extra_trees,2582,2194,388,19,42,42,42,-0.1298476049011507,4.340201177493027,5.214300898100747
2,356,extra_trees,target_interaction_energy_kcal_mol,extra_trees,2582,2194,388,19,42,42,42,-0.1964640533197597,4.454630055057533,5.402220024991001
2,357,extra_trees,target_interaction_energy_kcal_mol,extra_trees,2582,2194,388,19,42,42,42,-0.1398910654545146,4.452100139379509,5.3081231947781
2,358,extra_trees,target_interaction_energy_kcal_mol,extra_trees,2582,2194,388,19,42,42,42,-0.1583581716318929,4.307455914589726,5.163553980392342
2,359,extra_trees,target_interaction_energy_kcal_mol,extra_trees,2582,2194,388,19,42,42,42,-0.1381405897278027,4.230300732875397,5.108327514004136
2,360,extra_trees,target_interaction_energy_kcal_mol,extra_trees,2582,2194,388,19,42,42,42,-0.1859641482403498,4.549408607406414,5.380363727058353
2,361,extra_trees,target_interaction_energy_kcal_mol,extra_trees,2582,2194,388,19,42,42,42,-0.0553447222281391,4.273169666892352,5.143007243392048
2,362,extra_trees,target_interaction_energy_kcal_mol,extra_trees,2582,2194,388,19,42,42,42,-0.1299402452103046,4.498184251172693,5.329503370132316
2,363,extra_trees,target_interaction_energy_kcal_mol,extra_trees,2582,2194,388,19,42,42,42,-0.1893832171781253,4.4858411775915785,5.332498159640967
2,364,extra_trees,target_interaction_energy_kcal_mol,extra_trees,2582,2194,388,19,42,42,42,-0.0852593507721477,4.549717505999999,5.457012111857626
2,365,extra_trees,target_interaction_energy_kcal_mol,extra_trees,2582,2194,388,19,42,42,42,-0.1396119718761239,4.437130306006959,5.357249783118275
2,366,extra_trees,target_interaction_energy_kcal_mol,extra_trees,2582,2194,388,19,42,42,42,-0.0941276656525476,4.256092082589356,5.008954346839326
2,367,extra_trees,target_interaction_energy_kcal_mol,extra_trees,2582,2194,388,19,42,42,42,-0.1644803475980385,4.289446023568396,5.1514964868095365
2,368,extra_trees,target_interaction_energy_kcal_mol,extra_trees,2582,2194,388,19,42,42,42,-0.2351373628122774,4.536928576760413,5.36093944238026
2,369,extra_trees,target_interaction_energy_kcal_mol,extra_trees,2582,2194,388,19,42,42,42,-0.1004930117569786,4.013862410798279,4.816364443737157
2,370,extra_trees,target_interaction_energy_kcal_mol,extra_trees,2582,2194,388,19,42,42,42,-0.0844789398765806,4.220038544712893,4.97341798037038
2,371,extra_trees,target_interaction_energy_kcal_mol,extra_trees,2582,2194,388,19,42,42,42,-0.1700287187101263,4.4930032295939295,5.384387250486822
2,372,extra_trees,target_interaction_energy_kcal_mol,extra_trees,2582,2194,388,19,42,42,42,-0.1236274885367578,4.256093841705692,5.088711692437997
2,373,extra_trees,target_interaction_energy_kcal_mol,extra_trees,2582,2194,388,19,42,42,42,-0.1043765987289258,4.477203012825876,5.292695553115008
2,374,extra_trees,target_interaction_energy_kcal_mol,extra_trees,2582,2194,388,19,42,42,42,-0.1311235125994345,4.3434320248484175,5.1763614557774025
2,375,extra_trees,target_interaction_energy_kcal_mol,extra_trees,2582,2194,388,19,42,42,42,-0.0725613726889409,3.973058209000488,4.780179714467189
2,376,extra_trees,target_interaction_energy_kcal_mol,extra_trees,2582,2194,388,19,42,42,42,-0.1031379455332268,4.274513798661242,5.101844022750069
2,377,extra_trees,target_interaction_energy_kcal_mol,extra_trees,2582,2194,388,19,42,42,42,-0.1609128047842516,4.280151538536499,5.148360161827607
2,378,extra_trees,target_interaction_energy_kcal_mol,extra_trees,2582,2194,388,19,42,42,42,-0.1885615634914228,4.548042818953788,5.4858087404765845
2,379,extra_trees,target_interaction_energy_kcal_mol,extra_trees,2582,2194,388,19,42,42,42,-0.1161330694753421,4.454326748401054,5.305548887998099
2,380,extra_trees,target_interaction_energy_kcal_mol,extra_trees,2582,2194,388,19,42,42,42,-0.1667921343323615,4.512855283642343,5.435396692519305
2,381,extra_trees,target_interaction_energy_kcal_mol,extra_trees,2582,2194,388,19,42,42,42,-0.2084737544116235,4.485374015388245,5.348432330164911
2,382,extra_trees,target_interaction_energy_kcal_mol,extra_trees,2582,2194,388,19,42,42,42,-0.12311342204502,4.430483740632716,5.287584592667251
2,383,extra_trees,target_interaction_energy_kcal_mol,extra_trees,2582,2194,388,19,42,42,42,-0.1823317193958262,4.292437678323724,5.253155596268679
2,384,extra_trees,target_interaction_energy_kcal_mol,extra_trees,2582,2194,388,19,42,42,42,-0.1364911336801926,4.380849565034439,5.329225541094235
2,385,extra_trees,target_interaction_energy_kcal_mol,extra_trees,2582,2194,388,19,42,42,42,-0.1066800398510492,4.199632657256937,5.10010659582513
2,386,extra_trees,target_interaction_energy_kcal_mol,extra_trees,2582,2194,388,19,42,42,42,-0.1130105054188326,4.428369025637204,5.281089608212189
2,387,extra_trees,target_interaction_energy_kcal_mol,extra_trees,2582,2194,388,19,42,42,42,-0.1246923885529278,4.387013980151249,5.205107149901593
2,388,extra_trees,target_interaction_energy_kcal_mol,extra_trees,2582,2194,388,19,42,42,42,-0.1012785886552856,4.323533982062261,5.144178469781442
2,389,extra_trees,target_interaction_energy_kcal_mol,extra_trees,2582,2194,388,19,42,42,42,-0.1744239188301919,4.360909035211737,5.1817726459965705
2,390,extra_trees,target_interaction_energy_kcal_mol,extra_trees,2582,2194,388,19,42,42,42,-0.1302173675181033,4.280210754437276,5.13934736965714
2,391,extra_trees,target_interaction_energy_kcal_mol,extra_trees,2582,2194,388,19,42,42,42,-0.1684378384933851,4.322816385280844,5.157903206213151
2,392,extra_trees,target_interaction_energy_kcal_mol,extra_trees,2582,2194,388,19,42,42,42,-0.1272335653579221,4.472106429726993,5.290947325477669
2,393,extra_trees,target_interaction_energy_kcal_mol,extra_trees,2582,2194,388,19,42,42,42,-0.1720832185962988,4.324220043511153,5.117794485619387
2,394,extra_trees,target_interaction_energy_kcal_mol,extra_trees,2582,2194,388,19,42,42,42,-0.1943474556669633,4.276317347808563,5.168243936122127
2,395,extra_trees,target_interaction_energy_kcal_mol,extra_trees,2582,2194,388,19,42,42,42,-0.1249145357048497,4.426096125907671,5.263658394756751
2,396,extra_trees,target_interaction_energy_kcal_mol,extra_trees,2582,2194,388,19,42,42,42,-0.1496869298794743,4.311462025899917,5.302883316723183
2,397,extra_trees,target_interaction_energy_kcal_mol,extra_trees,2582,2194,388,19,42,42,42,-0.1014380688775715,4.287104406842869,5.106460696528552
2,398,extra_trees,target_interaction_energy_kcal_mol,extra_trees,2582,2194,388,19,42,42,42,-0.0152753648646284,4.295069595934655,5.062999938929428
2,399,extra_trees,target_interaction_energy_kcal_mol,extra_trees,2582,2194,388,19,42,42,42,-0.1295428077038893,4.341861752217101,5.192329378691441
2,400,extra_trees,target_interaction_energy_kcal_mol,extra_trees,2582,2194,388,19,42,42,42,-0.1492235275887636,4.5651755466226085,5.378849337326193
2,401,extra_trees,target_interaction_energy_kcal_mol,extra_trees,2582,2194,388,19,42,42,42,-0.0366028989736606,4.092706501730613,4.90260209182758
2,402,extra_trees,target_interaction_energy_kcal_mol,extra_trees,2582,2194,388,19,42,42,42,-0.1071941209458302,4.232795121495561,5.122392463163429
2,403,extra_trees,target_interaction_energy_kcal_mol,extra_trees,2582,2194,388,19,42,42,42,-0.231485231831434,4.59315868023803,5.433532513443041
2,404,extra_trees,target_interaction_energy_kcal_mol,extra_trees,2582,2194,388,19,42,42,42,-0.0257852057594656,3.873813530405216,4.786861594868459
2,405,extra_trees,target_interaction_energy_kcal_mol,extra_trees,2582,2194,388,19,42,42,42,-0.0899915760398131,4.485998122729091,5.370134066717937
2,406,extra_trees,target_interaction_energy_kcal_mol,extra_trees,2582,2194,388,19,42,42,42,-0.2004449313617575,4.429693812827564,5.456887252306977
2,407,extra_trees,target_interaction_energy_kcal_mol,extra_trees,2582,2194,388,19,42,42,42,-0.1571601590895044,4.295784741859815,5.180150986558956
2,408,extra_trees,target_interaction_energy_kcal_mol,extra_trees,2582,2194,388,19,42,42,42,-0.0987517718472665,4.297965926361453,5.221009944128649
2,409,extra_trees,target_interaction_energy_kcal_mol,extra_trees,2582,2194,388,19,42,42,42,-0.1385298739317253,4.232972283288127,5.113312464749634
2,410,extra_trees,target_interaction_energy_kcal_mol,extra_trees,2582,2194,388,19,42,42,42,-0.1518722155968497,4.335226653243285,5.19138279000944
2,411,extra_trees,target_interaction_energy_kcal_mol,extra_trees,2582,2194,388,19,42,42,42,-0.1474676710748617,4.30904568265081,5.127679690564338
2,412,extra_trees,target_interaction_energy_kcal_mol,extra_trees,2582,2194,388,19,42,42,42,-0.1912597848282387,4.2974375939697405,5.154224535978953
2,413,extra_trees,target_interaction_energy_kcal_mol,extra_trees,2582,2194,388,19,42,42,42,-0.1052061530658123,4.217867421544718,5.047946348393544
2,414,extra_trees,target_interaction_energy_kcal_mol,extra_trees,2582,2194,388,19,42,42,42,-0.1960895957147981,4.579138688655578,5.397787291376063
2,415,extra_trees,target_interaction_energy_kcal_mol,extra_trees,2582,2194,388,19,42,42,42,-0.2260409306884674,4.554448337616098,5.407903619240749
2,416,extra_trees,target_interaction_energy_kcal_mol,extra_trees,2582,2194,388,19,42,42,42,-0.1826675559097088,4.363689673283446,5.220233343884195
2,417,extra_trees,target_interaction_energy_kcal_mol,extra_trees,2582,2194,388,19,42,42,42,-0.1407368547383267,4.330463469609532,5.081547727808744
2,418,extra_trees,target_interaction_energy_kcal_mol,extra_trees,2582,2194,388,19,42,42,42,-0.1231876321644274,4.136236197236424,5.008419127320158
2,419,extra_trees,target_interaction_energy_kcal_mol,extra_trees,2582,2194,388,19,42,42,42,-0.0969655175929258,4.257336810327707,5.117674478617815
2,420,extra_trees,target_interaction_energy_kcal_mol,extra_trees,2582,2194,388,19,42,42,42,-0.1529847247814877,4.444906502223313,5.353732344760589
2,421,extra_trees,target_interaction_energy_kcal_mol,extra_trees,2582,2194,388,19,42,42,42,-0.1501833957759575,4.311459934623129,5.200078782744245
2,422,extra_trees,target_interaction_energy_kcal_mol,extra_trees,2582,2194,388,19,42,42,42,-0.1228207888111263,4.434566850417969,5.298704622684414
2,423,extra_trees,target_interaction_energy_kcal_mol,extra_trees,2582,2194,388,19,42,42,42,-0.098687215119563,4.364170373810119,5.234603779962992
2,424,extra_trees,target_interaction_energy_kcal_mol,extra_trees,2582,2194,388,19,42,42,42,-0.0913925218229696,4.429543150697106,5.265774928737961
2,425,extra_trees,target_interaction_energy_kcal_mol,extra_trees,2582,2194,388,19,42,42,42,-0.1631234905135445,4.586609297515256,5.518152928159738
2,426,extra_trees,target_interaction_energy_kcal_mol,extra_trees,2582,2194,388,19,42,42,42,-0.2080226130534399,4.337021368908497,5.217175973117715
2,427,extra_trees,target_interaction_energy_kcal_mol,extra_trees,2582,2194,388,19,42,42,42,-0.171052130363184,4.130313005306645,4.969608503947322
2,428,extra_trees,target_interaction_energy_kcal_mol,extra_trees,2582,2194,388,19,42,42,42,-0.1607229388738538,4.615563466996181,5.490850587137
2,429,extra_trees,target_interaction_energy_kcal_mol,extra_trees,2582,2194,388,19,42,42,42,-0.1019595306685976,4.360334837005699,5.209009885355352
2,430,extra_trees,target_interaction_energy_kcal_mol,extra_trees,2582,2194,388,19,42,42,42,-0.2890021976451438,4.481441680174956,5.501261799294357
2,431,extra_trees,target_interaction_energy_kcal_mol,extra_trees,2582,2194,388,19,42,42,42,-0.1743929082897282,4.670379516489857,5.472855633284019
2,432,extra_trees,target_interaction_energy_kcal_mol,extra_trees,2582,2194,388,19,42,42,42,-0.182924307004481,4.476998275823146,5.337214141822595
2,433,extra_trees,target_interaction_energy_kcal_mol,extra_trees,2582,2194,388,19,42,42,42,-0.1763648317122967,4.507010668790367,5.375863439497627
2,434,extra_trees,target_interaction_energy_kcal_mol,extra_trees,2582,2194,388,19,42,42,42,-0.1185877255126461,4.358671008375224,5.2277480146826845
2,435,extra_trees,target_interaction_energy_kcal_mol,extra_trees,2582,2194,388,19,42,42,42,-0.1341681295646246,4.404125742257967,5.268866201864877
2,436,extra_trees,target_interaction_energy_kcal_mol,extra_trees,2582,2194,388,19,42,42,42,-0.0926774704363913,4.354749433699372,5.203215444877742
2,437,extra_trees,target_interaction_energy_kcal_mol,extra_trees,2582,2194,388,19,42,42,42,-0.1249713408931034,4.43745424165463,5.354192000971148
2,438,extra_trees,target_interaction_energy_kcal_mol,extra_trees,2582,2194,388,19,42,42,42,-0.1341050769713347,4.424180850452356,5.2730627424871255
2,439,extra_trees,target_interaction_energy_kcal_mol,extra_trees,2582,2194,388,19,42,42,42,-0.1561060301232879,4.209251826314146,5.219349880038534
2,440,extra_trees,target_interaction_energy_kcal_mol,extra_trees,2582,2194,388,19,42,42,42,-0.0999630236911619,4.352404045759348,5.165247859622513
2,441,extra_trees,target_interaction_energy_kcal_mol,extra_trees,2582,2194,388,19,42,42,42,-0.1884566065518871,4.349804949195811,5.268864550030249
2,442,extra_trees,target_interaction_energy_kcal_mol,extra_trees,2582,2194,388,19,42,42,42,-0.1700780853643071,4.3259875997776085,5.223429313422461
2,443,extra_trees,target_interaction_energy_kcal_mol,extra_trees,2582,2194,388,19,42,42,42,-0.1399611411845718,4.144351595671399,5.010290318531433
2,444,extra_trees,target_interaction_energy_kcal_mol,extra_trees,2582,2194,388,19,42,42,42,-0.1827749094518558,4.385049364005183,5.15733986372428
2,445,extra_trees,target_interaction_energy_kcal_mol,extra_trees,2582,2194,388,19,42,42,42,-0.143572833115364,4.050756702762181,4.852036791534938
2,446,extra_trees,target_interaction_energy_kcal_mol,extra_trees,2582,2194,388,19,42,42,42,-0.1068356530010288,4.496695787025849,5.326591451451545
2,447,extra_trees,target_interaction_energy_kcal_mol,extra_trees,2582,2194,388,19,42,42,42,-0.0686890380388729,4.171005991071413,5.054710376795986
2,448,extra_trees,target_interaction_energy_kcal_mol,extra_trees,2582,2194,388,19,42,42,42,-0.1801194231618228,4.302317323669874,5.156921332411991
2,449,extra_trees,target_interaction_energy_kcal_mol,extra_trees,2582,2194,388,19,42,42,42,-0.1546172034837933,4.276890503837547,5.152068496163015
2,450,extra_trees,target_interaction_energy_kcal_mol,extra_trees,2582,2194,388,19,42,42,42,-0.1065604594042373,4.280774226461404,5.190192382690584
2,451,extra_trees,target_interaction_energy_kcal_mol,extra_trees,2582,2194,388,19,42,42,42,-0.1787363016273155,4.507789845432799,5.310408427720788
2,452,extra_trees,target_interaction_energy_kcal_mol,extra_trees,2582,2194,388,19,42,42,42,-0.0347278465781411,4.211635939559876,4.955152299046758
2,453,extra_trees,target_interaction_energy_kcal_mol,extra_trees,2582,2194,388,19,42,42,42,-0.1714808081720544,4.449109015635687,5.286403419025786
2,454,extra_trees,target_interaction_energy_kcal_mol,extra_trees,2582,2194,388,19,42,42,42,-0.1866085542396092,4.296166102339833,5.2377750974067006
2,455,extra_trees,target_interaction_energy_kcal_mol,extra_trees,2582,2194,388,19,42,42,42,-0.1752047701604318,4.643050840535803,5.58070942220494
2,456,extra_trees,target_interaction_energy_kcal_mol,extra_trees,2582,2194,388,19,42,42,42,-0.1643726895957191,4.246578629079928,5.11776298803163
2,457,extra_trees,target_interaction_energy_kcal_mol,extra_trees,2582,2194,388,19,42,42,42,-0.0688311137699391,4.215957404254122,5.092055799080897
2,458,extra_trees,target_interaction_energy_kcal_mol,extra_trees,2582,2194,388,19,42,42,42,-0.0831069221360985,4.121848548725489,4.994479527723103
2,459,extra_trees,target_interaction_energy_kcal_mol,extra_trees,2582,2194,388,19,42,42,42,-0.1772491256823083,4.3901880357261,5.3020500694792565
2,460,extra_trees,target_interaction_energy_kcal_mol,extra_trees,2582,2194,388,19,42,42,42,-0.1577381327343268,4.220794123954663,5.126261063467988
2,461,extra_trees,target_interaction_energy_kcal_mol,extra_trees,2582,2194,388,19,42,42,42,-0.217679405859319,4.403215238250199,5.247629891758582
2,462,extra_trees,target_interaction_energy_kcal_mol,extra_trees,2582,2194,388,19,42,42,42,-0.0843813425992141,4.363151394481176,5.251083573828172
2,463,extra_trees,target_interaction_energy_kcal_mol,extra_trees,2582,2194,388,19,42,42,42,-0.1659055347047187,4.185228545015822,5.068507182501763
2,464,extra_trees,target_interaction_energy_kcal_mol,extra_trees,2582,2194,388,19,42,42,42,-0.1858245524219235,4.3789756891839575,5.268029655292554
2,465,extra_trees,target_interaction_energy_kcal_mol,extra_trees,2582,2194,388,19,42,42,42,-0.1586007800110502,4.407791857723298,5.277390515043159
2,466,extra_trees,target_interaction_energy_kcal_mol,extra_trees,2582,2194,388,19,42,42,42,-0.1361579540139679,4.325207907622671,5.199766833930401
2,467,extra_trees,target_interaction_energy_kcal_mol,extra_trees,2582,2194,388,19,42,42,42,-0.2024400517049294,4.6163739404042055,5.5329890494593545
2,468,extra_trees,target_interaction_energy_kcal_mol,extra_trees,2582,2194,388,19,42,42,42,-0.1233331079545716,4.4125269619483065,5.223726993170397
2,469,extra_trees,target_interaction_energy_kcal_mol,extra_trees,2582,2194,388,19,42,42,42,-0.0801862003659912,4.378370073118613,5.187710989659838
2,470,extra_trees,target_interaction_energy_kcal_mol,extra_trees,2582,2194,388,19,42,42,42,-0.1269613466919976,4.5009832908074,5.380372867502345
2,471,extra_trees,target_interaction_energy_kcal_mol,extra_trees,2582,2194,388,19,42,42,42,-0.1600940673260533,4.419289161900617,5.284620435796577
2,472,extra_trees,target_interaction_energy_kcal_mol,extra_trees,2582,2194,388,19,42,42,42,-0.084442347510202,4.35038870600361,5.174736526275948
2,473,extra_trees,target_interaction_energy_kcal_mol,extra_trees,2582,2194,388,19,42,42,42,-0.2151482194081984,4.467657624712506,5.367684525688448
2,474,extra_trees,target_interaction_energy_kcal_mol,extra_trees,2582,2194,388,19,42,42,42,-0.1395883720910564,4.37732070225866,5.209077507682243
2,475,extra_trees,target_interaction_energy_kcal_mol,extra_trees,2582,2194,388,19,42,42,42,-0.2018347104076197,4.3637645194960735,5.272109950958417
2,476,extra_trees,target_interaction_energy_kcal_mol,extra_trees,2582,2194,388,19,42,42,42,-0.1107887226993948,4.125135631213347,5.046532417224254
2,477,extra_trees,target_interaction_energy_kcal_mol,extra_trees,2582,2194,388,19,42,42,42,-0.17906866142785,4.325810298022546,5.220134706497869
2,478,extra_trees,target_interaction_energy_kcal_mol,extra_trees,2582,2194,388,19,42,42,42,-0.1444343745598733,4.349091016614452,5.1997176558380245
2,479,extra_trees,target_interaction_energy_kcal_mol,extra_trees,2582,2194,388,19,42,42,42,-0.0857248933775152,4.479925738432597,5.328309424500553
2,480,extra_trees,target_interaction_energy_kcal_mol,extra_trees,2582,2194,388,19,42,42,42,-0.1427322217615052,4.383999736961463,5.204022744984542
2,481,extra_trees,target_interaction_energy_kcal_mol,extra_trees,2582,2194,388,19,42,42,42,-0.1541748445289805,4.250970164793827,5.2317330396625
2,482,extra_trees,target_interaction_energy_kcal_mol,extra_trees,2582,2194,388,19,42,42,42,-0.1058511673514721,4.397529512713092,5.269972115386149
2,483,extra_trees,target_interaction_energy_kcal_mol,extra_trees,2582,2194,388,19,42,42,42,-0.1160977601515844,4.330990160045089,5.152264704087214
2,484,extra_trees,target_interaction_energy_kcal_mol,extra_trees,2582,2194,388,19,42,42,42,-0.1194716090521506,4.340625299353463,5.135874190085255
2,485,extra_trees,target_interaction_energy_kcal_mol,extra_trees,2582,2194,388,19,42,42,42,-0.1490304073772115,4.149163733547993,4.984172444294536
2,486,extra_trees,target_interaction_energy_kcal_mol,extra_trees,2582,2194,388,19,42,42,42,-0.0801762743394103,4.135638686776613,4.968790587340812
2,487,extra_trees,target_interaction_energy_kcal_mol,extra_trees,2582,2194,388,19,42,42,42,-0.1675346755372568,4.564860582817123,5.50188216012207
2,488,extra_trees,target_interaction_energy_kcal_mol,extra_trees,2582,2194,388,19,42,42,42,-0.0404009793317929,4.126710065311335,4.939082803985961
2,489,extra_trees,target_interaction_energy_kcal_mol,extra_trees,2582,2194,388,19,42,42,42,-0.1183209233731024,4.460916801298807,5.35864161697956
2,490,extra_trees,target_interaction_energy_kcal_mol,extra_trees,2582,2194,388,19,42,42,42,-0.1182542329859461,4.425989729096527,5.284483048850827
2,491,extra_trees,target_interaction_energy_kcal_mol,extra_trees,2582,2194,388,19,42,42,42,-0.1469943740890749,4.344601496700929,5.186364018027103
2,492,extra_trees,target_interaction_energy_kcal_mol,extra_trees,2582,2194,388,19,42,42,42,-0.1652121230612824,4.360008226792857,5.186842520859647
2,493,extra_trees,target_interaction_energy_kcal_mol,extra_trees,2582,2194,388,19,42,42,42,-0.1149924970014162,4.303588452499657,5.182658633369011
2,494,extra_trees,target_interaction_energy_kcal_mol,extra_trees,2582,2194,388,19,42,42,42,-0.0597381749926464,4.228431217873117,5.027188913316272
2,495,extra_trees,target_interaction_energy_kcal_mol,extra_trees,2582,2194,388,19,42,42,42,-0.1068226832815191,4.109425826733075,4.983442175807498
2,496,extra_trees,target_interaction_energy_kcal_mol,extra_trees,2582,2194,388,19,42,42,42,-0.1231648508305913,4.278477665218782,5.13516972211378
2,497,extra_trees,target_interaction_energy_kcal_mol,extra_trees,2582,2194,388,19,42,42,42,-0.1016113382773411,4.22790050500687,5.100654061239846
2,498,extra_trees,target_interaction_energy_kcal_mol,extra_trees,2582,2194,388,19,42,42,42,-0.1700138374924669,4.080599697626835,4.934781123451136
2,499,extra_trees,target_interaction_energy_kcal_mol,extra_trees,2582,2194,388,19,42,42,42,-0.1070753536792061,4.4059999061801935,5.2721559536977045
2,500,extra_trees,target_interaction_energy_kcal_mol,extra_trees,2582,2194,388,19,42,42,42,-0.1253986259817865,4.33664292516713,5.083859980792413
6,1,extra_trees,target_somo_somo_elst_corrected_signed_kcal_mol,extra_trees,2582,2194,388,19,42,42,42,-0.1206248618653231,3.497618161510252,5.611520114474318
6,2,extra_trees,target_somo_somo_elst_corrected_signed_kcal_mol,extra_trees,2582,2194,388,19,42,42,42,-0.0934481050786948,3.510523591239125,5.533456744711377
6,3,extra_trees,target_somo_somo_elst_corrected_signed_kcal_mol,extra_trees,2582,2194,388,19,42,42,42,-0.1374199358422889,3.3757232309485428,4.833180840593928
6,4,extra_trees,target_somo_somo_elst_corrected_signed_kcal_mol,extra_trees,2582,2194,388,19,42,42,42,-0.1039931054416669,3.048913183971599,4.383728023592791
6,5,extra_trees,target_somo_somo_elst_corrected_signed_kcal_mol,extra_trees,2582,2194,388,19,42,42,42,-0.1438916416048719,3.3528362991347342,4.727192288826255
6,6,extra_trees,target_somo_somo_elst_corrected_signed_kcal_mol,extra_trees,2582,2194,388,19,42,42,42,-0.0911494651833821,3.489357007932992,5.238037101399273
6,7,extra_trees,target_somo_somo_elst_corrected_signed_kcal_mol,extra_trees,2582,2194,388,19,42,42,42,-0.1851204041790908,3.727251980919295,5.503536643759033
6,8,extra_trees,target_somo_somo_elst_corrected_signed_kcal_mol,extra_trees,2582,2194,388,19,42,42,42,-0.1132003218293777,3.640754782211263,5.5009578033586415
6,9,extra_trees,target_somo_somo_elst_corrected_signed_kcal_mol,extra_trees,2582,2194,388,19,42,42,42,-0.1036545060991389,3.63482811906691,5.80398138689986
6,10,extra_trees,target_somo_somo_elst_corrected_signed_kcal_mol,extra_trees,2582,2194,388,19,42,42,42,-0.1215362093405503,3.481666305503813,5.418764813709968
6,11,extra_trees,target_somo_somo_elst_corrected_signed_kcal_mol,extra_trees,2582,2194,388,19,42,42,42,-0.1145980055787878,3.476089211237389,5.23367766453279
6,12,extra_trees,target_somo_somo_elst_corrected_signed_kcal_mol,extra_trees,2582,2194,388,19,42,42,42,-0.0432953937120808,3.460483430503163,5.105974960795238
6,13,extra_trees,target_somo_somo_elst_corrected_signed_kcal_mol,extra_trees,2582,2194,388,19,42,42,42,-0.0638042864656447,3.464977697173621,5.981543259961198
6,14,extra_trees,target_somo_somo_elst_corrected_signed_kcal_mol,extra_trees,2582,2194,388,19,42,42,42,-0.3677698353150662,3.4980477626262942,5.103239220590617
6,15,extra_trees,target_somo_somo_elst_corrected_signed_kcal_mol,extra_trees,2582,2194,388,19,42,42,42,-0.1341278637801763,3.1659237043314654,4.418367902173786
6,16,extra_trees,target_somo_somo_elst_corrected_signed_kcal_mol,extra_trees,2582,2194,388,19,42,42,42,-0.0698571570113699,3.378290989222705,5.462574194383119
6,17,extra_trees,target_somo_somo_elst_corrected_signed_kcal_mol,extra_trees,2582,2194,388,19,42,42,42,-0.1307184123465843,3.687971364344397,6.209501955928955
6,18,extra_trees,target_somo_somo_elst_corrected_signed_kcal_mol,extra_trees,2582,2194,388,19,42,42,42,-0.0826081182602629,3.4256007540654,5.0178636967854064
6,19,extra_trees,target_somo_somo_elst_corrected_signed_kcal_mol,extra_trees,2582,2194,388,19,42,42,42,-0.1462693232186875,3.3353533467249967,5.309550302151597
6,20,extra_trees,target_somo_somo_elst_corrected_signed_kcal_mol,extra_trees,2582,2194,388,19,42,42,42,0.0170986797409204,3.375319439864617,4.790209249837785
6,21,extra_trees,target_somo_somo_elst_corrected_signed_kcal_mol,extra_trees,2582,2194,388,19,42,42,42,-0.079894188950006,3.742342522718455,6.003803610087744
6,22,extra_trees,target_somo_somo_elst_corrected_signed_kcal_mol,extra_trees,2582,2194,388,19,42,42,42,-0.1090902619536784,3.68523901074052,6.090090431610919
6,23,extra_trees,target_somo_somo_elst_corrected_signed_kcal_mol,extra_trees,2582,2194,388,19,42,42,42,-0.0489903192964409,3.3669499875139084,4.984442144535137
6,24,extra_trees,target_somo_somo_elst_corrected_signed_kcal_mol,extra_trees,2582,2194,388,19,42,42,42,-0.0818445978913335,3.3004406152268646,5.097516405248376
6,25,extra_trees,target_somo_somo_elst_corrected_signed_kcal_mol,extra_trees,2582,2194,388,19,42,42,42,-0.1980419309827115,3.2372421372734657,4.653768064280248
6,26,extra_trees,target_somo_somo_elst_corrected_signed_kcal_mol,extra_trees,2582,2194,388,19,42,42,42,-0.0817999081966236,3.4522694194909342,5.358029713874139
6,27,extra_trees,target_somo_somo_elst_corrected_signed_kcal_mol,extra_trees,2582,2194,388,19,42,42,42,-0.1105816215402444,3.679971311647422,5.818411781110947
6,28,extra_trees,target_somo_somo_elst_corrected_signed_kcal_mol,extra_trees,2582,2194,388,19,42,42,42,-0.0357501402116424,3.659301477602399,6.034308077706169
6,29,extra_trees,target_somo_somo_elst_corrected_signed_kcal_mol,extra_trees,2582,2194,388,19,42,42,42,-0.0836271920723026,3.674693359737304,6.3523036382721925
6,30,extra_trees,target_somo_somo_elst_corrected_signed_kcal_mol,extra_trees,2582,2194,388,19,42,42,42,-0.1021627837629608,3.459080415976614,5.387736723474343
6,31,extra_trees,target_somo_somo_elst_corrected_signed_kcal_mol,extra_trees,2582,2194,388,19,42,42,42,-0.1264276718643624,3.370287641843216,5.442057633974532
6,32,extra_trees,target_somo_somo_elst_corrected_signed_kcal_mol,extra_trees,2582,2194,388,19,42,42,42,-0.2639051095290254,3.213666474134444,4.580537116343535
6,33,extra_trees,target_somo_somo_elst_corrected_signed_kcal_mol,extra_trees,2582,2194,388,19,42,42,42,-0.222613947155982,3.563288717614142,5.240220779203956
6,34,extra_trees,target_somo_somo_elst_corrected_signed_kcal_mol,extra_trees,2582,2194,388,19,42,42,42,-0.0255234292926178,3.621642625848041,5.952906535599625
6,35,extra_trees,target_somo_somo_elst_corrected_signed_kcal_mol,extra_trees,2582,2194,388,19,42,42,42,-0.0834753132017227,3.34607884942828,4.972228410270572
6,36,extra_trees,target_somo_somo_elst_corrected_signed_kcal_mol,extra_trees,2582,2194,388,19,42,42,42,-0.2697276603281757,3.3088198414949703,4.757094049450902
6,37,extra_trees,target_somo_somo_elst_corrected_signed_kcal_mol,extra_trees,2582,2194,388,19,42,42,42,-0.1696473109975722,3.607720095829173,5.473278080975715
6,38,extra_trees,target_somo_somo_elst_corrected_signed_kcal_mol,extra_trees,2582,2194,388,19,42,42,42,-0.1729626820440906,3.620738759891499,5.382873298492036
6,39,extra_trees,target_somo_somo_elst_corrected_signed_kcal_mol,extra_trees,2582,2194,388,19,42,42,42,-0.0940868816972138,4.043740363375648,6.668228267339511
6,40,extra_trees,target_somo_somo_elst_corrected_signed_kcal_mol,extra_trees,2582,2194,388,19,42,42,42,-0.099063055946132,3.350234995444051,4.906056446686678
6,41,extra_trees,target_somo_somo_elst_corrected_signed_kcal_mol,extra_trees,2582,2194,388,19,42,42,42,-0.1083951101436893,3.249054807751825,4.797451834813038
6,42,extra_trees,target_somo_somo_elst_corrected_signed_kcal_mol,extra_trees,2582,2194,388,19,42,42,42,-0.0897222163619151,3.415626136555644,5.328839240673752
6,43,extra_trees,target_somo_somo_elst_corrected_signed_kcal_mol,extra_trees,2582,2194,388,19,42,42,42,-0.0531867403719217,3.710913767102375,6.130275938945398
6,44,extra_trees,target_somo_somo_elst_corrected_signed_kcal_mol,extra_trees,2582,2194,388,19,42,42,42,-0.0985148997791021,3.4699586090769268,5.38989399332733
6,45,extra_trees,target_somo_somo_elst_corrected_signed_kcal_mol,extra_trees,2582,2194,388,19,42,42,42,-0.1792121285150096,3.518868768039631,5.218911606458157
6,46,extra_trees,target_somo_somo_elst_corrected_signed_kcal_mol,extra_trees,2582,2194,388,19,42,42,42,-0.0875858946108825,3.448898098639254,5.535121133514627
6,47,extra_trees,target_somo_somo_elst_corrected_signed_kcal_mol,extra_trees,2582,2194,388,19,42,42,42,-0.0911041379641062,3.4492117669623967,5.42245725600313
6,48,extra_trees,target_somo_somo_elst_corrected_signed_kcal_mol,extra_trees,2582,2194,388,19,42,42,42,-0.2501064323222102,3.553310245209757,5.476282636678064
6,49,extra_trees,target_somo_somo_elst_corrected_signed_kcal_mol,extra_trees,2582,2194,388,19,42,42,42,-0.1066015255032968,3.664031582678688,5.849442135247257
6,50,extra_trees,target_somo_somo_elst_corrected_signed_kcal_mol,extra_trees,2582,2194,388,19,42,42,42,-0.1123909254135309,3.4140957317284037,5.219133223801356
6,51,extra_trees,target_somo_somo_elst_corrected_signed_kcal_mol,extra_trees,2582,2194,388,19,42,42,42,-0.1707439529791841,3.4576907852973697,5.04939457308239
6,52,extra_trees,target_somo_somo_elst_corrected_signed_kcal_mol,extra_trees,2582,2194,388,19,42,42,42,-0.1341075141600463,3.616900806525176,5.771254930801753
6,53,extra_trees,target_somo_somo_elst_corrected_signed_kcal_mol,extra_trees,2582,2194,388,19,42,42,42,-0.083914101451392,3.6462749456669177,5.776538840311428
6,54,extra_trees,target_somo_somo_elst_corrected_signed_kcal_mol,extra_trees,2582,2194,388,19,42,42,42,-0.1583726667473,3.358443146476066,4.5518312379673365
6,55,extra_trees,target_somo_somo_elst_corrected_signed_kcal_mol,extra_trees,2582,2194,388,19,42,42,42,-0.0626150989205598,3.404356511124808,5.082270554698682
6,56,extra_trees,target_somo_somo_elst_corrected_signed_kcal_mol,extra_trees,2582,2194,388,19,42,42,42,-0.1434507857862434,3.374443491811209,5.300485887065425
6,57,extra_trees,target_somo_somo_elst_corrected_signed_kcal_mol,extra_trees,2582,2194,388,19,42,42,42,-0.0957577344707703,3.4694908188562845,5.223816311355514
6,58,extra_trees,target_somo_somo_elst_corrected_signed_kcal_mol,extra_trees,2582,2194,388,19,42,42,42,-0.154126049532326,3.458787379887154,5.111130290738578
6,59,extra_trees,target_somo_somo_elst_corrected_signed_kcal_mol,extra_trees,2582,2194,388,19,42,42,42,-0.1650227411024241,3.5798107226167577,4.975694441913428
6,60,extra_trees,target_somo_somo_elst_corrected_signed_kcal_mol,extra_trees,2582,2194,388,19,42,42,42,-0.0719354608502578,3.685075934911035,6.103937859402461
6,61,extra_trees,target_somo_somo_elst_corrected_signed_kcal_mol,extra_trees,2582,2194,388,19,42,42,42,-0.0853662395207237,3.5575638893621435,5.8258480558356665
6,62,extra_trees,target_somo_somo_elst_corrected_signed_kcal_mol,extra_trees,2582,2194,388,19,42,42,42,-0.1089914861408565,3.661871628299018,6.09888796777142
6,63,extra_trees,target_somo_somo_elst_corrected_signed_kcal_mol,extra_trees,2582,2194,388,19,42,42,42,-0.0620257855562762,3.1169488941071,4.368621900763613
6,64,extra_trees,target_somo_somo_elst_corrected_signed_kcal_mol,extra_trees,2582,2194,388,19,42,42,42,-0.1201275184319059,3.507730191730702,5.508451198523579
6,65,extra_trees,target_somo_somo_elst_corrected_signed_kcal_mol,extra_trees,2582,2194,388,19,42,42,42,-0.1911396477368703,3.467944092053793,4.960828075056476
6,66,extra_trees,target_somo_somo_elst_corrected_signed_kcal_mol,extra_trees,2582,2194,388,19,42,42,42,-0.1082745285826294,3.4321112034000225,5.223506867018365
6,67,extra_trees,target_somo_somo_elst_corrected_signed_kcal_mol,extra_trees,2582,2194,388,19,42,42,42,-0.1173931623621284,3.5663252271993757,5.315686239427302
6,68,extra_trees,target_somo_somo_elst_corrected_signed_kcal_mol,extra_trees,2582,2194,388,19,42,42,42,-0.109417623930061,3.3680813018712383,5.021326328053765
6,69,extra_trees,target_somo_somo_elst_corrected_signed_kcal_mol,extra_trees,2582,2194,388,19,42,42,42,-0.0535518541424278,3.516875881904221,5.1952477074517285
6,70,extra_trees,target_somo_somo_elst_corrected_signed_kcal_mol,extra_trees,2582,2194,388,19,42,42,42,-0.136733629923295,3.258662861505103,4.956757146174192
6,71,extra_trees,target_somo_somo_elst_corrected_signed_kcal_mol,extra_trees,2582,2194,388,19,42,42,42,-0.1139952156361603,3.580445704505909,5.575836424707943
6,72,extra_trees,target_somo_somo_elst_corrected_signed_kcal_mol,extra_trees,2582,2194,388,19,42,42,42,-0.121498387476379,3.5015057362766364,5.799024158530532
6,73,extra_trees,target_somo_somo_elst_corrected_signed_kcal_mol,extra_trees,2582,2194,388,19,42,42,42,-0.0826721442577207,3.33837152695504,4.935445425081491
6,74,extra_trees,target_somo_somo_elst_corrected_signed_kcal_mol,extra_trees,2582,2194,388,19,42,42,42,-0.0104842114235976,3.476825877295604,5.569914822759426
6,75,extra_trees,target_somo_somo_elst_corrected_signed_kcal_mol,extra_trees,2582,2194,388,19,42,42,42,-0.0011751219578244,3.498260126998725,5.664851324918128
6,76,extra_trees,target_somo_somo_elst_corrected_signed_kcal_mol,extra_trees,2582,2194,388,19,42,42,42,-0.150109975992601,3.649893937928845,5.402863818813225
6,77,extra_trees,target_somo_somo_elst_corrected_signed_kcal_mol,extra_trees,2582,2194,388,19,42,42,42,-0.1549941462681165,3.5475706034335803,5.585477799354373
6,78,extra_trees,target_somo_somo_elst_corrected_signed_kcal_mol,extra_trees,2582,2194,388,19,42,42,42,-0.1037228565363166,3.271328109669585,4.64790518955321
6,79,extra_trees,target_somo_somo_elst_corrected_signed_kcal_mol,extra_trees,2582,2194,388,19,42,42,42,-0.0716808200188061,3.707354059116052,5.976240846752172
6,80,extra_trees,target_somo_somo_elst_corrected_signed_kcal_mol,extra_trees,2582,2194,388,19,42,42,42,-0.1442127081474176,3.462715216994398,5.456551707607352
6,81,extra_trees,target_somo_somo_elst_corrected_signed_kcal_mol,extra_trees,2582,2194,388,19,42,42,42,-0.1236738256076293,3.5711882355465034,5.727599068370752
6,82,extra_trees,target_somo_somo_elst_corrected_signed_kcal_mol,extra_trees,2582,2194,388,19,42,42,42,-0.0563863302626495,3.3758430973075337,5.145241424534631
6,83,extra_trees,target_somo_somo_elst_corrected_signed_kcal_mol,extra_trees,2582,2194,388,19,42,42,42,-0.0419042970891105,3.391800653674779,5.424725541286952
6,84,extra_trees,target_somo_somo_elst_corrected_signed_kcal_mol,extra_trees,2582,2194,388,19,42,42,42,-0.1306685823566367,3.18736963040396,4.906122490262569
6,85,extra_trees,target_somo_somo_elst_corrected_signed_kcal_mol,extra_trees,2582,2194,388,19,42,42,42,-0.0859892082415592,3.1185271405349715,4.470091832573781
6,86,extra_trees,target_somo_somo_elst_corrected_signed_kcal_mol,extra_trees,2582,2194,388,19,42,42,42,-0.2445057093781633,3.5854342935285928,5.354860952997348
6,87,extra_trees,target_somo_somo_elst_corrected_signed_kcal_mol,extra_trees,2582,2194,388,19,42,42,42,-0.1281490455982039,3.119845372745944,4.734680762869643
6,88,extra_trees,target_somo_somo_elst_corrected_signed_kcal_mol,extra_trees,2582,2194,388,19,42,42,42,-0.0730110808458899,3.605319721200447,5.630637381326009
6,89,extra_trees,target_somo_somo_elst_corrected_signed_kcal_mol,extra_trees,2582,2194,388,19,42,42,42,-0.0981131365187073,3.300763246967401,4.703366634565598
6,90,extra_trees,target_somo_somo_elst_corrected_signed_kcal_mol,extra_trees,2582,2194,388,19,42,42,42,-0.0970659478907514,3.551343239654302,5.465457309363655
6,91,extra_trees,target_somo_somo_elst_corrected_signed_kcal_mol,extra_trees,2582,2194,388,19,42,42,42,-0.0545627448075518,3.7280646342577866,5.953403646668367
6,92,extra_trees,target_somo_somo_elst_corrected_signed_kcal_mol,extra_trees,2582,2194,388,19,42,42,42,-0.1278522919352029,3.391390040139207,4.969829435318619
6,93,extra_trees,target_somo_somo_elst_corrected_signed_kcal_mol,extra_trees,2582,2194,388,19,42,42,42,-0.1471700987181607,3.4848983241522453,5.017192364134705
6,94,extra_trees,target_somo_somo_elst_corrected_signed_kcal_mol,extra_trees,2582,2194,388,19,42,42,42,-0.1245820013437493,3.557106513407737,5.288771036375545
6,95,extra_trees,target_somo_somo_elst_corrected_signed_kcal_mol,extra_trees,2582,2194,388,19,42,42,42,-0.1478602395310597,3.709657574400712,5.817165633090228
6,96,extra_trees,target_somo_somo_elst_corrected_signed_kcal_mol,extra_trees,2582,2194,388,19,42,42,42,-0.1439966345754981,3.397127103589879,4.7627867136754105
6,97,extra_trees,target_somo_somo_elst_corrected_signed_kcal_mol,extra_trees,2582,2194,388,19,42,42,42,-0.1995508032505277,3.3800651231883854,4.7543507583200455
6,98,extra_trees,target_somo_somo_elst_corrected_signed_kcal_mol,extra_trees,2582,2194,388,19,42,42,42,-0.1718003194972055,3.4370250072175192,5.313274822779918
6,99,extra_trees,target_somo_somo_elst_corrected_signed_kcal_mol,extra_trees,2582,2194,388,19,42,42,42,-0.1683799924673981,3.268918489656452,4.633257831640643
6,100,extra_trees,target_somo_somo_elst_corrected_signed_kcal_mol,extra_trees,2582,2194,388,19,42,42,42,-0.1086672644107156,3.311971858150518,4.73564266537792
6,101,extra_trees,target_somo_somo_elst_corrected_signed_kcal_mol,extra_trees,2582,2194,388,19,42,42,42,-0.1304449875715676,3.3687892425499903,5.086218959505685
6,102,extra_trees,target_somo_somo_elst_corrected_signed_kcal_mol,extra_trees,2582,2194,388,19,42,42,42,-0.2392530792004736,3.4473895174251776,5.123262740167439
6,103,extra_trees,target_somo_somo_elst_corrected_signed_kcal_mol,extra_trees,2582,2194,388,19,42,42,42,-0.1209033203323433,3.098442614582776,4.693140661773656
6,104,extra_trees,target_somo_somo_elst_corrected_signed_kcal_mol,extra_trees,2582,2194,388,19,42,42,42,-0.0456388622738146,3.5086402494657847,5.75552264086235
6,105,extra_trees,target_somo_somo_elst_corrected_signed_kcal_mol,extra_trees,2582,2194,388,19,42,42,42,-0.1319007467827957,3.656965513809604,5.615100236032476
6,106,extra_trees,target_somo_somo_elst_corrected_signed_kcal_mol,extra_trees,2582,2194,388,19,42,42,42,-0.1180080830768532,3.6690274380603465,6.184999406514295
6,107,extra_trees,target_somo_somo_elst_corrected_signed_kcal_mol,extra_trees,2582,2194,388,19,42,42,42,-0.1561680630421631,3.880930470989928,6.079327248820401
6,108,extra_trees,target_somo_somo_elst_corrected_signed_kcal_mol,extra_trees,2582,2194,388,19,42,42,42,-0.0944148573976959,3.505750943531611,5.486976750465399
6,109,extra_trees,target_somo_somo_elst_corrected_signed_kcal_mol,extra_trees,2582,2194,388,19,42,42,42,-0.0993901369217189,3.610674057987077,5.8165451126492025
6,110,extra_trees,target_somo_somo_elst_corrected_signed_kcal_mol,extra_trees,2582,2194,388,19,42,42,42,-0.1620406416757245,3.5106474678227557,4.988597174903785
6,111,extra_trees,target_somo_somo_elst_corrected_signed_kcal_mol,extra_trees,2582,2194,388,19,42,42,42,-0.070616596292361,3.853539007456356,6.605535890389387
6,112,extra_trees,target_somo_somo_elst_corrected_signed_kcal_mol,extra_trees,2582,2194,388,19,42,42,42,-0.0911119161701536,3.2766921123469377,4.62179944852169
6,113,extra_trees,target_somo_somo_elst_corrected_signed_kcal_mol,extra_trees,2582,2194,388,19,42,42,42,-0.1647028508310348,3.6458130825501662,5.162162262809874
6,114,extra_trees,target_somo_somo_elst_corrected_signed_kcal_mol,extra_trees,2582,2194,388,19,42,42,42,-0.112547637301815,3.6058849553265566,5.545898120822366
6,115,extra_trees,target_somo_somo_elst_corrected_signed_kcal_mol,extra_trees,2582,2194,388,19,42,42,42,-0.1340395324382879,3.5617240798527305,5.153512366422759
6,116,extra_trees,target_somo_somo_elst_corrected_signed_kcal_mol,extra_trees,2582,2194,388,19,42,42,42,-0.0818292715197173,3.335663776290062,4.962893419077392
6,117,extra_trees,target_somo_somo_elst_corrected_signed_kcal_mol,extra_trees,2582,2194,388,19,42,42,42,-0.1541041812518409,3.7191607681278698,5.395359939521155
6,118,extra_trees,target_somo_somo_elst_corrected_signed_kcal_mol,extra_trees,2582,2194,388,19,42,42,42,-0.1301550246720928,3.250950095566689,4.891108155750568
6,119,extra_trees,target_somo_somo_elst_corrected_signed_kcal_mol,extra_trees,2582,2194,388,19,42,42,42,-0.1580193974128856,3.5098378734988884,5.461135706302944
6,120,extra_trees,target_somo_somo_elst_corrected_signed_kcal_mol,extra_trees,2582,2194,388,19,42,42,42,-0.1285702012966094,3.423031551862242,5.6159182783722965
6,121,extra_trees,target_somo_somo_elst_corrected_signed_kcal_mol,extra_trees,2582,2194,388,19,42,42,42,-0.111017006094461,3.5450248301114287,5.177630331204795
6,122,extra_trees,target_somo_somo_elst_corrected_signed_kcal_mol,extra_trees,2582,2194,388,19,42,42,42,-0.1777584215811867,3.466528003192064,5.177167912924037
6,123,extra_trees,target_somo_somo_elst_corrected_signed_kcal_mol,extra_trees,2582,2194,388,19,42,42,42,-0.1337508913151759,3.415634254317032,4.975613420107572
6,124,extra_trees,target_somo_somo_elst_corrected_signed_kcal_mol,extra_trees,2582,2194,388,19,42,42,42,-0.1786340909221462,3.718806163619054,5.474514353945957
6,125,extra_trees,target_somo_somo_elst_corrected_signed_kcal_mol,extra_trees,2582,2194,388,19,42,42,42,-0.0739321331897191,3.541571638937819,5.433038772718646
6,126,extra_trees,target_somo_somo_elst_corrected_signed_kcal_mol,extra_trees,2582,2194,388,19,42,42,42,-0.110782550833818,3.58255514883822,5.646378121519558
6,127,extra_trees,target_somo_somo_elst_corrected_signed_kcal_mol,extra_trees,2582,2194,388,19,42,42,42,-0.1794243870935234,3.5703164382055674,5.190675527934165
6,128,extra_trees,target_somo_somo_elst_corrected_signed_kcal_mol,extra_trees,2582,2194,388,19,42,42,42,-0.0512733002317393,3.686324473532373,5.967391826899359
6,129,extra_trees,target_somo_somo_elst_corrected_signed_kcal_mol,extra_trees,2582,2194,388,19,42,42,42,-0.1600423922456464,3.693601546016272,5.832907496666426
6,130,extra_trees,target_somo_somo_elst_corrected_signed_kcal_mol,extra_trees,2582,2194,388,19,42,42,42,-0.175357914293055,3.3617390914970837,4.882931368709279
6,131,extra_trees,target_somo_somo_elst_corrected_signed_kcal_mol,extra_trees,2582,2194,388,19,42,42,42,-0.105289147867438,3.865346833817747,6.2983708193071255
6,132,extra_trees,target_somo_somo_elst_corrected_signed_kcal_mol,extra_trees,2582,2194,388,19,42,42,42,-0.1332757262929811,3.107193265484317,4.469759281402869
6,133,extra_trees,target_somo_somo_elst_corrected_signed_kcal_mol,extra_trees,2582,2194,388,19,42,42,42,-0.0998345525457899,3.80261314737976,6.02583516254699
6,134,extra_trees,target_somo_somo_elst_corrected_signed_kcal_mol,extra_trees,2582,2194,388,19,42,42,42,-0.0468513069322058,3.8533976005633535,5.831421892933578
6,135,extra_trees,target_somo_somo_elst_corrected_signed_kcal_mol,extra_trees,2582,2194,388,19,42,42,42,-0.0732050479245507,3.4708817135463583,5.852956994201566
6,136,extra_trees,target_somo_somo_elst_corrected_signed_kcal_mol,extra_trees,2582,2194,388,19,42,42,42,-0.1500791465855666,3.589728230516125,5.583220298812984
6,137,extra_trees,target_somo_somo_elst_corrected_signed_kcal_mol,extra_trees,2582,2194,388,19,42,42,42,-0.1912352109683768,3.468151392501339,5.209320617905837
6,138,extra_trees,target_somo_somo_elst_corrected_signed_kcal_mol,extra_trees,2582,2194,388,19,42,42,42,-0.1426594664000644,3.5686839092461398,5.258777883084022
6,139,extra_trees,target_somo_somo_elst_corrected_signed_kcal_mol,extra_trees,2582,2194,388,19,42,42,42,-0.1505931858371219,3.4118033957137115,5.011171493339656
6,140,extra_trees,target_somo_somo_elst_corrected_signed_kcal_mol,extra_trees,2582,2194,388,19,42,42,42,-0.220461295269517,3.5031535663782805,5.181862769227758
6,141,extra_trees,target_somo_somo_elst_corrected_signed_kcal_mol,extra_trees,2582,2194,388,19,42,42,42,-0.1248281157131661,3.394407148807656,4.833027501488941
6,142,extra_trees,target_somo_somo_elst_corrected_signed_kcal_mol,extra_trees,2582,2194,388,19,42,42,42,-0.1341432427729345,3.515754968818134,5.267259668267193
6,143,extra_trees,target_somo_somo_elst_corrected_signed_kcal_mol,extra_trees,2582,2194,388,19,42,42,42,-0.1778391845139235,3.341315536540978,4.7161458025296525
6,144,extra_trees,target_somo_somo_elst_corrected_signed_kcal_mol,extra_trees,2582,2194,388,19,42,42,42,-0.1014154292910403,3.900967257781186,6.334410924014397
6,145,extra_trees,target_somo_somo_elst_corrected_signed_kcal_mol,extra_trees,2582,2194,388,19,42,42,42,-0.1832791321962001,3.547847820988144,5.255937506973137
6,146,extra_trees,target_somo_somo_elst_corrected_signed_kcal_mol,extra_trees,2582,2194,388,19,42,42,42,-0.1419490317666154,3.698739588161517,6.093867565904914
6,147,extra_trees,target_somo_somo_elst_corrected_signed_kcal_mol,extra_trees,2582,2194,388,19,42,42,42,-0.1244559747601845,3.831466669893932,6.108595796888817
6,148,extra_trees,target_somo_somo_elst_corrected_signed_kcal_mol,extra_trees,2582,2194,388,19,42,42,42,-0.1158195999586799,3.480477282508234,5.402623617514617
6,149,extra_trees,target_somo_somo_elst_corrected_signed_kcal_mol,extra_trees,2582,2194,388,19,42,42,42,-0.2930129735191658,3.395728571997449,4.735376100969001
6,150,extra_trees,target_somo_somo_elst_corrected_signed_kcal_mol,extra_trees,2582,2194,388,19,42,42,42,-0.1440602411454508,3.44007697953939,5.2479194304388574
6,151,extra_trees,target_somo_somo_elst_corrected_signed_kcal_mol,extra_trees,2582,2194,388,19,42,42,42,-0.1042982504662179,3.276876405348564,4.698022170814425
6,152,extra_trees,target_somo_somo_elst_corrected_signed_kcal_mol,extra_trees,2582,2194,388,19,42,42,42,-0.1245568441536431,3.4257271783445518,5.217312314219575
6,153,extra_trees,target_somo_somo_elst_corrected_signed_kcal_mol,extra_trees,2582,2194,388,19,42,42,42,-0.1563781220765028,3.498887991797836,4.833732443982933
6,154,extra_trees,target_somo_somo_elst_corrected_signed_kcal_mol,extra_trees,2582,2194,388,19,42,42,42,-0.0829157708414392,3.695719470170813,5.828917136142493
6,155,extra_trees,target_somo_somo_elst_corrected_signed_kcal_mol,extra_trees,2582,2194,388,19,42,42,42,-0.1265503606668732,3.6560328499421497,5.833983123997516
6,156,extra_trees,target_somo_somo_elst_corrected_signed_kcal_mol,extra_trees,2582,2194,388,19,42,42,42,-0.1411484487379521,3.232558706506268,4.454863358243163
6,157,extra_trees,target_somo_somo_elst_corrected_signed_kcal_mol,extra_trees,2582,2194,388,19,42,42,42,-0.2894010469343249,3.6404228567469543,5.368784091976986
6,158,extra_trees,target_somo_somo_elst_corrected_signed_kcal_mol,extra_trees,2582,2194,388,19,42,42,42,-0.0869290557855855,3.390516506822556,5.5717453124938645
6,159,extra_trees,target_somo_somo_elst_corrected_signed_kcal_mol,extra_trees,2582,2194,388,19,42,42,42,-0.2270314573604892,3.4726949353507948,4.9360553301314125
6,160,extra_trees,target_somo_somo_elst_corrected_signed_kcal_mol,extra_trees,2582,2194,388,19,42,42,42,-0.151931503336878,3.541610501183884,5.491104890435679
6,161,extra_trees,target_somo_somo_elst_corrected_signed_kcal_mol,extra_trees,2582,2194,388,19,42,42,42,-0.0987926405085497,3.298675310354836,4.925172184970008
6,162,extra_trees,target_somo_somo_elst_corrected_signed_kcal_mol,extra_trees,2582,2194,388,19,42,42,42,-0.1123822142410164,3.797047294444352,6.179773659249101
6,163,extra_trees,target_somo_somo_elst_corrected_signed_kcal_mol,extra_trees,2582,2194,388,19,42,42,42,-0.0927739552658681,3.653068154506338,5.719264943442566
6,164,extra_trees,target_somo_somo_elst_corrected_signed_kcal_mol,extra_trees,2582,2194,388,19,42,42,42,-0.1500747990821018,3.340702323102947,5.055733062218924
6,165,extra_trees,target_somo_somo_elst_corrected_signed_kcal_mol,extra_trees,2582,2194,388,19,42,42,42,-0.0658167022998681,3.4393261512913136,5.666776368121144
6,166,extra_trees,target_somo_somo_elst_corrected_signed_kcal_mol,extra_trees,2582,2194,388,19,42,42,42,-0.1995609015569543,3.181931547003505,4.853680041508079
6,167,extra_trees,target_somo_somo_elst_corrected_signed_kcal_mol,extra_trees,2582,2194,388,19,42,42,42,-0.3100786491731242,3.150178884671895,4.39948643637432
6,168,extra_trees,target_somo_somo_elst_corrected_signed_kcal_mol,extra_trees,2582,2194,388,19,42,42,42,-0.1587295296831989,3.371326003611552,4.8744557885963165
6,169,extra_trees,target_somo_somo_elst_corrected_signed_kcal_mol,extra_trees,2582,2194,388,19,42,42,42,-0.1402532143618964,3.219557380799681,4.468396581098119
6,170,extra_trees,target_somo_somo_elst_corrected_signed_kcal_mol,extra_trees,2582,2194,388,19,42,42,42,-0.2058233502614983,3.3878310980428097,5.150977030960656
6,171,extra_trees,target_somo_somo_elst_corrected_signed_kcal_mol,extra_trees,2582,2194,388,19,42,42,42,-0.0484349552852076,3.603277381762404,6.1691196251153
6,172,extra_trees,target_somo_somo_elst_corrected_signed_kcal_mol,extra_trees,2582,2194,388,19,42,42,42,-0.1928069304349482,3.57178772699526,5.62020347490683
6,173,extra_trees,target_somo_somo_elst_corrected_signed_kcal_mol,extra_trees,2582,2194,388,19,42,42,42,-0.1168931096922383,3.819045194328975,6.086185204782384
6,174,extra_trees,target_somo_somo_elst_corrected_signed_kcal_mol,extra_trees,2582,2194,388,19,42,42,42,-0.2391271198406885,3.01083391481235,4.427356168518716
6,175,extra_trees,target_somo_somo_elst_corrected_signed_kcal_mol,extra_trees,2582,2194,388,19,42,42,42,-0.111837126710365,3.6443083960664553,5.984359427479723
6,176,extra_trees,target_somo_somo_elst_corrected_signed_kcal_mol,extra_trees,2582,2194,388,19,42,42,42,-0.1566004259464246,3.488531013648306,5.102071844610348
6,177,extra_trees,target_somo_somo_elst_corrected_signed_kcal_mol,extra_trees,2582,2194,388,19,42,42,42,-0.1398591604328862,3.4544523529150117,5.165241376012428
6,178,extra_trees,target_somo_somo_elst_corrected_signed_kcal_mol,extra_trees,2582,2194,388,19,42,42,42,-0.197878219202594,3.700212754676208,5.650184142857605
6,179,extra_trees,target_somo_somo_elst_corrected_signed_kcal_mol,extra_trees,2582,2194,388,19,42,42,42,-0.1485715559853533,3.555927224290313,5.7094069663677285
6,180,extra_trees,target_somo_somo_elst_corrected_signed_kcal_mol,extra_trees,2582,2194,388,19,42,42,42,-0.1688058580104481,3.442329633817089,4.994827508774996
6,181,extra_trees,target_somo_somo_elst_corrected_signed_kcal_mol,extra_trees,2582,2194,388,19,42,42,42,-0.0809819023263067,3.1470037868684835,4.601673138345385
6,182,extra_trees,target_somo_somo_elst_corrected_signed_kcal_mol,extra_trees,2582,2194,388,19,42,42,42,-0.0889669268193642,3.6824260008793614,5.479549651230266
6,183,extra_trees,target_somo_somo_elst_corrected_signed_kcal_mol,extra_trees,2582,2194,388,19,42,42,42,-0.0784166699219073,3.438674591750258,5.431218062323839
6,184,extra_trees,target_somo_somo_elst_corrected_signed_kcal_mol,extra_trees,2582,2194,388,19,42,42,42,-0.1176957818954427,3.4857249396477035,5.2160582552978
6,185,extra_trees,target_somo_somo_elst_corrected_signed_kcal_mol,extra_trees,2582,2194,388,19,42,42,42,-0.123581597650602,3.6136084212358366,5.413237356441793
6,186,extra_trees,target_somo_somo_elst_corrected_signed_kcal_mol,extra_trees,2582,2194,388,19,42,42,42,-0.1079749818585837,3.658776374632477,5.871813721216967
6,187,extra_trees,target_somo_somo_elst_corrected_signed_kcal_mol,extra_trees,2582,2194,388,19,42,42,42,-0.091183566370373,3.5772552986906807,5.448499428067319
6,188,extra_trees,target_somo_somo_elst_corrected_signed_kcal_mol,extra_trees,2582,2194,388,19,42,42,42,-0.0952374761250829,3.511278687909352,5.5663478134782265
6,189,extra_trees,target_somo_somo_elst_corrected_signed_kcal_mol,extra_trees,2582,2194,388,19,42,42,42,-0.0568889959106495,3.7962069213063168,6.1889514107354096
6,190,extra_trees,target_somo_somo_elst_corrected_signed_kcal_mol,extra_trees,2582,2194,388,19,42,42,42,-0.1222136455149274,3.2192910407213056,4.625306595882512
6,191,extra_trees,target_somo_somo_elst_corrected_signed_kcal_mol,extra_trees,2582,2194,388,19,42,42,42,-0.1893976861234425,3.224731527044196,4.616664783455063
6,192,extra_trees,target_somo_somo_elst_corrected_signed_kcal_mol,extra_trees,2582,2194,388,19,42,42,42,-0.1272828064144702,3.278292273578341,4.586506722905065
6,193,extra_trees,target_somo_somo_elst_corrected_signed_kcal_mol,extra_trees,2582,2194,388,19,42,42,42,-0.2525205637161061,3.233734846362609,4.340822916593431
6,194,extra_trees,target_somo_somo_elst_corrected_signed_kcal_mol,extra_trees,2582,2194,388,19,42,42,42,-0.1478430072046546,3.3514415250444456,5.320699087266688
6,195,extra_trees,target_somo_somo_elst_corrected_signed_kcal_mol,extra_trees,2582,2194,388,19,42,42,42,-0.0557005760374447,3.350201730612113,5.083461028393514
6,196,extra_trees,target_somo_somo_elst_corrected_signed_kcal_mol,extra_trees,2582,2194,388,19,42,42,42,-0.0880713309953791,3.2240293497704147,4.990910570586458
6,197,extra_trees,target_somo_somo_elst_corrected_signed_kcal_mol,extra_trees,2582,2194,388,19,42,42,42,-0.1777601219982456,3.7313986457258,5.688452858130544
6,198,extra_trees,target_somo_somo_elst_corrected_signed_kcal_mol,extra_trees,2582,2194,388,19,42,42,42,-0.1933767641428558,3.52719469295934,4.9781487121998245
6,199,extra_trees,target_somo_somo_elst_corrected_signed_kcal_mol,extra_trees,2582,2194,388,19,42,42,42,-0.108470202432779,3.522820839504137,5.464028639989238
6,200,extra_trees,target_somo_somo_elst_corrected_signed_kcal_mol,extra_trees,2582,2194,388,19,42,42,42,-0.1491110703311489,3.3931305741215003,5.032103407207571
6,201,extra_trees,target_somo_somo_elst_corrected_signed_kcal_mol,extra_trees,2582,2194,388,19,42,42,42,-0.145226156255416,3.744546617544236,5.97752959198299
6,202,extra_trees,target_somo_somo_elst_corrected_signed_kcal_mol,extra_trees,2582,2194,388,19,42,42,42,-0.1924553294347273,3.6114975387714954,5.420772505451015
6,203,extra_trees,target_somo_somo_elst_corrected_signed_kcal_mol,extra_trees,2582,2194,388,19,42,42,42,-0.0818279329771605,3.931290379673421,6.572848464984639
6,204,extra_trees,target_somo_somo_elst_corrected_signed_kcal_mol,extra_trees,2582,2194,388,19,42,42,42,-0.0486851729581991,3.349373978958977,4.757697318609788
6,205,extra_trees,target_somo_somo_elst_corrected_signed_kcal_mol,extra_trees,2582,2194,388,19,42,42,42,-0.0988629569059771,3.1539787692686665,4.897161666662586
6,206,extra_trees,target_somo_somo_elst_corrected_signed_kcal_mol,extra_trees,2582,2194,388,19,42,42,42,-0.0921954799439466,3.5773573808431616,5.051176334328526
6,207,extra_trees,target_somo_somo_elst_corrected_signed_kcal_mol,extra_trees,2582,2194,388,19,42,42,42,-0.1160500628755369,3.772378448148684,5.846628035731164
6,208,extra_trees,target_somo_somo_elst_corrected_signed_kcal_mol,extra_trees,2582,2194,388,19,42,42,42,-0.225073842021531,3.278241849512232,4.723001022329775
6,209,extra_trees,target_somo_somo_elst_corrected_signed_kcal_mol,extra_trees,2582,2194,388,19,42,42,42,-0.0891158192818128,3.5542023746276863,5.456878351249072
6,210,extra_trees,target_somo_somo_elst_corrected_signed_kcal_mol,extra_trees,2582,2194,388,19,42,42,42,-0.1291856779459732,3.403312257178057,5.059863069882899
6,211,extra_trees,target_somo_somo_elst_corrected_signed_kcal_mol,extra_trees,2582,2194,388,19,42,42,42,-0.0955290118057474,3.6943358976960594,5.531145648213255
6,212,extra_trees,target_somo_somo_elst_corrected_signed_kcal_mol,extra_trees,2582,2194,388,19,42,42,42,-0.2137642992174369,3.427134635018493,5.316997244786206
6,213,extra_trees,target_somo_somo_elst_corrected_signed_kcal_mol,extra_trees,2582,2194,388,19,42,42,42,-0.0855336954893575,3.434264602466471,5.213747647893917
6,214,extra_trees,target_somo_somo_elst_corrected_signed_kcal_mol,extra_trees,2582,2194,388,19,42,42,42,-0.0502072327106792,3.680868512938432,5.66398479943157
6,215,extra_trees,target_somo_somo_elst_corrected_signed_kcal_mol,extra_trees,2582,2194,388,19,42,42,42,-0.0893245468981522,3.267977643245409,4.764703204197932
6,216,extra_trees,target_somo_somo_elst_corrected_signed_kcal_mol,extra_trees,2582,2194,388,19,42,42,42,-0.1964439497829491,3.3852774544842243,5.35290935781754
6,217,extra_trees,target_somo_somo_elst_corrected_signed_kcal_mol,extra_trees,2582,2194,388,19,42,42,42,-0.0309757122863114,3.5326308886048032,5.521812579973567
6,218,extra_trees,target_somo_somo_elst_corrected_signed_kcal_mol,extra_trees,2582,2194,388,19,42,42,42,-0.1140210040689535,3.3612305688970334,5.186761363461446
6,219,extra_trees,target_somo_somo_elst_corrected_signed_kcal_mol,extra_trees,2582,2194,388,19,42,42,42,-0.1533928702254448,3.411594023773312,5.013303377350002
6,220,extra_trees,target_somo_somo_elst_corrected_signed_kcal_mol,extra_trees,2582,2194,388,19,42,42,42,-0.1522309882284271,3.631123343442706,5.297499364236186
6,221,extra_trees,target_somo_somo_elst_corrected_signed_kcal_mol,extra_trees,2582,2194,388,19,42,42,42,-0.0429312457629065,3.530634233491662,5.29974911421213
6,222,extra_trees,target_somo_somo_elst_corrected_signed_kcal_mol,extra_trees,2582,2194,388,19,42,42,42,-0.067712723695509,3.208616901418864,5.156900639314864
6,223,extra_trees,target_somo_somo_elst_corrected_signed_kcal_mol,extra_trees,2582,2194,388,19,42,42,42,-0.1584289254743698,3.4638087429177946,5.164506181020749
6,224,extra_trees,target_somo_somo_elst_corrected_signed_kcal_mol,extra_trees,2582,2194,388,19,42,42,42,-0.1922964298359684,3.4244548627177003,5.010450967352782
6,225,extra_trees,target_somo_somo_elst_corrected_signed_kcal_mol,extra_trees,2582,2194,388,19,42,42,42,-0.0236158242540138,3.587040036170184,5.965817078514835
6,226,extra_trees,target_somo_somo_elst_corrected_signed_kcal_mol,extra_trees,2582,2194,388,19,42,42,42,-0.0923396431081633,3.484019110322911,5.620284471090332
6,227,extra_trees,target_somo_somo_elst_corrected_signed_kcal_mol,extra_trees,2582,2194,388,19,42,42,42,-0.1211801533807732,3.4784482355209727,5.447471723973735
6,228,extra_trees,target_somo_somo_elst_corrected_signed_kcal_mol,extra_trees,2582,2194,388,19,42,42,42,-0.0679904757090301,3.7360596169362856,5.895736094824127
6,229,extra_trees,target_somo_somo_elst_corrected_signed_kcal_mol,extra_trees,2582,2194,388,19,42,42,42,-0.2471685171417164,3.2309262826570992,4.799436042372507
6,230,extra_trees,target_somo_somo_elst_corrected_signed_kcal_mol,extra_trees,2582,2194,388,19,42,42,42,-0.1784086663882382,3.4601794488848365,5.249486943236647
6,231,extra_trees,target_somo_somo_elst_corrected_signed_kcal_mol,extra_trees,2582,2194,388,19,42,42,42,-0.1195722589688952,3.3848540395568745,4.975834638578008
6,232,extra_trees,target_somo_somo_elst_corrected_signed_kcal_mol,extra_trees,2582,2194,388,19,42,42,42,-0.1080784154265299,3.4690239243017618,5.689480107305462
6,233,extra_trees,target_somo_somo_elst_corrected_signed_kcal_mol,extra_trees,2582,2194,388,19,42,42,42,-0.1538111934148633,3.5656161207401094,5.384440841396653
6,234,extra_trees,target_somo_somo_elst_corrected_signed_kcal_mol,extra_trees,2582,2194,388,19,42,42,42,-0.1817039148650516,3.437626856158277,4.912871426534995
6,235,extra_trees,target_somo_somo_elst_corrected_signed_kcal_mol,extra_trees,2582,2194,388,19,42,42,42,-0.1267468045307291,3.6783357496346047,5.6247031862667365
6,236,extra_trees,target_somo_somo_elst_corrected_signed_kcal_mol,extra_trees,2582,2194,388,19,42,42,42,-0.1303028968099497,3.617369890308506,5.534150600088213
6,237,extra_trees,target_somo_somo_elst_corrected_signed_kcal_mol,extra_trees,2582,2194,388,19,42,42,42,-0.1945311251889421,3.623356035050269,5.457245826055934
6,238,extra_trees,target_somo_somo_elst_corrected_signed_kcal_mol,extra_trees,2582,2194,388,19,42,42,42,-0.2042333783413175,3.611572859427304,5.356488153887052
6,239,extra_trees,target_somo_somo_elst_corrected_signed_kcal_mol,extra_trees,2582,2194,388,19,42,42,42,-0.0875257095393595,3.5547560871104835,5.365664266990843
6,240,extra_trees,target_somo_somo_elst_corrected_signed_kcal_mol,extra_trees,2582,2194,388,19,42,42,42,-0.0786298257433386,3.446012763106138,5.611603843412842
6,241,extra_trees,target_somo_somo_elst_corrected_signed_kcal_mol,extra_trees,2582,2194,388,19,42,42,42,-0.165619697723951,3.705832692318163,5.8409590156866535
6,242,extra_trees,target_somo_somo_elst_corrected_signed_kcal_mol,extra_trees,2582,2194,388,19,42,42,42,-0.1511332258360842,3.4707583122784045,5.31432432492885
6,243,extra_trees,target_somo_somo_elst_corrected_signed_kcal_mol,extra_trees,2582,2194,388,19,42,42,42,-0.1419695611645592,3.4770417648408483,5.678570005247435
6,244,extra_trees,target_somo_somo_elst_corrected_signed_kcal_mol,extra_trees,2582,2194,388,19,42,42,42,-0.0553638459920367,3.281573729920596,4.9712035309272
6,245,extra_trees,target_somo_somo_elst_corrected_signed_kcal_mol,extra_trees,2582,2194,388,19,42,42,42,-0.1773565186180306,3.392197468355713,5.030570061375688
6,246,extra_trees,target_somo_somo_elst_corrected_signed_kcal_mol,extra_trees,2582,2194,388,19,42,42,42,-0.1224262570545651,3.566742242738678,5.860673303527592
6,247,extra_trees,target_somo_somo_elst_corrected_signed_kcal_mol,extra_trees,2582,2194,388,19,42,42,42,-0.1085003431406645,3.5046387051217214,5.182195412520929
6,248,extra_trees,target_somo_somo_elst_corrected_signed_kcal_mol,extra_trees,2582,2194,388,19,42,42,42,-0.1463804681446845,3.703454043832743,5.61214770576894
6,249,extra_trees,target_somo_somo_elst_corrected_signed_kcal_mol,extra_trees,2582,2194,388,19,42,42,42,-0.0735287811666229,3.328584979476916,5.549430220020146
6,250,extra_trees,target_somo_somo_elst_corrected_signed_kcal_mol,extra_trees,2582,2194,388,19,42,42,42,-0.0930691057257688,3.5689834132685503,5.682912642621044
6,251,extra_trees,target_somo_somo_elst_corrected_signed_kcal_mol,extra_trees,2582,2194,388,19,42,42,42,-0.2076726504570591,3.411040063693113,4.883599818490877
6,252,extra_trees,target_somo_somo_elst_corrected_signed_kcal_mol,extra_trees,2582,2194,388,19,42,42,42,-0.0865840024844102,3.5806149237319578,5.416594927756218
6,253,extra_trees,target_somo_somo_elst_corrected_signed_kcal_mol,extra_trees,2582,2194,388,19,42,42,42,-0.0267844815051823,3.3947220292340203,5.166550669154899
6,254,extra_trees,target_somo_somo_elst_corrected_signed_kcal_mol,extra_trees,2582,2194,388,19,42,42,42,-0.069025958277235,3.8451210172216497,6.312670125156116
6,255,extra_trees,target_somo_somo_elst_corrected_signed_kcal_mol,extra_trees,2582,2194,388,19,42,42,42,-0.0963722154284048,3.623782937800151,5.4274430101742
6,256,extra_trees,target_somo_somo_elst_corrected_signed_kcal_mol,extra_trees,2582,2194,388,19,42,42,42,-0.0518788530065144,3.476060706642259,5.258347880343849
6,257,extra_trees,target_somo_somo_elst_corrected_signed_kcal_mol,extra_trees,2582,2194,388,19,42,42,42,-0.1047656706863569,3.638659158304026,5.90056174640669
6,258,extra_trees,target_somo_somo_elst_corrected_signed_kcal_mol,extra_trees,2582,2194,388,19,42,42,42,-0.1702688149667097,3.0941677431119925,4.504651228024295
6,259,extra_trees,target_somo_somo_elst_corrected_signed_kcal_mol,extra_trees,2582,2194,388,19,42,42,42,-0.0538794504003867,3.5610059111139427,5.765738843507897
6,260,extra_trees,target_somo_somo_elst_corrected_signed_kcal_mol,extra_trees,2582,2194,388,19,42,42,42,-0.1401631721335612,3.756005643525236,5.871091787549235
6,261,extra_trees,target_somo_somo_elst_corrected_signed_kcal_mol,extra_trees,2582,2194,388,19,42,42,42,-0.1451272993958174,3.8272797536764216,6.205810955917134
6,262,extra_trees,target_somo_somo_elst_corrected_signed_kcal_mol,extra_trees,2582,2194,388,19,42,42,42,-0.0392813731882342,3.50163420493663,5.395033548640526
6,263,extra_trees,target_somo_somo_elst_corrected_signed_kcal_mol,extra_trees,2582,2194,388,19,42,42,42,-0.1507713171057108,3.319277714840311,5.361177655651135
6,264,extra_trees,target_somo_somo_elst_corrected_signed_kcal_mol,extra_trees,2582,2194,388,19,42,42,42,-0.1172657476069789,3.5494482635779865,5.7686669849916425
6,265,extra_trees,target_somo_somo_elst_corrected_signed_kcal_mol,extra_trees,2582,2194,388,19,42,42,42,-0.1556452794962783,3.538562790774092,5.446985588371375
6,266,extra_trees,target_somo_somo_elst_corrected_signed_kcal_mol,extra_trees,2582,2194,388,19,42,42,42,-0.0391646336443809,3.4540878070755614,5.370368157455631
6,267,extra_trees,target_somo_somo_elst_corrected_signed_kcal_mol,extra_trees,2582,2194,388,19,42,42,42,-0.0228906797825083,3.5827879053268474,5.478259177466571
6,268,extra_trees,target_somo_somo_elst_corrected_signed_kcal_mol,extra_trees,2582,2194,388,19,42,42,42,-0.0962111349814975,3.5175879365560223,5.262177374869267
6,269,extra_trees,target_somo_somo_elst_corrected_signed_kcal_mol,extra_trees,2582,2194,388,19,42,42,42,-0.1854386849285278,3.5863483522801425,5.524533169718792
6,270,extra_trees,target_somo_somo_elst_corrected_signed_kcal_mol,extra_trees,2582,2194,388,19,42,42,42,-0.1015256843689138,3.6245395345122726,5.501508826967447
6,271,extra_trees,target_somo_somo_elst_corrected_signed_kcal_mol,extra_trees,2582,2194,388,19,42,42,42,-0.0711819054802531,3.6408955249868753,5.406494467194596
6,272,extra_trees,target_somo_somo_elst_corrected_signed_kcal_mol,extra_trees,2582,2194,388,19,42,42,42,-0.1657664008577004,3.629823408868245,5.411622855059062
6,273,extra_trees,target_somo_somo_elst_corrected_signed_kcal_mol,extra_trees,2582,2194,388,19,42,42,42,-0.1664834814510487,3.6149682504793175,5.161869142704868
6,274,extra_trees,target_somo_somo_elst_corrected_signed_kcal_mol,extra_trees,2582,2194,388,19,42,42,42,-0.1121725399254609,3.4761629319427083,5.026322645210365
6,275,extra_trees,target_somo_somo_elst_corrected_signed_kcal_mol,extra_trees,2582,2194,388,19,42,42,42,-0.106785251015111,3.434649335040976,5.415370952902583
6,276,extra_trees,target_somo_somo_elst_corrected_signed_kcal_mol,extra_trees,2582,2194,388,19,42,42,42,-0.0787067785723101,3.4440397573287784,5.368816968818695
6,277,extra_trees,target_somo_somo_elst_corrected_signed_kcal_mol,extra_trees,2582,2194,388,19,42,42,42,-0.0904217480309799,3.6566559958667457,5.881319021847697
6,278,extra_trees,target_somo_somo_elst_corrected_signed_kcal_mol,extra_trees,2582,2194,388,19,42,42,42,-0.1402114150418787,3.501292580147566,5.247104631194159
6,279,extra_trees,target_somo_somo_elst_corrected_signed_kcal_mol,extra_trees,2582,2194,388,19,42,42,42,-0.0633848397781273,3.3865451105963125,5.557817983958724
6,280,extra_trees,target_somo_somo_elst_corrected_signed_kcal_mol,extra_trees,2582,2194,388,19,42,42,42,-0.0827402977563889,3.296939244903698,4.943221153203825
6,281,extra_trees,target_somo_somo_elst_corrected_signed_kcal_mol,extra_trees,2582,2194,388,19,42,42,42,-0.1091906477851534,3.7182456856261896,5.38151394101246
6,282,extra_trees,target_somo_somo_elst_corrected_signed_kcal_mol,extra_trees,2582,2194,388,19,42,42,42,-0.2171600688019834,3.803258297565279,5.669896076825148
6,283,extra_trees,target_somo_somo_elst_corrected_signed_kcal_mol,extra_trees,2582,2194,388,19,42,42,42,-0.1092123576515369,3.629418828088535,6.046222914158892
6,284,extra_trees,target_somo_somo_elst_corrected_signed_kcal_mol,extra_trees,2582,2194,388,19,42,42,42,-0.0915066278641094,3.509257457275937,5.6633037000860895
6,285,extra_trees,target_somo_somo_elst_corrected_signed_kcal_mol,extra_trees,2582,2194,388,19,42,42,42,-0.1310190883115805,3.5693478155140563,5.650547743974057
6,286,extra_trees,target_somo_somo_elst_corrected_signed_kcal_mol,extra_trees,2582,2194,388,19,42,42,42,-0.0278081057450805,3.409870532121737,5.364775215146327
6,287,extra_trees,target_somo_somo_elst_corrected_signed_kcal_mol,extra_trees,2582,2194,388,19,42,42,42,-0.1353452448348848,3.294524216489492,4.986837409980216
6,288,extra_trees,target_somo_somo_elst_corrected_signed_kcal_mol,extra_trees,2582,2194,388,19,42,42,42,-0.1019460246128527,3.311719358173077,5.092520431657436
6,289,extra_trees,target_somo_somo_elst_corrected_signed_kcal_mol,extra_trees,2582,2194,388,19,42,42,42,-0.0814925663824859,3.5018589557218265,5.186160685469942
6,290,extra_trees,target_somo_somo_elst_corrected_signed_kcal_mol,extra_trees,2582,2194,388,19,42,42,42,-0.1999000774382828,3.406798998839652,4.996269105035626
6,291,extra_trees,target_somo_somo_elst_corrected_signed_kcal_mol,extra_trees,2582,2194,388,19,42,42,42,-0.0899152342774165,3.543840206620128,5.434513841679646
6,292,extra_trees,target_somo_somo_elst_corrected_signed_kcal_mol,extra_trees,2582,2194,388,19,42,42,42,-0.2326150448298218,3.465666818809805,4.733751604547883
6,293,extra_trees,target_somo_somo_elst_corrected_signed_kcal_mol,extra_trees,2582,2194,388,19,42,42,42,-0.0550238566266387,3.743323879048016,6.066640631248882
6,294,extra_trees,target_somo_somo_elst_corrected_signed_kcal_mol,extra_trees,2582,2194,388,19,42,42,42,-0.0865631509798712,3.212558890291891,4.5221711143109085
6,295,extra_trees,target_somo_somo_elst_corrected_signed_kcal_mol,extra_trees,2582,2194,388,19,42,42,42,-0.1906275676326772,3.563574470226445,5.137422318423294
6,296,extra_trees,target_somo_somo_elst_corrected_signed_kcal_mol,extra_trees,2582,2194,388,19,42,42,42,-0.0908211560581879,3.583164984962388,5.721733709040656
6,297,extra_trees,target_somo_somo_elst_corrected_signed_kcal_mol,extra_trees,2582,2194,388,19,42,42,42,-0.1800786650823409,3.6216921223017815,5.409567679068247
6,298,extra_trees,target_somo_somo_elst_corrected_signed_kcal_mol,extra_trees,2582,2194,388,19,42,42,42,-0.188409584641723,3.382380876574792,5.08427601695755
6,299,extra_trees,target_somo_somo_elst_corrected_signed_kcal_mol,extra_trees,2582,2194,388,19,42,42,42,-0.1129214288523299,3.294312173222243,4.98450461254276
6,300,extra_trees,target_somo_somo_elst_corrected_signed_kcal_mol,extra_trees,2582,2194,388,19,42,42,42,-0.164727168112537,3.530181265483824,5.486638997351605
6,301,extra_trees,target_somo_somo_elst_corrected_signed_kcal_mol,extra_trees,2582,2194,388,19,42,42,42,-0.1801297496930987,3.684910744961644,5.372672297502298
6,302,extra_trees,target_somo_somo_elst_corrected_signed_kcal_mol,extra_trees,2582,2194,388,19,42,42,42,-0.1119729523700339,3.606776829659175,6.030875497115251
6,303,extra_trees,target_somo_somo_elst_corrected_signed_kcal_mol,extra_trees,2582,2194,388,19,42,42,42,-0.070374936331031,3.60557042013922,5.514409064856263
6,304,extra_trees,target_somo_somo_elst_corrected_signed_kcal_mol,extra_trees,2582,2194,388,19,42,42,42,-0.0776662579898752,3.4049874170687624,5.193464111262918
6,305,extra_trees,target_somo_somo_elst_corrected_signed_kcal_mol,extra_trees,2582,2194,388,19,42,42,42,-0.1149506259668697,3.7296551311010497,6.252841895113908
6,306,extra_trees,target_somo_somo_elst_corrected_signed_kcal_mol,extra_trees,2582,2194,388,19,42,42,42,-0.1256645612598079,3.4031474804669077,4.866502184313378
6,307,extra_trees,target_somo_somo_elst_corrected_signed_kcal_mol,extra_trees,2582,2194,388,19,42,42,42,-0.1578670893499829,3.545847304283999,5.557280113770592
6,308,extra_trees,target_somo_somo_elst_corrected_signed_kcal_mol,extra_trees,2582,2194,388,19,42,42,42,-0.1099866021768118,3.682898737608327,5.802552162197824
6,309,extra_trees,target_somo_somo_elst_corrected_signed_kcal_mol,extra_trees,2582,2194,388,19,42,42,42,-0.0481848823598882,3.5127370399076496,5.392270028712048
6,310,extra_trees,target_somo_somo_elst_corrected_signed_kcal_mol,extra_trees,2582,2194,388,19,42,42,42,-0.0443692720382242,3.46579261872622,5.149787305505403
6,311,extra_trees,target_somo_somo_elst_corrected_signed_kcal_mol,extra_trees,2582,2194,388,19,42,42,42,-0.1919944907691724,3.344859237960732,4.721213952627007
6,312,extra_trees,target_somo_somo_elst_corrected_signed_kcal_mol,extra_trees,2582,2194,388,19,42,42,42,-0.1413107271025075,3.3129674336609947,4.865766338457182
6,313,extra_trees,target_somo_somo_elst_corrected_signed_kcal_mol,extra_trees,2582,2194,388,19,42,42,42,-0.1456590637262436,3.1983554944492294,4.69281363801177
6,314,extra_trees,target_somo_somo_elst_corrected_signed_kcal_mol,extra_trees,2582,2194,388,19,42,42,42,-0.0869011974679669,3.532689864262114,5.783608964347248
6,315,extra_trees,target_somo_somo_elst_corrected_signed_kcal_mol,extra_trees,2582,2194,388,19,42,42,42,-0.0296488566365273,3.378145317062033,5.592782743401799
6,316,extra_trees,target_somo_somo_elst_corrected_signed_kcal_mol,extra_trees,2582,2194,388,19,42,42,42,-0.1012538893267296,3.3451138077494225,4.892968241365281
6,317,extra_trees,target_somo_somo_elst_corrected_signed_kcal_mol,extra_trees,2582,2194,388,19,42,42,42,-0.1358833313946703,3.794058299764035,6.069942441574169
6,318,extra_trees,target_somo_somo_elst_corrected_signed_kcal_mol,extra_trees,2582,2194,388,19,42,42,42,-0.1219641552837513,3.418629832086878,5.609493905037637
6,319,extra_trees,target_somo_somo_elst_corrected_signed_kcal_mol,extra_trees,2582,2194,388,19,42,42,42,-0.0539082958059482,3.412529826357268,4.948513909732719
6,320,extra_trees,target_somo_somo_elst_corrected_signed_kcal_mol,extra_trees,2582,2194,388,19,42,42,42,-0.0744985150113006,3.289611674303192,5.06604549664757
6,321,extra_trees,target_somo_somo_elst_corrected_signed_kcal_mol,extra_trees,2582,2194,388,19,42,42,42,-0.0504657495836051,3.6253162410587447,6.187037574999219
6,322,extra_trees,target_somo_somo_elst_corrected_signed_kcal_mol,extra_trees,2582,2194,388,19,42,42,42,-0.0534810049850775,3.4729991425319016,5.732060336109296
6,323,extra_trees,target_somo_somo_elst_corrected_signed_kcal_mol,extra_trees,2582,2194,388,19,42,42,42,-0.1797061241338231,3.470759099889044,5.221037060561145
6,324,extra_trees,target_somo_somo_elst_corrected_signed_kcal_mol,extra_trees,2582,2194,388,19,42,42,42,-0.1772593931633614,3.183510060774668,4.715062019092818
6,325,extra_trees,target_somo_somo_elst_corrected_signed_kcal_mol,extra_trees,2582,2194,388,19,42,42,42,-0.1650016648018508,3.1632639658000863,4.377698318278247
6,326,extra_trees,target_somo_somo_elst_corrected_signed_kcal_mol,extra_trees,2582,2194,388,19,42,42,42,-0.032513703162349,3.3696406510493104,5.406250139359374
6,327,extra_trees,target_somo_somo_elst_corrected_signed_kcal_mol,extra_trees,2582,2194,388,19,42,42,42,-0.0375223204016856,3.62658963272344,5.61166934806666
6,328,extra_trees,target_somo_somo_elst_corrected_signed_kcal_mol,extra_trees,2582,2194,388,19,42,42,42,-0.1552372282807432,3.55338570340809,5.123321673830123
6,329,extra_trees,target_somo_somo_elst_corrected_signed_kcal_mol,extra_trees,2582,2194,388,19,42,42,42,-0.1533108495733781,3.606959952078274,5.243331094048437
6,330,extra_trees,target_somo_somo_elst_corrected_signed_kcal_mol,extra_trees,2582,2194,388,19,42,42,42,-0.160164409813575,3.3846948354118305,5.0917812390592525
6,331,extra_trees,target_somo_somo_elst_corrected_signed_kcal_mol,extra_trees,2582,2194,388,19,42,42,42,-0.1925427425364942,3.797889647967376,6.0571401158896245
6,332,extra_trees,target_somo_somo_elst_corrected_signed_kcal_mol,extra_trees,2582,2194,388,19,42,42,42,-0.1221127925681608,3.7847591931803257,5.562980391492139
6,333,extra_trees,target_somo_somo_elst_corrected_signed_kcal_mol,extra_trees,2582,2194,388,19,42,42,42,-0.1252546784521531,3.4540951789053063,5.216527538378033
6,334,extra_trees,target_somo_somo_elst_corrected_signed_kcal_mol,extra_trees,2582,2194,388,19,42,42,42,-0.1754942216537516,3.537664473931379,5.4617374116422
6,335,extra_trees,target_somo_somo_elst_corrected_signed_kcal_mol,extra_trees,2582,2194,388,19,42,42,42,-0.1454331973266642,3.4265292233233566,5.138549830404201
6,336,extra_trees,target_somo_somo_elst_corrected_signed_kcal_mol,extra_trees,2582,2194,388,19,42,42,42,-0.0957083172219088,3.732324217450578,6.241952089528959
6,337,extra_trees,target_somo_somo_elst_corrected_signed_kcal_mol,extra_trees,2582,2194,388,19,42,42,42,-0.1021949210538819,3.609439311541215,5.536963137781588
6,338,extra_trees,target_somo_somo_elst_corrected_signed_kcal_mol,extra_trees,2582,2194,388,19,42,42,42,-0.2513326116673127,3.2817335116306863,4.803480726122429
6,339,extra_trees,target_somo_somo_elst_corrected_signed_kcal_mol,extra_trees,2582,2194,388,19,42,42,42,-0.1040435574026235,3.692036742682368,5.611314765674386
6,340,extra_trees,target_somo_somo_elst_corrected_signed_kcal_mol,extra_trees,2582,2194,388,19,42,42,42,-0.1160929295841057,3.5714038406406194,5.4216303486328
6,341,extra_trees,target_somo_somo_elst_corrected_signed_kcal_mol,extra_trees,2582,2194,388,19,42,42,42,-0.1177577756549881,3.842027889609858,5.812776891245815
6,342,extra_trees,target_somo_somo_elst_corrected_signed_kcal_mol,extra_trees,2582,2194,388,19,42,42,42,-0.118056389530333,3.5155791187210124,5.477873978557365
6,343,extra_trees,target_somo_somo_elst_corrected_signed_kcal_mol,extra_trees,2582,2194,388,19,42,42,42,-0.1144242803344341,3.6266978501858818,5.601691893467821
6,344,extra_trees,target_somo_somo_elst_corrected_signed_kcal_mol,extra_trees,2582,2194,388,19,42,42,42,-0.1045890700634106,3.677846802885304,5.544682312244109
6,345,extra_trees,target_somo_somo_elst_corrected_signed_kcal_mol,extra_trees,2582,2194,388,19,42,42,42,-0.1291647228064532,3.356290061491655,4.787458744145183
6,346,extra_trees,target_somo_somo_elst_corrected_signed_kcal_mol,extra_trees,2582,2194,388,19,42,42,42,-0.146343854705182,3.598651263280829,5.857591632302075
6,347,extra_trees,target_somo_somo_elst_corrected_signed_kcal_mol,extra_trees,2582,2194,388,19,42,42,42,-0.0916664610463007,3.468260580622747,5.504609720670263
6,348,extra_trees,target_somo_somo_elst_corrected_signed_kcal_mol,extra_trees,2582,2194,388,19,42,42,42,-0.1028988959232695,3.499015974261941,5.439689596458937
6,349,extra_trees,target_somo_somo_elst_corrected_signed_kcal_mol,extra_trees,2582,2194,388,19,42,42,42,-0.0566239148795963,3.58344973425145,5.7083613475963295
6,350,extra_trees,target_somo_somo_elst_corrected_signed_kcal_mol,extra_trees,2582,2194,388,19,42,42,42,-0.1240645236515931,3.6947101870156,5.698633797182128
6,351,extra_trees,target_somo_somo_elst_corrected_signed_kcal_mol,extra_trees,2582,2194,388,19,42,42,42,-0.10678335365273,3.380766206027901,5.10511667002956
6,352,extra_trees,target_somo_somo_elst_corrected_signed_kcal_mol,extra_trees,2582,2194,388,19,42,42,42,-0.0558917560357787,3.7028123984532666,5.576783734029818
6,353,extra_trees,target_somo_somo_elst_corrected_signed_kcal_mol,extra_trees,2582,2194,388,19,42,42,42,-0.0573734054667702,3.233769648247372,4.85286657767309
6,354,extra_trees,target_somo_somo_elst_corrected_signed_kcal_mol,extra_trees,2582,2194,388,19,42,42,42,-0.1251410263247476,3.376111044835361,4.938993062469897
6,355,extra_trees,target_somo_somo_elst_corrected_signed_kcal_mol,extra_trees,2582,2194,388,19,42,42,42,-0.1718663647731142,3.847471166127046,5.782266046669911
6,356,extra_trees,target_somo_somo_elst_corrected_signed_kcal_mol,extra_trees,2582,2194,388,19,42,42,42,-0.0802378497957916,3.4893436205325146,5.460364895349192
6,357,extra_trees,target_somo_somo_elst_corrected_signed_kcal_mol,extra_trees,2582,2194,388,19,42,42,42,-0.1023315478604787,3.55468349336046,5.595410862548929
6,358,extra_trees,target_somo_somo_elst_corrected_signed_kcal_mol,extra_trees,2582,2194,388,19,42,42,42,-0.2696361110494412,3.047448151937271,4.126155269094515
6,359,extra_trees,target_somo_somo_elst_corrected_signed_kcal_mol,extra_trees,2582,2194,388,19,42,42,42,-0.1175035052618387,3.391372763633428,5.162533802626954
6,360,extra_trees,target_somo_somo_elst_corrected_signed_kcal_mol,extra_trees,2582,2194,388,19,42,42,42,-0.1377033141626702,3.599432394914935,5.604954631775382
6,361,extra_trees,target_somo_somo_elst_corrected_signed_kcal_mol,extra_trees,2582,2194,388,19,42,42,42,-0.1051079276197159,3.684184634419679,5.349769929858074
6,362,extra_trees,target_somo_somo_elst_corrected_signed_kcal_mol,extra_trees,2582,2194,388,19,42,42,42,-0.1250306649177643,3.668192378841536,5.661915370002416
6,363,extra_trees,target_somo_somo_elst_corrected_signed_kcal_mol,extra_trees,2582,2194,388,19,42,42,42,-0.0700940588814333,3.13988487334815,4.617446939389437
6,364,extra_trees,target_somo_somo_elst_corrected_signed_kcal_mol,extra_trees,2582,2194,388,19,42,42,42,-0.200754540176459,3.360698293033177,4.758671181811394
6,365,extra_trees,target_somo_somo_elst_corrected_signed_kcal_mol,extra_trees,2582,2194,388,19,42,42,42,-0.2170386686489982,3.408514306354204,4.654741492417976
6,366,extra_trees,target_somo_somo_elst_corrected_signed_kcal_mol,extra_trees,2582,2194,388,19,42,42,42,-0.142122078540426,3.3988397163722763,4.93066613625594
6,367,extra_trees,target_somo_somo_elst_corrected_signed_kcal_mol,extra_trees,2582,2194,388,19,42,42,42,-0.0801613976153345,3.441399589042122,5.146325376274923
6,368,extra_trees,target_somo_somo_elst_corrected_signed_kcal_mol,extra_trees,2582,2194,388,19,42,42,42,-0.1574331658520493,3.725925176210395,5.667685689832064
6,369,extra_trees,target_somo_somo_elst_corrected_signed_kcal_mol,extra_trees,2582,2194,388,19,42,42,42,-0.2535159050213191,3.188925897701229,4.639917698381413
6,370,extra_trees,target_somo_somo_elst_corrected_signed_kcal_mol,extra_trees,2582,2194,388,19,42,42,42,-0.1387578185362841,3.706790368878458,5.984815985244995
6,371,extra_trees,target_somo_somo_elst_corrected_signed_kcal_mol,extra_trees,2582,2194,388,19,42,42,42,-0.0326922869671881,3.4916092271496515,5.6126417975912855
6,372,extra_trees,target_somo_somo_elst_corrected_signed_kcal_mol,extra_trees,2582,2194,388,19,42,42,42,-0.0622833415644028,3.444221226350617,5.644352811939982
6,373,extra_trees,target_somo_somo_elst_corrected_signed_kcal_mol,extra_trees,2582,2194,388,19,42,42,42,-0.1519293367415708,3.0561842001333828,4.08022692605917
6,374,extra_trees,target_somo_somo_elst_corrected_signed_kcal_mol,extra_trees,2582,2194,388,19,42,42,42,-0.0838541753626973,3.53857461208942,5.625112740744816
6,375,extra_trees,target_somo_somo_elst_corrected_signed_kcal_mol,extra_trees,2582,2194,388,19,42,42,42,-0.0570864848775418,3.584733701653506,5.822354287255196
6,376,extra_trees,target_somo_somo_elst_corrected_signed_kcal_mol,extra_trees,2582,2194,388,19,42,42,42,-0.0304528314791903,3.363992867061293,5.3768261889198845
6,377,extra_trees,target_somo_somo_elst_corrected_signed_kcal_mol,extra_trees,2582,2194,388,19,42,42,42,-0.2668683874570441,3.5650988289717,5.2808095170580005
6,378,extra_trees,target_somo_somo_elst_corrected_signed_kcal_mol,extra_trees,2582,2194,388,19,42,42,42,-0.1576751976109787,3.336555775287516,4.804005431904248
6,379,extra_trees,target_somo_somo_elst_corrected_signed_kcal_mol,extra_trees,2582,2194,388,19,42,42,42,-0.0734942698088434,3.2848834640327382,4.935475458447455
6,380,extra_trees,target_somo_somo_elst_corrected_signed_kcal_mol,extra_trees,2582,2194,388,19,42,42,42,-0.2220431427244789,3.6388852420875297,5.3212250040909215
6,381,extra_trees,target_somo_somo_elst_corrected_signed_kcal_mol,extra_trees,2582,2194,388,19,42,42,42,-0.0760498977727277,3.3440312791752738,5.33935550456551
6,382,extra_trees,target_somo_somo_elst_corrected_signed_kcal_mol,extra_trees,2582,2194,388,19,42,42,42,-0.0644450418757156,3.3979192398142017,5.168356261053248
6,383,extra_trees,target_somo_somo_elst_corrected_signed_kcal_mol,extra_trees,2582,2194,388,19,42,42,42,-0.0913089867551153,3.4742004472422843,5.805517611180491
6,384,extra_trees,target_somo_somo_elst_corrected_signed_kcal_mol,extra_trees,2582,2194,388,19,42,42,42,-0.1059651298813275,3.64228908928051,5.679741172809264
6,385,extra_trees,target_somo_somo_elst_corrected_signed_kcal_mol,extra_trees,2582,2194,388,19,42,42,42,-0.1082755074590466,3.69891170097178,5.917800907547571
6,386,extra_trees,target_somo_somo_elst_corrected_signed_kcal_mol,extra_trees,2582,2194,388,19,42,42,42,-0.1025472251895378,3.4773145238040413,5.409271841737239
6,387,extra_trees,target_somo_somo_elst_corrected_signed_kcal_mol,extra_trees,2582,2194,388,19,42,42,42,-0.0873298347249325,3.552015005106022,5.523520470680926
6,388,extra_trees,target_somo_somo_elst_corrected_signed_kcal_mol,extra_trees,2582,2194,388,19,42,42,42,-0.134806475503983,3.501920365010113,5.259238510527428
6,389,extra_trees,target_somo_somo_elst_corrected_signed_kcal_mol,extra_trees,2582,2194,388,19,42,42,42,-0.1040293981166464,3.303412284055084,4.6309498846231625
6,390,extra_trees,target_somo_somo_elst_corrected_signed_kcal_mol,extra_trees,2582,2194,388,19,42,42,42,-0.1684662588485941,3.4903456745465213,5.13524622891403
6,391,extra_trees,target_somo_somo_elst_corrected_signed_kcal_mol,extra_trees,2582,2194,388,19,42,42,42,-0.1130213107635864,3.6638831105926033,5.691973455676084
6,392,extra_trees,target_somo_somo_elst_corrected_signed_kcal_mol,extra_trees,2582,2194,388,19,42,42,42,-0.1485387301136358,3.329721913935926,5.0404838959654406
6,393,extra_trees,target_somo_somo_elst_corrected_signed_kcal_mol,extra_trees,2582,2194,388,19,42,42,42,-0.0962066125408696,3.4198240702239397,4.9171228647333045
6,394,extra_trees,target_somo_somo_elst_corrected_signed_kcal_mol,extra_trees,2582,2194,388,19,42,42,42,-0.0809332425864675,4.070325945862167,6.832699044365614
6,395,extra_trees,target_somo_somo_elst_corrected_signed_kcal_mol,extra_trees,2582,2194,388,19,42,42,42,-0.1393961239054664,3.7405907725180674,6.106136452765284
6,396,extra_trees,target_somo_somo_elst_corrected_signed_kcal_mol,extra_trees,2582,2194,388,19,42,42,42,-0.0821133418550084,3.686544422649824,5.769856931575879
6,397,extra_trees,target_somo_somo_elst_corrected_signed_kcal_mol,extra_trees,2582,2194,388,19,42,42,42,-0.0807814839964624,3.55331514669748,5.987414979450338
6,398,extra_trees,target_somo_somo_elst_corrected_signed_kcal_mol,extra_trees,2582,2194,388,19,42,42,42,-0.0944060642443465,3.4111526413205158,5.184979516670559
6,399,extra_trees,target_somo_somo_elst_corrected_signed_kcal_mol,extra_trees,2582,2194,388,19,42,42,42,-0.1760444145926238,3.8163242081515545,6.0332205412315805
6,400,extra_trees,target_somo_somo_elst_corrected_signed_kcal_mol,extra_trees,2582,2194,388,19,42,42,42,-0.0486054276150806,3.411651257419377,5.310311825474535
6,401,extra_trees,target_somo_somo_elst_corrected_signed_kcal_mol,extra_trees,2582,2194,388,19,42,42,42,-0.0172695211163578,3.514470471910307,5.633376668937418
6,402,extra_trees,target_somo_somo_elst_corrected_signed_kcal_mol,extra_trees,2582,2194,388,19,42,42,42,-0.1327568840045312,3.6194853099360578,5.606271754701111
6,403,extra_trees,target_somo_somo_elst_corrected_signed_kcal_mol,extra_trees,2582,2194,388,19,42,42,42,-0.0717418108487373,3.441926808209032,5.352434702789748
6,404,extra_trees,target_somo_somo_elst_corrected_signed_kcal_mol,extra_trees,2582,2194,388,19,42,42,42,-0.1034833099355707,3.661354559840807,5.516385970057213
6,405,extra_trees,target_somo_somo_elst_corrected_signed_kcal_mol,extra_trees,2582,2194,388,19,42,42,42,-0.0927834450465159,3.679733112387,5.499326122658838
6,406,extra_trees,target_somo_somo_elst_corrected_signed_kcal_mol,extra_trees,2582,2194,388,19,42,42,42,-0.1380039777103021,3.4415131350606853,5.313767021791984
6,407,extra_trees,target_somo_somo_elst_corrected_signed_kcal_mol,extra_trees,2582,2194,388,19,42,42,42,-0.0867520066756886,3.3280753788583683,4.801786029657946
6,408,extra_trees,target_somo_somo_elst_corrected_signed_kcal_mol,extra_trees,2582,2194,388,19,42,42,42,-0.1443779495610986,3.3694672971560986,4.811863678942344
6,409,extra_trees,target_somo_somo_elst_corrected_signed_kcal_mol,extra_trees,2582,2194,388,19,42,42,42,-0.2056942283464815,3.865642183413742,5.698004627589598
6,410,extra_trees,target_somo_somo_elst_corrected_signed_kcal_mol,extra_trees,2582,2194,388,19,42,42,42,-0.0317254254483805,3.261630372132271,5.063985722581182
6,411,extra_trees,target_somo_somo_elst_corrected_signed_kcal_mol,extra_trees,2582,2194,388,19,42,42,42,-0.2006456549033088,3.305627667738182,4.97639719143508
6,412,extra_trees,target_somo_somo_elst_corrected_signed_kcal_mol,extra_trees,2582,2194,388,19,42,42,42,-0.1538109756655596,3.5421608855214184,5.611610902016992
6,413,extra_trees,target_somo_somo_elst_corrected_signed_kcal_mol,extra_trees,2582,2194,388,19,42,42,42,-0.1829608801425346,3.445442544162183,5.112496786646656
6,414,extra_trees,target_somo_somo_elst_corrected_signed_kcal_mol,extra_trees,2582,2194,388,19,42,42,42,-0.1025434372906806,3.707439112363561,5.867874485417477
6,415,extra_trees,target_somo_somo_elst_corrected_signed_kcal_mol,extra_trees,2582,2194,388,19,42,42,42,-0.1386221526711593,3.377714993767962,5.386105196332681
6,416,extra_trees,target_somo_somo_elst_corrected_signed_kcal_mol,extra_trees,2582,2194,388,19,42,42,42,-0.1210167668988166,3.200112832106174,4.475588558224962
6,417,extra_trees,target_somo_somo_elst_corrected_signed_kcal_mol,extra_trees,2582,2194,388,19,42,42,42,-0.0715123675830449,3.67880597634272,5.710619643432496
6,418,extra_trees,target_somo_somo_elst_corrected_signed_kcal_mol,extra_trees,2582,2194,388,19,42,42,42,-0.0462091939558211,3.3275820798172524,5.348070800181123
6,419,extra_trees,target_somo_somo_elst_corrected_signed_kcal_mol,extra_trees,2582,2194,388,19,42,42,42,-0.1268931576306944,3.7077426469931978,5.422823355906791
6,420,extra_trees,target_somo_somo_elst_corrected_signed_kcal_mol,extra_trees,2582,2194,388,19,42,42,42,-0.0429702472754096,3.439809719998865,5.14232904998284
6,421,extra_trees,target_somo_somo_elst_corrected_signed_kcal_mol,extra_trees,2582,2194,388,19,42,42,42,-0.1669737404034175,3.805997776803176,6.050906472127023
6,422,extra_trees,target_somo_somo_elst_corrected_signed_kcal_mol,extra_trees,2582,2194,388,19,42,42,42,-0.1796217165057312,3.225624486623613,4.438242146071737
6,423,extra_trees,target_somo_somo_elst_corrected_signed_kcal_mol,extra_trees,2582,2194,388,19,42,42,42,-0.0667286977200816,3.51279491150582,5.410755050707422
6,424,extra_trees,target_somo_somo_elst_corrected_signed_kcal_mol,extra_trees,2582,2194,388,19,42,42,42,-0.1076834755483113,3.285925532190872,5.078027227279236
6,425,extra_trees,target_somo_somo_elst_corrected_signed_kcal_mol,extra_trees,2582,2194,388,19,42,42,42,-0.0807735765219384,3.506870596631038,5.605076994168014
6,426,extra_trees,target_somo_somo_elst_corrected_signed_kcal_mol,extra_trees,2582,2194,388,19,42,42,42,-0.0236512261154697,3.406643246133325,5.568459128713776
6,427,extra_trees,target_somo_somo_elst_corrected_signed_kcal_mol,extra_trees,2582,2194,388,19,42,42,42,-0.099600919367347,3.45886833608983,4.969020929247151
6,428,extra_trees,target_somo_somo_elst_corrected_signed_kcal_mol,extra_trees,2582,2194,388,19,42,42,42,-0.0707726606218448,3.5382267856252287,5.450445044414369
6,429,extra_trees,target_somo_somo_elst_corrected_signed_kcal_mol,extra_trees,2582,2194,388,19,42,42,42,-0.0528361105463708,3.24314883862293,5.2676661469048485
6,430,extra_trees,target_somo_somo_elst_corrected_signed_kcal_mol,extra_trees,2582,2194,388,19,42,42,42,-0.1794043081701379,3.3733261661388423,4.674718444752068
6,431,extra_trees,target_somo_somo_elst_corrected_signed_kcal_mol,extra_trees,2582,2194,388,19,42,42,42,-0.1636283863966825,3.278360031595501,4.758330435166156
6,432,extra_trees,target_somo_somo_elst_corrected_signed_kcal_mol,extra_trees,2582,2194,388,19,42,42,42,-0.0865492656332893,3.6020575360460643,5.41469024874985
6,433,extra_trees,target_somo_somo_elst_corrected_signed_kcal_mol,extra_trees,2582,2194,388,19,42,42,42,-0.1306524534425082,3.3854071304738684,5.198274283993925
6,434,extra_trees,target_somo_somo_elst_corrected_signed_kcal_mol,extra_trees,2582,2194,388,19,42,42,42,-0.110376197853055,3.6253137899467576,5.2320513568582925
6,435,extra_trees,target_somo_somo_elst_corrected_signed_kcal_mol,extra_trees,2582,2194,388,19,42,42,42,-0.0657180530897614,3.4871456333511253,5.543200285986731
6,436,extra_trees,target_somo_somo_elst_corrected_signed_kcal_mol,extra_trees,2582,2194,388,19,42,42,42,-0.1261217590187782,3.646447260223245,5.835938231787509
6,437,extra_trees,target_somo_somo_elst_corrected_signed_kcal_mol,extra_trees,2582,2194,388,19,42,42,42,-0.1149612220476172,3.367319500194739,4.968326145972051
6,438,extra_trees,target_somo_somo_elst_corrected_signed_kcal_mol,extra_trees,2582,2194,388,19,42,42,42,-0.2730406960465914,3.502833669714854,4.931012671947361
6,439,extra_trees,target_somo_somo_elst_corrected_signed_kcal_mol,extra_trees,2582,2194,388,19,42,42,42,-0.02606592514732,3.802492624064903,6.244930740962112
6,440,extra_trees,target_somo_somo_elst_corrected_signed_kcal_mol,extra_trees,2582,2194,388,19,42,42,42,-0.0740874106596367,4.006740277105593,6.986101868592393
6,441,extra_trees,target_somo_somo_elst_corrected_signed_kcal_mol,extra_trees,2582,2194,388,19,42,42,42,-0.1724738616331278,3.367687756137744,4.775663919128048
6,442,extra_trees,target_somo_somo_elst_corrected_signed_kcal_mol,extra_trees,2582,2194,388,19,42,42,42,-0.1281876779194046,3.604513640351203,5.821437960565119
6,443,extra_trees,target_somo_somo_elst_corrected_signed_kcal_mol,extra_trees,2582,2194,388,19,42,42,42,-0.111626720000161,3.768554250011437,5.8221448059542
6,444,extra_trees,target_somo_somo_elst_corrected_signed_kcal_mol,extra_trees,2582,2194,388,19,42,42,42,-0.0921732579851544,3.6960884933588263,6.049199995106895
6,445,extra_trees,target_somo_somo_elst_corrected_signed_kcal_mol,extra_trees,2582,2194,388,19,42,42,42,-0.1355414207417544,3.0692908226414777,4.495705864140766
6,446,extra_trees,target_somo_somo_elst_corrected_signed_kcal_mol,extra_trees,2582,2194,388,19,42,42,42,-0.1826438179186069,3.4300261850243565,5.1926581254853765
6,447,extra_trees,target_somo_somo_elst_corrected_signed_kcal_mol,extra_trees,2582,2194,388,19,42,42,42,-0.0732443712047867,3.282105352276224,4.8374347173099
6,448,extra_trees,target_somo_somo_elst_corrected_signed_kcal_mol,extra_trees,2582,2194,388,19,42,42,42,-0.0819925473050489,3.7116806489425858,5.866433458408872
6,449,extra_trees,target_somo_somo_elst_corrected_signed_kcal_mol,extra_trees,2582,2194,388,19,42,42,42,-0.25487919369368,3.45720719104948,4.955944777643627
6,450,extra_trees,target_somo_somo_elst_corrected_signed_kcal_mol,extra_trees,2582,2194,388,19,42,42,42,-0.0579112408628832,3.294365307588865,5.235420597471742
6,451,extra_trees,target_somo_somo_elst_corrected_signed_kcal_mol,extra_trees,2582,2194,388,19,42,42,42,-0.0823168946373391,4.069150347459447,6.938698562857173
6,452,extra_trees,target_somo_somo_elst_corrected_signed_kcal_mol,extra_trees,2582,2194,388,19,42,42,42,-0.3729811240628953,3.6226059856762634,5.158656944692211
6,453,extra_trees,target_somo_somo_elst_corrected_signed_kcal_mol,extra_trees,2582,2194,388,19,42,42,42,-0.100326582650517,3.567401216912898,5.495125257366798
6,454,extra_trees,target_somo_somo_elst_corrected_signed_kcal_mol,extra_trees,2582,2194,388,19,42,42,42,-0.2066733841859116,3.5489788060473795,5.236208144009432
6,455,extra_trees,target_somo_somo_elst_corrected_signed_kcal_mol,extra_trees,2582,2194,388,19,42,42,42,-0.1597325114018317,3.5639165292765336,5.177036036549544
6,456,extra_trees,target_somo_somo_elst_corrected_signed_kcal_mol,extra_trees,2582,2194,388,19,42,42,42,-0.089378971132128,3.599672759348772,5.899185538604391
6,457,extra_trees,target_somo_somo_elst_corrected_signed_kcal_mol,extra_trees,2582,2194,388,19,42,42,42,-0.0594644769637298,3.549394544526172,5.345102074963376
6,458,extra_trees,target_somo_somo_elst_corrected_signed_kcal_mol,extra_trees,2582,2194,388,19,42,42,42,-0.213362580826153,3.346314741397207,4.698426374005771
6,459,extra_trees,target_somo_somo_elst_corrected_signed_kcal_mol,extra_trees,2582,2194,388,19,42,42,42,-0.0992156527580319,3.600751910898801,5.406939121021885
6,460,extra_trees,target_somo_somo_elst_corrected_signed_kcal_mol,extra_trees,2582,2194,388,19,42,42,42,-0.1507292626550092,3.548699455049127,5.211587692468716
6,461,extra_trees,target_somo_somo_elst_corrected_signed_kcal_mol,extra_trees,2582,2194,388,19,42,42,42,-0.1689522871521431,3.128415803839331,4.418873773716056
6,462,extra_trees,target_somo_somo_elst_corrected_signed_kcal_mol,extra_trees,2582,2194,388,19,42,42,42,-0.0994798934230625,3.4095877949553324,5.053094382987952
6,463,extra_trees,target_somo_somo_elst_corrected_signed_kcal_mol,extra_trees,2582,2194,388,19,42,42,42,-0.0914266562517087,3.902485288995053,6.236906600861841
6,464,extra_trees,target_somo_somo_elst_corrected_signed_kcal_mol,extra_trees,2582,2194,388,19,42,42,42,-0.0816100832498016,3.5056795882630865,5.6734235249749725
6,465,extra_trees,target_somo_somo_elst_corrected_signed_kcal_mol,extra_trees,2582,2194,388,19,42,42,42,-0.2676883940702863,3.0153469734512344,4.288292445324379
6,466,extra_trees,target_somo_somo_elst_corrected_signed_kcal_mol,extra_trees,2582,2194,388,19,42,42,42,-0.1499047696090518,3.5081961595318725,5.492979590346723
6,467,extra_trees,target_somo_somo_elst_corrected_signed_kcal_mol,extra_trees,2582,2194,388,19,42,42,42,-0.1891757135762628,3.66727478353254,5.461558288373516
6,468,extra_trees,target_somo_somo_elst_corrected_signed_kcal_mol,extra_trees,2582,2194,388,19,42,42,42,-0.1030743572168437,3.386175807896356,5.0419321572740845
6,469,extra_trees,target_somo_somo_elst_corrected_signed_kcal_mol,extra_trees,2582,2194,388,19,42,42,42,-0.0939142960240873,3.5998157510060693,5.433048741254587
6,470,extra_trees,target_somo_somo_elst_corrected_signed_kcal_mol,extra_trees,2582,2194,388,19,42,42,42,-0.1745196632393741,3.535935959531701,4.914715357189367
6,471,extra_trees,target_somo_somo_elst_corrected_signed_kcal_mol,extra_trees,2582,2194,388,19,42,42,42,-0.1818241960823909,3.2192857719356187,4.607342510350568
6,472,extra_trees,target_somo_somo_elst_corrected_signed_kcal_mol,extra_trees,2582,2194,388,19,42,42,42,-0.1931308053289184,3.5292270973948328,5.15005860509581
6,473,extra_trees,target_somo_somo_elst_corrected_signed_kcal_mol,extra_trees,2582,2194,388,19,42,42,42,-0.1893767830108963,3.6434399090158975,5.558965127745268
6,474,extra_trees,target_somo_somo_elst_corrected_signed_kcal_mol,extra_trees,2582,2194,388,19,42,42,42,-0.0941943600258692,3.525883636161066,5.028924370346498
6,475,extra_trees,target_somo_somo_elst_corrected_signed_kcal_mol,extra_trees,2582,2194,388,19,42,42,42,-0.2211324107880239,3.636346193006942,5.342616405137055
6,476,extra_trees,target_somo_somo_elst_corrected_signed_kcal_mol,extra_trees,2582,2194,388,19,42,42,42,-0.0978687185746662,3.4580740633967424,5.475403416603214
6,477,extra_trees,target_somo_somo_elst_corrected_signed_kcal_mol,extra_trees,2582,2194,388,19,42,42,42,-0.1110709335381805,3.7371632923524136,5.694160615237169
6,478,extra_trees,target_somo_somo_elst_corrected_signed_kcal_mol,extra_trees,2582,2194,388,19,42,42,42,-0.0321449147926016,3.052692670603078,4.313684953156374
6,479,extra_trees,target_somo_somo_elst_corrected_signed_kcal_mol,extra_trees,2582,2194,388,19,42,42,42,-0.0287582202460512,3.5150976453589347,5.537960635889926
6,480,extra_trees,target_somo_somo_elst_corrected_signed_kcal_mol,extra_trees,2582,2194,388,19,42,42,42,-0.066809331606467,3.3446720848442806,5.006327931824073
6,481,extra_trees,target_somo_somo_elst_corrected_signed_kcal_mol,extra_trees,2582,2194,388,19,42,42,42,-0.1206533280988138,3.335061954735502,4.8823054319557935
6,482,extra_trees,target_somo_somo_elst_corrected_signed_kcal_mol,extra_trees,2582,2194,388,19,42,42,42,-0.0740853861751658,3.448620172913718,4.824981638150099
6,483,extra_trees,target_somo_somo_elst_corrected_signed_kcal_mol,extra_trees,2582,2194,388,19,42,42,42,-0.0684781630054582,3.576481796733068,5.892719986492317
6,484,extra_trees,target_somo_somo_elst_corrected_signed_kcal_mol,extra_trees,2582,2194,388,19,42,42,42,-0.1346360977881264,3.6538375487040256,5.579011316666727
6,485,extra_trees,target_somo_somo_elst_corrected_signed_kcal_mol,extra_trees,2582,2194,388,19,42,42,42,-0.1364751764205203,3.505054414844894,5.382761586677789
6,486,extra_trees,target_somo_somo_elst_corrected_signed_kcal_mol,extra_trees,2582,2194,388,19,42,42,42,-0.0678290172609783,3.6576544006567087,5.821040552264462
6,487,extra_trees,target_somo_somo_elst_corrected_signed_kcal_mol,extra_trees,2582,2194,388,19,42,42,42,-0.156016621083042,3.70712419169256,5.972921039044468
6,488,extra_trees,target_somo_somo_elst_corrected_signed_kcal_mol,extra_trees,2582,2194,388,19,42,42,42,-0.126128694126943,3.415274606563755,5.476686517803972
6,489,extra_trees,target_somo_somo_elst_corrected_signed_kcal_mol,extra_trees,2582,2194,388,19,42,42,42,-0.1034105797494564,3.355301545118236,5.270782643584968
6,490,extra_trees,target_somo_somo_elst_corrected_signed_kcal_mol,extra_trees,2582,2194,388,19,42,42,42,-0.115045487546801,3.4297101136884183,5.371225883687299
6,491,extra_trees,target_somo_somo_elst_corrected_signed_kcal_mol,extra_trees,2582,2194,388,19,42,42,42,-0.0647513808644362,3.544453762083548,5.536105755884768
6,492,extra_trees,target_somo_somo_elst_corrected_signed_kcal_mol,extra_trees,2582,2194,388,19,42,42,42,-0.0759271998812034,3.431036857798625,5.512215780583508
6,493,extra_trees,target_somo_somo_elst_corrected_signed_kcal_mol,extra_trees,2582,2194,388,19,42,42,42,-0.0980110921540626,3.934584152838212,6.426696952215886
6,494,extra_trees,target_somo_somo_elst_corrected_signed_kcal_mol,extra_trees,2582,2194,388,19,42,42,42,-0.0705159260992451,3.652102899514088,6.247140023472137
6,495,extra_trees,target_somo_somo_elst_corrected_signed_kcal_mol,extra_trees,2582,2194,388,19,42,42,42,-0.111743683206186,3.2526578000039765,4.766529415347597
6,496,extra_trees,target_somo_somo_elst_corrected_signed_kcal_mol,extra_trees,2582,2194,388,19,42,42,42,-0.1010536086024187,3.768533568978363,6.023574548837189
6,497,extra_trees,target_somo_somo_elst_corrected_signed_kcal_mol,extra_trees,2582,2194,388,19,42,42,42,-0.1064584261054208,3.583365767151148,6.048335926923365
6,498,extra_trees,target_somo_somo_elst_corrected_signed_kcal_mol,extra_trees,2582,2194,388,19,42,42,42,-0.111861976511181,3.716900998189044,5.988746484810945
6,499,extra_trees,target_somo_somo_elst_corrected_signed_kcal_mol,extra_trees,2582,2194,388,19,42,42,42,-0.2057563824928288,3.561444637487137,5.027452166611425
6,500,extra_trees,target_somo_somo_elst_corrected_signed_kcal_mol,extra_trees,2582,2194,388,19,42,42,42,-0.0898793950708474,3.65645838203958,5.737793302426258
1,1,mlp,target_fodft_coupling_abs_ev,mlp_128_64_32_a1e-4,2582,2194,388,19,42,42,42,0.0021610487956763,0.172485090093814,0.2274144929955282
1,2,mlp,target_fodft_coupling_abs_ev,mlp_128_64_32_a1e-4,2582,2194,388,19,42,42,42,-0.0042463359083333,0.1721166031780958,0.2256462462321724
1,3,mlp,target_fodft_coupling_abs_ev,mlp_128_64_32_a1e-4,2582,2194,388,19,42,42,42,-0.0359674321986898,0.17742322000878,0.2140512569979283
1,4,mlp,target_fodft_coupling_abs_ev,mlp_128_64_32_a1e-4,2582,2194,388,19,42,42,42,-0.0656256554407628,0.1688482524150647,0.2074080513947549
1,5,mlp,target_fodft_coupling_abs_ev,mlp_128_64_32_a1e-4,2582,2194,388,19,42,42,42,-0.0125037110323764,0.1740923846251555,0.2148338032442596
1,6,mlp,target_fodft_coupling_abs_ev,mlp_128_64_32_a1e-4,2582,2194,388,19,42,42,42,-0.0131182373207918,0.1768535368814406,0.2254980558553289
1,7,mlp,target_fodft_coupling_abs_ev,mlp_128_64_32_a1e-4,2582,2194,388,19,42,42,42,-0.0191249314762715,0.1762818328096637,0.2286080112016899
1,8,mlp,target_fodft_coupling_abs_ev,mlp_128_64_32_a1e-4,2582,2194,388,19,42,42,42,-0.0260669302021907,0.1809194888438145,0.2304313507515628
1,9,mlp,target_fodft_coupling_abs_ev,mlp_128_64_32_a1e-4,2582,2194,388,19,42,42,42,-0.0028901178319835,0.1709395307357802,0.2241844729614281
1,10,mlp,target_fodft_coupling_abs_ev,mlp_128_64_32_a1e-4,2582,2194,388,19,42,42,42,-0.0079102779362416,0.1758854050830104,0.2232682727573731
1,11,mlp,target_fodft_coupling_abs_ev,mlp_128_64_32_a1e-4,2582,2194,388,19,42,42,42,-0.0219335339266357,0.1676045636045214,0.2197891000506807
1,12,mlp,target_fodft_coupling_abs_ev,mlp_128_64_32_a1e-4,2582,2194,388,19,42,42,42,-0.0219072517135177,0.1826812775416608,0.2291992991671481
1,13,mlp,target_fodft_coupling_abs_ev,mlp_128_64_32_a1e-4,2582,2194,388,19,42,42,42,-0.0422715118642036,0.1853887639377452,0.2374611115651397
1,14,mlp,target_fodft_coupling_abs_ev,mlp_128_64_32_a1e-4,2582,2194,388,19,42,42,42,-0.106211049734646,0.1777193188159375,0.2194379610909902
1,15,mlp,target_fodft_coupling_abs_ev,mlp_128_64_32_a1e-4,2582,2194,388,19,42,42,42,-0.0201764200186185,0.1649187130666003,0.2030592415185659
1,16,mlp,target_fodft_coupling_abs_ev,mlp_128_64_32_a1e-4,2582,2194,388,19,42,42,42,-0.0307819254631462,0.1726088332799016,0.2261331905308648
1,17,mlp,target_fodft_coupling_abs_ev,mlp_128_64_32_a1e-4,2582,2194,388,19,42,42,42,-0.014831892971854,0.1753222032189618,0.2302365593542691
1,18,mlp,target_fodft_coupling_abs_ev,mlp_128_64_32_a1e-4,2582,2194,388,19,42,42,42,-0.0019572450408433,0.1761512419416642,0.2191639145781664
1,19,mlp,target_fodft_coupling_abs_ev,mlp_128_64_32_a1e-4,2582,2194,388,19,42,42,42,-0.0185411841915728,0.169134934119219,0.2224845591025717
1,20,mlp,target_fodft_coupling_abs_ev,mlp_128_64_32_a1e-4,2582,2194,388,19,42,42,42,-0.019570229891205,0.1756672647501868,0.2203460559105743
1,21,mlp,target_fodft_coupling_abs_ev,mlp_128_64_32_a1e-4,2582,2194,388,19,42,42,42,0.0013147700026889,0.1853196507701055,0.2382564000196884
1,22,mlp,target_fodft_coupling_abs_ev,mlp_128_64_32_a1e-4,2582,2194,388,19,42,42,42,-0.028466346622024,0.1815941971593969,0.2388668760909144
1,23,mlp,target_fodft_coupling_abs_ev,mlp_128_64_32_a1e-4,2582,2194,388,19,42,42,42,-0.0032134048176029,0.1806052247718943,0.2193196846005826
1,24,mlp,target_fodft_coupling_abs_ev,mlp_128_64_32_a1e-4,2582,2194,388,19,42,42,42,-0.0249651795754992,0.1698040223281302,0.2160460843502412
1,25,mlp,target_fodft_coupling_abs_ev,mlp_128_64_32_a1e-4,2582,2194,388,19,42,42,42,-0.0389493506811595,0.1669164504550812,0.2094281233192198
1,26,mlp,target_fodft_coupling_abs_ev,mlp_128_64_32_a1e-4,2582,2194,388,19,42,42,42,-0.0299558365678564,0.167590834211725,0.2195068811649936
1,27,mlp,target_fodft_coupling_abs_ev,mlp_128_64_32_a1e-4,2582,2194,388,19,42,42,42,0.0083443590141892,0.174945124791404,0.2224570478921519
1,28,mlp,target_fodft_coupling_abs_ev,mlp_128_64_32_a1e-4,2582,2194,388,19,42,42,42,-0.0224238120558732,0.1761102034995109,0.2328350430037618
1,29,mlp,target_fodft_coupling_abs_ev,mlp_128_64_32_a1e-4,2582,2194,388,19,42,42,42,-0.0230473475187851,0.1800913000191024,0.2382927596068972
1,30,mlp,target_fodft_coupling_abs_ev,mlp_128_64_32_a1e-4,2582,2194,388,19,42,42,42,-0.0237401688014318,0.1766540403516906,0.2232401344755011
1,31,mlp,target_fodft_coupling_abs_ev,mlp_128_64_32_a1e-4,2582,2194,388,19,42,42,42,-0.0459582637835052,0.1712774700805739,0.2214880284630427
1,32,mlp,target_fodft_coupling_abs_ev,mlp_128_64_32_a1e-4,2582,2194,388,19,42,42,42,-0.025980610419052,0.1635376404534733,0.1996745268294608
1,33,mlp,target_fodft_coupling_abs_ev,mlp_128_64_32_a1e-4,2582,2194,388,19,42,42,42,-0.0184147084452315,0.1673676531886868,0.2149858344651355
1,34,mlp,target_fodft_coupling_abs_ev,mlp_128_64_32_a1e-4,2582,2194,388,19,42,42,42,-0.002993432506243,0.1832371076176068,0.2399612939771706
1,35,mlp,target_fodft_coupling_abs_ev,mlp_128_64_32_a1e-4,2582,2194,388,19,42,42,42,-0.0009300688186228,0.1624073930715839,0.213022347423022
1,36,mlp,target_fodft_coupling_abs_ev,mlp_128_64_32_a1e-4,2582,2194,388,19,42,42,42,-0.0281545994154057,0.1648210446866382,0.2073546020888194
1,37,mlp,target_fodft_coupling_abs_ev,mlp_128_64_32_a1e-4,2582,2194,388,19,42,42,42,-0.0118248730465968,0.1793560494938552,0.2261454358292412
1,38,mlp,target_fodft_coupling_abs_ev,mlp_128_64_32_a1e-4,2582,2194,388,19,42,42,42,-0.0289904788478587,0.1745557502038262,0.2197741231794315
1,39,mlp,target_fodft_coupling_abs_ev,mlp_128_64_32_a1e-4,2582,2194,388,19,42,42,42,-0.0370784804835151,0.1924917488666607,0.2556785335870339
1,40,mlp,target_fodft_coupling_abs_ev,mlp_128_64_32_a1e-4,2582,2194,388,19,42,42,42,-0.0294628028583696,0.1771579296224542,0.2148865674625661
1,41,mlp,target_fodft_coupling_abs_ev,mlp_128_64_32_a1e-4,2582,2194,388,19,42,42,42,-0.0315157416715667,0.1668151259498594,0.211946379410617
1,42,mlp,target_fodft_coupling_abs_ev,mlp_128_64_32_a1e-4,2582,2194,388,19,42,42,42,-0.0324262955434668,0.1735861799031793,0.2222700775609777
1,43,mlp,target_fodft_coupling_abs_ev,mlp_128_64_32_a1e-4,2582,2194,388,19,42,42,42,0.0008762591723017,0.1783072273704648,0.2377219970591579
1,44,mlp,target_fodft_coupling_abs_ev,mlp_128_64_32_a1e-4,2582,2194,388,19,42,42,42,0.0098107124138381,0.1707981630416366,0.2160583977250406
1,45,mlp,target_fodft_coupling_abs_ev,mlp_128_64_32_a1e-4,2582,2194,388,19,42,42,42,-0.0090550230324957,0.1715842977484511,0.211310898286184
1,46,mlp,target_fodft_coupling_abs_ev,mlp_128_64_32_a1e-4,2582,2194,388,19,42,42,42,-0.0055934354636943,0.1752014270775702,0.2254827559113709
1,47,mlp,target_fodft_coupling_abs_ev,mlp_128_64_32_a1e-4,2582,2194,388,19,42,42,42,-0.0104918634220525,0.1740567120373493,0.2210293160624517
1,48,mlp,target_fodft_coupling_abs_ev,mlp_128_64_32_a1e-4,2582,2194,388,19,42,42,42,-0.0343033559316727,0.1687934181870835,0.2166500291555494
1,49,mlp,target_fodft_coupling_abs_ev,mlp_128_64_32_a1e-4,2582,2194,388,19,42,42,42,-0.0246230333308983,0.1831233011146791,0.2342377304120284
1,50,mlp,target_fodft_coupling_abs_ev,mlp_128_64_32_a1e-4,2582,2194,388,19,42,42,42,-0.0319965239328476,0.1704866603964674,0.2196808619013798
1,51,mlp,target_fodft_coupling_abs_ev,mlp_128_64_32_a1e-4,2582,2194,388,19,42,42,42,-0.0100286779370017,0.1669616461798977,0.2125100807661361
1,52,mlp,target_fodft_coupling_abs_ev,mlp_128_64_32_a1e-4,2582,2194,388,19,42,42,42,-0.0143162879134464,0.1858176260894029,0.2350190790040294
1,53,mlp,target_fodft_coupling_abs_ev,mlp_128_64_32_a1e-4,2582,2194,388,19,42,42,42,0.0059722903693431,0.1794340032972875,0.2301468849989418
1,54,mlp,target_fodft_coupling_abs_ev,mlp_128_64_32_a1e-4,2582,2194,388,19,42,42,42,-0.0127609125877417,0.1772893209456292,0.2175145238480857
1,55,mlp,target_fodft_coupling_abs_ev,mlp_128_64_32_a1e-4,2582,2194,388,19,42,42,42,-0.0056195745821898,0.1747075054774083,0.219964587067283
1,56,mlp,target_fodft_coupling_abs_ev,mlp_128_64_32_a1e-4,2582,2194,388,19,42,42,42,-0.032252651476329,0.1692156873568099,0.2189127852999163
1,57,mlp,target_fodft_coupling_abs_ev,mlp_128_64_32_a1e-4,2582,2194,388,19,42,42,42,-0.0407975693134081,0.1813444553511069,0.2267076096084823
1,58,mlp,target_fodft_coupling_abs_ev,mlp_128_64_32_a1e-4,2582,2194,388,19,42,42,42,-0.020983787586571,0.175642174666199,0.2258923833561083
1,59,mlp,target_fodft_coupling_abs_ev,mlp_128_64_32_a1e-4,2582,2194,388,19,42,42,42,-0.0222071018422889,0.1801203192318175,0.2198115207946833
1,60,mlp,target_fodft_coupling_abs_ev,mlp_128_64_32_a1e-4,2582,2194,388,19,42,42,42,-0.0261368044650096,0.1862276374970402,0.2429865224183237
1,61,mlp,target_fodft_coupling_abs_ev,mlp_128_64_32_a1e-4,2582,2194,388,19,42,42,42,-0.0017520448248395,0.174274674986453,0.2298481029606853
1,62,mlp,target_fodft_coupling_abs_ev,mlp_128_64_32_a1e-4,2582,2194,388,19,42,42,42,-0.009720912323311,0.1754543508198904,0.2314563741481297
1,63,mlp,target_fodft_coupling_abs_ev,mlp_128_64_32_a1e-4,2582,2194,388,19,42,42,42,-0.0089175490063246,0.1665177675763069,0.2060354807281021
1,64,mlp,target_fodft_coupling_abs_ev,mlp_128_64_32_a1e-4,2582,2194,388,19,42,42,42,-0.0131594452355521,0.178690571066494,0.2308412152659507
1,65,mlp,target_fodft_coupling_abs_ev,mlp_128_64_32_a1e-4,2582,2194,388,19,42,42,42,-0.0038101850423526,0.1748103065637055,0.2179729739701892
1,66,mlp,target_fodft_coupling_abs_ev,mlp_128_64_32_a1e-4,2582,2194,388,19,42,42,42,-0.0165150029004019,0.1736609395435525,0.2207180780707585
1,67,mlp,target_fodft_coupling_abs_ev,mlp_128_64_32_a1e-4,2582,2194,388,19,42,42,42,0.0181133627483712,0.1713570277655383,0.2174957857951501
1,68,mlp,target_fodft_coupling_abs_ev,mlp_128_64_32_a1e-4,2582,2194,388,19,42,42,42,-0.0069399149242774,0.1765730218899198,0.2169881176282402
1,69,mlp,target_fodft_coupling_abs_ev,mlp_128_64_32_a1e-4,2582,2194,388,19,42,42,42,-0.0112635713978224,0.1776903790048375,0.2311206210517538
1,70,mlp,target_fodft_coupling_abs_ev,mlp_128_64_32_a1e-4,2582,2194,388,19,42,42,42,-0.0428193359702973,0.1683519894470583,0.2205912322955112
1,71,mlp,target_fodft_coupling_abs_ev,mlp_128_64_32_a1e-4,2582,2194,388,19,42,42,42,-0.031251263772341,0.1765520377645845,0.2275507659641847
1,72,mlp,target_fodft_coupling_abs_ev,mlp_128_64_32_a1e-4,2582,2194,388,19,42,42,42,-0.0028446989558488,0.1689410096933598,0.2200628656399074
1,73,mlp,target_fodft_coupling_abs_ev,mlp_128_64_32_a1e-4,2582,2194,388,19,42,42,42,-0.0185153794911616,0.1706606360100586,0.2164915423302973
1,74,mlp,target_fodft_coupling_abs_ev,mlp_128_64_32_a1e-4,2582,2194,388,19,42,42,42,0.009370570581497,0.1709562455720347,0.2242481923093519
1,75,mlp,target_fodft_coupling_abs_ev,mlp_128_64_32_a1e-4,2582,2194,388,19,42,42,42,-0.0105673691905729,0.1841951589065573,0.2364164182274097
1,76,mlp,target_fodft_coupling_abs_ev,mlp_128_64_32_a1e-4,2582,2194,388,19,42,42,42,-0.0171079153312221,0.1790412879910017,0.2271069357648553
1,77,mlp,target_fodft_coupling_abs_ev,mlp_128_64_32_a1e-4,2582,2194,388,19,42,42,42,-0.0240079573982363,0.1704606766218521,0.223741868766483
1,78,mlp,target_fodft_coupling_abs_ev,mlp_128_64_32_a1e-4,2582,2194,388,19,42,42,42,-0.0119241891920813,0.1620727810976745,0.211080127223555
1,79,mlp,target_fodft_coupling_abs_ev,mlp_128_64_32_a1e-4,2582,2194,388,19,42,42,42,-0.0174516347079067,0.1860672784530521,0.2418862733791768
1,80,mlp,target_fodft_coupling_abs_ev,mlp_128_64_32_a1e-4,2582,2194,388,19,42,42,42,-0.0465811275706076,0.1687608254531126,0.222644652504745
1,81,mlp,target_fodft_coupling_abs_ev,mlp_128_64_32_a1e-4,2582,2194,388,19,42,42,42,-0.0223227627493547,0.172261767863547,0.2262181829524986
1,82,mlp,target_fodft_coupling_abs_ev,mlp_128_64_32_a1e-4,2582,2194,388,19,42,42,42,-0.0247173722094677,0.1832500688938561,0.2336746129336545
1,83,mlp,target_fodft_coupling_abs_ev,mlp_128_64_32_a1e-4,2582,2194,388,19,42,42,42,0.002644083012922,0.1735123259430171,0.2221944356221584
1,84,mlp,target_fodft_coupling_abs_ev,mlp_128_64_32_a1e-4,2582,2194,388,19,42,42,42,-0.0523051721186638,0.167627015900246,0.2077539873230065
1,85,mlp,target_fodft_coupling_abs_ev,mlp_128_64_32_a1e-4,2582,2194,388,19,42,42,42,-0.0414846229568641,0.1704673118217417,0.212334293062415
1,86,mlp,target_fodft_coupling_abs_ev,mlp_128_64_32_a1e-4,2582,2194,388,19,42,42,42,-0.0282214830808689,0.169242835250139,0.2183038915830222
1,87,mlp,target_fodft_coupling_abs_ev,mlp_128_64_32_a1e-4,2582,2194,388,19,42,42,42,-0.0361749464524878,0.1609362355283276,0.2084854236781181
1,88,mlp,target_fodft_coupling_abs_ev,mlp_128_64_32_a1e-4,2582,2194,388,19,42,42,42,-0.0032205587609959,0.1781372593100968,0.2302464252070347
1,89,mlp,target_fodft_coupling_abs_ev,mlp_128_64_32_a1e-4,2582,2194,388,19,42,42,42,-0.0058236593292879,0.169878422312941,0.2078197082367561
1,90,mlp,target_fodft_coupling_abs_ev,mlp_128_64_32_a1e-4,2582,2194,388,19,42,42,42,-0.0480062941520578,0.1851559933716507,0.2279978658456453
1,91,mlp,target_fodft_coupling_abs_ev,mlp_128_64_32_a1e-4,2582,2194,388,19,42,42,42,-0.0403960635615743,0.1877294372779372,0.2423576539999685
1,92,mlp,target_fodft_coupling_abs_ev,mlp_128_64_32_a1e-4,2582,2194,388,19,42,42,42,-0.0237014023087223,0.1775731785257817,0.2213231846447187
1,93,mlp,target_fodft_coupling_abs_ev,mlp_128_64_32_a1e-4,2582,2194,388,19,42,42,42,0.0039300742674276,0.16911792726795,0.2150336248995231
1,94,mlp,target_fodft_coupling_abs_ev,mlp_128_64_32_a1e-4,2582,2194,388,19,42,42,42,0.0064513079821797,0.1777458464790332,0.2213606042564613
1,95,mlp,target_fodft_coupling_abs_ev,mlp_128_64_32_a1e-4,2582,2194,388,19,42,42,42,-0.0154852513984258,0.1749050930413339,0.2331868613358705
1,96,mlp,target_fodft_coupling_abs_ev,mlp_128_64_32_a1e-4,2582,2194,388,19,42,42,42,-0.0118069431228662,0.1714264990644529,0.2122546956290991
1,97,mlp,target_fodft_coupling_abs_ev,mlp_128_64_32_a1e-4,2582,2194,388,19,42,42,42,-0.0181466534699559,0.1693580713668148,0.2089587803172037
1,98,mlp,target_fodft_coupling_abs_ev,mlp_128_64_32_a1e-4,2582,2194,388,19,42,42,42,0.0051386187325178,0.166195488974965,0.2121836568126185
1,99,mlp,target_fodft_coupling_abs_ev,mlp_128_64_32_a1e-4,2582,2194,388,19,42,42,42,-0.0403303440851416,0.1693774245059959,0.2078486977893141
1,100,mlp,target_fodft_coupling_abs_ev,mlp_128_64_32_a1e-4,2582,2194,388,19,42,42,42,-0.0275620300741357,0.1740826529995576,0.2143521386397189
1,101,mlp,target_fodft_coupling_abs_ev,mlp_128_64_32_a1e-4,2582,2194,388,19,42,42,42,-0.0142144939736392,0.1732838862561168,0.2202461409388963
1,102,mlp,target_fodft_coupling_abs_ev,mlp_128_64_32_a1e-4,2582,2194,388,19,42,42,42,-0.0464906019836928,0.1729349928748964,0.215081272294728
1,103,mlp,target_fodft_coupling_abs_ev,mlp_128_64_32_a1e-4,2582,2194,388,19,42,42,42,-0.0229153801531822,0.1591745903268009,0.2040590810746909
1,104,mlp,target_fodft_coupling_abs_ev,mlp_128_64_32_a1e-4,2582,2194,388,19,42,42,42,-0.0030147699248976,0.1822950571154048,0.2347519292064814
1,105,mlp,target_fodft_coupling_abs_ev,mlp_128_64_32_a1e-4,2582,2194,388,19,42,42,42,-0.0289168703504791,0.1760962162026052,0.2286883638901111
1,106,mlp,target_fodft_coupling_abs_ev,mlp_128_64_32_a1e-4,2582,2194,388,19,42,42,42,-0.0416442591424583,0.1739853511186673,0.2404497528793071
1,107,mlp,target_fodft_coupling_abs_ev,mlp_128_64_32_a1e-4,2582,2194,388,19,42,42,42,-0.032432194648589,0.1857277020778487,0.2442176325737747
1,108,mlp,target_fodft_coupling_abs_ev,mlp_128_64_32_a1e-4,2582,2194,388,19,42,42,42,-0.0235345746649555,0.1793527922152376,0.2311370328535009
1,109,mlp,target_fodft_coupling_abs_ev,mlp_128_64_32_a1e-4,2582,2194,388,19,42,42,42,-0.0154699666340714,0.1744189208265575,0.2309496533279935
1,110,mlp,target_fodft_coupling_abs_ev,mlp_128_64_32_a1e-4,2582,2194,388,19,42,42,42,-0.009678392293728,0.1797452757692352,0.2147716491430214
1,111,mlp,target_fodft_coupling_abs_ev,mlp_128_64_32_a1e-4,2582,2194,388,19,42,42,42,-0.0247414825385978,0.1808692800232688,0.2476212743312747
1,112,mlp,target_fodft_coupling_abs_ev,mlp_128_64_32_a1e-4,2582,2194,388,19,42,42,42,-0.0144117549154847,0.1641509860324856,0.2066247777496639
1,113,mlp,target_fodft_coupling_abs_ev,mlp_128_64_32_a1e-4,2582,2194,388,19,42,42,42,-0.0062229839693108,0.1832394008256806,0.2228446986105204
1,114,mlp,target_fodft_coupling_abs_ev,mlp_128_64_32_a1e-4,2582,2194,388,19,42,42,42,-0.0202035943278902,0.1794471490199361,0.2340225460393941
1,115,mlp,target_fodft_coupling_abs_ev,mlp_128_64_32_a1e-4,2582,2194,388,19,42,42,42,-0.0219852317392665,0.1727410215346986,0.2191468683999653
1,116,mlp,target_fodft_coupling_abs_ev,mlp_128_64_32_a1e-4,2582,2194,388,19,42,42,42,-0.007986378218413,0.1679717051320625,0.2121564392344623
1,117,mlp,target_fodft_coupling_abs_ev,mlp_128_64_32_a1e-4,2582,2194,388,19,42,42,42,-0.0106722560205929,0.1806390244471272,0.2318596910971188
1,118,mlp,target_fodft_coupling_abs_ev,mlp_128_64_32_a1e-4,2582,2194,388,19,42,42,42,-0.0151403514601882,0.160073678809502,0.2032325797776644
1,119,mlp,target_fodft_coupling_abs_ev,mlp_128_64_32_a1e-4,2582,2194,388,19,42,42,42,-0.0621404849920528,0.1725686144725177,0.2217616458223646
1,120,mlp,target_fodft_coupling_abs_ev,mlp_128_64_32_a1e-4,2582,2194,388,19,42,42,42,-0.0264167400804475,0.168447362404537,0.2160940991768653
1,121,mlp,target_fodft_coupling_abs_ev,mlp_128_64_32_a1e-4,2582,2194,388,19,42,42,42,-0.0303451137178811,0.1697354404046201,0.2190542434731774
1,122,mlp,target_fodft_coupling_abs_ev,mlp_128_64_32_a1e-4,2582,2194,388,19,42,42,42,-0.0238307155366497,0.1771160731418653,0.2180973895144141
1,123,mlp,target_fodft_coupling_abs_ev,mlp_128_64_32_a1e-4,2582,2194,388,19,42,42,42,-0.0207777074986468,0.1767346387944335,0.2158322711529008
1,124,mlp,target_fodft_coupling_abs_ev,mlp_128_64_32_a1e-4,2582,2194,388,19,42,42,42,-0.0092790437656034,0.1763853316213875,0.2244361450969381
1,125,mlp,target_fodft_coupling_abs_ev,mlp_128_64_32_a1e-4,2582,2194,388,19,42,42,42,-0.0233235137101748,0.178333148736304,0.2305140389364812
1,126,mlp,target_fodft_coupling_abs_ev,mlp_128_64_32_a1e-4,2582,2194,388,19,42,42,42,-0.0235082098338659,0.1863879465809698,0.2332796945004443
1,127,mlp,target_fodft_coupling_abs_ev,mlp_128_64_32_a1e-4,2582,2194,388,19,42,42,42,-0.0113357284624835,0.1726281204266839,0.2136394094063406
1,128,mlp,target_fodft_coupling_abs_ev,mlp_128_64_32_a1e-4,2582,2194,388,19,42,42,42,-0.009104577371541,0.1809648716421391,0.2373142699988563
1,129,mlp,target_fodft_coupling_abs_ev,mlp_128_64_32_a1e-4,2582,2194,388,19,42,42,42,-0.0513539863469525,0.1850728742162478,0.2365884991246277
1,130,mlp,target_fodft_coupling_abs_ev,mlp_128_64_32_a1e-4,2582,2194,388,19,42,42,42,-0.0144044908669158,0.1657204235470076,0.2102290801444273
1,131,mlp,target_fodft_coupling_abs_ev,mlp_128_64_32_a1e-4,2582,2194,388,19,42,42,42,-0.034390728836003,0.1827157376251834,0.2439393877081682
1,132,mlp,target_fodft_coupling_abs_ev,mlp_128_64_32_a1e-4,2582,2194,388,19,42,42,42,-0.0658137800319282,0.1641263107476294,0.2020141291340252
1,133,mlp,target_fodft_coupling_abs_ev,mlp_128_64_32_a1e-4,2582,2194,388,19,42,42,42,-0.0283314225325923,0.1783018034896188,0.2408239567202899
1,134,mlp,target_fodft_coupling_abs_ev,mlp_128_64_32_a1e-4,2582,2194,388,19,42,42,42,-0.0147312213499097,0.1893015731427176,0.2399690629177597
1,135,mlp,target_fodft_coupling_abs_ev,mlp_128_64_32_a1e-4,2582,2194,388,19,42,42,42,-0.0084770558485776,0.1725268078256609,0.2297622156217979
1,136,mlp,target_fodft_coupling_abs_ev,mlp_128_64_32_a1e-4,2582,2194,388,19,42,42,42,-0.0394385660486384,0.180656030367947,0.2267917309769899
1,137,mlp,target_fodft_coupling_abs_ev,mlp_128_64_32_a1e-4,2582,2194,388,19,42,42,42,-0.016216403892556,0.1729268252243251,0.2169890115825077
1,138,mlp,target_fodft_coupling_abs_ev,mlp_128_64_32_a1e-4,2582,2194,388,19,42,42,42,-0.0511919175323005,0.1773559894456308,0.2272325252795853
1,139,mlp,target_fodft_coupling_abs_ev,mlp_128_64_32_a1e-4,2582,2194,388,19,42,42,42,-0.0044244212570614,0.1705081683607439,0.2140325726045046
1,140,mlp,target_fodft_coupling_abs_ev,mlp_128_64_32_a1e-4,2582,2194,388,19,42,42,42,-0.011589364408572,0.1693020269686746,0.2189619808013611
1,141,mlp,target_fodft_coupling_abs_ev,mlp_128_64_32_a1e-4,2582,2194,388,19,42,42,42,-0.0355922975893381,0.1719896780821684,0.2183351573580306
1,142,mlp,target_fodft_coupling_abs_ev,mlp_128_64_32_a1e-4,2582,2194,388,19,42,42,42,-0.0184322096085263,0.1724820240037823,0.2166319636978098
1,143,mlp,target_fodft_coupling_abs_ev,mlp_128_64_32_a1e-4,2582,2194,388,19,42,42,42,-0.0247312858142372,0.1662383420672548,0.2108066085324016
1,144,mlp,target_fodft_coupling_abs_ev,mlp_128_64_32_a1e-4,2582,2194,388,19,42,42,42,-0.0072803731470396,0.1804473190120656,0.2391571027297226
1,145,mlp,target_fodft_coupling_abs_ev,mlp_128_64_32_a1e-4,2582,2194,388,19,42,42,42,-0.0226514274296303,0.1806013941095011,0.2208432647514174
1,146,mlp,target_fodft_coupling_abs_ev,mlp_128_64_32_a1e-4,2582,2194,388,19,42,42,42,-0.0132609749385326,0.1757039140634157,0.2347510397555156
1,147,mlp,target_fodft_coupling_abs_ev,mlp_128_64_32_a1e-4,2582,2194,388,19,42,42,42,-0.03000673971282,0.1794929156709464,0.2362464547458926
1,148,mlp,target_fodft_coupling_abs_ev,mlp_128_64_32_a1e-4,2582,2194,388,19,42,42,42,-0.0110337017688073,0.1777165127120213,0.2253321708602861
1,149,mlp,target_fodft_coupling_abs_ev,mlp_128_64_32_a1e-4,2582,2194,388,19,42,42,42,-0.0386608795096781,0.1661729304807148,0.2039366542007098
1,150,mlp,target_fodft_coupling_abs_ev,mlp_128_64_32_a1e-4,2582,2194,388,19,42,42,42,-0.0264570622573574,0.1729531969921214,0.2137997556596057
1,151,mlp,target_fodft_coupling_abs_ev,mlp_128_64_32_a1e-4,2582,2194,388,19,42,42,42,-0.0094476458577918,0.1673633694456822,0.2129607926106577
1,152,mlp,target_fodft_coupling_abs_ev,mlp_128_64_32_a1e-4,2582,2194,388,19,42,42,42,-0.0267639385456652,0.1671046311493358,0.21988885262967
1,153,mlp,target_fodft_coupling_abs_ev,mlp_128_64_32_a1e-4,2582,2194,388,19,42,42,42,-0.0164395032429149,0.1761836185548767,0.21976925682829
1,154,mlp,target_fodft_coupling_abs_ev,mlp_128_64_32_a1e-4,2582,2194,388,19,42,42,42,-0.0019289408451121,0.1844175101941364,0.2357220371783407
1,155,mlp,target_fodft_coupling_abs_ev,mlp_128_64_32_a1e-4,2582,2194,388,19,42,42,42,0.006439100448515,0.1808151949036363,0.2337096355477858
1,156,mlp,target_fodft_coupling_abs_ev,mlp_128_64_32_a1e-4,2582,2194,388,19,42,42,42,-0.0167275734113632,0.1689494897640014,0.2072010946776063
1,157,mlp,target_fodft_coupling_abs_ev,mlp_128_64_32_a1e-4,2582,2194,388,19,42,42,42,-0.0096692566828866,0.1644433911761755,0.2067749929675869
1,158,mlp,target_fodft_coupling_abs_ev,mlp_128_64_32_a1e-4,2582,2194,388,19,42,42,42,-0.0004383020273954,0.1693729805346197,0.222841305901223
1,159,mlp,target_fodft_coupling_abs_ev,mlp_128_64_32_a1e-4,2582,2194,388,19,42,42,42,-0.0193125832389469,0.1721689325964476,0.2138931365120831
1,160,mlp,target_fodft_coupling_abs_ev,mlp_128_64_32_a1e-4,2582,2194,388,19,42,42,42,-0.0170596836909624,0.1808601534734643,0.231614641403651
1,161,mlp,target_fodft_coupling_abs_ev,mlp_128_64_32_a1e-4,2582,2194,388,19,42,42,42,-0.0040728730247672,0.1692830261682583,0.2121423044654493
1,162,mlp,target_fodft_coupling_abs_ev,mlp_128_64_32_a1e-4,2582,2194,388,19,42,42,42,-0.0344037725366721,0.1795167335233505,0.2484530881348345
1,163,mlp,target_fodft_coupling_abs_ev,mlp_128_64_32_a1e-4,2582,2194,388,19,42,42,42,-0.0130731753421455,0.1775077582094612,0.2284444580477776
1,164,mlp,target_fodft_coupling_abs_ev,mlp_128_64_32_a1e-4,2582,2194,388,19,42,42,42,-0.0096341163335984,0.1696105075288304,0.2141958140233528
1,165,mlp,target_fodft_coupling_abs_ev,mlp_128_64_32_a1e-4,2582,2194,388,19,42,42,42,-0.0089547605790301,0.172684446799095,0.2254750842405241
1,166,mlp,target_fodft_coupling_abs_ev,mlp_128_64_32_a1e-4,2582,2194,388,19,42,42,42,-0.0111727911849293,0.1567423459980546,0.2032362910912
1,167,mlp,target_fodft_coupling_abs_ev,mlp_128_64_32_a1e-4,2582,2194,388,19,42,42,42,-0.0442413722000911,0.1620379481070178,0.2021123331341286
1,168,mlp,target_fodft_coupling_abs_ev,mlp_128_64_32_a1e-4,2582,2194,388,19,42,42,42,-0.0258383945992517,0.1669506038229038,0.2185765063005131
1,169,mlp,target_fodft_coupling_abs_ev,mlp_128_64_32_a1e-4,2582,2194,388,19,42,42,42,-0.1017168569485125,0.172496948069024,0.2084676877430665
1,170,mlp,target_fodft_coupling_abs_ev,mlp_128_64_32_a1e-4,2582,2194,388,19,42,42,42,-0.0484190657905567,0.1677486819286699,0.212197184454581
1,171,mlp,target_fodft_coupling_abs_ev,mlp_128_64_32_a1e-4,2582,2194,388,19,42,42,42,-0.0207206629614644,0.1857653274828537,0.2396397489982538
1,172,mlp,target_fodft_coupling_abs_ev,mlp_128_64_32_a1e-4,2582,2194,388,19,42,42,42,-0.0124012146419383,0.1649671433775591,0.2154174390514664
1,173,mlp,target_fodft_coupling_abs_ev,mlp_128_64_32_a1e-4,2582,2194,388,19,42,42,42,-0.028929321620708,0.1840004494055135,0.243669939069458
1,174,mlp,target_fodft_coupling_abs_ev,mlp_128_64_32_a1e-4,2582,2194,388,19,42,42,42,-0.0144122685862853,0.1569780792192791,0.1944631605133988
1,175,mlp,target_fodft_coupling_abs_ev,mlp_128_64_32_a1e-4,2582,2194,388,19,42,42,42,-0.0083579725442626,0.177043920114309,0.2312442788599935
1,176,mlp,target_fodft_coupling_abs_ev,mlp_128_64_32_a1e-4,2582,2194,388,19,42,42,42,-0.0407142722792581,0.1720757033773305,0.2179699610074728
1,177,mlp,target_fodft_coupling_abs_ev,mlp_128_64_32_a1e-4,2582,2194,388,19,42,42,42,-0.016998479198852,0.164985911725524,0.2114291316689859
1,178,mlp,target_fodft_coupling_abs_ev,mlp_128_64_32_a1e-4,2582,2194,388,19,42,42,42,-0.0173390183589527,0.1783806653015689,0.2322721922456356
1,179,mlp,target_fodft_coupling_abs_ev,mlp_128_64_32_a1e-4,2582,2194,388,19,42,42,42,-0.0373081350052109,0.1755099808701755,0.2282007015628305
1,180,mlp,target_fodft_coupling_abs_ev,mlp_128_64_32_a1e-4,2582,2194,388,19,42,42,42,-0.0269346827187424,0.1643224024225122,0.2096129589893549
1,181,mlp,target_fodft_coupling_abs_ev,mlp_128_64_32_a1e-4,2582,2194,388,19,42,42,42,-0.0205361445265193,0.1666089465812401,0.2073981344377654
1,182,mlp,target_fodft_coupling_abs_ev,mlp_128_64_32_a1e-4,2582,2194,388,19,42,42,42,-0.0155436993176216,0.1781296159070752,0.229970530754184
1,183,mlp,target_fodft_coupling_abs_ev,mlp_128_64_32_a1e-4,2582,2194,388,19,42,42,42,-0.028891845571543,0.1732962572575424,0.2280079821216964
1,184,mlp,target_fodft_coupling_abs_ev,mlp_128_64_32_a1e-4,2582,2194,388,19,42,42,42,-0.0306028367916213,0.1796924036503634,0.2231186290936583
1,185,mlp,target_fodft_coupling_abs_ev,mlp_128_64_32_a1e-4,2582,2194,388,19,42,42,42,-0.0332332442109115,0.1780676332731976,0.2239875058639779
1,186,mlp,target_fodft_coupling_abs_ev,mlp_128_64_32_a1e-4,2582,2194,388,19,42,42,42,-0.0351128560324576,0.1777595257763392,0.235946304612261
1,187,mlp,target_fodft_coupling_abs_ev,mlp_128_64_32_a1e-4,2582,2194,388,19,42,42,42,-0.0179179025569338,0.1759702364148524,0.2259390302006467
1,188,mlp,target_fodft_coupling_abs_ev,mlp_128_64_32_a1e-4,2582,2194,388,19,42,42,42,-0.0195798615015583,0.1835344326379448,0.2395421356415582
1,189,mlp,target_fodft_coupling_abs_ev,mlp_128_64_32_a1e-4,2582,2194,388,19,42,42,42,-0.0081234709696842,0.1905458915363655,0.2516638043739314
1,190,mlp,target_fodft_coupling_abs_ev,mlp_128_64_32_a1e-4,2582,2194,388,19,42,42,42,-0.0081780390970387,0.164641720373896,0.2074174110723048
1,191,mlp,target_fodft_coupling_abs_ev,mlp_128_64_32_a1e-4,2582,2194,388,19,42,42,42,-0.0374909435415691,0.1613205150383829,0.2010258147124412
1,192,mlp,target_fodft_coupling_abs_ev,mlp_128_64_32_a1e-4,2582,2194,388,19,42,42,42,-0.0384126232164319,0.175925726928518,0.2103463460756328
1,193,mlp,target_fodft_coupling_abs_ev,mlp_128_64_32_a1e-4,2582,2194,388,19,42,42,42,-0.0428061087440525,0.1721711118552485,0.2098424057679262
1,194,mlp,target_fodft_coupling_abs_ev,mlp_128_64_32_a1e-4,2582,2194,388,19,42,42,42,-0.0140483075884916,0.1712366596496648,0.2199422645695165
1,195,mlp,target_fodft_coupling_abs_ev,mlp_128_64_32_a1e-4,2582,2194,388,19,42,42,42,-0.0094710091095853,0.1732839618483923,0.2233041389896153
1,196,mlp,target_fodft_coupling_abs_ev,mlp_128_64_32_a1e-4,2582,2194,388,19,42,42,42,-0.0191642119988719,0.1708474891938886,0.2156987743773744
1,197,mlp,target_fodft_coupling_abs_ev,mlp_128_64_32_a1e-4,2582,2194,388,19,42,42,42,-0.0225592203886353,0.1777613491822112,0.2308850734029775
1,198,mlp,target_fodft_coupling_abs_ev,mlp_128_64_32_a1e-4,2582,2194,388,19,42,42,42,-0.0229280513053604,0.1725443951737191,0.2144545646787216
1,199,mlp,target_fodft_coupling_abs_ev,mlp_128_64_32_a1e-4,2582,2194,388,19,42,42,42,-0.0016271282849122,0.1712854544706295,0.2236035030052861
1,200,mlp,target_fodft_coupling_abs_ev,mlp_128_64_32_a1e-4,2582,2194,388,19,42,42,42,-0.022561219600016,0.1750226785898804,0.2165462571835426
1,201,mlp,target_fodft_coupling_abs_ev,mlp_128_64_32_a1e-4,2582,2194,388,19,42,42,42,-0.0447217971860944,0.1834074827677936,0.2359507379280282
1,202,mlp,target_fodft_coupling_abs_ev,mlp_128_64_32_a1e-4,2582,2194,388,19,42,42,42,-0.0194951552676032,0.1722712606089886,0.2242323595176943
1,203,mlp,target_fodft_coupling_abs_ev,mlp_128_64_32_a1e-4,2582,2194,388,19,42,42,42,-0.0146391110178747,0.1836118428483246,0.2482792876813145
1,204,mlp,target_fodft_coupling_abs_ev,mlp_128_64_32_a1e-4,2582,2194,388,19,42,42,42,-0.0245138110973044,0.1736066701037165,0.2173568173651822
1,205,mlp,target_fodft_coupling_abs_ev,mlp_128_64_32_a1e-4,2582,2194,388,19,42,42,42,-0.0229383350527245,0.1656401751260467,0.2037712169655556
1,206,mlp,target_fodft_coupling_abs_ev,mlp_128_64_32_a1e-4,2582,2194,388,19,42,42,42,-0.0062401129007589,0.1834425785298864,0.2294700680182388
1,207,mlp,target_fodft_coupling_abs_ev,mlp_128_64_32_a1e-4,2582,2194,388,19,42,42,42,-0.0329730988070937,0.1869800940573459,0.2343957785365199
1,208,mlp,target_fodft_coupling_abs_ev,mlp_128_64_32_a1e-4,2582,2194,388,19,42,42,42,-0.0237769318177838,0.167147495865668,0.2085521631715841
1,209,mlp,target_fodft_coupling_abs_ev,mlp_128_64_32_a1e-4,2582,2194,388,19,42,42,42,-0.0094268946562781,0.1725958580276264,0.2244866999113673
1,210,mlp,target_fodft_coupling_abs_ev,mlp_128_64_32_a1e-4,2582,2194,388,19,42,42,42,-0.0178082926681428,0.1691275629628001,0.2138720222771433
1,211,mlp,target_fodft_coupling_abs_ev,mlp_128_64_32_a1e-4,2582,2194,388,19,42,42,42,-0.002436811605512,0.183182505854567,0.2341503488817006
1,212,mlp,target_fodft_coupling_abs_ev,mlp_128_64_32_a1e-4,2582,2194,388,19,42,42,42,-0.0182803274882588,0.1669408328610438,0.2150281164671091
1,213,mlp,target_fodft_coupling_abs_ev,mlp_128_64_32_a1e-4,2582,2194,388,19,42,42,42,-0.0095984330403424,0.1753668844544281,0.2251401665233096
1,214,mlp,target_fodft_coupling_abs_ev,mlp_128_64_32_a1e-4,2582,2194,388,19,42,42,42,-0.0115618212198496,0.1769980264300705,0.2263995772857815
1,215,mlp,target_fodft_coupling_abs_ev,mlp_128_64_32_a1e-4,2582,2194,388,19,42,42,42,-0.0149730935415755,0.1632556251362614,0.2131654180357853
1,216,mlp,target_fodft_coupling_abs_ev,mlp_128_64_32_a1e-4,2582,2194,388,19,42,42,42,-0.0118037502187486,0.1633858664704349,0.2130102800436754
1,217,mlp,target_fodft_coupling_abs_ev,mlp_128_64_32_a1e-4,2582,2194,388,19,42,42,42,-0.0167735675668665,0.1772976813664819,0.2252237932873738
1,218,mlp,target_fodft_coupling_abs_ev,mlp_128_64_32_a1e-4,2582,2194,388,19,42,42,42,-0.0242263632260035,0.1680985201809654,0.2175021421304762
1,219,mlp,target_fodft_coupling_abs_ev,mlp_128_64_32_a1e-4,2582,2194,388,19,42,42,42,-0.0198749752782423,0.1702631934269355,0.214405265509806
1,220,mlp,target_fodft_coupling_abs_ev,mlp_128_64_32_a1e-4,2582,2194,388,19,42,42,42,-0.0182730790876648,0.1780886968259473,0.2238512697653275
1,221,mlp,target_fodft_coupling_abs_ev,mlp_128_64_32_a1e-4,2582,2194,388,19,42,42,42,-0.0217368386435246,0.1798108458051968,0.2296135766884625
1,222,mlp,target_fodft_coupling_abs_ev,mlp_128_64_32_a1e-4,2582,2194,388,19,42,42,42,-0.0114907490053743,0.1639264188987356,0.2139742121686061
1,223,mlp,target_fodft_coupling_abs_ev,mlp_128_64_32_a1e-4,2582,2194,388,19,42,42,42,-0.0140022757094144,0.172649830327734,0.2213770153208541
1,224,mlp,target_fodft_coupling_abs_ev,mlp_128_64_32_a1e-4,2582,2194,388,19,42,42,42,-0.0236189138451454,0.1683546272886459,0.2086496096249843
1,225,mlp,target_fodft_coupling_abs_ev,mlp_128_64_32_a1e-4,2582,2194,388,19,42,42,42,-0.0222845253208086,0.1864327495025202,0.2420649190682151
1,226,mlp,target_fodft_coupling_abs_ev,mlp_128_64_32_a1e-4,2582,2194,388,19,42,42,42,-0.0138897502974282,0.1786205577501475,0.227740614486102
1,227,mlp,target_fodft_coupling_abs_ev,mlp_128_64_32_a1e-4,2582,2194,388,19,42,42,42,-0.0179100783885066,0.1720643176184267,0.2220796523981821
1,228,mlp,target_fodft_coupling_abs_ev,mlp_128_64_32_a1e-4,2582,2194,388,19,42,42,42,-0.0150637011325176,0.1851712030625067,0.2456694383297273
1,229,mlp,target_fodft_coupling_abs_ev,mlp_128_64_32_a1e-4,2582,2194,388,19,42,42,42,-0.0037349898388139,0.1558539370253538,0.194472659134654
1,230,mlp,target_fodft_coupling_abs_ev,mlp_128_64_32_a1e-4,2582,2194,388,19,42,42,42,-0.0223449093473162,0.1762034775999112,0.217642879036369
1,231,mlp,target_fodft_coupling_abs_ev,mlp_128_64_32_a1e-4,2582,2194,388,19,42,42,42,-0.0231096098331962,0.1692584389017114,0.2124648818455211
1,232,mlp,target_fodft_coupling_abs_ev,mlp_128_64_32_a1e-4,2582,2194,388,19,42,42,42,-0.0258535788900506,0.1795480085141272,0.2389336396715993
1,233,mlp,target_fodft_coupling_abs_ev,mlp_128_64_32_a1e-4,2582,2194,388,19,42,42,42,-0.0380968293910821,0.1726860958479861,0.2238361957031453
1,234,mlp,target_fodft_coupling_abs_ev,mlp_128_64_32_a1e-4,2582,2194,388,19,42,42,42,-0.0173744903843833,0.1715491391533802,0.2125854717132778
1,235,mlp,target_fodft_coupling_abs_ev,mlp_128_64_32_a1e-4,2582,2194,388,19,42,42,42,-0.0321105778681658,0.1779417852947746,0.2322924185665747
1,236,mlp,target_fodft_coupling_abs_ev,mlp_128_64_32_a1e-4,2582,2194,388,19,42,42,42,-0.0682263290038676,0.1777598774824679,0.2314677642332669
1,237,mlp,target_fodft_coupling_abs_ev,mlp_128_64_32_a1e-4,2582,2194,388,19,42,42,42,-0.025721489983832,0.177215451611475,0.2279478005103965
1,238,mlp,target_fodft_coupling_abs_ev,mlp_128_64_32_a1e-4,2582,2194,388,19,42,42,42,-0.0173393621739608,0.1747590631724044,0.2256166896328947
1,239,mlp,target_fodft_coupling_abs_ev,mlp_128_64_32_a1e-4,2582,2194,388,19,42,42,42,-0.0136452309722547,0.168977348494323,0.2156428660921054
1,240,mlp,target_fodft_coupling_abs_ev,mlp_128_64_32_a1e-4,2582,2194,388,19,42,42,42,-0.0100527654889648,0.1690863957897203,0.2208126656099313
1,241,mlp,target_fodft_coupling_abs_ev,mlp_128_64_32_a1e-4,2582,2194,388,19,42,42,42,-0.0109357264495317,0.1717368418158826,0.2276023425803737
1,242,mlp,target_fodft_coupling_abs_ev,mlp_128_64_32_a1e-4,2582,2194,388,19,42,42,42,-0.01162575604463,0.1804444959914766,0.2320909848569186
1,243,mlp,target_fodft_coupling_abs_ev,mlp_128_64_32_a1e-4,2582,2194,388,19,42,42,42,-0.0047719296074155,0.1706764772170725,0.2183359717282235
1,244,mlp,target_fodft_coupling_abs_ev,mlp_128_64_32_a1e-4,2582,2194,388,19,42,42,42,-0.0324063369166804,0.1702248163757515,0.2156764704684118
1,245,mlp,target_fodft_coupling_abs_ev,mlp_128_64_32_a1e-4,2582,2194,388,19,42,42,42,-0.0198343312102418,0.1690669112869007,0.2132713245132191
1,246,mlp,target_fodft_coupling_abs_ev,mlp_128_64_32_a1e-4,2582,2194,388,19,42,42,42,-0.0050174494952537,0.1816718520376653,0.2350136723358983
1,247,mlp,target_fodft_coupling_abs_ev,mlp_128_64_32_a1e-4,2582,2194,388,19,42,42,42,-0.0171522466637072,0.1762647206904813,0.2193652751183264
1,248,mlp,target_fodft_coupling_abs_ev,mlp_128_64_32_a1e-4,2582,2194,388,19,42,42,42,-0.0282428302664969,0.173329889384913,0.2265499903018846
1,249,mlp,target_fodft_coupling_abs_ev,mlp_128_64_32_a1e-4,2582,2194,388,19,42,42,42,-0.0034135242561541,0.1755080466775717,0.2302617691667319
1,250,mlp,target_fodft_coupling_abs_ev,mlp_128_64_32_a1e-4,2582,2194,388,19,42,42,42,-0.0028066991030286,0.176403823330817,0.231143143620447
1,251,mlp,target_fodft_coupling_abs_ev,mlp_128_64_32_a1e-4,2582,2194,388,19,42,42,42,-0.0432192630647814,0.1718239269293252,0.2148320513478954
1,252,mlp,target_fodft_coupling_abs_ev,mlp_128_64_32_a1e-4,2582,2194,388,19,42,42,42,-0.0162545240697158,0.1707339323869722,0.2158251111798073
1,253,mlp,target_fodft_coupling_abs_ev,mlp_128_64_32_a1e-4,2582,2194,388,19,42,42,42,-0.017721730046335,0.173792487898123,0.2259636798118172
1,254,mlp,target_fodft_coupling_abs_ev,mlp_128_64_32_a1e-4,2582,2194,388,19,42,42,42,-0.0133695497536492,0.1894552324835776,0.2479435356976081
1,255,mlp,target_fodft_coupling_abs_ev,mlp_128_64_32_a1e-4,2582,2194,388,19,42,42,42,0.0001740434098426,0.1729225379632602,0.2247105001844586
1,256,mlp,target_fodft_coupling_abs_ev,mlp_128_64_32_a1e-4,2582,2194,388,19,42,42,42,-0.021921205555671,0.1816916615025491,0.2290256044872271
1,257,mlp,target_fodft_coupling_abs_ev,mlp_128_64_32_a1e-4,2582,2194,388,19,42,42,42,-0.0127116036388936,0.1809094092245996,0.2317490840839635
1,258,mlp,target_fodft_coupling_abs_ev,mlp_128_64_32_a1e-4,2582,2194,388,19,42,42,42,-0.0402771134094956,0.1571345028011909,0.1938287054105653
1,259,mlp,target_fodft_coupling_abs_ev,mlp_128_64_32_a1e-4,2582,2194,388,19,42,42,42,-0.0095244555125477,0.181132600181688,0.235976598555799
1,260,mlp,target_fodft_coupling_abs_ev,mlp_128_64_32_a1e-4,2582,2194,388,19,42,42,42,0.0004869025514327,0.181562428466235,0.2361830321940618
1,261,mlp,target_fodft_coupling_abs_ev,mlp_128_64_32_a1e-4,2582,2194,388,19,42,42,42,-0.0178564676474319,0.1835181314749633,0.2361645566038355
1,262,mlp,target_fodft_coupling_abs_ev,mlp_128_64_32_a1e-4,2582,2194,388,19,42,42,42,-0.0119419517571606,0.1763419450654095,0.2269858308523477
1,263,mlp,target_fodft_coupling_abs_ev,mlp_128_64_32_a1e-4,2582,2194,388,19,42,42,42,-0.0212717632112855,0.1654811216575106,0.2135754045617387
1,264,mlp,target_fodft_coupling_abs_ev,mlp_128_64_32_a1e-4,2582,2194,388,19,42,42,42,-0.0274907844117777,0.179716275262176,0.2324023072689432
1,265,mlp,target_fodft_coupling_abs_ev,mlp_128_64_32_a1e-4,2582,2194,388,19,42,42,42,-0.0248400082366873,0.1776773203692223,0.228182348045652
1,266,mlp,target_fodft_coupling_abs_ev,mlp_128_64_32_a1e-4,2582,2194,388,19,42,42,42,-0.0080989225096925,0.1751036993448443,0.2296800089276512
1,267,mlp,target_fodft_coupling_abs_ev,mlp_128_64_32_a1e-4,2582,2194,388,19,42,42,42,-0.0206805427616181,0.1815420583352117,0.2358294014575238
1,268,mlp,target_fodft_coupling_abs_ev,mlp_128_64_32_a1e-4,2582,2194,388,19,42,42,42,-0.0073340303941749,0.1696056369667901,0.2172865873767073
1,269,mlp,target_fodft_coupling_abs_ev,mlp_128_64_32_a1e-4,2582,2194,388,19,42,42,42,-0.0114517451260396,0.1720922343718766,0.2209767710979423
1,270,mlp,target_fodft_coupling_abs_ev,mlp_128_64_32_a1e-4,2582,2194,388,19,42,42,42,-0.026788819991802,0.1843655719291654,0.2267723635397937
1,271,mlp,target_fodft_coupling_abs_ev,mlp_128_64_32_a1e-4,2582,2194,388,19,42,42,42,-0.0035928496951314,0.1778424937755995,0.2271947718679715
1,272,mlp,target_fodft_coupling_abs_ev,mlp_128_64_32_a1e-4,2582,2194,388,19,42,42,42,-0.0183239579251806,0.1684107474975014,0.2166855022696779
1,273,mlp,target_fodft_coupling_abs_ev,mlp_128_64_32_a1e-4,2582,2194,388,19,42,42,42,-0.0154781898493241,0.1786721422537609,0.2242127615999844
1,274,mlp,target_fodft_coupling_abs_ev,mlp_128_64_32_a1e-4,2582,2194,388,19,42,42,42,-0.0403784777949458,0.1757618899478642,0.2177579541019847
1,275,mlp,target_fodft_coupling_abs_ev,mlp_128_64_32_a1e-4,2582,2194,388,19,42,42,42,-0.0271669818918389,0.178756896634187,0.2233758887745726
1,276,mlp,target_fodft_coupling_abs_ev,mlp_128_64_32_a1e-4,2582,2194,388,19,42,42,42,-0.0086382428722739,0.1747054090288138,0.2187070226232035
1,277,mlp,target_fodft_coupling_abs_ev,mlp_128_64_32_a1e-4,2582,2194,388,19,42,42,42,-0.0206075722313363,0.1779453385351253,0.2309100584365991
1,278,mlp,target_fodft_coupling_abs_ev,mlp_128_64_32_a1e-4,2582,2194,388,19,42,42,42,-0.0274188077902401,0.1727030766094529,0.2217896063528256
1,279,mlp,target_fodft_coupling_abs_ev,mlp_128_64_32_a1e-4,2582,2194,388,19,42,42,42,-0.010379936809276,0.1703972032888955,0.2213078444887532
1,280,mlp,target_fodft_coupling_abs_ev,mlp_128_64_32_a1e-4,2582,2194,388,19,42,42,42,-0.0001756573564444,0.1696499266080541,0.2156704522620586
1,281,mlp,target_fodft_coupling_abs_ev,mlp_128_64_32_a1e-4,2582,2194,388,19,42,42,42,-0.0182388349665192,0.1868255813958986,0.2331599728015271
1,282,mlp,target_fodft_coupling_abs_ev,mlp_128_64_32_a1e-4,2582,2194,388,19,42,42,42,-0.0273342240892446,0.170775088670503,0.2214651998264433
1,283,mlp,target_fodft_coupling_abs_ev,mlp_128_64_32_a1e-4,2582,2194,388,19,42,42,42,-0.0123084834679614,0.1760448810368559,0.2358568190702343
1,284,mlp,target_fodft_coupling_abs_ev,mlp_128_64_32_a1e-4,2582,2194,388,19,42,42,42,-0.0317131708825619,0.1770116805023434,0.2333232504816352
1,285,mlp,target_fodft_coupling_abs_ev,mlp_128_64_32_a1e-4,2582,2194,388,19,42,42,42,-0.0050987725495974,0.1751646322728395,0.2274360166636831
1,286,mlp,target_fodft_coupling_abs_ev,mlp_128_64_32_a1e-4,2582,2194,388,19,42,42,42,-0.0039834043306576,0.1768973998027763,0.226985253166751
1,287,mlp,target_fodft_coupling_abs_ev,mlp_128_64_32_a1e-4,2582,2194,388,19,42,42,42,-0.0244083538976547,0.1682145781868627,0.216382344938173
1,288,mlp,target_fodft_coupling_abs_ev,mlp_128_64_32_a1e-4,2582,2194,388,19,42,42,42,-0.0374823189560034,0.1658903280409457,0.2125051797319361
1,289,mlp,target_fodft_coupling_abs_ev,mlp_128_64_32_a1e-4,2582,2194,388,19,42,42,42,-0.004681733955828,0.1762808553452846,0.2218119942087471
1,290,mlp,target_fodft_coupling_abs_ev,mlp_128_64_32_a1e-4,2582,2194,388,19,42,42,42,-0.0135406934813344,0.1637546271355225,0.2099423242130473
1,291,mlp,target_fodft_coupling_abs_ev,mlp_128_64_32_a1e-4,2582,2194,388,19,42,42,42,-0.0380399583569603,0.1761634829018834,0.2235544065953331
1,292,mlp,target_fodft_coupling_abs_ev,mlp_128_64_32_a1e-4,2582,2194,388,19,42,42,42,-0.012375529902642,0.1721738965590627,0.2122263058203012
1,293,mlp,target_fodft_coupling_abs_ev,mlp_128_64_32_a1e-4,2582,2194,388,19,42,42,42,-0.0335187219480104,0.1799530845566835,0.2437031127011512
1,294,mlp,target_fodft_coupling_abs_ev,mlp_128_64_32_a1e-4,2582,2194,388,19,42,42,42,-0.0086698430377685,0.1653049345195417,0.2078377832759072
1,295,mlp,target_fodft_coupling_abs_ev,mlp_128_64_32_a1e-4,2582,2194,388,19,42,42,42,-0.0254014349518978,0.1746868655148586,0.2203311251880449
1,296,mlp,target_fodft_coupling_abs_ev,mlp_128_64_32_a1e-4,2582,2194,388,19,42,42,42,-0.0006485710950527,0.1744814588275509,0.2281319564150167
1,297,mlp,target_fodft_coupling_abs_ev,mlp_128_64_32_a1e-4,2582,2194,388,19,42,42,42,-0.0232032976770881,0.1743640980613656,0.217204139378341
1,298,mlp,target_fodft_coupling_abs_ev,mlp_128_64_32_a1e-4,2582,2194,388,19,42,42,42,-0.0143941852131808,0.1679620405907251,0.2068727973464267
1,299,mlp,target_fodft_coupling_abs_ev,mlp_128_64_32_a1e-4,2582,2194,388,19,42,42,42,-0.0307305297074302,0.1653424823718131,0.2091483614809813
1,300,mlp,target_fodft_coupling_abs_ev,mlp_128_64_32_a1e-4,2582,2194,388,19,42,42,42,-0.0396785023652903,0.1705665426694964,0.2208945680979979
1,301,mlp,target_fodft_coupling_abs_ev,mlp_128_64_32_a1e-4,2582,2194,388,19,42,42,42,-0.0443244484672329,0.1864081071735074,0.2313560352151396
1,302,mlp,target_fodft_coupling_abs_ev,mlp_128_64_32_a1e-4,2582,2194,388,19,42,42,42,-0.0713170173698967,0.1798073817855508,0.2426362341747174
1,303,mlp,target_fodft_coupling_abs_ev,mlp_128_64_32_a1e-4,2582,2194,388,19,42,42,42,-0.0206578470837757,0.1784717201107586,0.2296695944578916
1,304,mlp,target_fodft_coupling_abs_ev,mlp_128_64_32_a1e-4,2582,2194,388,19,42,42,42,-0.0166708138662854,0.1795361437058831,0.2207033650975974
1,305,mlp,target_fodft_coupling_abs_ev,mlp_128_64_32_a1e-4,2582,2194,388,19,42,42,42,-0.0213671408662652,0.1776980000521143,0.2374049609134632
1,306,mlp,target_fodft_coupling_abs_ev,mlp_128_64_32_a1e-4,2582,2194,388,19,42,42,42,-0.011384171533739,0.1677131246636954,0.207883134221507
1,307,mlp,target_fodft_coupling_abs_ev,mlp_128_64_32_a1e-4,2582,2194,388,19,42,42,42,-0.0068896152005821,0.1706671692120373,0.2191435919293906
1,308,mlp,target_fodft_coupling_abs_ev,mlp_128_64_32_a1e-4,2582,2194,388,19,42,42,42,0.0126133508161159,0.1791434474084703,0.2311388088840411
1,309,mlp,target_fodft_coupling_abs_ev,mlp_128_64_32_a1e-4,2582,2194,388,19,42,42,42,-0.0166800473736572,0.1746191432185544,0.221994452010127
1,310,mlp,target_fodft_coupling_abs_ev,mlp_128_64_32_a1e-4,2582,2194,388,19,42,42,42,-0.0047623127023816,0.175074288361053,0.2215800688299875
1,311,mlp,target_fodft_coupling_abs_ev,mlp_128_64_32_a1e-4,2582,2194,388,19,42,42,42,-0.0093807119283666,0.1660829515574907,0.2070001551340698
1,312,mlp,target_fodft_coupling_abs_ev,mlp_128_64_32_a1e-4,2582,2194,388,19,42,42,42,-0.0333233355932605,0.1674226835701276,0.2114361805838433
1,313,mlp,target_fodft_coupling_abs_ev,mlp_128_64_32_a1e-4,2582,2194,388,19,42,42,42,-0.0105635620012956,0.1655610578647581,0.2124508779129954
1,314,mlp,target_fodft_coupling_abs_ev,mlp_128_64_32_a1e-4,2582,2194,388,19,42,42,42,-0.0227421233263649,0.1736502426154015,0.2234700920998649
1,315,mlp,target_fodft_coupling_abs_ev,mlp_128_64_32_a1e-4,2582,2194,388,19,42,42,42,-0.0443680453510924,0.1713137109508412,0.2286059518303312
1,316,mlp,target_fodft_coupling_abs_ev,mlp_128_64_32_a1e-4,2582,2194,388,19,42,42,42,-0.0514743706410345,0.1650404633118717,0.2126911611925792
1,317,mlp,target_fodft_coupling_abs_ev,mlp_128_64_32_a1e-4,2582,2194,388,19,42,42,42,-0.0045178137296861,0.1827848726022948,0.2390244965230647
1,318,mlp,target_fodft_coupling_abs_ev,mlp_128_64_32_a1e-4,2582,2194,388,19,42,42,42,-0.0617304785297949,0.1719029529342186,0.2270843650821957
1,319,mlp,target_fodft_coupling_abs_ev,mlp_128_64_32_a1e-4,2582,2194,388,19,42,42,42,-0.0112733909546076,0.1749072346207545,0.2164597155567664
1,320,mlp,target_fodft_coupling_abs_ev,mlp_128_64_32_a1e-4,2582,2194,388,19,42,42,42,-0.0188652406351232,0.1702779990733139,0.2158978216013768
1,321,mlp,target_fodft_coupling_abs_ev,mlp_128_64_32_a1e-4,2582,2194,388,19,42,42,42,-0.0257045629678185,0.1784500192660577,0.2453463580318349
1,322,mlp,target_fodft_coupling_abs_ev,mlp_128_64_32_a1e-4,2582,2194,388,19,42,42,42,-0.0111694106103712,0.1746103468722759,0.2285711900046015
1,323,mlp,target_fodft_coupling_abs_ev,mlp_128_64_32_a1e-4,2582,2194,388,19,42,42,42,-0.0191029402667963,0.1684415548160292,0.216714668361853
1,324,mlp,target_fodft_coupling_abs_ev,mlp_128_64_32_a1e-4,2582,2194,388,19,42,42,42,-0.0691291678985663,0.1656399374525986,0.208584372920688
1,325,mlp,target_fodft_coupling_abs_ev,mlp_128_64_32_a1e-4,2582,2194,388,19,42,42,42,-0.0329007325107439,0.1663010751180161,0.2022643837035549
1,326,mlp,target_fodft_coupling_abs_ev,mlp_128_64_32_a1e-4,2582,2194,388,19,42,42,42,-0.0011420039560636,0.1701646012382414,0.2241225589807263
1,327,mlp,target_fodft_coupling_abs_ev,mlp_128_64_32_a1e-4,2582,2194,388,19,42,42,42,-0.010763195419315,0.1761974404261311,0.2266662472837437
1,328,mlp,target_fodft_coupling_abs_ev,mlp_128_64_32_a1e-4,2582,2194,388,19,42,42,42,-0.007690191305343,0.1742243700655172,0.2178189229390155
1,329,mlp,target_fodft_coupling_abs_ev,mlp_128_64_32_a1e-4,2582,2194,388,19,42,42,42,-0.0085459396611575,0.1783887834295887,0.2229907741442855
1,330,mlp,target_fodft_coupling_abs_ev,mlp_128_64_32_a1e-4,2582,2194,388,19,42,42,42,-0.0236591547989348,0.1677801625484848,0.2094310361951365
1,331,mlp,target_fodft_coupling_abs_ev,mlp_128_64_32_a1e-4,2582,2194,388,19,42,42,42,0.0112727692969796,0.173295145314577,0.2295909068835918
1,332,mlp,target_fodft_coupling_abs_ev,mlp_128_64_32_a1e-4,2582,2194,388,19,42,42,42,-0.0155841912483087,0.1856785693655295,0.234006864318005
1,333,mlp,target_fodft_coupling_abs_ev,mlp_128_64_32_a1e-4,2582,2194,388,19,42,42,42,-0.0428558178524032,0.1721963686564517,0.2190110562195273
1,334,mlp,target_fodft_coupling_abs_ev,mlp_128_64_32_a1e-4,2582,2194,388,19,42,42,42,-0.0414587712602314,0.1780824430796837,0.2321513655748123
1,335,mlp,target_fodft_coupling_abs_ev,mlp_128_64_32_a1e-4,2582,2194,388,19,42,42,42,-0.0268470142336463,0.1727473904960669,0.2207545982527341
1,336,mlp,target_fodft_coupling_abs_ev,mlp_128_64_32_a1e-4,2582,2194,388,19,42,42,42,-0.0157662620528991,0.1787674506906654,0.2388612221995142
1,337,mlp,target_fodft_coupling_abs_ev,mlp_128_64_32_a1e-4,2582,2194,388,19,42,42,42,-0.0230892673798326,0.1820454259876787,0.23329825622653
1,338,mlp,target_fodft_coupling_abs_ev,mlp_128_64_32_a1e-4,2582,2194,388,19,42,42,42,-0.011948389870396,0.171874806680721,0.2102226908026059
1,339,mlp,target_fodft_coupling_abs_ev,mlp_128_64_32_a1e-4,2582,2194,388,19,42,42,42,-0.0366484978245524,0.1831608689372858,0.2365956940079016
1,340,mlp,target_fodft_coupling_abs_ev,mlp_128_64_32_a1e-4,2582,2194,388,19,42,42,42,-0.0239287737317333,0.1739922900956827,0.2205952553351626
1,341,mlp,target_fodft_coupling_abs_ev,mlp_128_64_32_a1e-4,2582,2194,388,19,42,42,42,-0.041265012616753,0.186348396438701,0.2379391382848658
1,342,mlp,target_fodft_coupling_abs_ev,mlp_128_64_32_a1e-4,2582,2194,388,19,42,42,42,-0.0098956080680199,0.1703534910266607,0.2229608464173942
1,343,mlp,target_fodft_coupling_abs_ev,mlp_128_64_32_a1e-4,2582,2194,388,19,42,42,42,0.0002716608224784,0.1750462088089997,0.2281806117522802
1,344,mlp,target_fodft_coupling_abs_ev,mlp_128_64_32_a1e-4,2582,2194,388,19,42,42,42,-0.0160990281749726,0.1798868972423613,0.2273309633672819
1,345,mlp,target_fodft_coupling_abs_ev,mlp_128_64_32_a1e-4,2582,2194,388,19,42,42,42,-0.0172894253385385,0.1694804629693837,0.2105517873388752
1,346,mlp,target_fodft_coupling_abs_ev,mlp_128_64_32_a1e-4,2582,2194,388,19,42,42,42,-0.0179746924568189,0.1703009424122281,0.2216176209183478
1,347,mlp,target_fodft_coupling_abs_ev,mlp_128_64_32_a1e-4,2582,2194,388,19,42,42,42,-0.0488987545533194,0.1796213858995258,0.2312393146597431
1,348,mlp,target_fodft_coupling_abs_ev,mlp_128_64_32_a1e-4,2582,2194,388,19,42,42,42,-0.0396147161803037,0.1775747522113887,0.2266239981801666
1,349,mlp,target_fodft_coupling_abs_ev,mlp_128_64_32_a1e-4,2582,2194,388,19,42,42,42,-0.0235117393973101,0.1770439089969079,0.2250992432313329
1,350,mlp,target_fodft_coupling_abs_ev,mlp_128_64_32_a1e-4,2582,2194,388,19,42,42,42,-0.0233162855097586,0.1726527604121088,0.2254849505234825
1,351,mlp,target_fodft_coupling_abs_ev,mlp_128_64_32_a1e-4,2582,2194,388,19,42,42,42,-0.0062719788098322,0.1809045844300737,0.2226316583167313
1,352,mlp,target_fodft_coupling_abs_ev,mlp_128_64_32_a1e-4,2582,2194,388,19,42,42,42,-0.0052220540221374,0.1815759476939237,0.2303037491134178
1,353,mlp,target_fodft_coupling_abs_ev,mlp_128_64_32_a1e-4,2582,2194,388,19,42,42,42,-0.0092166806921893,0.1679995300778145,0.2120843644255253
1,354,mlp,target_fodft_coupling_abs_ev,mlp_128_64_32_a1e-4,2582,2194,388,19,42,42,42,-0.0034637232500061,0.1717461393873509,0.2212096139293935
1,355,mlp,target_fodft_coupling_abs_ev,mlp_128_64_32_a1e-4,2582,2194,388,19,42,42,42,-0.0169650049040872,0.1847021428576745,0.2306241571024444
1,356,mlp,target_fodft_coupling_abs_ev,mlp_128_64_32_a1e-4,2582,2194,388,19,42,42,42,-0.0034849989059413,0.1740382380733947,0.2225712233593813
1,357,mlp,target_fodft_coupling_abs_ev,mlp_128_64_32_a1e-4,2582,2194,388,19,42,42,42,-0.0080546192952553,0.1753981725622156,0.225976578443149
1,358,mlp,target_fodft_coupling_abs_ev,mlp_128_64_32_a1e-4,2582,2194,388,19,42,42,42,-0.0439788928546367,0.1584654597362104,0.1905879743264177
1,359,mlp,target_fodft_coupling_abs_ev,mlp_128_64_32_a1e-4,2582,2194,388,19,42,42,42,-0.0149615692972431,0.1692537119414423,0.2174556821414945
1,360,mlp,target_fodft_coupling_abs_ev,mlp_128_64_32_a1e-4,2582,2194,388,19,42,42,42,-0.0240975763926134,0.1739797776293615,0.226613220026795
1,361,mlp,target_fodft_coupling_abs_ev,mlp_128_64_32_a1e-4,2582,2194,388,19,42,42,42,-0.0091391346935958,0.1798547815202897,0.2253863726721789
1,362,mlp,target_fodft_coupling_abs_ev,mlp_128_64_32_a1e-4,2582,2194,388,19,42,42,42,-0.0061082019383911,0.1731248461071125,0.2216064478898826
1,363,mlp,target_fodft_coupling_abs_ev,mlp_128_64_32_a1e-4,2582,2194,388,19,42,42,42,-0.0057774129597498,0.1692782884499242,0.207675369274891
1,364,mlp,target_fodft_coupling_abs_ev,mlp_128_64_32_a1e-4,2582,2194,388,19,42,42,42,-0.0072125062547216,0.1683696461858174,0.2122213618485093
1,365,mlp,target_fodft_coupling_abs_ev,mlp_128_64_32_a1e-4,2582,2194,388,19,42,42,42,-0.0451614671847711,0.1732325590942539,0.205505001420727
1,366,mlp,target_fodft_coupling_abs_ev,mlp_128_64_32_a1e-4,2582,2194,388,19,42,42,42,0.0078431911125441,0.1677008761320423,0.2120036649620785
1,367,mlp,target_fodft_coupling_abs_ev,mlp_128_64_32_a1e-4,2582,2194,388,19,42,42,42,-0.0069882789385946,0.1775787794502863,0.2251807934291813
1,368,mlp,target_fodft_coupling_abs_ev,mlp_128_64_32_a1e-4,2582,2194,388,19,42,42,42,-0.0110022206114674,0.1762583164710624,0.2242092826465322
1,369,mlp,target_fodft_coupling_abs_ev,mlp_128_64_32_a1e-4,2582,2194,388,19,42,42,42,-0.0277473513271555,0.1628776512966908,0.2020560893843121
1,370,mlp,target_fodft_coupling_abs_ev,mlp_128_64_32_a1e-4,2582,2194,388,19,42,42,42,-0.0347917376222894,0.1732849887365775,0.2304276526922621
1,371,mlp,target_fodft_coupling_abs_ev,mlp_128_64_32_a1e-4,2582,2194,388,19,42,42,42,-0.0076417836292452,0.1797782056906837,0.2326352541558397
1,372,mlp,target_fodft_coupling_abs_ev,mlp_128_64_32_a1e-4,2582,2194,388,19,42,42,42,-0.0179968777568646,0.1752793731101833,0.226629377772851
1,373,mlp,target_fodft_coupling_abs_ev,mlp_128_64_32_a1e-4,2582,2194,388,19,42,42,42,-0.0127903250028731,0.1620367129255416,0.1953130014161311
1,374,mlp,target_fodft_coupling_abs_ev,mlp_128_64_32_a1e-4,2582,2194,388,19,42,42,42,-0.0156272629036777,0.1830170625335745,0.2368502868387337
1,375,mlp,target_fodft_coupling_abs_ev,mlp_128_64_32_a1e-4,2582,2194,388,19,42,42,42,-0.0144360912265255,0.1799463225610713,0.2359893525355776
1,376,mlp,target_fodft_coupling_abs_ev,mlp_128_64_32_a1e-4,2582,2194,388,19,42,42,42,-0.0244594030140772,0.1741486107991535,0.2258234825035868
1,377,mlp,target_fodft_coupling_abs_ev,mlp_128_64_32_a1e-4,2582,2194,388,19,42,42,42,-0.0570446108586704,0.1693258334955821,0.2229558542805102
1,378,mlp,target_fodft_coupling_abs_ev,mlp_128_64_32_a1e-4,2582,2194,388,19,42,42,42,-0.0296626805805688,0.1664159848193669,0.21358384710787
1,379,mlp,target_fodft_coupling_abs_ev,mlp_128_64_32_a1e-4,2582,2194,388,19,42,42,42,-0.0336922192896007,0.1754708061938509,0.2247660180271091
1,380,mlp,target_fodft_coupling_abs_ev,mlp_128_64_32_a1e-4,2582,2194,388,19,42,42,42,-0.009034399481558,0.1758920731302014,0.2241193616885539
1,381,mlp,target_fodft_coupling_abs_ev,mlp_128_64_32_a1e-4,2582,2194,388,19,42,42,42,-0.0271126200526214,0.1743563761358164,0.2266295954717762
1,382,mlp,target_fodft_coupling_abs_ev,mlp_128_64_32_a1e-4,2582,2194,388,19,42,42,42,-0.0072610889195645,0.173413744867834,0.2240256700972229
1,383,mlp,target_fodft_coupling_abs_ev,mlp_128_64_32_a1e-4,2582,2194,388,19,42,42,42,-0.0183374577516228,0.1772261398791889,0.2329050036786469
1,384,mlp,target_fodft_coupling_abs_ev,mlp_128_64_32_a1e-4,2582,2194,388,19,42,42,42,-0.0053585409009329,0.181081607040117,0.2307910255355562
1,385,mlp,target_fodft_coupling_abs_ev,mlp_128_64_32_a1e-4,2582,2194,388,19,42,42,42,-0.0037425007131826,0.1783420295446156,0.2306150458536313
1,386,mlp,target_fodft_coupling_abs_ev,mlp_128_64_32_a1e-4,2582,2194,388,19,42,42,42,-0.0003698183731752,0.1782751176311426,0.2240850179280904
1,387,mlp,target_fodft_coupling_abs_ev,mlp_128_64_32_a1e-4,2582,2194,388,19,42,42,42,-0.0074809809394635,0.1852686465939729,0.2321029969353981
1,388,mlp,target_fodft_coupling_abs_ev,mlp_128_64_32_a1e-4,2582,2194,388,19,42,42,42,-0.0301193115328151,0.1786894678438612,0.2222568295719804
1,389,mlp,target_fodft_coupling_abs_ev,mlp_128_64_32_a1e-4,2582,2194,388,19,42,42,42,-0.0509577886062864,0.1638055818508281,0.2083386039665549
1,390,mlp,target_fodft_coupling_abs_ev,mlp_128_64_32_a1e-4,2582,2194,388,19,42,42,42,-0.0128705858437701,0.1723052369008506,0.2121160931473833
1,391,mlp,target_fodft_coupling_abs_ev,mlp_128_64_32_a1e-4,2582,2194,388,19,42,42,42,-0.0144870458909458,0.1728769719515736,0.2263873795744012
1,392,mlp,target_fodft_coupling_abs_ev,mlp_128_64_32_a1e-4,2582,2194,388,19,42,42,42,-0.0281517032324305,0.1662026999041946,0.2101967488164568
1,393,mlp,target_fodft_coupling_abs_ev,mlp_128_64_32_a1e-4,2582,2194,388,19,42,42,42,0.0018056999352424,0.17615866499401,0.2225448199026019
1,394,mlp,target_fodft_coupling_abs_ev,mlp_128_64_32_a1e-4,2582,2194,388,19,42,42,42,-0.0084204717286806,0.1900687783529083,0.2513562591365077
1,395,mlp,target_fodft_coupling_abs_ev,mlp_128_64_32_a1e-4,2582,2194,388,19,42,42,42,-0.0143874086529944,0.17768393316501,0.2324620981324362
1,396,mlp,target_fodft_coupling_abs_ev,mlp_128_64_32_a1e-4,2582,2194,388,19,42,42,42,0.0121039648032814,0.1773295003767981,0.228839536535456
1,397,mlp,target_fodft_coupling_abs_ev,mlp_128_64_32_a1e-4,2582,2194,388,19,42,42,42,-0.0044327929066039,0.1713584125172167,0.2308738791722738
1,398,mlp,target_fodft_coupling_abs_ev,mlp_128_64_32_a1e-4,2582,2194,388,19,42,42,42,-0.0225476551094325,0.1740993176646565,0.2267324476758
1,399,mlp,target_fodft_coupling_abs_ev,mlp_128_64_32_a1e-4,2582,2194,388,19,42,42,42,-0.0054469934732455,0.1745776654000371,0.228194556119821
1,400,mlp,target_fodft_coupling_abs_ev,mlp_128_64_32_a1e-4,2582,2194,388,19,42,42,42,-0.0132863336666211,0.1728691417020842,0.2229143191932038
1,401,mlp,target_fodft_coupling_abs_ev,mlp_128_64_32_a1e-4,2582,2194,388,19,42,42,42,-0.002763518937042,0.1771476082849413,0.2267635714357888
1,402,mlp,target_fodft_coupling_abs_ev,mlp_128_64_32_a1e-4,2582,2194,388,19,42,42,42,-0.03359401188769,0.1809693135439704,0.229555564711242
1,403,mlp,target_fodft_coupling_abs_ev,mlp_128_64_32_a1e-4,2582,2194,388,19,42,42,42,-0.0282505216048882,0.1727768013413368,0.2327241206643257
1,404,mlp,target_fodft_coupling_abs_ev,mlp_128_64_32_a1e-4,2582,2194,388,19,42,42,42,-0.0034541735203403,0.1712811675766994,0.2254108613334996
1,405,mlp,target_fodft_coupling_abs_ev,mlp_128_64_32_a1e-4,2582,2194,388,19,42,42,42,-0.0293993007335122,0.1850426617614275,0.2366003152753002
1,406,mlp,target_fodft_coupling_abs_ev,mlp_128_64_32_a1e-4,2582,2194,388,19,42,42,42,-0.0096094308912837,0.1692066344753313,0.2168168761033365
1,407,mlp,target_fodft_coupling_abs_ev,mlp_128_64_32_a1e-4,2582,2194,388,19,42,42,42,-0.0082997692640287,0.1711870320896869,0.2106641411421878
1,408,mlp,target_fodft_coupling_abs_ev,mlp_128_64_32_a1e-4,2582,2194,388,19,42,42,42,-0.024861562013021,0.1685100739581213,0.2137009251782457
1,409,mlp,target_fodft_coupling_abs_ev,mlp_128_64_32_a1e-4,2582,2194,388,19,42,42,42,-0.0165739621431408,0.178833009860034,0.2335560510768777
1,410,mlp,target_fodft_coupling_abs_ev,mlp_128_64_32_a1e-4,2582,2194,388,19,42,42,42,-0.0079464861790823,0.1656318529712896,0.2162801991020198
1,411,mlp,target_fodft_coupling_abs_ev,mlp_128_64_32_a1e-4,2582,2194,388,19,42,42,42,-0.0121172171640777,0.1605550255148656,0.1999217262678979
1,412,mlp,target_fodft_coupling_abs_ev,mlp_128_64_32_a1e-4,2582,2194,388,19,42,42,42,-0.0028431665952668,0.175773047274316,0.2199699418642353
1,413,mlp,target_fodft_coupling_abs_ev,mlp_128_64_32_a1e-4,2582,2194,388,19,42,42,42,-0.0246484396686639,0.1756319468920733,0.2172370675175766
1,414,mlp,target_fodft_coupling_abs_ev,mlp_128_64_32_a1e-4,2582,2194,388,19,42,42,42,0.0144641889548294,0.1771069356282376,0.2269643030369914
1,415,mlp,target_fodft_coupling_abs_ev,mlp_128_64_32_a1e-4,2582,2194,388,19,42,42,42,-0.0127140243289018,0.1708191730025416,0.2182728744004089
1,416,mlp,target_fodft_coupling_abs_ev,mlp_128_64_32_a1e-4,2582,2194,388,19,42,42,42,-0.034385590640579,0.169362701740551,0.204009034488736
1,417,mlp,target_fodft_coupling_abs_ev,mlp_128_64_32_a1e-4,2582,2194,388,19,42,42,42,0.0003192349594202,0.1786946092425729,0.2320755352947844
1,418,mlp,target_fodft_coupling_abs_ev,mlp_128_64_32_a1e-4,2582,2194,388,19,42,42,42,-0.0265197479910304,0.1723673280837575,0.2202200133173139
1,419,mlp,target_fodft_coupling_abs_ev,mlp_128_64_32_a1e-4,2582,2194,388,19,42,42,42,-0.0113199178379423,0.1839692940058589,0.2293292438284193
1,420,mlp,target_fodft_coupling_abs_ev,mlp_128_64_32_a1e-4,2582,2194,388,19,42,42,42,-0.0707097449123941,0.1780030609277413,0.2292525760167301
1,421,mlp,target_fodft_coupling_abs_ev,mlp_128_64_32_a1e-4,2582,2194,388,19,42,42,42,-0.021505154285593,0.1799493428020326,0.2330352606713294
1,422,mlp,target_fodft_coupling_abs_ev,mlp_128_64_32_a1e-4,2582,2194,388,19,42,42,42,-0.0320481217167374,0.1676595797610292,0.2034580975805046
1,423,mlp,target_fodft_coupling_abs_ev,mlp_128_64_32_a1e-4,2582,2194,388,19,42,42,42,-0.0172516141191312,0.1730461169565447,0.221079936726873
1,424,mlp,target_fodft_coupling_abs_ev,mlp_128_64_32_a1e-4,2582,2194,388,19,42,42,42,-0.0199274805657123,0.1703380684415819,0.2188243341601368
1,425,mlp,target_fodft_coupling_abs_ev,mlp_128_64_32_a1e-4,2582,2194,388,19,42,42,42,-0.017148111034585,0.1806545843925485,0.2328059802717286
1,426,mlp,target_fodft_coupling_abs_ev,mlp_128_64_32_a1e-4,2582,2194,388,19,42,42,42,-0.0062711004361908,0.176846210819624,0.2320587489054511
1,427,mlp,target_fodft_coupling_abs_ev,mlp_128_64_32_a1e-4,2582,2194,388,19,42,42,42,-0.0236001140131856,0.1719003526951553,0.2132550962641691
1,428,mlp,target_fodft_coupling_abs_ev,mlp_128_64_32_a1e-4,2582,2194,388,19,42,42,42,-0.0530880984945538,0.1730934544270595,0.2284021932555892
1,429,mlp,target_fodft_coupling_abs_ev,mlp_128_64_32_a1e-4,2582,2194,388,19,42,42,42,-0.0059907778056214,0.168963902248286,0.2230067669636652
1,430,mlp,target_fodft_coupling_abs_ev,mlp_128_64_32_a1e-4,2582,2194,388,19,42,42,42,-0.0379008605416824,0.1686936422474128,0.2146015775182062
1,431,mlp,target_fodft_coupling_abs_ev,mlp_128_64_32_a1e-4,2582,2194,388,19,42,42,42,-0.0239594469954194,0.1727841707376559,0.2144614222148852
1,432,mlp,target_fodft_coupling_abs_ev,mlp_128_64_32_a1e-4,2582,2194,388,19,42,42,42,-0.0270880555953318,0.1849835455333405,0.2293215779807748
1,433,mlp,target_fodft_coupling_abs_ev,mlp_128_64_32_a1e-4,2582,2194,388,19,42,42,42,0.001148271764479,0.1701187726987137,0.2152944075462842
1,434,mlp,target_fodft_coupling_abs_ev,mlp_128_64_32_a1e-4,2582,2194,388,19,42,42,42,-0.012923618871919,0.17473704425827,0.2214923977072933
1,435,mlp,target_fodft_coupling_abs_ev,mlp_128_64_32_a1e-4,2582,2194,388,19,42,42,42,-0.0111359888774227,0.1761117331170315,0.2303549868280345
1,436,mlp,target_fodft_coupling_abs_ev,mlp_128_64_32_a1e-4,2582,2194,388,19,42,42,42,-0.0237520878597488,0.1830915790762596,0.2336227681517574
1,437,mlp,target_fodft_coupling_abs_ev,mlp_128_64_32_a1e-4,2582,2194,388,19,42,42,42,-0.0421607286341396,0.1694507725170335,0.2201958367080902
1,438,mlp,target_fodft_coupling_abs_ev,mlp_128_64_32_a1e-4,2582,2194,388,19,42,42,42,-0.0349333988102467,0.1665639478216058,0.2114899396837885
1,439,mlp,target_fodft_coupling_abs_ev,mlp_128_64_32_a1e-4,2582,2194,388,19,42,42,42,-0.0145845407606954,0.1828005250635723,0.2386839478535904
1,440,mlp,target_fodft_coupling_abs_ev,mlp_128_64_32_a1e-4,2582,2194,388,19,42,42,42,0.0034260772786711,0.1877297823967397,0.2525401858954958
1,441,mlp,target_fodft_coupling_abs_ev,mlp_128_64_32_a1e-4,2582,2194,388,19,42,42,42,-0.0140998922023836,0.1668978110891843,0.2100796510154804
1,442,mlp,target_fodft_coupling_abs_ev,mlp_128_64_32_a1e-4,2582,2194,388,19,42,42,42,-0.0133601769759996,0.1791273671083188,0.229397125147644
1,443,mlp,target_fodft_coupling_abs_ev,mlp_128_64_32_a1e-4,2582,2194,388,19,42,42,42,-0.02322768372833,0.1825168703099298,0.2340193041483174
1,444,mlp,target_fodft_coupling_abs_ev,mlp_128_64_32_a1e-4,2582,2194,388,19,42,42,42,-0.0063164040848984,0.1780210094671273,0.2308852718082541
1,445,mlp,target_fodft_coupling_abs_ev,mlp_128_64_32_a1e-4,2582,2194,388,19,42,42,42,-0.0557970665156515,0.1683388040843935,0.207208069463238
1,446,mlp,target_fodft_coupling_abs_ev,mlp_128_64_32_a1e-4,2582,2194,388,19,42,42,42,-0.0227469626926108,0.1670159478617688,0.2170478591689865
1,447,mlp,target_fodft_coupling_abs_ev,mlp_128_64_32_a1e-4,2582,2194,388,19,42,42,42,-0.0388737600835764,0.1749458318551911,0.2135065603178835
1,448,mlp,target_fodft_coupling_abs_ev,mlp_128_64_32_a1e-4,2582,2194,388,19,42,42,42,-0.0216473446360614,0.1759587691735432,0.2298842808052223
1,449,mlp,target_fodft_coupling_abs_ev,mlp_128_64_32_a1e-4,2582,2194,388,19,42,42,42,-0.0275229131277896,0.1710550009434703,0.2154050806130215
1,450,mlp,target_fodft_coupling_abs_ev,mlp_128_64_32_a1e-4,2582,2194,388,19,42,42,42,-0.0012873632328538,0.1718033133282184,0.2196753536498926
1,451,mlp,target_fodft_coupling_abs_ev,mlp_128_64_32_a1e-4,2582,2194,388,19,42,42,42,-0.0145046410420774,0.1864353714462139,0.2553463953962473
1,452,mlp,target_fodft_coupling_abs_ev,mlp_128_64_32_a1e-4,2582,2194,388,19,42,42,42,-0.0320048272918183,0.170246577525068,0.2091548924306193
1,453,mlp,target_fodft_coupling_abs_ev,mlp_128_64_32_a1e-4,2582,2194,388,19,42,42,42,-0.0007262235966694,0.1748419358663187,0.2263692908609049
1,454,mlp,target_fodft_coupling_abs_ev,mlp_128_64_32_a1e-4,2582,2194,388,19,42,42,42,-0.0143381743889661,0.1715026838710871,0.2146988354803722
1,455,mlp,target_fodft_coupling_abs_ev,mlp_128_64_32_a1e-4,2582,2194,388,19,42,42,42,-0.0181225230576829,0.1778654308628355,0.2259615244551941
1,456,mlp,target_fodft_coupling_abs_ev,mlp_128_64_32_a1e-4,2582,2194,388,19,42,42,42,-0.0213919975944891,0.1763225673447738,0.2273630784949617
1,457,mlp,target_fodft_coupling_abs_ev,mlp_128_64_32_a1e-4,2582,2194,388,19,42,42,42,-0.021839621870944,0.1885522311637942,0.236551655376097
1,458,mlp,target_fodft_coupling_abs_ev,mlp_128_64_32_a1e-4,2582,2194,388,19,42,42,42,-0.0283314398117735,0.1738408284983491,0.2116764270891072
1,459,mlp,target_fodft_coupling_abs_ev,mlp_128_64_32_a1e-4,2582,2194,388,19,42,42,42,-0.0234711727119703,0.1794540779529676,0.2244480102750688
1,460,mlp,target_fodft_coupling_abs_ev,mlp_128_64_32_a1e-4,2582,2194,388,19,42,42,42,-0.0181419077685771,0.1699302220815244,0.2159652268945405
1,461,mlp,target_fodft_coupling_abs_ev,mlp_128_64_32_a1e-4,2582,2194,388,19,42,42,42,0.0031421060377841,0.16007002565272,0.2011782268524044
1,462,mlp,target_fodft_coupling_abs_ev,mlp_128_64_32_a1e-4,2582,2194,388,19,42,42,42,0.0178410499182372,0.1776911493447315,0.2168403595649365
1,463,mlp,target_fodft_coupling_abs_ev,mlp_128_64_32_a1e-4,2582,2194,388,19,42,42,42,-0.0237851512217486,0.1874586031631195,0.2487022442852501
1,464,mlp,target_fodft_coupling_abs_ev,mlp_128_64_32_a1e-4,2582,2194,388,19,42,42,42,-0.0115353422884874,0.1725861083134805,0.228421657101512
1,465,mlp,target_fodft_coupling_abs_ev,mlp_128_64_32_a1e-4,2582,2194,388,19,42,42,42,-0.0463014661782701,0.1555894742048235,0.1912258120990138
1,466,mlp,target_fodft_coupling_abs_ev,mlp_128_64_32_a1e-4,2582,2194,388,19,42,42,42,-0.0118309185929772,0.1704813606563016,0.2237262803421924
1,467,mlp,target_fodft_coupling_abs_ev,mlp_128_64_32_a1e-4,2582,2194,388,19,42,42,42,-0.0430965732266863,0.1813126070493714,0.2296104034406883
1,468,mlp,target_fodft_coupling_abs_ev,mlp_128_64_32_a1e-4,2582,2194,388,19,42,42,42,-0.0101057602632641,0.1684753680501443,0.2191866901804896
1,469,mlp,target_fodft_coupling_abs_ev,mlp_128_64_32_a1e-4,2582,2194,388,19,42,42,42,-0.0070288304821499,0.1852326433081836,0.2366317098982727
1,470,mlp,target_fodft_coupling_abs_ev,mlp_128_64_32_a1e-4,2582,2194,388,19,42,42,42,-0.0223809251190527,0.1690608901951945,0.2099228998914976
1,471,mlp,target_fodft_coupling_abs_ev,mlp_128_64_32_a1e-4,2582,2194,388,19,42,42,42,-0.0395427748388206,0.1696373161010661,0.205430479237521
1,472,mlp,target_fodft_coupling_abs_ev,mlp_128_64_32_a1e-4,2582,2194,388,19,42,42,42,-0.0235290905873279,0.1763195181286221,0.223443511898713
1,473,mlp,target_fodft_coupling_abs_ev,mlp_128_64_32_a1e-4,2582,2194,388,19,42,42,42,-0.0277068404169975,0.1725509859938053,0.2170571524187578
1,474,mlp,target_fodft_coupling_abs_ev,mlp_128_64_32_a1e-4,2582,2194,388,19,42,42,42,-0.0171964140690332,0.1703124088294735,0.2183775262427299
1,475,mlp,target_fodft_coupling_abs_ev,mlp_128_64_32_a1e-4,2582,2194,388,19,42,42,42,-0.0093881346880364,0.1770904309709965,0.2177711669624542
1,476,mlp,target_fodft_coupling_abs_ev,mlp_128_64_32_a1e-4,2582,2194,388,19,42,42,42,-0.0078136672307553,0.1734350330048463,0.2196251276277238
1,477,mlp,target_fodft_coupling_abs_ev,mlp_128_64_32_a1e-4,2582,2194,388,19,42,42,42,-0.00939445559648,0.1808111630935522,0.2353333929952019
1,478,mlp,target_fodft_coupling_abs_ev,mlp_128_64_32_a1e-4,2582,2194,388,19,42,42,42,-0.0346939489572879,0.1685633799919679,0.2130564139881249
1,479,mlp,target_fodft_coupling_abs_ev,mlp_128_64_32_a1e-4,2582,2194,388,19,42,42,42,0.0177823980677168,0.1763232197657411,0.2242016326229296
1,480,mlp,target_fodft_coupling_abs_ev,mlp_128_64_32_a1e-4,2582,2194,388,19,42,42,42,-0.0051876087706015,0.1731699997136743,0.2173214016152937
1,481,mlp,target_fodft_coupling_abs_ev,mlp_128_64_32_a1e-4,2582,2194,388,19,42,42,42,-0.0339324006828529,0.1721181274579506,0.2174624200123815
1,482,mlp,target_fodft_coupling_abs_ev,mlp_128_64_32_a1e-4,2582,2194,388,19,42,42,42,-0.038766164146311,0.1850368447459867,0.231173015856766
1,483,mlp,target_fodft_coupling_abs_ev,mlp_128_64_32_a1e-4,2582,2194,388,19,42,42,42,-0.0190879985540317,0.176047034475724,0.2341468473375328
1,484,mlp,target_fodft_coupling_abs_ev,mlp_128_64_32_a1e-4,2582,2194,388,19,42,42,42,-0.0178909889625877,0.1786116424464796,0.2249896677557399
1,485,mlp,target_fodft_coupling_abs_ev,mlp_128_64_32_a1e-4,2582,2194,388,19,42,42,42,-0.0202048057776205,0.1728292620848324,0.2226328208645454
1,486,mlp,target_fodft_coupling_abs_ev,mlp_128_64_32_a1e-4,2582,2194,388,19,42,42,42,-0.0145159361784785,0.1851582442541286,0.2382104528871341
1,487,mlp,target_fodft_coupling_abs_ev,mlp_128_64_32_a1e-4,2582,2194,388,19,42,42,42,-0.008033219704197,0.1747072454193797,0.2308330628771704
1,488,mlp,target_fodft_coupling_abs_ev,mlp_128_64_32_a1e-4,2582,2194,388,19,42,42,42,-0.0146442104888837,0.1733080489916,0.2253837781848666
1,489,mlp,target_fodft_coupling_abs_ev,mlp_128_64_32_a1e-4,2582,2194,388,19,42,42,42,-0.0504625164430407,0.1750888816952021,0.2232109606129851
1,490,mlp,target_fodft_coupling_abs_ev,mlp_128_64_32_a1e-4,2582,2194,388,19,42,42,42,-0.0292216507646843,0.1722632767960504,0.2196251514636564
1,491,mlp,target_fodft_coupling_abs_ev,mlp_128_64_32_a1e-4,2582,2194,388,19,42,42,42,-0.0146809388709125,0.1720262243075845,0.2281204857295561
1,492,mlp,target_fodft_coupling_abs_ev,mlp_128_64_32_a1e-4,2582,2194,388,19,42,42,42,-0.0107852360829803,0.1682322074528635,0.2209002148080079
1,493,mlp,target_fodft_coupling_abs_ev,mlp_128_64_32_a1e-4,2582,2194,388,19,42,42,42,-0.0275784620209245,0.1901929867757348,0.2481574965318806
1,494,mlp,target_fodft_coupling_abs_ev,mlp_128_64_32_a1e-4,2582,2194,388,19,42,42,42,-0.0079635854268149,0.1825728873565973,0.2400106656658034
1,495,mlp,target_fodft_coupling_abs_ev,mlp_128_64_32_a1e-4,2582,2194,388,19,42,42,42,-0.0085159598153106,0.1685525776143966,0.2177644299488734
1,496,mlp,target_fodft_coupling_abs_ev,mlp_128_64_32_a1e-4,2582,2194,388,19,42,42,42,-0.023569780207906,0.1794787263526269,0.2337755311772686
1,497,mlp,target_fodft_coupling_abs_ev,mlp_128_64_32_a1e-4,2582,2194,388,19,42,42,42,-0.0304745885316122,0.1780639672741349,0.2358046828578279
1,498,mlp,target_fodft_coupling_abs_ev,mlp_128_64_32_a1e-4,2582,2194,388,19,42,42,42,-0.0170252548821459,0.179718466395858,0.2301853299118158
1,499,mlp,target_fodft_coupling_abs_ev,mlp_128_64_32_a1e-4,2582,2194,388,19,42,42,42,0.0143981334748279,0.1647206569273275,0.2089693119754883
1,500,mlp,target_fodft_coupling_abs_ev,mlp_128_64_32_a1e-4,2582,2194,388,19,42,42,42,-0.0326289893038893,0.1808049531957708,0.2350467931896218
5,1,mlp,target_frontier_gap_ev,mlp_64_64_32_16_a1e-4,2582,2194,388,19,42,42,42,-0.0223792460143767,0.3291496972175043,0.4012516342693836
5,2,mlp,target_frontier_gap_ev,mlp_64_64_32_16_a1e-4,2582,2194,388,19,42,42,42,-0.0274166025905466,0.3018629677344855,0.3737470187621881
5,3,mlp,target_frontier_gap_ev,mlp_64_64_32_16_a1e-4,2582,2194,388,19,42,42,42,-0.0236409186062653,0.3057371338826498,0.3768888504643324
5,4,mlp,target_frontier_gap_ev,mlp_64_64_32_16_a1e-4,2582,2194,388,19,42,42,42,-0.0165853072739745,0.2944768533897087,0.3588448240308831
5,5,mlp,target_frontier_gap_ev,mlp_64_64_32_16_a1e-4,2582,2194,388,19,42,42,42,-0.0304128752469177,0.2958175033230453,0.3628403345514476
5,6,mlp,target_frontier_gap_ev,mlp_64_64_32_16_a1e-4,2582,2194,388,19,42,42,42,-0.0119508662780583,0.2941589820982783,0.3595185469120062
5,7,mlp,target_frontier_gap_ev,mlp_64_64_32_16_a1e-4,2582,2194,388,19,42,42,42,-0.0329257811042729,0.3090535751158508,0.3777225054432394
5,8,mlp,target_frontier_gap_ev,mlp_64_64_32_16_a1e-4,2582,2194,388,19,42,42,42,-0.0148778053925826,0.293672247989149,0.3603203448675243
5,9,mlp,target_frontier_gap_ev,mlp_64_64_32_16_a1e-4,2582,2194,388,19,42,42,42,-0.0021927795840375,0.2994859365758914,0.3675355296918701
5,10,mlp,target_frontier_gap_ev,mlp_64_64_32_16_a1e-4,2582,2194,388,19,42,42,42,-0.0310886394174951,0.3073845212650284,0.3774059264479297
5,11,mlp,target_frontier_gap_ev,mlp_64_64_32_16_a1e-4,2582,2194,388,19,42,42,42,-0.0324198690519794,0.288421399601624,0.3569982250131082
5,12,mlp,target_frontier_gap_ev,mlp_64_64_32_16_a1e-4,2582,2194,388,19,42,42,42,-0.0177219813134001,0.2953484574133986,0.3589517523007346
5,13,mlp,target_frontier_gap_ev,mlp_64_64_32_16_a1e-4,2582,2194,388,19,42,42,42,-0.0106316135826094,0.2974303565410026,0.3723558624156097
5,14,mlp,target_frontier_gap_ev,mlp_64_64_32_16_a1e-4,2582,2194,388,19,42,42,42,-0.0345807941051377,0.2969020744174263,0.3621071441407355
5,15,mlp,target_frontier_gap_ev,mlp_64_64_32_16_a1e-4,2582,2194,388,19,42,42,42,-0.0244367547734194,0.2955565685975143,0.3593733834727513
5,16,mlp,target_frontier_gap_ev,mlp_64_64_32_16_a1e-4,2582,2194,388,19,42,42,42,-0.0159933932313489,0.2987009116406984,0.3719517742382366
5,17,mlp,target_frontier_gap_ev,mlp_64_64_32_16_a1e-4,2582,2194,388,19,42,42,42,-0.0166796290180553,0.31370408821175,0.3846008911006763
5,18,mlp,target_frontier_gap_ev,mlp_64_64_32_16_a1e-4,2582,2194,388,19,42,42,42,-0.0114001099891822,0.2922406400141629,0.3629543128179719
5,19,mlp,target_frontier_gap_ev,mlp_64_64_32_16_a1e-4,2582,2194,388,19,42,42,42,-0.0443369641498507,0.3012071706234833,0.3717578320724002
5,20,mlp,target_frontier_gap_ev,mlp_64_64_32_16_a1e-4,2582,2194,388,19,42,42,42,-0.0280186349380919,0.3131366841662709,0.3782204325848902
5,21,mlp,target_frontier_gap_ev,mlp_64_64_32_16_a1e-4,2582,2194,388,19,42,42,42,-0.0219250514262334,0.2922148321256514,0.3613674003817189
5,22,mlp,target_frontier_gap_ev,mlp_64_64_32_16_a1e-4,2582,2194,388,19,42,42,42,-0.0131291004104983,0.3101448184316394,0.3816800320990809
5,23,mlp,target_frontier_gap_ev,mlp_64_64_32_16_a1e-4,2582,2194,388,19,42,42,42,-0.0251364560983733,0.2930555474931882,0.3579600301791245
5,24,mlp,target_frontier_gap_ev,mlp_64_64_32_16_a1e-4,2582,2194,388,19,42,42,42,-0.037742361862074,0.3092372178113051,0.3815751159989902
5,25,mlp,target_frontier_gap_ev,mlp_64_64_32_16_a1e-4,2582,2194,388,19,42,42,42,-0.0198927916853191,0.293984949978923,0.362078715204725
5,26,mlp,target_frontier_gap_ev,mlp_64_64_32_16_a1e-4,2582,2194,388,19,42,42,42,-0.0054085156486767,0.2941025212111878,0.3661715227346482
5,27,mlp,target_frontier_gap_ev,mlp_64_64_32_16_a1e-4,2582,2194,388,19,42,42,42,-0.0194257249413132,0.302214761114859,0.3757704274019811
5,28,mlp,target_frontier_gap_ev,mlp_64_64_32_16_a1e-4,2582,2194,388,19,42,42,42,-0.0007608817724638,0.3020840121856878,0.3764566452369965
5,29,mlp,target_frontier_gap_ev,mlp_64_64_32_16_a1e-4,2582,2194,388,19,42,42,42,-0.0077517017161465,0.2988692060098049,0.3756931740258591
5,30,mlp,target_frontier_gap_ev,mlp_64_64_32_16_a1e-4,2582,2194,388,19,42,42,42,-0.0273965011993924,0.3020012976348419,0.3762484491297506
5,31,mlp,target_frontier_gap_ev,mlp_64_64_32_16_a1e-4,2582,2194,388,19,42,42,42,-0.0386370758941514,0.3101091106893084,0.380683842918849
5,32,mlp,target_frontier_gap_ev,mlp_64_64_32_16_a1e-4,2582,2194,388,19,42,42,42,-0.0125013536241747,0.3006140683243821,0.3602822364985297
5,33,mlp,target_frontier_gap_ev,mlp_64_64_32_16_a1e-4,2582,2194,388,19,42,42,42,-0.020876478789449,0.3122906014960863,0.372150873904393
5,34,mlp,target_frontier_gap_ev,mlp_64_64_32_16_a1e-4,2582,2194,388,19,42,42,42,0.0094028471112167,0.2882025795916477,0.3648545447699648
5,35,mlp,target_frontier_gap_ev,mlp_64_64_32_16_a1e-4,2582,2194,388,19,42,42,42,-0.0002329840127119,0.3008156353805397,0.3652290934026827
5,36,mlp,target_frontier_gap_ev,mlp_64_64_32_16_a1e-4,2582,2194,388,19,42,42,42,-0.0235839590288258,0.2760030240234981,0.3463446924139489
5,37,mlp,target_frontier_gap_ev,mlp_64_64_32_16_a1e-4,2582,2194,388,19,42,42,42,-0.032332892092959,0.305846922334044,0.3795093461237701
5,38,mlp,target_frontier_gap_ev,mlp_64_64_32_16_a1e-4,2582,2194,388,19,42,42,42,-0.0313184419559462,0.2952531752380195,0.3609308004264973
5,39,mlp,target_frontier_gap_ev,mlp_64_64_32_16_a1e-4,2582,2194,388,19,42,42,42,-0.014615669902775,0.3119973828050462,0.3839048842370867
5,40,mlp,target_frontier_gap_ev,mlp_64_64_32_16_a1e-4,2582,2194,388,19,42,42,42,0.0093937412366166,0.2831958798592401,0.3517345704517088
5,41,mlp,target_frontier_gap_ev,mlp_64_64_32_16_a1e-4,2582,2194,388,19,42,42,42,0.005836705116296,0.2990176929414523,0.3687026313287348
5,42,mlp,target_frontier_gap_ev,mlp_64_64_32_16_a1e-4,2582,2194,388,19,42,42,42,-0.0200579865610353,0.3030103310448804,0.3732008476321902
5,43,mlp,target_frontier_gap_ev,mlp_64_64_32_16_a1e-4,2582,2194,388,19,42,42,42,-0.0120872710105348,0.3009651713044186,0.3763208274104355
5,44,mlp,target_frontier_gap_ev,mlp_64_64_32_16_a1e-4,2582,2194,388,19,42,42,42,-0.0085446864587876,0.2996509298631265,0.3725694323369547
5,45,mlp,target_frontier_gap_ev,mlp_64_64_32_16_a1e-4,2582,2194,388,19,42,42,42,-0.0643555850978891,0.3028515988749322,0.3735206941595453
5,46,mlp,target_frontier_gap_ev,mlp_64_64_32_16_a1e-4,2582,2194,388,19,42,42,42,-0.0189741298174253,0.2860350792150387,0.3576439602013669
5,47,mlp,target_frontier_gap_ev,mlp_64_64_32_16_a1e-4,2582,2194,388,19,42,42,42,-0.0138928705337328,0.3005435866845198,0.3734452621434854
5,48,mlp,target_frontier_gap_ev,mlp_64_64_32_16_a1e-4,2582,2194,388,19,42,42,42,-0.0264292025145862,0.2917331489655461,0.3618078576069102
5,49,mlp,target_frontier_gap_ev,mlp_64_64_32_16_a1e-4,2582,2194,388,19,42,42,42,-0.0279488477767215,0.3098233846177833,0.3698073024197164
5,50,mlp,target_frontier_gap_ev,mlp_64_64_32_16_a1e-4,2582,2194,388,19,42,42,42,-0.0174943138725653,0.2902574241579791,0.358869000448883
5,51,mlp,target_frontier_gap_ev,mlp_64_64_32_16_a1e-4,2582,2194,388,19,42,42,42,-0.0270592622231597,0.3087479962465557,0.3754268211681398
5,52,mlp,target_frontier_gap_ev,mlp_64_64_32_16_a1e-4,2582,2194,388,19,42,42,42,-0.0135417099931109,0.3003810347497858,0.3771560344243662
5,53,mlp,target_frontier_gap_ev,mlp_64_64_32_16_a1e-4,2582,2194,388,19,42,42,42,-0.017536289799398,0.282740607294013,0.3589326410421345
5,54,mlp,target_frontier_gap_ev,mlp_64_64_32_16_a1e-4,2582,2194,388,19,42,42,42,-0.018176259844302,0.2827358566860765,0.3538155849576329
5,55,mlp,target_frontier_gap_ev,mlp_64_64_32_16_a1e-4,2582,2194,388,19,42,42,42,-0.116516735291656,0.3174392241901453,0.384976947770295
5,56,mlp,target_frontier_gap_ev,mlp_64_64_32_16_a1e-4,2582,2194,388,19,42,42,42,-0.0059070515180805,0.3077358508365896,0.3777480718949804
5,57,mlp,target_frontier_gap_ev,mlp_64_64_32_16_a1e-4,2582,2194,388,19,42,42,42,-0.0441589159387814,0.2921872555254536,0.3631989744038222
5,58,mlp,target_frontier_gap_ev,mlp_64_64_32_16_a1e-4,2582,2194,388,19,42,42,42,-0.0371961167922452,0.2850051224496248,0.3585824641305833
5,59,mlp,target_frontier_gap_ev,mlp_64_64_32_16_a1e-4,2582,2194,388,19,42,42,42,-0.0379376027466622,0.2834071939889692,0.3523876706779236
5,60,mlp,target_frontier_gap_ev,mlp_64_64_32_16_a1e-4,2582,2194,388,19,42,42,42,-0.0024965458315706,0.3209557641493745,0.396295318961689
5,61,mlp,target_frontier_gap_ev,mlp_64_64_32_16_a1e-4,2582,2194,388,19,42,42,42,-0.0040044029359964,0.2760821391013148,0.3516319935621302
5,62,mlp,target_frontier_gap_ev,mlp_64_64_32_16_a1e-4,2582,2194,388,19,42,42,42,-0.0310688938202465,0.3096178823976822,0.3799225724412226
5,63,mlp,target_frontier_gap_ev,mlp_64_64_32_16_a1e-4,2582,2194,388,19,42,42,42,-0.0435450869803732,0.3027183587934577,0.3667708635439135
5,64,mlp,target_frontier_gap_ev,mlp_64_64_32_16_a1e-4,2582,2194,388,19,42,42,42,-0.0126922116242698,0.3149147905819531,0.3795635147130893
5,65,mlp,target_frontier_gap_ev,mlp_64_64_32_16_a1e-4,2582,2194,388,19,42,42,42,-0.0016574796962798,0.2821072274725504,0.3494366989586022
5,66,mlp,target_frontier_gap_ev,mlp_64_64_32_16_a1e-4,2582,2194,388,19,42,42,42,-0.0121116574247877,0.2828472408740827,0.3531894775983292
5,67,mlp,target_frontier_gap_ev,mlp_64_64_32_16_a1e-4,2582,2194,388,19,42,42,42,-0.0297708961549567,0.2979083790478676,0.3646045245909808
5,68,mlp,target_frontier_gap_ev,mlp_64_64_32_16_a1e-4,2582,2194,388,19,42,42,42,-0.0153136470954313,0.296798164674353,0.3628371408442209
5,69,mlp,target_frontier_gap_ev,mlp_64_64_32_16_a1e-4,2582,2194,388,19,42,42,42,-0.0151799486191184,0.2945512507398186,0.3669536614844945
5,70,mlp,target_frontier_gap_ev,mlp_64_64_32_16_a1e-4,2582,2194,388,19,42,42,42,-0.0352511158720834,0.3005629586241379,0.3677251236518335
5,71,mlp,target_frontier_gap_ev,mlp_64_64_32_16_a1e-4,2582,2194,388,19,42,42,42,-0.0180267440094481,0.2911678862792243,0.3620777321146594
5,72,mlp,target_frontier_gap_ev,mlp_64_64_32_16_a1e-4,2582,2194,388,19,42,42,42,-0.0090146644820925,0.2933493056948957,0.3644036740612043
5,73,mlp,target_frontier_gap_ev,mlp_64_64_32_16_a1e-4,2582,2194,388,19,42,42,42,-0.0209761040697828,0.2883482218267285,0.3573783375765286
5,74,mlp,target_frontier_gap_ev,mlp_64_64_32_16_a1e-4,2582,2194,388,19,42,42,42,-0.0359805981662029,0.3098824906103827,0.3805207506419084
5,75,mlp,target_frontier_gap_ev,mlp_64_64_32_16_a1e-4,2582,2194,388,19,42,42,42,-0.0046687513391427,0.2960236248861366,0.3609541886662268
5,76,mlp,target_frontier_gap_ev,mlp_64_64_32_16_a1e-4,2582,2194,388,19,42,42,42,-0.0196469434329418,0.2924381598352201,0.3576235544722411
5,77,mlp,target_frontier_gap_ev,mlp_64_64_32_16_a1e-4,2582,2194,388,19,42,42,42,-0.0062825032930755,0.27829732108345,0.3593786635294816
5,78,mlp,target_frontier_gap_ev,mlp_64_64_32_16_a1e-4,2582,2194,388,19,42,42,42,-0.0093215629742176,0.2899568324172181,0.3533879634536724
5,79,mlp,target_frontier_gap_ev,mlp_64_64_32_16_a1e-4,2582,2194,388,19,42,42,42,0.0183373976238748,0.2901784773668855,0.3547213915948051
5,80,mlp,target_frontier_gap_ev,mlp_64_64_32_16_a1e-4,2582,2194,388,19,42,42,42,-0.0139167933400612,0.2846816430999867,0.3629162643057114
5,81,mlp,target_frontier_gap_ev,mlp_64_64_32_16_a1e-4,2582,2194,388,19,42,42,42,-0.0118553882666598,0.3093108102119262,0.3773070508819934
5,82,mlp,target_frontier_gap_ev,mlp_64_64_32_16_a1e-4,2582,2194,388,19,42,42,42,-0.0064664756774563,0.2999202460066066,0.3685565171757705
5,83,mlp,target_frontier_gap_ev,mlp_64_64_32_16_a1e-4,2582,2194,388,19,42,42,42,-0.0209664331774086,0.2830922111529571,0.3668357496325232
5,84,mlp,target_frontier_gap_ev,mlp_64_64_32_16_a1e-4,2582,2194,388,19,42,42,42,-0.003303143800807,0.2844682229369097,0.3554879462666602
5,85,mlp,target_frontier_gap_ev,mlp_64_64_32_16_a1e-4,2582,2194,388,19,42,42,42,-0.032638749726034,0.2903905906020317,0.3607565872445284
5,86,mlp,target_frontier_gap_ev,mlp_64_64_32_16_a1e-4,2582,2194,388,19,42,42,42,-0.0107002435348322,0.2888854291982703,0.3557320635700071
5,87,mlp,target_frontier_gap_ev,mlp_64_64_32_16_a1e-4,2582,2194,388,19,42,42,42,-0.0122712294345253,0.2996715845168938,0.3652673771647173
5,88,mlp,target_frontier_gap_ev,mlp_64_64_32_16_a1e-4,2582,2194,388,19,42,42,42,0.0080629134024902,0.3013320533430808,0.3710585107648372
5,89,mlp,target_frontier_gap_ev,mlp_64_64_32_16_a1e-4,2582,2194,388,19,42,42,42,-0.0195144558457458,0.2933461430179238,0.3581172594057278
5,90,mlp,target_frontier_gap_ev,mlp_64_64_32_16_a1e-4,2582,2194,388,19,42,42,42,-0.0050359987400161,0.3002893278303879,0.3745722556888951
5,91,mlp,target_frontier_gap_ev,mlp_64_64_32_16_a1e-4,2582,2194,388,19,42,42,42,0.0061221892449595,0.279104786861772,0.3559642401971233
5,92,mlp,target_frontier_gap_ev,mlp_64_64_32_16_a1e-4,2582,2194,388,19,42,42,42,-0.0346316656455374,0.3252190882870112,0.3876994104113594
5,93,mlp,target_frontier_gap_ev,mlp_64_64_32_16_a1e-4,2582,2194,388,19,42,42,42,-0.0414102931878215,0.2930582129836033,0.3580274634169741
5,94,mlp,target_frontier_gap_ev,mlp_64_64_32_16_a1e-4,2582,2194,388,19,42,42,42,-0.019099351788532,0.3044762598067738,0.37230482302767
5,95,mlp,target_frontier_gap_ev,mlp_64_64_32_16_a1e-4,2582,2194,388,19,42,42,42,-0.0104940829382706,0.2957009560445122,0.3617444057788757
5,96,mlp,target_frontier_gap_ev,mlp_64_64_32_16_a1e-4,2582,2194,388,19,42,42,42,-0.0298705664610239,0.2997936957650734,0.362315025045046
5,97,mlp,target_frontier_gap_ev,mlp_64_64_32_16_a1e-4,2582,2194,388,19,42,42,42,0.0185525190779831,0.2963316357165406,0.3611058286619846
5,98,mlp,target_frontier_gap_ev,mlp_64_64_32_16_a1e-4,2582,2194,388,19,42,42,42,-0.0071526291718588,0.2966959684273057,0.3689427774311244
5,99,mlp,target_frontier_gap_ev,mlp_64_64_32_16_a1e-4,2582,2194,388,19,42,42,42,-0.0080527836426378,0.2994491948575547,0.3676528492428567
5,100,mlp,target_frontier_gap_ev,mlp_64_64_32_16_a1e-4,2582,2194,388,19,42,42,42,-0.0025241355298881,0.2972810007579561,0.3638266300758695
5,101,mlp,target_frontier_gap_ev,mlp_64_64_32_16_a1e-4,2582,2194,388,19,42,42,42,-0.0464494057128337,0.3154532114732172,0.3749965576750183
5,102,mlp,target_frontier_gap_ev,mlp_64_64_32_16_a1e-4,2582,2194,388,19,42,42,42,-0.0096808800397603,0.2854976447277904,0.3566400073180616
5,103,mlp,target_frontier_gap_ev,mlp_64_64_32_16_a1e-4,2582,2194,388,19,42,42,42,-0.0463826166407372,0.2829924711226371,0.3490997342106829
5,104,mlp,target_frontier_gap_ev,mlp_64_64_32_16_a1e-4,2582,2194,388,19,42,42,42,-0.003752791618643,0.2911866902692456,0.3642461599766601
5,105,mlp,target_frontier_gap_ev,mlp_64_64_32_16_a1e-4,2582,2194,388,19,42,42,42,-0.021035380930624,0.2998296651818062,0.3659142038051696
5,106,mlp,target_frontier_gap_ev,mlp_64_64_32_16_a1e-4,2582,2194,388,19,42,42,42,0.001387486807432,0.2983498572351735,0.3753491722682157
5,107,mlp,target_frontier_gap_ev,mlp_64_64_32_16_a1e-4,2582,2194,388,19,42,42,42,-0.0219945702645676,0.300343977612116,0.3694276177926676
5,108,mlp,target_frontier_gap_ev,mlp_64_64_32_16_a1e-4,2582,2194,388,19,42,42,42,-0.0096402439690488,0.3076014781704836,0.3748816836285983
5,109,mlp,target_frontier_gap_ev,mlp_64_64_32_16_a1e-4,2582,2194,388,19,42,42,42,-0.0203926824309355,0.2852404606505498,0.3563498426275993
5,110,mlp,target_frontier_gap_ev,mlp_64_64_32_16_a1e-4,2582,2194,388,19,42,42,42,-0.0186629642332105,0.2871584988838602,0.3533477919163335
5,111,mlp,target_frontier_gap_ev,mlp_64_64_32_16_a1e-4,2582,2194,388,19,42,42,42,-0.0036701675995713,0.3058718958181025,0.3825373169639536
5,112,mlp,target_frontier_gap_ev,mlp_64_64_32_16_a1e-4,2582,2194,388,19,42,42,42,-0.0229429774936367,0.287257638815144,0.3517034418151958
5,113,mlp,target_frontier_gap_ev,mlp_64_64_32_16_a1e-4,2582,2194,388,19,42,42,42,-0.0122037958650498,0.3017137448173217,0.3699024678027739
5,114,mlp,target_frontier_gap_ev,mlp_64_64_32_16_a1e-4,2582,2194,388,19,42,42,42,-0.025084216607415,0.2914025787775506,0.3626409267740477
5,115,mlp,target_frontier_gap_ev,mlp_64_64_32_16_a1e-4,2582,2194,388,19,42,42,42,0.0079597587990726,0.2812287154615811,0.3524354162634917
5,116,mlp,target_frontier_gap_ev,mlp_64_64_32_16_a1e-4,2582,2194,388,19,42,42,42,-0.0220970429299094,0.3033734781413318,0.372000403940681
5,117,mlp,target_frontier_gap_ev,mlp_64_64_32_16_a1e-4,2582,2194,388,19,42,42,42,-0.0263728232022251,0.2784360283037585,0.347331973262919
5,118,mlp,target_frontier_gap_ev,mlp_64_64_32_16_a1e-4,2582,2194,388,19,42,42,42,-0.0272285626379615,0.280690436333958,0.3550812448661953
5,119,mlp,target_frontier_gap_ev,mlp_64_64_32_16_a1e-4,2582,2194,388,19,42,42,42,-0.032286783445512,0.3145036915548814,0.3825059808521991
5,120,mlp,target_frontier_gap_ev,mlp_64_64_32_16_a1e-4,2582,2194,388,19,42,42,42,0.0149172061742141,0.3073476272931039,0.380153878353632
5,121,mlp,target_frontier_gap_ev,mlp_64_64_32_16_a1e-4,2582,2194,388,19,42,42,42,0.0078847164506731,0.2975755013686651,0.3629233383849988
5,122,mlp,target_frontier_gap_ev,mlp_64_64_32_16_a1e-4,2582,2194,388,19,42,42,42,0.0024534940722602,0.3015974701658318,0.3705945763569507
5,123,mlp,target_frontier_gap_ev,mlp_64_64_32_16_a1e-4,2582,2194,388,19,42,42,42,-0.0342640820737829,0.2978073782675832,0.3660694605948144
5,124,mlp,target_frontier_gap_ev,mlp_64_64_32_16_a1e-4,2582,2194,388,19,42,42,42,-0.0158289399555262,0.2881877224580885,0.3525012143119647
5,125,mlp,target_frontier_gap_ev,mlp_64_64_32_16_a1e-4,2582,2194,388,19,42,42,42,0.0059854229668873,0.276291096178369,0.3436989170309586
5,126,mlp,target_frontier_gap_ev,mlp_64_64_32_16_a1e-4,2582,2194,388,19,42,42,42,-0.0226809035183317,0.2801322848108908,0.3523971180731465
5,127,mlp,target_frontier_gap_ev,mlp_64_64_32_16_a1e-4,2582,2194,388,19,42,42,42,-0.0235057728210543,0.2873910319211175,0.3544829229258706
5,128,mlp,target_frontier_gap_ev,mlp_64_64_32_16_a1e-4,2582,2194,388,19,42,42,42,-0.0225980998042707,0.2988129925118423,0.3670867999754452
5,129,mlp,target_frontier_gap_ev,mlp_64_64_32_16_a1e-4,2582,2194,388,19,42,42,42,-0.0175453701072723,0.3077799002846373,0.3760584020711607
5,130,mlp,target_frontier_gap_ev,mlp_64_64_32_16_a1e-4,2582,2194,388,19,42,42,42,-0.0181711108464195,0.2772974632964796,0.3431269388692683
5,131,mlp,target_frontier_gap_ev,mlp_64_64_32_16_a1e-4,2582,2194,388,19,42,42,42,0.0034553861150862,0.2998002699996404,0.3690779620133199
5,132,mlp,target_frontier_gap_ev,mlp_64_64_32_16_a1e-4,2582,2194,388,19,42,42,42,-0.0295362094356541,0.2864332397699597,0.3587766446781649
5,133,mlp,target_frontier_gap_ev,mlp_64_64_32_16_a1e-4,2582,2194,388,19,42,42,42,-0.0208534169053091,0.2859662299569296,0.3586963862180874
5,134,mlp,target_frontier_gap_ev,mlp_64_64_32_16_a1e-4,2582,2194,388,19,42,42,42,-0.0443730511904341,0.2897541843632258,0.3569305848517813
5,135,mlp,target_frontier_gap_ev,mlp_64_64_32_16_a1e-4,2582,2194,388,19,42,42,42,0.00853853174926,0.3079145515377036,0.3803496732313466
5,136,mlp,target_frontier_gap_ev,mlp_64_64_32_16_a1e-4,2582,2194,388,19,42,42,42,-0.0343683291698608,0.2895596627841927,0.3691358502634069
5,137,mlp,target_frontier_gap_ev,mlp_64_64_32_16_a1e-4,2582,2194,388,19,42,42,42,-0.0176782796670702,0.3042721984891771,0.3743993288979561
5,138,mlp,target_frontier_gap_ev,mlp_64_64_32_16_a1e-4,2582,2194,388,19,42,42,42,0.0105263943764408,0.2843510472335161,0.351523864049623
5,139,mlp,target_frontier_gap_ev,mlp_64_64_32_16_a1e-4,2582,2194,388,19,42,42,42,-0.0035037050139368,0.2966327418627271,0.3641208646524593
5,140,mlp,target_frontier_gap_ev,mlp_64_64_32_16_a1e-4,2582,2194,388,19,42,42,42,-0.012526077165301,0.2860091191538474,0.3522701243067872
5,141,mlp,target_frontier_gap_ev,mlp_64_64_32_16_a1e-4,2582,2194,388,19,42,42,42,-0.0518549126766552,0.3075475389749788,0.3726322905999092
5,142,mlp,target_frontier_gap_ev,mlp_64_64_32_16_a1e-4,2582,2194,388,19,42,42,42,-0.0038601536544722,0.3065328861789881,0.3776396614556168
5,143,mlp,target_frontier_gap_ev,mlp_64_64_32_16_a1e-4,2582,2194,388,19,42,42,42,-0.0081603032628072,0.2980175850431867,0.3628123580799576
5,144,mlp,target_frontier_gap_ev,mlp_64_64_32_16_a1e-4,2582,2194,388,19,42,42,42,-0.0244031179779771,0.2994424763304665,0.3761304047021007
5,145,mlp,target_frontier_gap_ev,mlp_64_64_32_16_a1e-4,2582,2194,388,19,42,42,42,-0.015519276633767,0.2904117842097018,0.3614485922951971
5,146,mlp,target_frontier_gap_ev,mlp_64_64_32_16_a1e-4,2582,2194,388,19,42,42,42,-0.0106007002331494,0.3049952830678841,0.3743525764871591
5,147,mlp,target_frontier_gap_ev,mlp_64_64_32_16_a1e-4,2582,2194,388,19,42,42,42,-0.0282907478191667,0.2947204439013108,0.3644981100035991
5,148,mlp,target_frontier_gap_ev,mlp_64_64_32_16_a1e-4,2582,2194,388,19,42,42,42,-0.0243763686401303,0.2872115594241267,0.3618123781425191
5,149,mlp,target_frontier_gap_ev,mlp_64_64_32_16_a1e-4,2582,2194,388,19,42,42,42,-0.0203615631214462,0.3132599149594722,0.3743580997787241
5,150,mlp,target_frontier_gap_ev,mlp_64_64_32_16_a1e-4,2582,2194,388,19,42,42,42,-0.04113356271772,0.2863679048324383,0.3687245417306399
5,151,mlp,target_frontier_gap_ev,mlp_64_64_32_16_a1e-4,2582,2194,388,19,42,42,42,-0.0217018045516228,0.3069109913141762,0.3714786087903906
5,152,mlp,target_frontier_gap_ev,mlp_64_64_32_16_a1e-4,2582,2194,388,19,42,42,42,-0.0251209341800824,0.2974007444698182,0.3709067448392082
5,153,mlp,target_frontier_gap_ev,mlp_64_64_32_16_a1e-4,2582,2194,388,19,42,42,42,0.0071983978350093,0.3020064045306349,0.3649555407174523
5,154,mlp,target_frontier_gap_ev,mlp_64_64_32_16_a1e-4,2582,2194,388,19,42,42,42,-0.0412298121132312,0.3197641825627584,0.389039990311933
5,155,mlp,target_frontier_gap_ev,mlp_64_64_32_16_a1e-4,2582,2194,388,19,42,42,42,-0.028897213474313,0.302709104919893,0.3781169433239387
5,156,mlp,target_frontier_gap_ev,mlp_64_64_32_16_a1e-4,2582,2194,388,19,42,42,42,-0.0040801492103574,0.2975592734533045,0.3589756012931473
5,157,mlp,target_frontier_gap_ev,mlp_64_64_32_16_a1e-4,2582,2194,388,19,42,42,42,-0.0174306345191901,0.2920538118644207,0.3608739486005007
5,158,mlp,target_frontier_gap_ev,mlp_64_64_32_16_a1e-4,2582,2194,388,19,42,42,42,-0.0377497130693857,0.3094151330443743,0.381840844652525
5,159,mlp,target_frontier_gap_ev,mlp_64_64_32_16_a1e-4,2582,2194,388,19,42,42,42,-0.0429628948232074,0.2900100354604112,0.3584298190459193
5,160,mlp,target_frontier_gap_ev,mlp_64_64_32_16_a1e-4,2582,2194,388,19,42,42,42,-0.0068990717424799,0.2923658363783453,0.3619460109665176
5,161,mlp,target_frontier_gap_ev,mlp_64_64_32_16_a1e-4,2582,2194,388,19,42,42,42,-0.0082473415969008,0.2888898669336176,0.3566204293675886
5,162,mlp,target_frontier_gap_ev,mlp_64_64_32_16_a1e-4,2582,2194,388,19,42,42,42,-0.0234399677952878,0.2969441945887651,0.365421861060601
5,163,mlp,target_frontier_gap_ev,mlp_64_64_32_16_a1e-4,2582,2194,388,19,42,42,42,-0.0082036721531453,0.2905587484141384,0.3563501876602125
5,164,mlp,target_frontier_gap_ev,mlp_64_64_32_16_a1e-4,2582,2194,388,19,42,42,42,-0.0187199282730101,0.2912905755884126,0.3627588162561978
5,165,mlp,target_frontier_gap_ev,mlp_64_64_32_16_a1e-4,2582,2194,388,19,42,42,42,0.0057670897610231,0.3031798403786858,0.3715318082122842
5,166,mlp,target_frontier_gap_ev,mlp_64_64_32_16_a1e-4,2582,2194,388,19,42,42,42,-0.0151245199516738,0.2795499676620936,0.3505180019952827
5,167,mlp,target_frontier_gap_ev,mlp_64_64_32_16_a1e-4,2582,2194,388,19,42,42,42,-0.0235692003252201,0.3059317039260684,0.3689334385323304
5,168,mlp,target_frontier_gap_ev,mlp_64_64_32_16_a1e-4,2582,2194,388,19,42,42,42,-0.0450126410966387,0.3075546063739728,0.371612189665187
5,169,mlp,target_frontier_gap_ev,mlp_64_64_32_16_a1e-4,2582,2194,388,19,42,42,42,-0.0336529371006475,0.2916199502340201,0.3563936171367812
5,170,mlp,target_frontier_gap_ev,mlp_64_64_32_16_a1e-4,2582,2194,388,19,42,42,42,-0.0217604301056255,0.3093943699843933,0.3803035157207666
5,171,mlp,target_frontier_gap_ev,mlp_64_64_32_16_a1e-4,2582,2194,388,19,42,42,42,-0.0256757301008565,0.299726403235321,0.3747575076985741
5,172,mlp,target_frontier_gap_ev,mlp_64_64_32_16_a1e-4,2582,2194,388,19,42,42,42,-0.0125879463541913,0.2884162195658913,0.3678169440770485
5,173,mlp,target_frontier_gap_ev,mlp_64_64_32_16_a1e-4,2582,2194,388,19,42,42,42,-0.0403241121232433,0.2955728067526434,0.3724367423411918
5,174,mlp,target_frontier_gap_ev,mlp_64_64_32_16_a1e-4,2582,2194,388,19,42,42,42,-0.0194389714577565,0.3004446213785323,0.3680338250452625
5,175,mlp,target_frontier_gap_ev,mlp_64_64_32_16_a1e-4,2582,2194,388,19,42,42,42,-0.0194322231027117,0.2943133791295523,0.3688405404758116
5,176,mlp,target_frontier_gap_ev,mlp_64_64_32_16_a1e-4,2582,2194,388,19,42,42,42,-0.002010357275292,0.2991656599617888,0.3618373043702128
5,177,mlp,target_frontier_gap_ev,mlp_64_64_32_16_a1e-4,2582,2194,388,19,42,42,42,-0.006042349954215,0.2885330890210869,0.3560890137630816
5,178,mlp,target_frontier_gap_ev,mlp_64_64_32_16_a1e-4,2582,2194,388,19,42,42,42,-0.0082538774244036,0.297875990239393,0.3706073633255169
5,179,mlp,target_frontier_gap_ev,mlp_64_64_32_16_a1e-4,2582,2194,388,19,42,42,42,-0.0484052789423901,0.2958628114702868,0.368475027858111
5,180,mlp,target_frontier_gap_ev,mlp_64_64_32_16_a1e-4,2582,2194,388,19,42,42,42,-0.0205511996205567,0.3103905366964929,0.3761949373215599
5,181,mlp,target_frontier_gap_ev,mlp_64_64_32_16_a1e-4,2582,2194,388,19,42,42,42,-0.0334660389832881,0.2921102524988642,0.3586556172423827
5,182,mlp,target_frontier_gap_ev,mlp_64_64_32_16_a1e-4,2582,2194,388,19,42,42,42,-0.0435060377683229,0.2950598953436883,0.3594444392690393
5,183,mlp,target_frontier_gap_ev,mlp_64_64_32_16_a1e-4,2582,2194,388,19,42,42,42,-0.0349768209463914,0.3171439631747293,0.3847445796577793
5,184,mlp,target_frontier_gap_ev,mlp_64_64_32_16_a1e-4,2582,2194,388,19,42,42,42,-0.0323497227027822,0.2852775263129339,0.3510726640045245
5,185,mlp,target_frontier_gap_ev,mlp_64_64_32_16_a1e-4,2582,2194,388,19,42,42,42,-0.0159380474211197,0.2905160885402806,0.3654552992778202
5,186,mlp,target_frontier_gap_ev,mlp_64_64_32_16_a1e-4,2582,2194,388,19,42,42,42,-0.0224632850888835,0.3018940800781287,0.3705633505821639
5,187,mlp,target_frontier_gap_ev,mlp_64_64_32_16_a1e-4,2582,2194,388,19,42,42,42,-0.0238812725784967,0.267114263140457,0.3411877497235429
5,188,mlp,target_frontier_gap_ev,mlp_64_64_32_16_a1e-4,2582,2194,388,19,42,42,42,-0.0354250812874987,0.3065566073249867,0.370433690056913
5,189,mlp,target_frontier_gap_ev,mlp_64_64_32_16_a1e-4,2582,2194,388,19,42,42,42,-0.0008759688719954,0.3097302332400236,0.3856123838250369
5,190,mlp,target_frontier_gap_ev,mlp_64_64_32_16_a1e-4,2582,2194,388,19,42,42,42,-0.0288504552555362,0.2960195939351363,0.3719685471608999
5,191,mlp,target_frontier_gap_ev,mlp_64_64_32_16_a1e-4,2582,2194,388,19,42,42,42,-0.0453910479841361,0.2947085976819751,0.3599938055489337
5,192,mlp,target_frontier_gap_ev,mlp_64_64_32_16_a1e-4,2582,2194,388,19,42,42,42,0.0107266739940981,0.2880601982481237,0.3562689206755248
5,193,mlp,target_frontier_gap_ev,mlp_64_64_32_16_a1e-4,2582,2194,388,19,42,42,42,-0.0343630539505228,0.295932099917574,0.3586588813547193
5,194,mlp,target_frontier_gap_ev,mlp_64_64_32_16_a1e-4,2582,2194,388,19,42,42,42,-0.0176436912758921,0.2906010990951568,0.3660502776332028
5,195,mlp,target_frontier_gap_ev,mlp_64_64_32_16_a1e-4,2582,2194,388,19,42,42,42,-0.0002230635385136,0.2985420145581244,0.3667561592228506
5,196,mlp,target_frontier_gap_ev,mlp_64_64_32_16_a1e-4,2582,2194,388,19,42,42,42,-0.0288259599485405,0.3086504947011698,0.3743245832292423
5,197,mlp,target_frontier_gap_ev,mlp_64_64_32_16_a1e-4,2582,2194,388,19,42,42,42,-0.0412797097317643,0.2929824156486947,0.366375608595532
5,198,mlp,target_frontier_gap_ev,mlp_64_64_32_16_a1e-4,2582,2194,388,19,42,42,42,-0.0283543129561123,0.277487858871458,0.3463564245413522
5,199,mlp,target_frontier_gap_ev,mlp_64_64_32_16_a1e-4,2582,2194,388,19,42,42,42,-0.0050807199255831,0.2815973128983336,0.3590773573070676
5,200,mlp,target_frontier_gap_ev,mlp_64_64_32_16_a1e-4,2582,2194,388,19,42,42,42,0.0015127567481159,0.2996137383404887,0.3664457243888487
5,201,mlp,target_frontier_gap_ev,mlp_64_64_32_16_a1e-4,2582,2194,388,19,42,42,42,-0.0116061746258475,0.2760251682185395,0.3574977540168911
5,202,mlp,target_frontier_gap_ev,mlp_64_64_32_16_a1e-4,2582,2194,388,19,42,42,42,-0.0455651635987339,0.296430072342199,0.3681948959925425
5,203,mlp,target_frontier_gap_ev,mlp_64_64_32_16_a1e-4,2582,2194,388,19,42,42,42,-0.0356179801715965,0.3088337675921083,0.3865236366235098
5,204,mlp,target_frontier_gap_ev,mlp_64_64_32_16_a1e-4,2582,2194,388,19,42,42,42,-0.0259364021789718,0.3016501815796209,0.368069618731913
5,205,mlp,target_frontier_gap_ev,mlp_64_64_32_16_a1e-4,2582,2194,388,19,42,42,42,-0.0069566204651512,0.2891649868041456,0.3524121580974394
5,206,mlp,target_frontier_gap_ev,mlp_64_64_32_16_a1e-4,2582,2194,388,19,42,42,42,0.0001645838447071,0.2790566888338866,0.3423027241684324
5,207,mlp,target_frontier_gap_ev,mlp_64_64_32_16_a1e-4,2582,2194,388,19,42,42,42,-0.0249435300234612,0.3042050766018562,0.3673923101733715
5,208,mlp,target_frontier_gap_ev,mlp_64_64_32_16_a1e-4,2582,2194,388,19,42,42,42,-0.0105598700112556,0.2888426105781108,0.36096255412443
5,209,mlp,target_frontier_gap_ev,mlp_64_64_32_16_a1e-4,2582,2194,388,19,42,42,42,-0.0014285329584637,0.2924069098947289,0.3636913255700063
5,210,mlp,target_frontier_gap_ev,mlp_64_64_32_16_a1e-4,2582,2194,388,19,42,42,42,-0.0158217603154096,0.3139695107609493,0.3756596455184828
5,211,mlp,target_frontier_gap_ev,mlp_64_64_32_16_a1e-4,2582,2194,388,19,42,42,42,-0.0102207226598145,0.3071964250350323,0.3772957337107785
5,212,mlp,target_frontier_gap_ev,mlp_64_64_32_16_a1e-4,2582,2194,388,19,42,42,42,-0.0063326260812455,0.2744500312630265,0.3394864174578503
5,213,mlp,target_frontier_gap_ev,mlp_64_64_32_16_a1e-4,2582,2194,388,19,42,42,42,-0.0102709325209546,0.2957007094771847,0.3635385416366936
5,214,mlp,target_frontier_gap_ev,mlp_64_64_32_16_a1e-4,2582,2194,388,19,42,42,42,-0.0408416590128033,0.2910103415838403,0.3692842384356066
5,215,mlp,target_frontier_gap_ev,mlp_64_64_32_16_a1e-4,2582,2194,388,19,42,42,42,-0.0387256310845613,0.3012369696271673,0.3647954585951521
5,216,mlp,target_frontier_gap_ev,mlp_64_64_32_16_a1e-4,2582,2194,388,19,42,42,42,0.0037699487493276,0.2998849180168394,0.3697273257482817
5,217,mlp,target_frontier_gap_ev,mlp_64_64_32_16_a1e-4,2582,2194,388,19,42,42,42,-0.0059362507690774,0.2934701688913836,0.3658672837570445
5,218,mlp,target_frontier_gap_ev,mlp_64_64_32_16_a1e-4,2582,2194,388,19,42,42,42,-0.0134316649614241,0.2716025130329251,0.3358235482308223
5,219,mlp,target_frontier_gap_ev,mlp_64_64_32_16_a1e-4,2582,2194,388,19,42,42,42,-0.0367767792790005,0.2844947357481855,0.3534368784675097
5,220,mlp,target_frontier_gap_ev,mlp_64_64_32_16_a1e-4,2582,2194,388,19,42,42,42,-0.0107811575326324,0.2817350622029849,0.3513703130496181
5,221,mlp,target_frontier_gap_ev,mlp_64_64_32_16_a1e-4,2582,2194,388,19,42,42,42,-0.0194249228753362,0.2811076163250837,0.356411885380267
5,222,mlp,target_frontier_gap_ev,mlp_64_64_32_16_a1e-4,2582,2194,388,19,42,42,42,0.0079734693798992,0.3157903623676297,0.3792455725745141
5,223,mlp,target_frontier_gap_ev,mlp_64_64_32_16_a1e-4,2582,2194,388,19,42,42,42,-0.050751396170042,0.2895046001426701,0.3631056882018798
5,224,mlp,target_frontier_gap_ev,mlp_64_64_32_16_a1e-4,2582,2194,388,19,42,42,42,-0.0268192006244718,0.2970737318691879,0.3633494824178242
5,225,mlp,target_frontier_gap_ev,mlp_64_64_32_16_a1e-4,2582,2194,388,19,42,42,42,-0.0273366509734291,0.3087768141461042,0.377468417963123
5,226,mlp,target_frontier_gap_ev,mlp_64_64_32_16_a1e-4,2582,2194,388,19,42,42,42,-0.0271532346654674,0.3165062344306672,0.3927739372449964
5,227,mlp,target_frontier_gap_ev,mlp_64_64_32_16_a1e-4,2582,2194,388,19,42,42,42,-0.0346801101621749,0.2998261076516211,0.3676627537782348
5,228,mlp,target_frontier_gap_ev,mlp_64_64_32_16_a1e-4,2582,2194,388,19,42,42,42,-0.0312275778659587,0.316500100631501,0.386717261578598
5,229,mlp,target_frontier_gap_ev,mlp_64_64_32_16_a1e-4,2582,2194,388,19,42,42,42,-0.0759411141400836,0.2926516647487064,0.3617354103164291
5,230,mlp,target_frontier_gap_ev,mlp_64_64_32_16_a1e-4,2582,2194,388,19,42,42,42,-0.022529363932332,0.2977771388710802,0.3721177528848988
5,231,mlp,target_frontier_gap_ev,mlp_64_64_32_16_a1e-4,2582,2194,388,19,42,42,42,-0.0297714535037243,0.2879789916371336,0.3571384851336073
5,232,mlp,target_frontier_gap_ev,mlp_64_64_32_16_a1e-4,2582,2194,388,19,42,42,42,-0.0172021799170873,0.2977787232227855,0.3648877199937703
5,233,mlp,target_frontier_gap_ev,mlp_64_64_32_16_a1e-4,2582,2194,388,19,42,42,42,-0.0217206072128954,0.3042348235625465,0.3729272302959697
5,234,mlp,target_frontier_gap_ev,mlp_64_64_32_16_a1e-4,2582,2194,388,19,42,42,42,-0.0189150664604782,0.2818050456938212,0.3506827786925887
5,235,mlp,target_frontier_gap_ev,mlp_64_64_32_16_a1e-4,2582,2194,388,19,42,42,42,0.0012205085143014,0.28997768663626,0.3650083393782098
5,236,mlp,target_frontier_gap_ev,mlp_64_64_32_16_a1e-4,2582,2194,388,19,42,42,42,-0.0214174816996894,0.2975930374727204,0.3731639597759384
5,237,mlp,target_frontier_gap_ev,mlp_64_64_32_16_a1e-4,2582,2194,388,19,42,42,42,-0.0382851731587092,0.2922598969841052,0.3641329306828513
5,238,mlp,target_frontier_gap_ev,mlp_64_64_32_16_a1e-4,2582,2194,388,19,42,42,42,-0.0154294342878427,0.3008080448820859,0.3714170880375136
5,239,mlp,target_frontier_gap_ev,mlp_64_64_32_16_a1e-4,2582,2194,388,19,42,42,42,-0.0335010188950197,0.2918953835623815,0.3693304779833262
5,240,mlp,target_frontier_gap_ev,mlp_64_64_32_16_a1e-4,2582,2194,388,19,42,42,42,0.0061599884192724,0.2923783543122337,0.365019713894499
5,241,mlp,target_frontier_gap_ev,mlp_64_64_32_16_a1e-4,2582,2194,388,19,42,42,42,0.0025346204649477,0.2996288059604368,0.3672760601144843
5,242,mlp,target_frontier_gap_ev,mlp_64_64_32_16_a1e-4,2582,2194,388,19,42,42,42,-0.003217544623947,0.2883802853259843,0.3518859574499389
5,243,mlp,target_frontier_gap_ev,mlp_64_64_32_16_a1e-4,2582,2194,388,19,42,42,42,-0.0031261625231719,0.2963642030910897,0.3712466166287317
5,244,mlp,target_frontier_gap_ev,mlp_64_64_32_16_a1e-4,2582,2194,388,19,42,42,42,-0.0235048155675929,0.2863860462605546,0.3500036301570104
5,245,mlp,target_frontier_gap_ev,mlp_64_64_32_16_a1e-4,2582,2194,388,19,42,42,42,0.0060849833569175,0.2996717700551228,0.3632674222337908
5,246,mlp,target_frontier_gap_ev,mlp_64_64_32_16_a1e-4,2582,2194,388,19,42,42,42,-0.0095969361606416,0.307768500864985,0.3851527319651578
5,247,mlp,target_frontier_gap_ev,mlp_64_64_32_16_a1e-4,2582,2194,388,19,42,42,42,-0.0184427790905594,0.2944356618915122,0.360880930232816
5,248,mlp,target_frontier_gap_ev,mlp_64_64_32_16_a1e-4,2582,2194,388,19,42,42,42,-0.0289362725604485,0.304527794334776,0.3725308708525601
5,249,mlp,target_frontier_gap_ev,mlp_64_64_32_16_a1e-4,2582,2194,388,19,42,42,42,-0.0339166455080739,0.2981159271263529,0.3742811744506539
5,250,mlp,target_frontier_gap_ev,mlp_64_64_32_16_a1e-4,2582,2194,388,19,42,42,42,-0.0103355368806712,0.2916737515081145,0.3612636417742557
5,251,mlp,target_frontier_gap_ev,mlp_64_64_32_16_a1e-4,2582,2194,388,19,42,42,42,-0.0099285941173581,0.2994510149224936,0.3617579328980684
5,252,mlp,target_frontier_gap_ev,mlp_64_64_32_16_a1e-4,2582,2194,388,19,42,42,42,-0.032152936649892,0.2881532608440894,0.353831321955922
5,253,mlp,target_frontier_gap_ev,mlp_64_64_32_16_a1e-4,2582,2194,388,19,42,42,42,-8.82181332739762e-06,0.2904515490768262,0.3619937219040068
5,254,mlp,target_frontier_gap_ev,mlp_64_64_32_16_a1e-4,2582,2194,388,19,42,42,42,-0.0242605715030075,0.3002085890244538,0.3738212871111563
5,255,mlp,target_frontier_gap_ev,mlp_64_64_32_16_a1e-4,2582,2194,388,19,42,42,42,-0.0089216825106199,0.3035292747406498,0.3699289173818418
5,256,mlp,target_frontier_gap_ev,mlp_64_64_32_16_a1e-4,2582,2194,388,19,42,42,42,-0.0432038184354073,0.3064360101887062,0.3741625621724732
5,257,mlp,target_frontier_gap_ev,mlp_64_64_32_16_a1e-4,2582,2194,388,19,42,42,42,-0.0070872716287375,0.2928615778232863,0.3669396690848204
5,258,mlp,target_frontier_gap_ev,mlp_64_64_32_16_a1e-4,2582,2194,388,19,42,42,42,-0.0057434170545771,0.2845739364161395,0.3534236205836704
5,259,mlp,target_frontier_gap_ev,mlp_64_64_32_16_a1e-4,2582,2194,388,19,42,42,42,-0.0103371497075628,0.2960459504808958,0.3718692934612408
5,260,mlp,target_frontier_gap_ev,mlp_64_64_32_16_a1e-4,2582,2194,388,19,42,42,42,-0.0227792117351943,0.302945383868674,0.374229066019901
5,261,mlp,target_frontier_gap_ev,mlp_64_64_32_16_a1e-4,2582,2194,388,19,42,42,42,-0.03053303649561,0.2979252766732492,0.3687793935954329
5,262,mlp,target_frontier_gap_ev,mlp_64_64_32_16_a1e-4,2582,2194,388,19,42,42,42,-0.0317972672264768,0.2968978978687772,0.3647184534322757
5,263,mlp,target_frontier_gap_ev,mlp_64_64_32_16_a1e-4,2582,2194,388,19,42,42,42,0.0009373759833106,0.2970819376946261,0.3695577539761376
5,264,mlp,target_frontier_gap_ev,mlp_64_64_32_16_a1e-4,2582,2194,388,19,42,42,42,-0.0180329899110325,0.2922886447124758,0.3676614863133511
5,265,mlp,target_frontier_gap_ev,mlp_64_64_32_16_a1e-4,2582,2194,388,19,42,42,42,-0.0073265248617198,0.2933147287792425,0.362710481599631
5,266,mlp,target_frontier_gap_ev,mlp_64_64_32_16_a1e-4,2582,2194,388,19,42,42,42,-0.0289115469146543,0.3092357200376969,0.3823822506651126
5,267,mlp,target_frontier_gap_ev,mlp_64_64_32_16_a1e-4,2582,2194,388,19,42,42,42,-0.0120810631700354,0.2827908882673252,0.3582955906342317
5,268,mlp,target_frontier_gap_ev,mlp_64_64_32_16_a1e-4,2582,2194,388,19,42,42,42,0.0044484658958726,0.2867517314807274,0.3537464437758522
5,269,mlp,target_frontier_gap_ev,mlp_64_64_32_16_a1e-4,2582,2194,388,19,42,42,42,-0.0033172014977018,0.3081536423486922,0.3779471800373893
5,270,mlp,target_frontier_gap_ev,mlp_64_64_32_16_a1e-4,2582,2194,388,19,42,42,42,-0.0083790850371501,0.2918827784402102,0.3623379013618696
5,271,mlp,target_frontier_gap_ev,mlp_64_64_32_16_a1e-4,2582,2194,388,19,42,42,42,0.0077873635924491,0.2771841465127063,0.3496081350205208
5,272,mlp,target_frontier_gap_ev,mlp_64_64_32_16_a1e-4,2582,2194,388,19,42,42,42,-0.0120507579961477,0.2811068319817263,0.3446341423480505
5,273,mlp,target_frontier_gap_ev,mlp_64_64_32_16_a1e-4,2582,2194,388,19,42,42,42,0.0106121227365146,0.2879440279853714,0.3537137341314747
5,274,mlp,target_frontier_gap_ev,mlp_64_64_32_16_a1e-4,2582,2194,388,19,42,42,42,-0.0238170636526346,0.2865394842935096,0.3485203328480064
5,275,mlp,target_frontier_gap_ev,mlp_64_64_32_16_a1e-4,2582,2194,388,19,42,42,42,0.0062831318899962,0.2991004412010163,0.3726382527820969
5,276,mlp,target_frontier_gap_ev,mlp_64_64_32_16_a1e-4,2582,2194,388,19,42,42,42,-0.0111443633290484,0.2964252938954162,0.3624245580963369
5,277,mlp,target_frontier_gap_ev,mlp_64_64_32_16_a1e-4,2582,2194,388,19,42,42,42,-0.0188771547664008,0.2821040977673878,0.3591287781229816
5,278,mlp,target_frontier_gap_ev,mlp_64_64_32_16_a1e-4,2582,2194,388,19,42,42,42,-0.0200735155298537,0.2915171415821847,0.3575158458603194
5,279,mlp,target_frontier_gap_ev,mlp_64_64_32_16_a1e-4,2582,2194,388,19,42,42,42,-0.0180500544007897,0.3085738565309542,0.3801617265862802
5,280,mlp,target_frontier_gap_ev,mlp_64_64_32_16_a1e-4,2582,2194,388,19,42,42,42,-0.0200625785397607,0.2994378048182076,0.3632453612325267
5,281,mlp,target_frontier_gap_ev,mlp_64_64_32_16_a1e-4,2582,2194,388,19,42,42,42,-0.0115956540538213,0.2910651731650412,0.3592821445955411
5,282,mlp,target_frontier_gap_ev,mlp_64_64_32_16_a1e-4,2582,2194,388,19,42,42,42,-0.0323055024880409,0.2871280531400077,0.3625339212824234
5,283,mlp,target_frontier_gap_ev,mlp_64_64_32_16_a1e-4,2582,2194,388,19,42,42,42,-0.0123624798661319,0.3020293716531586,0.3789721845322232
5,284,mlp,target_frontier_gap_ev,mlp_64_64_32_16_a1e-4,2582,2194,388,19,42,42,42,0.0038700285988771,0.2759781458484907,0.3400981797581759
5,285,mlp,target_frontier_gap_ev,mlp_64_64_32_16_a1e-4,2582,2194,388,19,42,42,42,-0.0251914965021242,0.2914439661063602,0.3583195153515299
5,286,mlp,target_frontier_gap_ev,mlp_64_64_32_16_a1e-4,2582,2194,388,19,42,42,42,-0.0166399567680231,0.3106732458605301,0.3821103961569931
5,287,mlp,target_frontier_gap_ev,mlp_64_64_32_16_a1e-4,2582,2194,388,19,42,42,42,-0.0014408056093382,0.2960890220240195,0.3672111561255139
5,288,mlp,target_frontier_gap_ev,mlp_64_64_32_16_a1e-4,2582,2194,388,19,42,42,42,-0.0092657136694109,0.2936459261286454,0.3680218688809237
5,289,mlp,target_frontier_gap_ev,mlp_64_64_32_16_a1e-4,2582,2194,388,19,42,42,42,-0.0067533161298451,0.2909098923259481,0.3584505483729434
5,290,mlp,target_frontier_gap_ev,mlp_64_64_32_16_a1e-4,2582,2194,388,19,42,42,42,-0.0132471547713062,0.3029585440254138,0.3771224246835267
5,291,mlp,target_frontier_gap_ev,mlp_64_64_32_16_a1e-4,2582,2194,388,19,42,42,42,-0.0036077894348363,0.2746819825080243,0.3473111807791793
5,292,mlp,target_frontier_gap_ev,mlp_64_64_32_16_a1e-4,2582,2194,388,19,42,42,42,-0.0118486122747003,0.2891738570388091,0.3544011291482164
5,293,mlp,target_frontier_gap_ev,mlp_64_64_32_16_a1e-4,2582,2194,388,19,42,42,42,-0.0061505067889895,0.2959246969525417,0.3715440161744173
5,294,mlp,target_frontier_gap_ev,mlp_64_64_32_16_a1e-4,2582,2194,388,19,42,42,42,-0.0296448343026767,0.2920452617694607,0.3560192790038801
5,295,mlp,target_frontier_gap_ev,mlp_64_64_32_16_a1e-4,2582,2194,388,19,42,42,42,-0.0502205067746721,0.2836727164735689,0.3530080806290479
5,296,mlp,target_frontier_gap_ev,mlp_64_64_32_16_a1e-4,2582,2194,388,19,42,42,42,-0.0244207168579353,0.3029563989924102,0.3694909802933942
5,297,mlp,target_frontier_gap_ev,mlp_64_64_32_16_a1e-4,2582,2194,388,19,42,42,42,-0.0361879775544384,0.3126533166861327,0.3778161569711724
5,298,mlp,target_frontier_gap_ev,mlp_64_64_32_16_a1e-4,2582,2194,388,19,42,42,42,-0.0009493137985701,0.2943346242372377,0.3640140624554023
5,299,mlp,target_frontier_gap_ev,mlp_64_64_32_16_a1e-4,2582,2194,388,19,42,42,42,-0.0288816736996766,0.2944915556554474,0.3646699912904045
5,300,mlp,target_frontier_gap_ev,mlp_64_64_32_16_a1e-4,2582,2194,388,19,42,42,42,-0.0454848821664977,0.2895710027955765,0.3617575377695716
5,301,mlp,target_frontier_gap_ev,mlp_64_64_32_16_a1e-4,2582,2194,388,19,42,42,42,-0.027061483431056,0.3147921702666338,0.3778526981004044
5,302,mlp,target_frontier_gap_ev,mlp_64_64_32_16_a1e-4,2582,2194,388,19,42,42,42,-0.012031369722548,0.3031837201399288,0.3765523435505743
5,303,mlp,target_frontier_gap_ev,mlp_64_64_32_16_a1e-4,2582,2194,388,19,42,42,42,-0.0255027456881615,0.2893430775352016,0.3684045449474512
5,304,mlp,target_frontier_gap_ev,mlp_64_64_32_16_a1e-4,2582,2194,388,19,42,42,42,-0.0200031234173665,0.3054035980309383,0.374256263008915
5,305,mlp,target_frontier_gap_ev,mlp_64_64_32_16_a1e-4,2582,2194,388,19,42,42,42,-0.0101818640357598,0.3149784549806272,0.3858134143212088
5,306,mlp,target_frontier_gap_ev,mlp_64_64_32_16_a1e-4,2582,2194,388,19,42,42,42,-0.0055030619748892,0.2870005180258112,0.3599901811642722
5,307,mlp,target_frontier_gap_ev,mlp_64_64_32_16_a1e-4,2582,2194,388,19,42,42,42,-0.0387123294596143,0.295540599991968,0.3754230255719736
5,308,mlp,target_frontier_gap_ev,mlp_64_64_32_16_a1e-4,2582,2194,388,19,42,42,42,-0.0671019792850973,0.3052895417838706,0.3800814717795645
5,309,mlp,target_frontier_gap_ev,mlp_64_64_32_16_a1e-4,2582,2194,388,19,42,42,42,-0.0188267662113439,0.290112008266994,0.3580871667946673
5,310,mlp,target_frontier_gap_ev,mlp_64_64_32_16_a1e-4,2582,2194,388,19,42,42,42,-0.0217179440265402,0.2840221834253452,0.3588411099180478
5,311,mlp,target_frontier_gap_ev,mlp_64_64_32_16_a1e-4,2582,2194,388,19,42,42,42,-0.0105885873509619,0.2966989686709536,0.3634822941647854
5,312,mlp,target_frontier_gap_ev,mlp_64_64_32_16_a1e-4,2582,2194,388,19,42,42,42,-0.0221744945465374,0.2994587688743436,0.3681826788375207
5,313,mlp,target_frontier_gap_ev,mlp_64_64_32_16_a1e-4,2582,2194,388,19,42,42,42,-0.0365111390614869,0.2976262075108323,0.3726367873253757
5,314,mlp,target_frontier_gap_ev,mlp_64_64_32_16_a1e-4,2582,2194,388,19,42,42,42,-0.0828931067384539,0.2980929908469461,0.3716439702104456
5,315,mlp,target_frontier_gap_ev,mlp_64_64_32_16_a1e-4,2582,2194,388,19,42,42,42,-0.0030633411661762,0.2836980426015473,0.3602338129820491
5,316,mlp,target_frontier_gap_ev,mlp_64_64_32_16_a1e-4,2582,2194,388,19,42,42,42,-0.0280049036621068,0.3033512618255178,0.3658483521070553
5,317,mlp,target_frontier_gap_ev,mlp_64_64_32_16_a1e-4,2582,2194,388,19,42,42,42,-0.0105645784115036,0.3051124229347478,0.3759154485835248
5,318,mlp,target_frontier_gap_ev,mlp_64_64_32_16_a1e-4,2582,2194,388,19,42,42,42,-0.0267088215949367,0.3010579182758121,0.3762632868046139
5,319,mlp,target_frontier_gap_ev,mlp_64_64_32_16_a1e-4,2582,2194,388,19,42,42,42,0.0001238114411822,0.272321775680406,0.3456851344472066
5,320,mlp,target_frontier_gap_ev,mlp_64_64_32_16_a1e-4,2582,2194,388,19,42,42,42,-0.0287139469377522,0.2970447992585597,0.3685429296404469
5,321,mlp,target_frontier_gap_ev,mlp_64_64_32_16_a1e-4,2582,2194,388,19,42,42,42,-0.0008718702677315,0.3032472188365167,0.3754085012227877
5,322,mlp,target_frontier_gap_ev,mlp_64_64_32_16_a1e-4,2582,2194,388,19,42,42,42,-0.0305380640150061,0.2886314573170109,0.3588053416069702
5,323,mlp,target_frontier_gap_ev,mlp_64_64_32_16_a1e-4,2582,2194,388,19,42,42,42,-0.0078358953955475,0.3036452513851722,0.3756586104455997
5,324,mlp,target_frontier_gap_ev,mlp_64_64_32_16_a1e-4,2582,2194,388,19,42,42,42,-0.0250223591710008,0.2947596686096277,0.363942200779409
5,325,mlp,target_frontier_gap_ev,mlp_64_64_32_16_a1e-4,2582,2194,388,19,42,42,42,0.000743184305289,0.2868579827553205,0.3539912436555805
5,326,mlp,target_frontier_gap_ev,mlp_64_64_32_16_a1e-4,2582,2194,388,19,42,42,42,-0.0223048717891614,0.3148676035731481,0.3787063335106231
5,327,mlp,target_frontier_gap_ev,mlp_64_64_32_16_a1e-4,2582,2194,388,19,42,42,42,-0.0173493194073608,0.277976482232824,0.353974398719272
5,328,mlp,target_frontier_gap_ev,mlp_64_64_32_16_a1e-4,2582,2194,388,19,42,42,42,-0.0140884697881313,0.2989009113740696,0.3693065120999397
5,329,mlp,target_frontier_gap_ev,mlp_64_64_32_16_a1e-4,2582,2194,388,19,42,42,42,-0.0112819859421307,0.290385458833845,0.3608024703721735
5,330,mlp,target_frontier_gap_ev,mlp_64_64_32_16_a1e-4,2582,2194,388,19,42,42,42,-0.03645849935927,0.2815235741738991,0.3519614127242321
5,331,mlp,target_frontier_gap_ev,mlp_64_64_32_16_a1e-4,2582,2194,388,19,42,42,42,-0.0169264535497568,0.3012164499394961,0.3684266718720167
5,332,mlp,target_frontier_gap_ev,mlp_64_64_32_16_a1e-4,2582,2194,388,19,42,42,42,-0.0064725117926967,0.2925833349612812,0.3547045754364
5,333,mlp,target_frontier_gap_ev,mlp_64_64_32_16_a1e-4,2582,2194,388,19,42,42,42,0.0105986678239926,0.284458181679651,0.3526783154032245
5,334,mlp,target_frontier_gap_ev,mlp_64_64_32_16_a1e-4,2582,2194,388,19,42,42,42,-0.0281017157391343,0.2911716142844637,0.3554100140256609
5,335,mlp,target_frontier_gap_ev,mlp_64_64_32_16_a1e-4,2582,2194,388,19,42,42,42,-0.0070213974173749,0.291356078761305,0.3598410322683666
5,336,mlp,target_frontier_gap_ev,mlp_64_64_32_16_a1e-4,2582,2194,388,19,42,42,42,0.0120664787610361,0.2988129169483772,0.3663741323335152
5,337,mlp,target_frontier_gap_ev,mlp_64_64_32_16_a1e-4,2582,2194,388,19,42,42,42,-0.0172136410244538,0.2874168225659782,0.3590904664797343
5,338,mlp,target_frontier_gap_ev,mlp_64_64_32_16_a1e-4,2582,2194,388,19,42,42,42,-0.0113730308218036,0.2946634516350258,0.3581027219734762
5,339,mlp,target_frontier_gap_ev,mlp_64_64_32_16_a1e-4,2582,2194,388,19,42,42,42,-0.0343688613719053,0.2921931660071867,0.358348391639085
5,340,mlp,target_frontier_gap_ev,mlp_64_64_32_16_a1e-4,2582,2194,388,19,42,42,42,-0.0066259078081354,0.2906494311980903,0.3566462050714447
5,341,mlp,target_frontier_gap_ev,mlp_64_64_32_16_a1e-4,2582,2194,388,19,42,42,42,-0.0054061120694357,0.2766913781733546,0.3480210774690498
5,342,mlp,target_frontier_gap_ev,mlp_64_64_32_16_a1e-4,2582,2194,388,19,42,42,42,-0.0313245489132174,0.2961262280496531,0.3715541333432058
5,343,mlp,target_frontier_gap_ev,mlp_64_64_32_16_a1e-4,2582,2194,388,19,42,42,42,0.0053095984626522,0.2974589648767434,0.3675462169523537
5,344,mlp,target_frontier_gap_ev,mlp_64_64_32_16_a1e-4,2582,2194,388,19,42,42,42,-0.0437752021200241,0.2998561609209808,0.3661532365860088
5,345,mlp,target_frontier_gap_ev,mlp_64_64_32_16_a1e-4,2582,2194,388,19,42,42,42,-0.0219738859052645,0.3123512803561383,0.3731202369346455
5,346,mlp,target_frontier_gap_ev,mlp_64_64_32_16_a1e-4,2582,2194,388,19,42,42,42,-0.014688093243669,0.2836407412205985,0.3572396581101169
5,347,mlp,target_frontier_gap_ev,mlp_64_64_32_16_a1e-4,2582,2194,388,19,42,42,42,-0.0225891680320746,0.2892134090510459,0.3588425630679984
5,348,mlp,target_frontier_gap_ev,mlp_64_64_32_16_a1e-4,2582,2194,388,19,42,42,42,-0.0077203217611969,0.2871109292281908,0.3562049346958975
5,349,mlp,target_frontier_gap_ev,mlp_64_64_32_16_a1e-4,2582,2194,388,19,42,42,42,-0.0456486930588164,0.2955137003152105,0.3734027682513894
5,350,mlp,target_frontier_gap_ev,mlp_64_64_32_16_a1e-4,2582,2194,388,19,42,42,42,-0.0035150835040975,0.2842626773465265,0.3534629927451659
5,351,mlp,target_frontier_gap_ev,mlp_64_64_32_16_a1e-4,2582,2194,388,19,42,42,42,-0.0293354751986101,0.3074628490196377,0.3748283384126636
5,352,mlp,target_frontier_gap_ev,mlp_64_64_32_16_a1e-4,2582,2194,388,19,42,42,42,-0.0135865828185466,0.3063398784462371,0.3764875289993882
5,353,mlp,target_frontier_gap_ev,mlp_64_64_32_16_a1e-4,2582,2194,388,19,42,42,42,-0.0206289177801941,0.2925234995317421,0.3600697247082556
5,354,mlp,target_frontier_gap_ev,mlp_64_64_32_16_a1e-4,2582,2194,388,19,42,42,42,0.0093105343408023,0.294293049737647,0.3619484251354121
5,355,mlp,target_frontier_gap_ev,mlp_64_64_32_16_a1e-4,2582,2194,388,19,42,42,42,-0.0067793073902346,0.2827118461939011,0.353293221198035
5,356,mlp,target_frontier_gap_ev,mlp_64_64_32_16_a1e-4,2582,2194,388,19,42,42,42,-0.0206002297527108,0.314011695582773,0.380966327994563
5,357,mlp,target_frontier_gap_ev,mlp_64_64_32_16_a1e-4,2582,2194,388,19,42,42,42,-0.0570818341638823,0.316699890358739,0.3875943977150262
5,358,mlp,target_frontier_gap_ev,mlp_64_64_32_16_a1e-4,2582,2194,388,19,42,42,42,-0.0452499275005136,0.2972624470111019,0.3640942850660927
5,359,mlp,target_frontier_gap_ev,mlp_64_64_32_16_a1e-4,2582,2194,388,19,42,42,42,-0.0065415471622765,0.2880893186025974,0.356289530689093
5,360,mlp,target_frontier_gap_ev,mlp_64_64_32_16_a1e-4,2582,2194,388,19,42,42,42,-0.0245733062344228,0.294807504799924,0.3616370961245869
5,361,mlp,target_frontier_gap_ev,mlp_64_64_32_16_a1e-4,2582,2194,388,19,42,42,42,-0.0112710124913564,0.3099551692776699,0.3761950039581141
5,362,mlp,target_frontier_gap_ev,mlp_64_64_32_16_a1e-4,2582,2194,388,19,42,42,42,-0.0431319721313505,0.29956401793151,0.3718690657410495
5,363,mlp,target_frontier_gap_ev,mlp_64_64_32_16_a1e-4,2582,2194,388,19,42,42,42,-0.0213729149949351,0.2987109325471304,0.3668269482617426
5,364,mlp,target_frontier_gap_ev,mlp_64_64_32_16_a1e-4,2582,2194,388,19,42,42,42,-0.0197029708141251,0.3182663688662911,0.3747526433911465
5,365,mlp,target_frontier_gap_ev,mlp_64_64_32_16_a1e-4,2582,2194,388,19,42,42,42,-0.0168619438477857,0.2918234621848445,0.3568046556250442
5,366,mlp,target_frontier_gap_ev,mlp_64_64_32_16_a1e-4,2582,2194,388,19,42,42,42,-0.0382101115147961,0.3042719325913375,0.3693451844006023
5,367,mlp,target_frontier_gap_ev,mlp_64_64_32_16_a1e-4,2582,2194,388,19,42,42,42,-0.0107668418080941,0.2894441153970846,0.3525154986539731
5,368,mlp,target_frontier_gap_ev,mlp_64_64_32_16_a1e-4,2582,2194,388,19,42,42,42,-0.0061967725945406,0.2923928674421539,0.36316029588916
5,369,mlp,target_frontier_gap_ev,mlp_64_64_32_16_a1e-4,2582,2194,388,19,42,42,42,0.0146815182948595,0.2960205266593552,0.3599916912236974
5,370,mlp,target_frontier_gap_ev,mlp_64_64_32_16_a1e-4,2582,2194,388,19,42,42,42,-0.0068260029443376,0.2934624469532464,0.3735416050991532
5,371,mlp,target_frontier_gap_ev,mlp_64_64_32_16_a1e-4,2582,2194,388,19,42,42,42,-0.0178342383475342,0.3003904546867172,0.369352578258023
5,372,mlp,target_frontier_gap_ev,mlp_64_64_32_16_a1e-4,2582,2194,388,19,42,42,42,-0.0195551838867671,0.3003588565690804,0.37546753833547
5,373,mlp,target_frontier_gap_ev,mlp_64_64_32_16_a1e-4,2582,2194,388,19,42,42,42,-0.0282293199897087,0.2957215616548557,0.3589366811085214
5,374,mlp,target_frontier_gap_ev,mlp_64_64_32_16_a1e-4,2582,2194,388,19,42,42,42,-0.0671932371480195,0.3076172732397577,0.3822508983190433
5,375,mlp,target_frontier_gap_ev,mlp_64_64_32_16_a1e-4,2582,2194,388,19,42,42,42,-0.0014198896381578,0.2856721600254102,0.3636526318920517
5,376,mlp,target_frontier_gap_ev,mlp_64_64_32_16_a1e-4,2582,2194,388,19,42,42,42,0.0037969861373092,0.296081959066869,0.3677611343707593
5,377,mlp,target_frontier_gap_ev,mlp_64_64_32_16_a1e-4,2582,2194,388,19,42,42,42,-0.0140761781593095,0.2854890730686032,0.3521909079602597
5,378,mlp,target_frontier_gap_ev,mlp_64_64_32_16_a1e-4,2582,2194,388,19,42,42,42,-0.0027687367929527,0.2889078528148499,0.357643563211992
5,379,mlp,target_frontier_gap_ev,mlp_64_64_32_16_a1e-4,2582,2194,388,19,42,42,42,-0.0176868653933552,0.2975865560219589,0.3627796477847303
5,380,mlp,target_frontier_gap_ev,mlp_64_64_32_16_a1e-4,2582,2194,388,19,42,42,42,-0.0202474805965537,0.2920936761275955,0.3609291272779646
5,381,mlp,target_frontier_gap_ev,mlp_64_64_32_16_a1e-4,2582,2194,388,19,42,42,42,-0.0076445518980718,0.307663879647113,0.3795727230143964
5,382,mlp,target_frontier_gap_ev,mlp_64_64_32_16_a1e-4,2582,2194,388,19,42,42,42,-0.0146526716653005,0.3033154134716994,0.3681939036556252
5,383,mlp,target_frontier_gap_ev,mlp_64_64_32_16_a1e-4,2582,2194,388,19,42,42,42,-0.0172028033916915,0.2872844911441529,0.3617198316774829
5,384,mlp,target_frontier_gap_ev,mlp_64_64_32_16_a1e-4,2582,2194,388,19,42,42,42,-0.0109054167212456,0.2953350952058589,0.3601616347708575
5,385,mlp,target_frontier_gap_ev,mlp_64_64_32_16_a1e-4,2582,2194,388,19,42,42,42,-0.0533007952368338,0.3066818108913269,0.3822828233519079
5,386,mlp,target_frontier_gap_ev,mlp_64_64_32_16_a1e-4,2582,2194,388,19,42,42,42,-0.017621003499664,0.2971306817597807,0.3658721252311332
5,387,mlp,target_frontier_gap_ev,mlp_64_64_32_16_a1e-4,2582,2194,388,19,42,42,42,-0.0026066216086113,0.2970747532741832,0.3630454739320959
5,388,mlp,target_frontier_gap_ev,mlp_64_64_32_16_a1e-4,2582,2194,388,19,42,42,42,-0.0022710997753154,0.3052792002205686,0.3716368550808366
5,389,mlp,target_frontier_gap_ev,mlp_64_64_32_16_a1e-4,2582,2194,388,19,42,42,42,-0.0316025713745489,0.2876420229620724,0.3582825435996348
5,390,mlp,target_frontier_gap_ev,mlp_64_64_32_16_a1e-4,2582,2194,388,19,42,42,42,-0.0160555253432479,0.2810731639429473,0.351624502800013
5,391,mlp,target_frontier_gap_ev,mlp_64_64_32_16_a1e-4,2582,2194,388,19,42,42,42,-0.0176689756820247,0.293017645428286,0.3680762887512727
5,392,mlp,target_frontier_gap_ev,mlp_64_64_32_16_a1e-4,2582,2194,388,19,42,42,42,-0.0140047118028794,0.3020736074160262,0.3742698356210761
5,393,mlp,target_frontier_gap_ev,mlp_64_64_32_16_a1e-4,2582,2194,388,19,42,42,42,-0.0193698764217029,0.2802551417317411,0.3526201378480713
5,394,mlp,target_frontier_gap_ev,mlp_64_64_32_16_a1e-4,2582,2194,388,19,42,42,42,-0.028459074256582,0.2972564252669821,0.3789372994136178
5,395,mlp,target_frontier_gap_ev,mlp_64_64_32_16_a1e-4,2582,2194,388,19,42,42,42,-0.0353003428608897,0.3223694432870954,0.3910467156648166
5,396,mlp,target_frontier_gap_ev,mlp_64_64_32_16_a1e-4,2582,2194,388,19,42,42,42,-0.0293981746827256,0.2946542463053936,0.3689112610604104
5,397,mlp,target_frontier_gap_ev,mlp_64_64_32_16_a1e-4,2582,2194,388,19,42,42,42,-0.0157192067780158,0.3032176472685646,0.3764361600272302
5,398,mlp,target_frontier_gap_ev,mlp_64_64_32_16_a1e-4,2582,2194,388,19,42,42,42,0.001319472544159,0.3036294272754118,0.3685923055175855
5,399,mlp,target_frontier_gap_ev,mlp_64_64_32_16_a1e-4,2582,2194,388,19,42,42,42,-0.0049362837684669,0.2877471348427146,0.3577852165027448
5,400,mlp,target_frontier_gap_ev,mlp_64_64_32_16_a1e-4,2582,2194,388,19,42,42,42,-0.024957473374702,0.3065910465276083,0.3750087193719957
5,401,mlp,target_frontier_gap_ev,mlp_64_64_32_16_a1e-4,2582,2194,388,19,42,42,42,-0.0119505628466436,0.289647041248166,0.3649438968926462
5,402,mlp,target_frontier_gap_ev,mlp_64_64_32_16_a1e-4,2582,2194,388,19,42,42,42,-0.0156535878324697,0.297453650731417,0.3681061700114192
5,403,mlp,target_frontier_gap_ev,mlp_64_64_32_16_a1e-4,2582,2194,388,19,42,42,42,-0.0061174814246032,0.2916318991989748,0.3633236586333731
5,404,mlp,target_frontier_gap_ev,mlp_64_64_32_16_a1e-4,2582,2194,388,19,42,42,42,-0.0340451877030869,0.2983479023015809,0.3643751563476832
5,405,mlp,target_frontier_gap_ev,mlp_64_64_32_16_a1e-4,2582,2194,388,19,42,42,42,-0.0139560655949071,0.3032945336170808,0.3671682233512118
5,406,mlp,target_frontier_gap_ev,mlp_64_64_32_16_a1e-4,2582,2194,388,19,42,42,42,-0.0228795595023327,0.2897589138451897,0.3594077515185286
5,407,mlp,target_frontier_gap_ev,mlp_64_64_32_16_a1e-4,2582,2194,388,19,42,42,42,0.0058711794471374,0.2868886517754734,0.3571893117297037
5,408,mlp,target_frontier_gap_ev,mlp_64_64_32_16_a1e-4,2582,2194,388,19,42,42,42,-0.0080128762808024,0.2976585341863371,0.3628187746731315
5,409,mlp,target_frontier_gap_ev,mlp_64_64_32_16_a1e-4,2582,2194,388,19,42,42,42,-0.0133470407494247,0.3064842320215138,0.3793377430731434
5,410,mlp,target_frontier_gap_ev,mlp_64_64_32_16_a1e-4,2582,2194,388,19,42,42,42,-0.0248916045591462,0.2918096827800207,0.3632153588125349
5,411,mlp,target_frontier_gap_ev,mlp_64_64_32_16_a1e-4,2582,2194,388,19,42,42,42,-0.0317972435574156,0.2984158459754026,0.3680150895129633
5,412,mlp,target_frontier_gap_ev,mlp_64_64_32_16_a1e-4,2582,2194,388,19,42,42,42,-0.0186579866887921,0.2901095020764968,0.3655594063244213
5,413,mlp,target_frontier_gap_ev,mlp_64_64_32_16_a1e-4,2582,2194,388,19,42,42,42,-0.0272374487128581,0.2939075986019754,0.3625766966042614
5,414,mlp,target_frontier_gap_ev,mlp_64_64_32_16_a1e-4,2582,2194,388,19,42,42,42,-0.0156694727877557,0.3087377626926389,0.3791974079258706
5,415,mlp,target_frontier_gap_ev,mlp_64_64_32_16_a1e-4,2582,2194,388,19,42,42,42,-0.0290058893177314,0.2902477448227372,0.3655989888812622
5,416,mlp,target_frontier_gap_ev,mlp_64_64_32_16_a1e-4,2582,2194,388,19,42,42,42,-0.0250730853649381,0.2950370105917501,0.3622063983568758
5,417,mlp,target_frontier_gap_ev,mlp_64_64_32_16_a1e-4,2582,2194,388,19,42,42,42,-0.0313153085885651,0.2957060318322068,0.3673214354526427
5,418,mlp,target_frontier_gap_ev,mlp_64_64_32_16_a1e-4,2582,2194,388,19,42,42,42,-0.0498726809215073,0.2909181187268338,0.3689070915628031
5,419,mlp,target_frontier_gap_ev,mlp_64_64_32_16_a1e-4,2582,2194,388,19,42,42,42,-0.0126223925441169,0.2959298140884379,0.360006717155583
5,420,mlp,target_frontier_gap_ev,mlp_64_64_32_16_a1e-4,2582,2194,388,19,42,42,42,-0.0116214817883044,0.2983307447432166,0.3642741351853672
5,421,mlp,target_frontier_gap_ev,mlp_64_64_32_16_a1e-4,2582,2194,388,19,42,42,42,-0.0148279594178171,0.302588375474896,0.3701119684567427
5,422,mlp,target_frontier_gap_ev,mlp_64_64_32_16_a1e-4,2582,2194,388,19,42,42,42,-0.0105967854288058,0.281758175966132,0.3500886470900091
5,423,mlp,target_frontier_gap_ev,mlp_64_64_32_16_a1e-4,2582,2194,388,19,42,42,42,-0.0120779369412955,0.2985544472671436,0.3701320199715163
5,424,mlp,target_frontier_gap_ev,mlp_64_64_32_16_a1e-4,2582,2194,388,19,42,42,42,-0.0396467916002276,0.2903689941772338,0.3628124825397263
5,425,mlp,target_frontier_gap_ev,mlp_64_64_32_16_a1e-4,2582,2194,388,19,42,42,42,-0.0213427805055228,0.2909526465635852,0.3616077834981427
5,426,mlp,target_frontier_gap_ev,mlp_64_64_32_16_a1e-4,2582,2194,388,19,42,42,42,-0.0084112411954786,0.2977804825350641,0.3645868786176213
5,427,mlp,target_frontier_gap_ev,mlp_64_64_32_16_a1e-4,2582,2194,388,19,42,42,42,-0.0072283722659938,0.2779244989150461,0.3419481162043321
5,428,mlp,target_frontier_gap_ev,mlp_64_64_32_16_a1e-4,2582,2194,388,19,42,42,42,-0.0496222499702303,0.3205723579735117,0.3875861385002175
5,429,mlp,target_frontier_gap_ev,mlp_64_64_32_16_a1e-4,2582,2194,388,19,42,42,42,-0.020803788681087,0.2993637906130882,0.3664354173025246
5,430,mlp,target_frontier_gap_ev,mlp_64_64_32_16_a1e-4,2582,2194,388,19,42,42,42,-0.0442859033302109,0.2887474026323255,0.3538797778167855
5,431,mlp,target_frontier_gap_ev,mlp_64_64_32_16_a1e-4,2582,2194,388,19,42,42,42,-0.0088087427244711,0.3019614505683647,0.3638159094969252
5,432,mlp,target_frontier_gap_ev,mlp_64_64_32_16_a1e-4,2582,2194,388,19,42,42,42,-0.0182809871839733,0.3070741720257213,0.3727223834763443
5,433,mlp,target_frontier_gap_ev,mlp_64_64_32_16_a1e-4,2582,2194,388,19,42,42,42,-0.0144949102182261,0.2920562361638369,0.3602500089485084
5,434,mlp,target_frontier_gap_ev,mlp_64_64_32_16_a1e-4,2582,2194,388,19,42,42,42,-0.0193877379281934,0.3028299893168123,0.3721537216436958
5,435,mlp,target_frontier_gap_ev,mlp_64_64_32_16_a1e-4,2582,2194,388,19,42,42,42,-0.0359780183998978,0.3121855727900443,0.3787175725390662
5,436,mlp,target_frontier_gap_ev,mlp_64_64_32_16_a1e-4,2582,2194,388,19,42,42,42,-0.0156797500530316,0.2992679118499167,0.3734128814697625
5,437,mlp,target_frontier_gap_ev,mlp_64_64_32_16_a1e-4,2582,2194,388,19,42,42,42,-0.0266341288032398,0.2895941346725727,0.3536926392422843
5,438,mlp,target_frontier_gap_ev,mlp_64_64_32_16_a1e-4,2582,2194,388,19,42,42,42,-0.0314264023251771,0.3009851378459258,0.3670210024735101
5,439,mlp,target_frontier_gap_ev,mlp_64_64_32_16_a1e-4,2582,2194,388,19,42,42,42,-0.0119426067397467,0.3033702887464541,0.3811250998842595
5,440,mlp,target_frontier_gap_ev,mlp_64_64_32_16_a1e-4,2582,2194,388,19,42,42,42,-0.0289966199070488,0.3137665753774001,0.3937950717018315
5,441,mlp,target_frontier_gap_ev,mlp_64_64_32_16_a1e-4,2582,2194,388,19,42,42,42,-0.0113851937121567,0.2927161206037512,0.3593414754978007
5,442,mlp,target_frontier_gap_ev,mlp_64_64_32_16_a1e-4,2582,2194,388,19,42,42,42,0.0116277124583265,0.2901799676463573,0.3630827021835581
5,443,mlp,target_frontier_gap_ev,mlp_64_64_32_16_a1e-4,2582,2194,388,19,42,42,42,-0.0267804132452835,0.2827114526405902,0.3552281251703093
5,444,mlp,target_frontier_gap_ev,mlp_64_64_32_16_a1e-4,2582,2194,388,19,42,42,42,-0.0152582367862537,0.3056568204896043,0.3766774464260421
5,445,mlp,target_frontier_gap_ev,mlp_64_64_32_16_a1e-4,2582,2194,388,19,42,42,42,-0.0082401593638121,0.2804378628862093,0.3450121717806397
5,446,mlp,target_frontier_gap_ev,mlp_64_64_32_16_a1e-4,2582,2194,388,19,42,42,42,-0.038410752709493,0.2916292563822963,0.3600363122715887
5,447,mlp,target_frontier_gap_ev,mlp_64_64_32_16_a1e-4,2582,2194,388,19,42,42,42,-0.0074454423812497,0.2934048602355358,0.3620951508891206
5,448,mlp,target_frontier_gap_ev,mlp_64_64_32_16_a1e-4,2582,2194,388,19,42,42,42,-0.0183844958147829,0.3047976621123944,0.37774056075345
5,449,mlp,target_frontier_gap_ev,mlp_64_64_32_16_a1e-4,2582,2194,388,19,42,42,42,-0.0556391177168922,0.287604955530163,0.3556460435323095
5,450,mlp,target_frontier_gap_ev,mlp_64_64_32_16_a1e-4,2582,2194,388,19,42,42,42,-0.0181735757095855,0.2889998895581385,0.3645580337525503
5,451,mlp,target_frontier_gap_ev,mlp_64_64_32_16_a1e-4,2582,2194,388,19,42,42,42,0.010910298613877,0.2980261755434504,0.3793933610778993
5,452,mlp,target_frontier_gap_ev,mlp_64_64_32_16_a1e-4,2582,2194,388,19,42,42,42,-0.0106051581934134,0.2874695682187893,0.3550170509934744
5,453,mlp,target_frontier_gap_ev,mlp_64_64_32_16_a1e-4,2582,2194,388,19,42,42,42,-0.0089355493622591,0.2871535616778217,0.354877810721822
5,454,mlp,target_frontier_gap_ev,mlp_64_64_32_16_a1e-4,2582,2194,388,19,42,42,42,-0.0181328653507935,0.2872840700617836,0.3583646350496606
5,455,mlp,target_frontier_gap_ev,mlp_64_64_32_16_a1e-4,2582,2194,388,19,42,42,42,-0.0040898151394028,0.2961420437644215,0.3601618209551842
5,456,mlp,target_frontier_gap_ev,mlp_64_64_32_16_a1e-4,2582,2194,388,19,42,42,42,-0.0154156103607221,0.2962899117930661,0.3672584154739798
5,457,mlp,target_frontier_gap_ev,mlp_64_64_32_16_a1e-4,2582,2194,388,19,42,42,42,-0.0130466277060836,0.2890207663986971,0.3538767457233461
5,458,mlp,target_frontier_gap_ev,mlp_64_64_32_16_a1e-4,2582,2194,388,19,42,42,42,-0.0142369029565703,0.2949193914874298,0.3598828418623994
5,459,mlp,target_frontier_gap_ev,mlp_64_64_32_16_a1e-4,2582,2194,388,19,42,42,42,-0.0437463719661608,0.3102879085231631,0.3756522630838126
5,460,mlp,target_frontier_gap_ev,mlp_64_64_32_16_a1e-4,2582,2194,388,19,42,42,42,-0.027206053896615,0.3079266986787632,0.3702508207168485
5,461,mlp,target_frontier_gap_ev,mlp_64_64_32_16_a1e-4,2582,2194,388,19,42,42,42,-0.0307140971778507,0.3019869635316324,0.3637513761804814
5,462,mlp,target_frontier_gap_ev,mlp_64_64_32_16_a1e-4,2582,2194,388,19,42,42,42,-0.0076262014014076,0.3028740453105756,0.3689113387804891
5,463,mlp,target_frontier_gap_ev,mlp_64_64_32_16_a1e-4,2582,2194,388,19,42,42,42,-0.0443043695675409,0.3030945445635793,0.3695098724899889
5,464,mlp,target_frontier_gap_ev,mlp_64_64_32_16_a1e-4,2582,2194,388,19,42,42,42,-0.0310756296395158,0.2965969297435772,0.3715451704604093
5,465,mlp,target_frontier_gap_ev,mlp_64_64_32_16_a1e-4,2582,2194,388,19,42,42,42,-0.0009102100511326,0.2930264449459079,0.3584002860034829
5,466,mlp,target_frontier_gap_ev,mlp_64_64_32_16_a1e-4,2582,2194,388,19,42,42,42,0.0039434324594591,0.293364848560215,0.3589598532486332
5,467,mlp,target_frontier_gap_ev,mlp_64_64_32_16_a1e-4,2582,2194,388,19,42,42,42,-0.0096685335409889,0.3077571090966438,0.3780200717142836
5,468,mlp,target_frontier_gap_ev,mlp_64_64_32_16_a1e-4,2582,2194,388,19,42,42,42,-0.0146105093298323,0.3080494708013109,0.3717396368878696
5,469,mlp,target_frontier_gap_ev,mlp_64_64_32_16_a1e-4,2582,2194,388,19,42,42,42,-0.0231222674626345,0.2915251975041766,0.359696618062242
5,470,mlp,target_frontier_gap_ev,mlp_64_64_32_16_a1e-4,2582,2194,388,19,42,42,42,-0.0593318517223508,0.2765783036801739,0.3481775135256425
5,471,mlp,target_frontier_gap_ev,mlp_64_64_32_16_a1e-4,2582,2194,388,19,42,42,42,-0.0413357707333519,0.3091540652248054,0.3742388234320773
5,472,mlp,target_frontier_gap_ev,mlp_64_64_32_16_a1e-4,2582,2194,388,19,42,42,42,-0.0249379570090995,0.288416893795787,0.3476033821543888
5,473,mlp,target_frontier_gap_ev,mlp_64_64_32_16_a1e-4,2582,2194,388,19,42,42,42,-0.0225552949194447,0.2866413590558033,0.3594305840790437
5,474,mlp,target_frontier_gap_ev,mlp_64_64_32_16_a1e-4,2582,2194,388,19,42,42,42,-0.0117454096782869,0.2992785200328508,0.3651053274444838
5,475,mlp,target_frontier_gap_ev,mlp_64_64_32_16_a1e-4,2582,2194,388,19,42,42,42,-0.049651478927964,0.3033895117265582,0.3680038392013622
5,476,mlp,target_frontier_gap_ev,mlp_64_64_32_16_a1e-4,2582,2194,388,19,42,42,42,-0.0279844414670324,0.2870004570725581,0.3650536735553767
5,477,mlp,target_frontier_gap_ev,mlp_64_64_32_16_a1e-4,2582,2194,388,19,42,42,42,-0.0023229883319559,0.2866519381583488,0.3546422796813267
5,478,mlp,target_frontier_gap_ev,mlp_64_64_32_16_a1e-4,2582,2194,388,19,42,42,42,-0.0226433263740697,0.2946248497384733,0.3619283317446487
5,479,mlp,target_frontier_gap_ev,mlp_64_64_32_16_a1e-4,2582,2194,388,19,42,42,42,-0.0138250881354262,0.3090602885644707,0.3802374441979165
5,480,mlp,target_frontier_gap_ev,mlp_64_64_32_16_a1e-4,2582,2194,388,19,42,42,42,-0.0062462456877607,0.3017289382591183,0.3775502667683022
5,481,mlp,target_frontier_gap_ev,mlp_64_64_32_16_a1e-4,2582,2194,388,19,42,42,42,-0.0152122893751271,0.3020447642412297,0.3686296305065874
5,482,mlp,target_frontier_gap_ev,mlp_64_64_32_16_a1e-4,2582,2194,388,19,42,42,42,-0.0585854195540342,0.3163351556720407,0.378786171404377
5,483,mlp,target_frontier_gap_ev,mlp_64_64_32_16_a1e-4,2582,2194,388,19,42,42,42,-0.0070829953259299,0.3010870454517393,0.3776623479661906
5,484,mlp,target_frontier_gap_ev,mlp_64_64_32_16_a1e-4,2582,2194,388,19,42,42,42,-0.0072768116633266,0.2952467667772201,0.3632259098557803
5,485,mlp,target_frontier_gap_ev,mlp_64_64_32_16_a1e-4,2582,2194,388,19,42,42,42,-0.0783248164201224,0.3090184211196273,0.3799964865718036
5,486,mlp,target_frontier_gap_ev,mlp_64_64_32_16_a1e-4,2582,2194,388,19,42,42,42,-0.0301817766830552,0.2961670968091757,0.3712369626892089
5,487,mlp,target_frontier_gap_ev,mlp_64_64_32_16_a1e-4,2582,2194,388,19,42,42,42,-0.0332480048008292,0.3123657665253004,0.375405509652908
5,488,mlp,target_frontier_gap_ev,mlp_64_64_32_16_a1e-4,2582,2194,388,19,42,42,42,-0.0194288172919372,0.2964563254880866,0.3667997795943331
5,489,mlp,target_frontier_gap_ev,mlp_64_64_32_16_a1e-4,2582,2194,388,19,42,42,42,-0.0156367509133965,0.2981131853872967,0.3701760036487556
5,490,mlp,target_frontier_gap_ev,mlp_64_64_32_16_a1e-4,2582,2194,388,19,42,42,42,-0.0065617651091181,0.297875570965523,0.3649604095226784
5,491,mlp,target_frontier_gap_ev,mlp_64_64_32_16_a1e-4,2582,2194,388,19,42,42,42,-0.0017791714466681,0.2949025014719408,0.3651086009293424
5,492,mlp,target_frontier_gap_ev,mlp_64_64_32_16_a1e-4,2582,2194,388,19,42,42,42,-0.0251127132593045,0.2818630648265975,0.3505282357628997
5,493,mlp,target_frontier_gap_ev,mlp_64_64_32_16_a1e-4,2582,2194,388,19,42,42,42,-0.0318831115831839,0.3045860008088233,0.3841149767075271
5,494,mlp,target_frontier_gap_ev,mlp_64_64_32_16_a1e-4,2582,2194,388,19,42,42,42,-0.0138790215922683,0.2949167472045586,0.3692258563781193
5,495,mlp,target_frontier_gap_ev,mlp_64_64_32_16_a1e-4,2582,2194,388,19,42,42,42,-0.0137325610791214,0.2935244612394305,0.3570035821169381
5,496,mlp,target_frontier_gap_ev,mlp_64_64_32_16_a1e-4,2582,2194,388,19,42,42,42,-0.0161767628190996,0.2989874797812099,0.3673800281884048
5,497,mlp,target_frontier_gap_ev,mlp_64_64_32_16_a1e-4,2582,2194,388,19,42,42,42,-0.0051925328771993,0.3130260928236331,0.3897882197141538
5,498,mlp,target_frontier_gap_ev,mlp_64_64_32_16_a1e-4,2582,2194,388,19,42,42,42,-0.0035809367003392,0.2764356467206552,0.3427753662656412
5,499,mlp,target_frontier_gap_ev,mlp_64_64_32_16_a1e-4,2582,2194,388,19,42,42,42,-0.0470432689586668,0.3005609370470093,0.3652430788541706
5,500,mlp,target_frontier_gap_ev,mlp_64_64_32_16_a1e-4,2582,2194,388,19,42,42,42,-0.0286253124412625,0.3031529087601955,0.3665753423796457
3,1,mlp,target_interaction_energy_kcal_mol,mlp_128_64_32_a1e-3,2582,2194,388,19,42,42,42,-0.0071079698683855,4.093562385115841,4.843193316814018
3,2,mlp,target_interaction_energy_kcal_mol,mlp_128_64_32_a1e-3,2582,2194,388,19,42,42,42,-0.0123923845206981,4.319628193766448,5.115686685359372
3,3,mlp,target_interaction_energy_kcal_mol,mlp_128_64_32_a1e-3,2582,2194,388,19,42,42,42,-0.0179538014247626,4.216769081651679,4.958047289053781
3,4,mlp,target_interaction_energy_kcal_mol,mlp_128_64_32_a1e-3,2582,2194,388,19,42,42,42,-0.0078653159048132,4.191635549047342,4.967990157980036
3,5,mlp,target_interaction_energy_kcal_mol,mlp_128_64_32_a1e-3,2582,2194,388,19,42,42,42,-0.0095609874782338,3.990458842666438,4.804253565890677
3,6,mlp,target_interaction_energy_kcal_mol,mlp_128_64_32_a1e-3,2582,2194,388,19,42,42,42,-0.0143013781438954,4.360878390399386,5.106314512727844
3,7,mlp,target_interaction_energy_kcal_mol,mlp_128_64_32_a1e-3,2582,2194,388,19,42,42,42,-0.0063425762352906,4.150631558664969,4.903126001550048
3,8,mlp,target_interaction_energy_kcal_mol,mlp_128_64_32_a1e-3,2582,2194,388,19,42,42,42,-0.0349612481100052,4.303653166935036,5.02881525038789
3,9,mlp,target_interaction_energy_kcal_mol,mlp_128_64_32_a1e-3,2582,2194,388,19,42,42,42,-0.0083150713578443,4.254589911130067,5.105990022803495
3,10,mlp,target_interaction_energy_kcal_mol,mlp_128_64_32_a1e-3,2582,2194,388,19,42,42,42,-0.0181732624945318,4.100195089602443,4.853401662413312
3,11,mlp,target_interaction_energy_kcal_mol,mlp_128_64_32_a1e-3,2582,2194,388,19,42,42,42,-0.0058758702660819,4.111120537024043,4.866788271465723
3,12,mlp,target_interaction_energy_kcal_mol,mlp_128_64_32_a1e-3,2582,2194,388,19,42,42,42,0.0006133067886507,4.085235640922722,4.83833720690269
3,13,mlp,target_interaction_energy_kcal_mol,mlp_128_64_32_a1e-3,2582,2194,388,19,42,42,42,-0.0235437070112027,4.07525577136812,4.8629885631097896
3,14,mlp,target_interaction_energy_kcal_mol,mlp_128_64_32_a1e-3,2582,2194,388,19,42,42,42,-0.035585001704351,4.299225569134892,4.987217568573597
3,15,mlp,target_interaction_energy_kcal_mol,mlp_128_64_32_a1e-3,2582,2194,388,19,42,42,42,-0.0080227807036092,4.1857913140434,4.980676484460757
3,16,mlp,target_interaction_energy_kcal_mol,mlp_128_64_32_a1e-3,2582,2194,388,19,42,42,42,-0.0274857804888786,4.323276343146522,5.020840080301674
3,17,mlp,target_interaction_energy_kcal_mol,mlp_128_64_32_a1e-3,2582,2194,388,19,42,42,42,-0.0126787638791638,4.1706033504528754,4.8271725663439335
3,18,mlp,target_interaction_energy_kcal_mol,mlp_128_64_32_a1e-3,2582,2194,388,19,42,42,42,-0.0069167200980553,4.071458181814925,4.755642593501525
3,19,mlp,target_interaction_energy_kcal_mol,mlp_128_64_32_a1e-3,2582,2194,388,19,42,42,42,-0.044820772352204,4.425990074393085,5.129583257851282
3,20,mlp,target_interaction_energy_kcal_mol,mlp_128_64_32_a1e-3,2582,2194,388,19,42,42,42,-0.0135218738041575,4.308154518871456,5.063733854704176
3,21,mlp,target_interaction_energy_kcal_mol,mlp_128_64_32_a1e-3,2582,2194,388,19,42,42,42,-0.0472421647703791,4.404799839431924,5.167354104317989
3,22,mlp,target_interaction_energy_kcal_mol,mlp_128_64_32_a1e-3,2582,2194,388,19,42,42,42,-0.0028552961336847,4.04513274156787,4.772109598212283
3,23,mlp,target_interaction_energy_kcal_mol,mlp_128_64_32_a1e-3,2582,2194,388,19,42,42,42,-0.0335026023016584,4.3148280689923855,5.095978135618038
3,24,mlp,target_interaction_energy_kcal_mol,mlp_128_64_32_a1e-3,2582,2194,388,19,42,42,42,-0.0364722059093023,4.108749139707257,4.84924106182073
3,25,mlp,target_interaction_energy_kcal_mol,mlp_128_64_32_a1e-3,2582,2194,388,19,42,42,42,-0.032295351643429,4.288433195717868,5.072620166404659
3,26,mlp,target_interaction_energy_kcal_mol,mlp_128_64_32_a1e-3,2582,2194,388,19,42,42,42,-0.0386084394383456,4.128072658106776,4.914347806803322
3,27,mlp,target_interaction_energy_kcal_mol,mlp_128_64_32_a1e-3,2582,2194,388,19,42,42,42,-0.011086024765412,3.947570428780901,4.798736355489136
3,28,mlp,target_interaction_energy_kcal_mol,mlp_128_64_32_a1e-3,2582,2194,388,19,42,42,42,-0.0135250393676629,4.154744201552504,4.846035152640761
3,29,mlp,target_interaction_energy_kcal_mol,mlp_128_64_32_a1e-3,2582,2194,388,19,42,42,42,-0.0085125809062682,3.973959861374668,4.743062545843335
3,30,mlp,target_interaction_energy_kcal_mol,mlp_128_64_32_a1e-3,2582,2194,388,19,42,42,42,-0.0138036722415042,4.087807546204105,4.846443364287742
3,31,mlp,target_interaction_energy_kcal_mol,mlp_128_64_32_a1e-3,2582,2194,388,19,42,42,42,-0.0381180624285257,4.202087697116538,4.933611355034208
3,32,mlp,target_interaction_energy_kcal_mol,mlp_128_64_32_a1e-3,2582,2194,388,19,42,42,42,-0.0253915539154867,4.177045990110772,4.985731624977625
3,33,mlp,target_interaction_energy_kcal_mol,mlp_128_64_32_a1e-3,2582,2194,388,19,42,42,42,-0.014184972855854,4.233721532639661,4.935924005284475
3,34,mlp,target_interaction_energy_kcal_mol,mlp_128_64_32_a1e-3,2582,2194,388,19,42,42,42,-0.0430950994904344,4.1278928456546655,4.890802439623108
3,35,mlp,target_interaction_energy_kcal_mol,mlp_128_64_32_a1e-3,2582,2194,388,19,42,42,42,0.0106281099425158,4.184651980930539,4.93859091349338
3,36,mlp,target_interaction_energy_kcal_mol,mlp_128_64_32_a1e-3,2582,2194,388,19,42,42,42,-0.0170420952210792,4.03158405675109,4.781730033719554
3,37,mlp,target_interaction_energy_kcal_mol,mlp_128_64_32_a1e-3,2582,2194,388,19,42,42,42,-0.0374591470143825,4.325228158412837,5.032615950594776
3,38,mlp,target_interaction_energy_kcal_mol,mlp_128_64_32_a1e-3,2582,2194,388,19,42,42,42,-0.0126709151329573,4.032547182212984,4.699271499145708
3,39,mlp,target_interaction_energy_kcal_mol,mlp_128_64_32_a1e-3,2582,2194,388,19,42,42,42,-0.0117974313336213,4.313783933774952,5.079705118958457
3,40,mlp,target_interaction_energy_kcal_mol,mlp_128_64_32_a1e-3,2582,2194,388,19,42,42,42,-0.0184109082281551,4.345064035261364,5.080191666135056
3,41,mlp,target_interaction_energy_kcal_mol,mlp_128_64_32_a1e-3,2582,2194,388,19,42,42,42,-0.0050189455612184,3.940396884536185,4.617373380567297
3,42,mlp,target_interaction_energy_kcal_mol,mlp_128_64_32_a1e-3,2582,2194,388,19,42,42,42,-0.0279157309873476,3.98243436182141,4.746004619442619
3,43,mlp,target_interaction_energy_kcal_mol,mlp_128_64_32_a1e-3,2582,2194,388,19,42,42,42,-0.0360043905309277,4.209792819487792,4.980624966023101
3,44,mlp,target_interaction_energy_kcal_mol,mlp_128_64_32_a1e-3,2582,2194,388,19,42,42,42,-0.0108456210498544,4.231399702527652,5.032556740812222
3,45,mlp,target_interaction_energy_kcal_mol,mlp_128_64_32_a1e-3,2582,2194,388,19,42,42,42,-0.0057561482809525,4.091536010759237,4.832046440265585
3,46,mlp,target_interaction_energy_kcal_mol,mlp_128_64_32_a1e-3,2582,2194,388,19,42,42,42,0.0012845434280756,4.009685015907441,4.742351697400527
3,47,mlp,target_interaction_energy_kcal_mol,mlp_128_64_32_a1e-3,2582,2194,388,19,42,42,42,-0.0240677264765813,4.247587439852069,5.013829243872006
3,48,mlp,target_interaction_energy_kcal_mol,mlp_128_64_32_a1e-3,2582,2194,388,19,42,42,42,-0.0153070479003327,4.064227381825537,4.796652672156175
3,49,mlp,target_interaction_energy_kcal_mol,mlp_128_64_32_a1e-3,2582,2194,388,19,42,42,42,-0.0286199921014056,4.316056390831304,5.046690875495992
3,50,mlp,target_interaction_energy_kcal_mol,mlp_128_64_32_a1e-3,2582,2194,388,19,42,42,42,-0.0241145266196947,3.9588617817704304,4.761679515351816
3,51,mlp,target_interaction_energy_kcal_mol,mlp_128_64_32_a1e-3,2582,2194,388,19,42,42,42,-0.0205346163035056,4.088681390020117,4.790740468041583
3,52,mlp,target_interaction_energy_kcal_mol,mlp_128_64_32_a1e-3,2582,2194,388,19,42,42,42,-0.0134214025402674,4.154638810382133,4.967563030743416
3,53,mlp,target_interaction_energy_kcal_mol,mlp_128_64_32_a1e-3,2582,2194,388,19,42,42,42,-0.0436370902384468,4.065780012994549,4.856022936110148
3,54,mlp,target_interaction_energy_kcal_mol,mlp_128_64_32_a1e-3,2582,2194,388,19,42,42,42,0.002103636891209,4.020231244176766,4.710161157327074
3,55,mlp,target_interaction_energy_kcal_mol,mlp_128_64_32_a1e-3,2582,2194,388,19,42,42,42,-0.0237802618942062,4.335333007989837,5.043888862154736
3,56,mlp,target_interaction_energy_kcal_mol,mlp_128_64_32_a1e-3,2582,2194,388,19,42,42,42,-0.0328711506907217,4.038205431886285,4.799619966704172
3,57,mlp,target_interaction_energy_kcal_mol,mlp_128_64_32_a1e-3,2582,2194,388,19,42,42,42,-0.0051072997886609,4.12307428330032,4.891084999209443
3,58,mlp,target_interaction_energy_kcal_mol,mlp_128_64_32_a1e-3,2582,2194,388,19,42,42,42,-0.0136769797160707,4.0693681817118845,4.853679884563552
3,59,mlp,target_interaction_energy_kcal_mol,mlp_128_64_32_a1e-3,2582,2194,388,19,42,42,42,-0.0446647423417305,4.072382019949636,4.872684958059695
3,60,mlp,target_interaction_energy_kcal_mol,mlp_128_64_32_a1e-3,2582,2194,388,19,42,42,42,-0.0605227080136707,4.29671439214142,5.020135474070083
3,61,mlp,target_interaction_energy_kcal_mol,mlp_128_64_32_a1e-3,2582,2194,388,19,42,42,42,-0.0085053048899179,3.897281987006461,4.681227680263399
3,62,mlp,target_interaction_energy_kcal_mol,mlp_128_64_32_a1e-3,2582,2194,388,19,42,42,42,-0.0248193298387608,4.099577361345974,4.945742581602426
3,63,mlp,target_interaction_energy_kcal_mol,mlp_128_64_32_a1e-3,2582,2194,388,19,42,42,42,-0.0101288308428473,3.9690679619917786,4.690757079961744
3,64,mlp,target_interaction_energy_kcal_mol,mlp_128_64_32_a1e-3,2582,2194,388,19,42,42,42,-0.000910443563308,4.244857554042641,5.030096094592734
3,65,mlp,target_interaction_energy_kcal_mol,mlp_128_64_32_a1e-3,2582,2194,388,19,42,42,42,-0.010941720641856,3.986460378081888,4.780502161636099
3,66,mlp,target_interaction_energy_kcal_mol,mlp_128_64_32_a1e-3,2582,2194,388,19,42,42,42,-0.0256902206011815,3.955921803455852,4.806879013075164
3,67,mlp,target_interaction_energy_kcal_mol,mlp_128_64_32_a1e-3,2582,2194,388,19,42,42,42,0.0004505808059518,4.2825960102179,5.0221057130468445
3,68,mlp,target_interaction_energy_kcal_mol,mlp_128_64_32_a1e-3,2582,2194,388,19,42,42,42,-0.0306818989608037,4.1956639666177376,5.01437289034288
3,69,mlp,target_interaction_energy_kcal_mol,mlp_128_64_32_a1e-3,2582,2194,388,19,42,42,42,-0.0165849627780443,4.384957600859623,5.105051380302805
3,70,mlp,target_interaction_energy_kcal_mol,mlp_128_64_32_a1e-3,2582,2194,388,19,42,42,42,-0.0068814504318375,4.279639387195915,4.972723981092079
3,71,mlp,target_interaction_energy_kcal_mol,mlp_128_64_32_a1e-3,2582,2194,388,19,42,42,42,-0.0260561709092692,4.157264879109209,4.96008804677547
3,72,mlp,target_interaction_energy_kcal_mol,mlp_128_64_32_a1e-3,2582,2194,388,19,42,42,42,-0.0543177706236612,4.09823135782842,4.900129127794674
3,73,mlp,target_interaction_energy_kcal_mol,mlp_128_64_32_a1e-3,2582,2194,388,19,42,42,42,-0.012392292798824,4.005363506778666,4.774909530914383
3,74,mlp,target_interaction_energy_kcal_mol,mlp_128_64_32_a1e-3,2582,2194,388,19,42,42,42,-0.0040735878145881,4.270010169328456,5.005582666711313
3,75,mlp,target_interaction_energy_kcal_mol,mlp_128_64_32_a1e-3,2582,2194,388,19,42,42,42,-0.0162750128779931,4.199186826474425,4.9957793961611365
3,76,mlp,target_interaction_energy_kcal_mol,mlp_128_64_32_a1e-3,2582,2194,388,19,42,42,42,-0.0052414521028856,3.9941471697139854,4.778897760349291
3,77,mlp,target_interaction_energy_kcal_mol,mlp_128_64_32_a1e-3,2582,2194,388,19,42,42,42,-0.0279440949257732,4.015525006660969,4.721251401493311
3,78,mlp,target_interaction_energy_kcal_mol,mlp_128_64_32_a1e-3,2582,2194,388,19,42,42,42,0.0012091645845128,4.241184192216253,5.0063117129059584
3,79,mlp,target_interaction_energy_kcal_mol,mlp_128_64_32_a1e-3,2582,2194,388,19,42,42,42,-0.0116196263100645,4.224602206724623,5.040552392926524
3,80,mlp,target_interaction_energy_kcal_mol,mlp_128_64_32_a1e-3,2582,2194,388,19,42,42,42,-0.0012386313779375,4.021865464639193,4.786328008585802
3,81,mlp,target_interaction_energy_kcal_mol,mlp_128_64_32_a1e-3,2582,2194,388,19,42,42,42,-0.025217986673937,4.142734103540812,5.026820817834985
3,82,mlp,target_interaction_energy_kcal_mol,mlp_128_64_32_a1e-3,2582,2194,388,19,42,42,42,-0.0104860090887668,4.3641097523704016,5.109131843353105
3,83,mlp,target_interaction_energy_kcal_mol,mlp_128_64_32_a1e-3,2582,2194,388,19,42,42,42,-0.0451692681868061,4.047711978321559,4.746192729736186
3,84,mlp,target_interaction_energy_kcal_mol,mlp_128_64_32_a1e-3,2582,2194,388,19,42,42,42,-0.0129701695953228,4.11801800050821,4.87050125703325
3,85,mlp,target_interaction_energy_kcal_mol,mlp_128_64_32_a1e-3,2582,2194,388,19,42,42,42,-0.0106724009429668,4.002810978730163,4.695340896165967
3,86,mlp,target_interaction_energy_kcal_mol,mlp_128_64_32_a1e-3,2582,2194,388,19,42,42,42,-0.0167490597080446,4.10112985477807,4.872860268071205
3,87,mlp,target_interaction_energy_kcal_mol,mlp_128_64_32_a1e-3,2582,2194,388,19,42,42,42,0.0082593172390975,4.0794940159380175,4.791699242952398
3,88,mlp,target_interaction_energy_kcal_mol,mlp_128_64_32_a1e-3,2582,2194,388,19,42,42,42,-0.0172339441293296,4.236211865771445,5.041066583083841
3,89,mlp,target_interaction_energy_kcal_mol,mlp_128_64_32_a1e-3,2582,2194,388,19,42,42,42,-0.0250436920613066,4.270811322048691,5.078802420266554
3,90,mlp,target_interaction_energy_kcal_mol,mlp_128_64_32_a1e-3,2582,2194,388,19,42,42,42,-0.0100194852362269,4.16151461692609,4.963130348084741
3,91,mlp,target_interaction_energy_kcal_mol,mlp_128_64_32_a1e-3,2582,2194,388,19,42,42,42,-0.024410333037236,4.066447211085246,4.847960742969243
3,92,mlp,target_interaction_energy_kcal_mol,mlp_128_64_32_a1e-3,2582,2194,388,19,42,42,42,-0.0463607077667274,4.45478282198395,5.181340936115588
3,93,mlp,target_interaction_energy_kcal_mol,mlp_128_64_32_a1e-3,2582,2194,388,19,42,42,42,-0.0191938855229312,4.413933971096714,5.219551890941516
3,94,mlp,target_interaction_energy_kcal_mol,mlp_128_64_32_a1e-3,2582,2194,388,19,42,42,42,-0.0097847743119883,4.155444768915194,4.968710433351614
3,95,mlp,target_interaction_energy_kcal_mol,mlp_128_64_32_a1e-3,2582,2194,388,19,42,42,42,-0.0360383741862611,4.148319155339388,4.902765109941266
3,96,mlp,target_interaction_energy_kcal_mol,mlp_128_64_32_a1e-3,2582,2194,388,19,42,42,42,-0.0091452284075461,4.307893291629262,5.064165794390251
3,97,mlp,target_interaction_energy_kcal_mol,mlp_128_64_32_a1e-3,2582,2194,388,19,42,42,42,-0.0098553557525389,4.190235976190436,4.955054071106916
3,98,mlp,target_interaction_energy_kcal_mol,mlp_128_64_32_a1e-3,2582,2194,388,19,42,42,42,-0.0398210708435144,4.159418826842533,4.928928741548575
3,99,mlp,target_interaction_energy_kcal_mol,mlp_128_64_32_a1e-3,2582,2194,388,19,42,42,42,-0.0312749258279532,3.990020056593189,4.739686977457671
3,100,mlp,target_interaction_energy_kcal_mol,mlp_128_64_32_a1e-3,2582,2194,388,19,42,42,42,-0.021524043653601,4.286132481536825,5.066191381157389
3,101,mlp,target_interaction_energy_kcal_mol,mlp_128_64_32_a1e-3,2582,2194,388,19,42,42,42,-0.0286286497045682,4.183004763847961,4.897032844101494
3,102,mlp,target_interaction_energy_kcal_mol,mlp_128_64_32_a1e-3,2582,2194,388,19,42,42,42,-0.0074284774694939,4.017318669919417,4.716482089573944
3,103,mlp,target_interaction_energy_kcal_mol,mlp_128_64_32_a1e-3,2582,2194,388,19,42,42,42,-0.0297218892904744,3.9806867821709777,4.760698371196709
3,104,mlp,target_interaction_energy_kcal_mol,mlp_128_64_32_a1e-3,2582,2194,388,19,42,42,42,-0.0129588757065646,3.838654163721703,4.668291300920203
3,105,mlp,target_interaction_energy_kcal_mol,mlp_128_64_32_a1e-3,2582,2194,388,19,42,42,42,-0.0269191479482522,4.119781981011141,4.881560677022544
3,106,mlp,target_interaction_energy_kcal_mol,mlp_128_64_32_a1e-3,2582,2194,388,19,42,42,42,-0.0311013790174516,4.117464222321015,4.931639035918772
3,107,mlp,target_interaction_energy_kcal_mol,mlp_128_64_32_a1e-3,2582,2194,388,19,42,42,42,-0.0145819230095489,4.34648998827348,5.050299318331433
3,108,mlp,target_interaction_energy_kcal_mol,mlp_128_64_32_a1e-3,2582,2194,388,19,42,42,42,-0.0205045823947074,4.231465953094115,5.019562110017489
3,109,mlp,target_interaction_energy_kcal_mol,mlp_128_64_32_a1e-3,2582,2194,388,19,42,42,42,-0.0219735269507044,4.134326335343072,5.036909259265278
3,110,mlp,target_interaction_energy_kcal_mol,mlp_128_64_32_a1e-3,2582,2194,388,19,42,42,42,-0.0129878373390666,4.086362798001801,4.813560261919588
3,111,mlp,target_interaction_energy_kcal_mol,mlp_128_64_32_a1e-3,2582,2194,388,19,42,42,42,-0.0381425153338477,4.1557923524346325,4.834965296401697
3,112,mlp,target_interaction_energy_kcal_mol,mlp_128_64_32_a1e-3,2582,2194,388,19,42,42,42,-0.0207499627974687,4.22369968992204,4.978400963661459
3,113,mlp,target_interaction_energy_kcal_mol,mlp_128_64_32_a1e-3,2582,2194,388,19,42,42,42,-0.0130199097209993,4.309960995697666,5.022367920982366
3,114,mlp,target_interaction_energy_kcal_mol,mlp_128_64_32_a1e-3,2582,2194,388,19,42,42,42,-0.0158398980932659,4.125829001603957,4.80496738120702
3,115,mlp,target_interaction_energy_kcal_mol,mlp_128_64_32_a1e-3,2582,2194,388,19,42,42,42,-0.0071141584101526,4.016250947007029,4.7509694857789295
3,116,mlp,target_interaction_energy_kcal_mol,mlp_128_64_32_a1e-3,2582,2194,388,19,42,42,42,-0.003053881720975,4.206500582705436,5.023972879091729
3,117,mlp,target_interaction_energy_kcal_mol,mlp_128_64_32_a1e-3,2582,2194,388,19,42,42,42,-0.0166284089322166,4.283508298316992,5.096463967824896
3,118,mlp,target_interaction_energy_kcal_mol,mlp_128_64_32_a1e-3,2582,2194,388,19,42,42,42,-0.0098328439737629,4.02067542108327,4.754812868740107
3,119,mlp,target_interaction_energy_kcal_mol,mlp_128_64_32_a1e-3,2582,2194,388,19,42,42,42,-0.0388890277744113,4.11737014622869,4.935073809292804
3,120,mlp,target_interaction_energy_kcal_mol,mlp_128_64_32_a1e-3,2582,2194,388,19,42,42,42,-0.056541507766721,4.12718191694792,4.911895827488222
3,121,mlp,target_interaction_energy_kcal_mol,mlp_128_64_32_a1e-3,2582,2194,388,19,42,42,42,-0.0187172197051315,4.135484596444937,4.90387511639923
3,122,mlp,target_interaction_energy_kcal_mol,mlp_128_64_32_a1e-3,2582,2194,388,19,42,42,42,-0.0162861158329634,4.080618880720943,4.864755519745171
3,123,mlp,target_interaction_energy_kcal_mol,mlp_128_64_32_a1e-3,2582,2194,388,19,42,42,42,-0.0911805488061245,4.638119447430695,5.369005794615986
3,124,mlp,target_interaction_energy_kcal_mol,mlp_128_64_32_a1e-3,2582,2194,388,19,42,42,42,0.0182073589077683,3.9504464736002896,4.628220843668589
3,125,mlp,target_interaction_energy_kcal_mol,mlp_128_64_32_a1e-3,2582,2194,388,19,42,42,42,-0.0101514735059804,4.07296075007679,4.851279084553668
3,126,mlp,target_interaction_energy_kcal_mol,mlp_128_64_32_a1e-3,2582,2194,388,19,42,42,42,-0.0039179266355413,4.079099334302217,4.879580761193408
3,127,mlp,target_interaction_energy_kcal_mol,mlp_128_64_32_a1e-3,2582,2194,388,19,42,42,42,-0.0136861658435298,4.083228845241822,4.817133035833466
3,128,mlp,target_interaction_energy_kcal_mol,mlp_128_64_32_a1e-3,2582,2194,388,19,42,42,42,-0.0290862580971345,4.33276587270931,5.224669016847277
3,129,mlp,target_interaction_energy_kcal_mol,mlp_128_64_32_a1e-3,2582,2194,388,19,42,42,42,-0.0353774505640085,4.309705595923379,5.078445533439421
3,130,mlp,target_interaction_energy_kcal_mol,mlp_128_64_32_a1e-3,2582,2194,388,19,42,42,42,-0.0206838590410414,4.301644848388024,5.103929241107162
3,131,mlp,target_interaction_energy_kcal_mol,mlp_128_64_32_a1e-3,2582,2194,388,19,42,42,42,-0.0043222444925328,4.147822610216337,4.8945010769899735
3,132,mlp,target_interaction_energy_kcal_mol,mlp_128_64_32_a1e-3,2582,2194,388,19,42,42,42,-0.0023824169864781,4.162707095039514,4.914511964173463
3,133,mlp,target_interaction_energy_kcal_mol,mlp_128_64_32_a1e-3,2582,2194,388,19,42,42,42,-0.013150227270021,4.21110107658767,4.977759821308744
3,134,mlp,target_interaction_energy_kcal_mol,mlp_128_64_32_a1e-3,2582,2194,388,19,42,42,42,-0.0149331313533911,4.027789342230518,4.842450155052563
3,135,mlp,target_interaction_energy_kcal_mol,mlp_128_64_32_a1e-3,2582,2194,388,19,42,42,42,-0.0133712839083559,4.090522998218878,4.901452772096183
3,136,mlp,target_interaction_energy_kcal_mol,mlp_128_64_32_a1e-3,2582,2194,388,19,42,42,42,-0.0386538348982119,4.122273429517435,4.898170721536215
3,137,mlp,target_interaction_energy_kcal_mol,mlp_128_64_32_a1e-3,2582,2194,388,19,42,42,42,-0.0165178235645622,4.007913919508352,4.743734776698023
3,138,mlp,target_interaction_energy_kcal_mol,mlp_128_64_32_a1e-3,2582,2194,388,19,42,42,42,-0.0149712622383122,4.074150735145094,4.796534296601672
3,139,mlp,target_interaction_energy_kcal_mol,mlp_128_64_32_a1e-3,2582,2194,388,19,42,42,42,-0.0115670502291942,4.271604830601108,5.071937344187566
3,140,mlp,target_interaction_energy_kcal_mol,mlp_128_64_32_a1e-3,2582,2194,388,19,42,42,42,-0.0442578271471434,4.146498256137883,4.86007111841567
3,141,mlp,target_interaction_energy_kcal_mol,mlp_128_64_32_a1e-3,2582,2194,388,19,42,42,42,-0.0209931286155615,4.195151967356936,5.074735705239639
3,142,mlp,target_interaction_energy_kcal_mol,mlp_128_64_32_a1e-3,2582,2194,388,19,42,42,42,0.0059928963384895,4.155977367092199,4.952190882951858
3,143,mlp,target_interaction_energy_kcal_mol,mlp_128_64_32_a1e-3,2582,2194,388,19,42,42,42,-0.0190752073339588,4.107062502475708,4.829193675221381
3,144,mlp,target_interaction_energy_kcal_mol,mlp_128_64_32_a1e-3,2582,2194,388,19,42,42,42,-0.0475703161662672,4.0837857881525705,4.916720475460188
3,145,mlp,target_interaction_energy_kcal_mol,mlp_128_64_32_a1e-3,2582,2194,388,19,42,42,42,-0.029616142196581,4.247116692789473,4.910459913318164
3,146,mlp,target_interaction_energy_kcal_mol,mlp_128_64_32_a1e-3,2582,2194,388,19,42,42,42,-0.0036347096532778,4.278478120159213,4.992189381420923
3,147,mlp,target_interaction_energy_kcal_mol,mlp_128_64_32_a1e-3,2582,2194,388,19,42,42,42,-0.0158182310015237,4.162873609470653,4.932183076766881
3,148,mlp,target_interaction_energy_kcal_mol,mlp_128_64_32_a1e-3,2582,2194,388,19,42,42,42,-0.0105678795288362,4.334579367408261,5.0798366014374725
3,149,mlp,target_interaction_energy_kcal_mol,mlp_128_64_32_a1e-3,2582,2194,388,19,42,42,42,-0.049742906369103,4.362086185147323,5.078905079540083
3,150,mlp,target_interaction_energy_kcal_mol,mlp_128_64_32_a1e-3,2582,2194,388,19,42,42,42,-0.0091082832338453,4.1249107906516445,4.858798486344879
3,151,mlp,target_interaction_energy_kcal_mol,mlp_128_64_32_a1e-3,2582,2194,388,19,42,42,42,-0.0420652320928724,4.342761469231224,5.064439592857537
3,152,mlp,target_interaction_energy_kcal_mol,mlp_128_64_32_a1e-3,2582,2194,388,19,42,42,42,-0.0320087384699709,4.189714222647822,4.990506762908996
3,153,mlp,target_interaction_energy_kcal_mol,mlp_128_64_32_a1e-3,2582,2194,388,19,42,42,42,-0.0290202382009323,4.378070213211581,5.098224078252922
3,154,mlp,target_interaction_energy_kcal_mol,mlp_128_64_32_a1e-3,2582,2194,388,19,42,42,42,-0.0327606977370302,4.4674997320528265,5.209505054148666
3,155,mlp,target_interaction_energy_kcal_mol,mlp_128_64_32_a1e-3,2582,2194,388,19,42,42,42,-0.006939156841951,4.210086989150879,4.959763590891488
3,156,mlp,target_interaction_energy_kcal_mol,mlp_128_64_32_a1e-3,2582,2194,388,19,42,42,42,-0.0124988320787342,4.180138813859753,4.894160148831122
3,157,mlp,target_interaction_energy_kcal_mol,mlp_128_64_32_a1e-3,2582,2194,388,19,42,42,42,-0.0184668178454339,4.201548208546856,4.996797009981436
3,158,mlp,target_interaction_energy_kcal_mol,mlp_128_64_32_a1e-3,2582,2194,388,19,42,42,42,-0.0227712498267618,4.010699956984923,4.760936283635987
3,159,mlp,target_interaction_energy_kcal_mol,mlp_128_64_32_a1e-3,2582,2194,388,19,42,42,42,0.0028152961238941,4.010622101295585,4.719781356975358
3,160,mlp,target_interaction_energy_kcal_mol,mlp_128_64_32_a1e-3,2582,2194,388,19,42,42,42,0.0013736030572153,4.183435524831276,4.954921174226195
3,161,mlp,target_interaction_energy_kcal_mol,mlp_128_64_32_a1e-3,2582,2194,388,19,42,42,42,-0.0107158175931867,4.176935981063865,4.925792526512869
3,162,mlp,target_interaction_energy_kcal_mol,mlp_128_64_32_a1e-3,2582,2194,388,19,42,42,42,-0.0267640537569042,4.220708364300486,4.950574971245249
3,163,mlp,target_interaction_energy_kcal_mol,mlp_128_64_32_a1e-3,2582,2194,388,19,42,42,42,-0.0278910897480284,4.1354878602464735,5.013461199283894
3,164,mlp,target_interaction_energy_kcal_mol,mlp_128_64_32_a1e-3,2582,2194,388,19,42,42,42,-0.0177417048578725,4.132583975618584,4.956715403052001
3,165,mlp,target_interaction_energy_kcal_mol,mlp_128_64_32_a1e-3,2582,2194,388,19,42,42,42,-0.0296780848648192,4.286734852123587,5.028046233095838
3,166,mlp,target_interaction_energy_kcal_mol,mlp_128_64_32_a1e-3,2582,2194,388,19,42,42,42,-0.0028820660346933,3.958013802278265,4.707141758848927
3,167,mlp,target_interaction_energy_kcal_mol,mlp_128_64_32_a1e-3,2582,2194,388,19,42,42,42,-0.0270781519901821,4.163615760289182,4.994405427431515
3,168,mlp,target_interaction_energy_kcal_mol,mlp_128_64_32_a1e-3,2582,2194,388,19,42,42,42,-0.0190368800513651,4.334890632985613,5.050610255914845
3,169,mlp,target_interaction_energy_kcal_mol,mlp_128_64_32_a1e-3,2582,2194,388,19,42,42,42,-0.0055743103248735,4.005015350064993,4.751326744099264
3,170,mlp,target_interaction_energy_kcal_mol,mlp_128_64_32_a1e-3,2582,2194,388,19,42,42,42,-0.0309417693323885,4.097721097657644,4.879234348060857
3,171,mlp,target_interaction_energy_kcal_mol,mlp_128_64_32_a1e-3,2582,2194,388,19,42,42,42,-0.0395820512325326,4.112572800228003,4.941406669924882
3,172,mlp,target_interaction_energy_kcal_mol,mlp_128_64_32_a1e-3,2582,2194,388,19,42,42,42,-0.0267152331337838,4.068810316460017,4.797116555105948
3,173,mlp,target_interaction_energy_kcal_mol,mlp_128_64_32_a1e-3,2582,2194,388,19,42,42,42,-0.0120652091192763,4.099947378251559,4.869150988122044
3,174,mlp,target_interaction_energy_kcal_mol,mlp_128_64_32_a1e-3,2582,2194,388,19,42,42,42,0.0045461620050194,4.0484998876711735,4.756011666427714
3,175,mlp,target_interaction_energy_kcal_mol,mlp_128_64_32_a1e-3,2582,2194,388,19,42,42,42,-0.025971959981339,4.01962395323945,4.87010559244294
3,176,mlp,target_interaction_energy_kcal_mol,mlp_128_64_32_a1e-3,2582,2194,388,19,42,42,42,-0.0165871134223873,4.150082914065284,4.959495314719174
3,177,mlp,target_interaction_energy_kcal_mol,mlp_128_64_32_a1e-3,2582,2194,388,19,42,42,42,-0.0398198595803862,3.870619095182988,4.615569855917461
3,178,mlp,target_interaction_energy_kcal_mol,mlp_128_64_32_a1e-3,2582,2194,388,19,42,42,42,-0.0154753825859184,4.130446222073736,4.980519731361266
3,179,mlp,target_interaction_energy_kcal_mol,mlp_128_64_32_a1e-3,2582,2194,388,19,42,42,42,-0.0203466417976738,4.467027720025779,5.234686908064685
3,180,mlp,target_interaction_energy_kcal_mol,mlp_128_64_32_a1e-3,2582,2194,388,19,42,42,42,-0.0058571228639863,4.1876167081428415,4.966646898806755
3,181,mlp,target_interaction_energy_kcal_mol,mlp_128_64_32_a1e-3,2582,2194,388,19,42,42,42,-0.0226449839858533,4.145211846771832,4.918177088901516
3,182,mlp,target_interaction_energy_kcal_mol,mlp_128_64_32_a1e-3,2582,2194,388,19,42,42,42,-0.0103930606874929,4.111482825570242,4.817769957690883
3,183,mlp,target_interaction_energy_kcal_mol,mlp_128_64_32_a1e-3,2582,2194,388,19,42,42,42,-0.0301719581985318,4.329563518658853,5.09210378230538
3,184,mlp,target_interaction_energy_kcal_mol,mlp_128_64_32_a1e-3,2582,2194,388,19,42,42,42,-0.0218162721902948,4.351708574294384,5.1701184733295245
3,185,mlp,target_interaction_energy_kcal_mol,mlp_128_64_32_a1e-3,2582,2194,388,19,42,42,42,-0.0067250455568972,4.250178236477366,5.079941655175986
3,186,mlp,target_interaction_energy_kcal_mol,mlp_128_64_32_a1e-3,2582,2194,388,19,42,42,42,-0.0299837828788207,4.186521981488964,5.032552173946139
3,187,mlp,target_interaction_energy_kcal_mol,mlp_128_64_32_a1e-3,2582,2194,388,19,42,42,42,-0.0145200759795236,3.907925896327153,4.714232971622496
3,188,mlp,target_interaction_energy_kcal_mol,mlp_128_64_32_a1e-3,2582,2194,388,19,42,42,42,-0.0088838054934579,4.115774709981054,4.826924438747745
3,189,mlp,target_interaction_energy_kcal_mol,mlp_128_64_32_a1e-3,2582,2194,388,19,42,42,42,-0.0224765569658309,4.25956467369504,5.004109751380989
3,190,mlp,target_interaction_energy_kcal_mol,mlp_128_64_32_a1e-3,2582,2194,388,19,42,42,42,-0.0089510400812298,4.244061693810144,4.8798171967063295
3,191,mlp,target_interaction_energy_kcal_mol,mlp_128_64_32_a1e-3,2582,2194,388,19,42,42,42,-0.0908259387420207,4.232258055801126,4.999288548875895
3,192,mlp,target_interaction_energy_kcal_mol,mlp_128_64_32_a1e-3,2582,2194,388,19,42,42,42,0.007226081153104,4.304887610444847,4.994101767861094
3,193,mlp,target_interaction_energy_kcal_mol,mlp_128_64_32_a1e-3,2582,2194,388,19,42,42,42,-0.0331998714047896,4.079826261012632,4.799909626695431
3,194,mlp,target_interaction_energy_kcal_mol,mlp_128_64_32_a1e-3,2582,2194,388,19,42,42,42,-0.0137892895883195,4.2017120054447785,4.984140669552933
3,195,mlp,target_interaction_energy_kcal_mol,mlp_128_64_32_a1e-3,2582,2194,388,19,42,42,42,0.0092414468512406,4.19271209809415,4.880185081834427
3,196,mlp,target_interaction_energy_kcal_mol,mlp_128_64_32_a1e-3,2582,2194,388,19,42,42,42,0.0008202238335247,4.06190664725356,4.815693845593497
3,197,mlp,target_interaction_energy_kcal_mol,mlp_128_64_32_a1e-3,2582,2194,388,19,42,42,42,0.0019415457687984,4.26491176596279,5.058935285435172
3,198,mlp,target_interaction_energy_kcal_mol,mlp_128_64_32_a1e-3,2582,2194,388,19,42,42,42,-0.0247695641394787,4.152867369823732,4.907703127349398
3,199,mlp,target_interaction_energy_kcal_mol,mlp_128_64_32_a1e-3,2582,2194,388,19,42,42,42,0.006736288816307,3.9632082864873728,4.7747468897824765
3,200,mlp,target_interaction_energy_kcal_mol,mlp_128_64_32_a1e-3,2582,2194,388,19,42,42,42,-0.0164108442189163,4.246295376163967,4.970549843886164
3,201,mlp,target_interaction_energy_kcal_mol,mlp_128_64_32_a1e-3,2582,2194,388,19,42,42,42,-0.0338315638571129,3.9450301254190063,4.70542714433655
3,202,mlp,target_interaction_energy_kcal_mol,mlp_128_64_32_a1e-3,2582,2194,388,19,42,42,42,-0.0334420659616663,4.156716096415428,4.887538008613799
3,203,mlp,target_interaction_energy_kcal_mol,mlp_128_64_32_a1e-3,2582,2194,388,19,42,42,42,-0.017045090978448,4.196049626031067,5.023496387175482
3,204,mlp,target_interaction_energy_kcal_mol,mlp_128_64_32_a1e-3,2582,2194,388,19,42,42,42,-0.0053644709348776,4.162042750980832,4.844304517660094
3,205,mlp,target_interaction_energy_kcal_mol,mlp_128_64_32_a1e-3,2582,2194,388,19,42,42,42,-0.001578235400526,4.0406723609308735,4.74717867795285
3,206,mlp,target_interaction_energy_kcal_mol,mlp_128_64_32_a1e-3,2582,2194,388,19,42,42,42,0.008934423019385,3.962039286773453,4.788623715245769
3,207,mlp,target_interaction_energy_kcal_mol,mlp_128_64_32_a1e-3,2582,2194,388,19,42,42,42,-0.0173998092756475,4.45739707472706,5.315074450382753
3,208,mlp,target_interaction_energy_kcal_mol,mlp_128_64_32_a1e-3,2582,2194,388,19,42,42,42,0.0031662290493036,3.919616691693218,4.6790911712998815
3,209,mlp,target_interaction_energy_kcal_mol,mlp_128_64_32_a1e-3,2582,2194,388,19,42,42,42,-0.0036772360615058,4.17036734534604,4.977402837630897
3,210,mlp,target_interaction_energy_kcal_mol,mlp_128_64_32_a1e-3,2582,2194,388,19,42,42,42,-0.0265762913909091,4.345833451843715,5.138915409412346
3,211,mlp,target_interaction_energy_kcal_mol,mlp_128_64_32_a1e-3,2582,2194,388,19,42,42,42,-0.0183504647134873,4.071519748161209,4.879662607793244
3,212,mlp,target_interaction_energy_kcal_mol,mlp_128_64_32_a1e-3,2582,2194,388,19,42,42,42,-0.0089408349665656,4.111384526857218,4.924011877277822
3,213,mlp,target_interaction_energy_kcal_mol,mlp_128_64_32_a1e-3,2582,2194,388,19,42,42,42,0.0005846793678333,4.192681291792177,4.937794326896925
3,214,mlp,target_interaction_energy_kcal_mol,mlp_128_64_32_a1e-3,2582,2194,388,19,42,42,42,-0.0500046669954536,4.201822541929305,4.922295666822688
3,215,mlp,target_interaction_energy_kcal_mol,mlp_128_64_32_a1e-3,2582,2194,388,19,42,42,42,-0.0028059231397619,4.219557715822456,4.918956296956789
3,216,mlp,target_interaction_energy_kcal_mol,mlp_128_64_32_a1e-3,2582,2194,388,19,42,42,42,-0.0075358176772797,4.251451147093873,5.085896873645363
3,217,mlp,target_interaction_energy_kcal_mol,mlp_128_64_32_a1e-3,2582,2194,388,19,42,42,42,-0.0105232480576142,4.160707643853649,5.022013020268056
3,218,mlp,target_interaction_energy_kcal_mol,mlp_128_64_32_a1e-3,2582,2194,388,19,42,42,42,-0.0061351139987693,3.981317898579925,4.696666482198933
3,219,mlp,target_interaction_energy_kcal_mol,mlp_128_64_32_a1e-3,2582,2194,388,19,42,42,42,-0.021362686053461,4.150268858146798,4.853270162629258
3,220,mlp,target_interaction_energy_kcal_mol,mlp_128_64_32_a1e-3,2582,2194,388,19,42,42,42,-0.0049221091491962,4.080152967833172,4.811071852416797
3,221,mlp,target_interaction_energy_kcal_mol,mlp_128_64_32_a1e-3,2582,2194,388,19,42,42,42,-0.0165236893173834,4.057720781845116,4.768931577242388
3,222,mlp,target_interaction_energy_kcal_mol,mlp_128_64_32_a1e-3,2582,2194,388,19,42,42,42,-0.0150598972379465,4.3160372463198025,5.031025552075305
3,223,mlp,target_interaction_energy_kcal_mol,mlp_128_64_32_a1e-3,2582,2194,388,19,42,42,42,-0.0335834389538036,4.2729774983084585,5.040058307633454
3,224,mlp,target_interaction_energy_kcal_mol,mlp_128_64_32_a1e-3,2582,2194,388,19,42,42,42,-0.0120446729973098,4.086628890846644,4.845775006140158
3,225,mlp,target_interaction_energy_kcal_mol,mlp_128_64_32_a1e-3,2582,2194,388,19,42,42,42,-0.0165104741289434,4.328939672338573,5.16554394284476
3,226,mlp,target_interaction_energy_kcal_mol,mlp_128_64_32_a1e-3,2582,2194,388,19,42,42,42,-0.0081488855063291,4.048195604908307,4.750030121203609
3,227,mlp,target_interaction_energy_kcal_mol,mlp_128_64_32_a1e-3,2582,2194,388,19,42,42,42,-0.0306712952345913,4.215547462815225,4.964696146177149
3,228,mlp,target_interaction_energy_kcal_mol,mlp_128_64_32_a1e-3,2582,2194,388,19,42,42,42,-0.0050168010868207,4.18159291063792,4.934195473183826
3,229,mlp,target_interaction_energy_kcal_mol,mlp_128_64_32_a1e-3,2582,2194,388,19,42,42,42,-0.0046866008487524,4.162427681067638,4.904961663240075
3,230,mlp,target_interaction_energy_kcal_mol,mlp_128_64_32_a1e-3,2582,2194,388,19,42,42,42,-0.0126984841890134,4.198809484073696,4.906341722462887
3,231,mlp,target_interaction_energy_kcal_mol,mlp_128_64_32_a1e-3,2582,2194,388,19,42,42,42,-0.0544227243256438,4.149691398498127,4.948305511416605
3,232,mlp,target_interaction_energy_kcal_mol,mlp_128_64_32_a1e-3,2582,2194,388,19,42,42,42,-0.0267988884407055,4.164556684076168,4.9088946108547225
3,233,mlp,target_interaction_energy_kcal_mol,mlp_128_64_32_a1e-3,2582,2194,388,19,42,42,42,-0.0222168102715683,4.236298750766815,4.949564863025649
3,234,mlp,target_interaction_energy_kcal_mol,mlp_128_64_32_a1e-3,2582,2194,388,19,42,42,42,-0.0122507526268218,4.162960262637674,4.89171261746853
3,235,mlp,target_interaction_energy_kcal_mol,mlp_128_64_32_a1e-3,2582,2194,388,19,42,42,42,-0.0310097907388036,4.21695425524277,4.9059209069022245
3,236,mlp,target_interaction_energy_kcal_mol,mlp_128_64_32_a1e-3,2582,2194,388,19,42,42,42,-0.0129766607288286,4.196279958400877,4.98214261459138
3,237,mlp,target_interaction_energy_kcal_mol,mlp_128_64_32_a1e-3,2582,2194,388,19,42,42,42,-0.0131959727974526,4.181564827346086,4.909901021824807
3,238,mlp,target_interaction_energy_kcal_mol,mlp_128_64_32_a1e-3,2582,2194,388,19,42,42,42,-0.0118944463684895,4.225112007823562,4.965206778857577
3,239,mlp,target_interaction_energy_kcal_mol,mlp_128_64_32_a1e-3,2582,2194,388,19,42,42,42,-0.043630098184515,4.258942603551112,5.027332554591931
3,240,mlp,target_interaction_energy_kcal_mol,mlp_128_64_32_a1e-3,2582,2194,388,19,42,42,42,-0.004525915975563,4.0580859681018735,4.698519441220494
3,241,mlp,target_interaction_energy_kcal_mol,mlp_128_64_32_a1e-3,2582,2194,388,19,42,42,42,-0.0217056446430052,4.285717349569903,4.986016175545018
3,242,mlp,target_interaction_energy_kcal_mol,mlp_128_64_32_a1e-3,2582,2194,388,19,42,42,42,-0.0309772364482749,4.158783627258729,4.87746939658633
3,243,mlp,target_interaction_energy_kcal_mol,mlp_128_64_32_a1e-3,2582,2194,388,19,42,42,42,0.008877668201312,4.251770697339277,5.026093894052693
3,244,mlp,target_interaction_energy_kcal_mol,mlp_128_64_32_a1e-3,2582,2194,388,19,42,42,42,-0.0143470070951816,4.136817464091246,4.935748581555192
3,245,mlp,target_interaction_energy_kcal_mol,mlp_128_64_32_a1e-3,2582,2194,388,19,42,42,42,-0.0095523177095,4.136607852422483,4.8516644222741965
3,246,mlp,target_interaction_energy_kcal_mol,mlp_128_64_32_a1e-3,2582,2194,388,19,42,42,42,-0.017849387555713,4.150281036078332,4.868530134842962
3,247,mlp,target_interaction_energy_kcal_mol,mlp_128_64_32_a1e-3,2582,2194,388,19,42,42,42,-0.0135791390609443,3.896039759439588,4.680301080489572
3,248,mlp,target_interaction_energy_kcal_mol,mlp_128_64_32_a1e-3,2582,2194,388,19,42,42,42,-0.0400198423146542,4.2206904515051455,5.020869411828665
3,249,mlp,target_interaction_energy_kcal_mol,mlp_128_64_32_a1e-3,2582,2194,388,19,42,42,42,-0.0245040876172228,4.038431391612238,4.86656049772214
3,250,mlp,target_interaction_energy_kcal_mol,mlp_128_64_32_a1e-3,2582,2194,388,19,42,42,42,-0.0007507562946855,4.292002852788538,5.031343867710139
3,251,mlp,target_interaction_energy_kcal_mol,mlp_128_64_32_a1e-3,2582,2194,388,19,42,42,42,-0.0213272258934005,4.186795960658083,4.950629093561464
3,252,mlp,target_interaction_energy_kcal_mol,mlp_128_64_32_a1e-3,2582,2194,388,19,42,42,42,-0.009302419502436,4.053220918069767,4.868012140593065
3,253,mlp,target_interaction_energy_kcal_mol,mlp_128_64_32_a1e-3,2582,2194,388,19,42,42,42,-0.0094436289585457,4.0497270400916845,4.925533155143761
3,254,mlp,target_interaction_energy_kcal_mol,mlp_128_64_32_a1e-3,2582,2194,388,19,42,42,42,-0.0233355014924609,4.135051145788995,4.91919639675246
3,255,mlp,target_interaction_energy_kcal_mol,mlp_128_64_32_a1e-3,2582,2194,388,19,42,42,42,-0.0177778391558014,4.247166151296476,5.025460996635825
3,256,mlp,target_interaction_energy_kcal_mol,mlp_128_64_32_a1e-3,2582,2194,388,19,42,42,42,-0.0166677393913732,4.323693238956187,5.0863852814434125
3,257,mlp,target_interaction_energy_kcal_mol,mlp_128_64_32_a1e-3,2582,2194,388,19,42,42,42,0.0032036049804152,4.144075525181419,4.926438049744919
3,258,mlp,target_interaction_energy_kcal_mol,mlp_128_64_32_a1e-3,2582,2194,388,19,42,42,42,-0.053188794454474,4.1332993536408695,4.9728050178818926
3,259,mlp,target_interaction_energy_kcal_mol,mlp_128_64_32_a1e-3,2582,2194,388,19,42,42,42,-0.0034378563052279,3.864430695123105,4.576538898307335
3,260,mlp,target_interaction_energy_kcal_mol,mlp_128_64_32_a1e-3,2582,2194,388,19,42,42,42,-0.0649049154290997,4.0898951594972015,4.86016008891596
3,261,mlp,target_interaction_energy_kcal_mol,mlp_128_64_32_a1e-3,2582,2194,388,19,42,42,42,-0.0257172137053889,4.054761345402475,4.897747170196393
3,262,mlp,target_interaction_energy_kcal_mol,mlp_128_64_32_a1e-3,2582,2194,388,19,42,42,42,-0.0431370241131798,4.322887946976665,5.10983222892134
3,263,mlp,target_interaction_energy_kcal_mol,mlp_128_64_32_a1e-3,2582,2194,388,19,42,42,42,-0.0107034839252282,4.048944703692832,4.748582371060556
3,264,mlp,target_interaction_energy_kcal_mol,mlp_128_64_32_a1e-3,2582,2194,388,19,42,42,42,-0.0007609687406164,3.9889412817928895,4.693455870411463
3,265,mlp,target_interaction_energy_kcal_mol,mlp_128_64_32_a1e-3,2582,2194,388,19,42,42,42,-0.0276651873933537,4.129336612019531,4.8486888430354105
3,266,mlp,target_interaction_energy_kcal_mol,mlp_128_64_32_a1e-3,2582,2194,388,19,42,42,42,-0.0118935120480212,4.156586334210223,4.870576838924943
3,267,mlp,target_interaction_energy_kcal_mol,mlp_128_64_32_a1e-3,2582,2194,388,19,42,42,42,-0.0108250103240541,4.1589094365250325,4.968189001537735
3,268,mlp,target_interaction_energy_kcal_mol,mlp_128_64_32_a1e-3,2582,2194,388,19,42,42,42,-0.0078639240172506,4.285943006127081,5.115065423819625
3,269,mlp,target_interaction_energy_kcal_mol,mlp_128_64_32_a1e-3,2582,2194,388,19,42,42,42,-0.0133985617165603,3.99456941555856,4.755706811867774
3,270,mlp,target_interaction_energy_kcal_mol,mlp_128_64_32_a1e-3,2582,2194,388,19,42,42,42,-0.0193418260909112,4.089018202116211,4.897141493211109
3,271,mlp,target_interaction_energy_kcal_mol,mlp_128_64_32_a1e-3,2582,2194,388,19,42,42,42,-0.066120609638149,4.244254273759105,5.035926164742554
3,272,mlp,target_interaction_energy_kcal_mol,mlp_128_64_32_a1e-3,2582,2194,388,19,42,42,42,0.0002768947314187,3.938980835220463,4.701089665485309
3,273,mlp,target_interaction_energy_kcal_mol,mlp_128_64_32_a1e-3,2582,2194,388,19,42,42,42,-0.0101393293188625,4.008411765099272,4.669160073738295
3,274,mlp,target_interaction_energy_kcal_mol,mlp_128_64_32_a1e-3,2582,2194,388,19,42,42,42,-0.0425608073591348,4.21940108956186,5.021110745960318
3,275,mlp,target_interaction_energy_kcal_mol,mlp_128_64_32_a1e-3,2582,2194,388,19,42,42,42,-0.040396505444886,4.286498421005399,5.0435410535246215
3,276,mlp,target_interaction_energy_kcal_mol,mlp_128_64_32_a1e-3,2582,2194,388,19,42,42,42,-0.0181728699895418,4.233279376118609,4.984515055226635
3,277,mlp,target_interaction_energy_kcal_mol,mlp_128_64_32_a1e-3,2582,2194,388,19,42,42,42,-0.042949992244109,4.1604839473215,4.937295604838992
3,278,mlp,target_interaction_energy_kcal_mol,mlp_128_64_32_a1e-3,2582,2194,388,19,42,42,42,-0.01503112268292,4.168543389621658,4.9984314134043
3,279,mlp,target_interaction_energy_kcal_mol,mlp_128_64_32_a1e-3,2582,2194,388,19,42,42,42,-0.0837643870126518,4.347424106767375,5.140628734916496
3,280,mlp,target_interaction_energy_kcal_mol,mlp_128_64_32_a1e-3,2582,2194,388,19,42,42,42,-0.0232839468481169,4.1862456495952,4.961940512426464
3,281,mlp,target_interaction_energy_kcal_mol,mlp_128_64_32_a1e-3,2582,2194,388,19,42,42,42,-0.0059981684936001,4.352436878935247,5.087440221200295
3,282,mlp,target_interaction_energy_kcal_mol,mlp_128_64_32_a1e-3,2582,2194,388,19,42,42,42,-0.0134238302819014,4.021576802293221,4.763005318345818
3,283,mlp,target_interaction_energy_kcal_mol,mlp_128_64_32_a1e-3,2582,2194,388,19,42,42,42,0.0030235097968168,4.173770191015812,4.989841623240363
3,284,mlp,target_interaction_energy_kcal_mol,mlp_128_64_32_a1e-3,2582,2194,388,19,42,42,42,-0.0061632533156217,3.956111331342164,4.713992491361705
3,285,mlp,target_interaction_energy_kcal_mol,mlp_128_64_32_a1e-3,2582,2194,388,19,42,42,42,-0.0160784001553238,4.083183489532903,4.862393937825259
3,286,mlp,target_interaction_energy_kcal_mol,mlp_128_64_32_a1e-3,2582,2194,388,19,42,42,42,-0.0002353571625715,4.245070116090537,5.026716130791704
3,287,mlp,target_interaction_energy_kcal_mol,mlp_128_64_32_a1e-3,2582,2194,388,19,42,42,42,-0.0182353057583908,4.4866216622036506,5.186164493963473
3,288,mlp,target_interaction_energy_kcal_mol,mlp_128_64_32_a1e-3,2582,2194,388,19,42,42,42,-0.0213001458301862,4.301914657829742,5.195101725483273
3,289,mlp,target_interaction_energy_kcal_mol,mlp_128_64_32_a1e-3,2582,2194,388,19,42,42,42,-0.0141125989572581,4.133102124278525,4.945125647157558
3,290,mlp,target_interaction_energy_kcal_mol,mlp_128_64_32_a1e-3,2582,2194,388,19,42,42,42,-0.0099058739975836,4.141771559478075,4.95422103442073
3,291,mlp,target_interaction_energy_kcal_mol,mlp_128_64_32_a1e-3,2582,2194,388,19,42,42,42,-0.0371120867453238,4.112618298009032,5.077282650002275
3,292,mlp,target_interaction_energy_kcal_mol,mlp_128_64_32_a1e-3,2582,2194,388,19,42,42,42,-0.0114953241478625,4.05761248770375,4.901265624851891
3,293,mlp,target_interaction_energy_kcal_mol,mlp_128_64_32_a1e-3,2582,2194,388,19,42,42,42,-0.0043056781872741,4.0577498956401765,4.748389633188396
3,294,mlp,target_interaction_energy_kcal_mol,mlp_128_64_32_a1e-3,2582,2194,388,19,42,42,42,-0.0125510445754601,4.162119315809242,5.009833464856066
3,295,mlp,target_interaction_energy_kcal_mol,mlp_128_64_32_a1e-3,2582,2194,388,19,42,42,42,-0.0394175250859845,3.985651774744686,4.704547159550104
3,296,mlp,target_interaction_energy_kcal_mol,mlp_128_64_32_a1e-3,2582,2194,388,19,42,42,42,-0.0125151385676112,4.111955294937839,4.845012330576152
3,297,mlp,target_interaction_energy_kcal_mol,mlp_128_64_32_a1e-3,2582,2194,388,19,42,42,42,-0.0275730311277477,4.353294296735055,5.056163491407093
3,298,mlp,target_interaction_energy_kcal_mol,mlp_128_64_32_a1e-3,2582,2194,388,19,42,42,42,-0.0093075745542894,4.276077848209535,5.076004788212957
3,299,mlp,target_interaction_energy_kcal_mol,mlp_128_64_32_a1e-3,2582,2194,388,19,42,42,42,-0.040487312034928,4.128143758436798,4.87782223340018
3,300,mlp,target_interaction_energy_kcal_mol,mlp_128_64_32_a1e-3,2582,2194,388,19,42,42,42,-0.0216376698089157,4.298532566434308,5.039719645023734
3,301,mlp,target_interaction_energy_kcal_mol,mlp_128_64_32_a1e-3,2582,2194,388,19,42,42,42,-0.0250929730502309,4.123877695807762,4.880393010462082
3,302,mlp,target_interaction_energy_kcal_mol,mlp_128_64_32_a1e-3,2582,2194,388,19,42,42,42,-0.0108310569805996,4.22007827425571,4.98469673846306
3,303,mlp,target_interaction_energy_kcal_mol,mlp_128_64_32_a1e-3,2582,2194,388,19,42,42,42,-0.0420622651311612,4.296219239131456,5.086163945410714
3,304,mlp,target_interaction_energy_kcal_mol,mlp_128_64_32_a1e-3,2582,2194,388,19,42,42,42,-0.019264530321519,4.235698198409841,5.012289759230694
3,305,mlp,target_interaction_energy_kcal_mol,mlp_128_64_32_a1e-3,2582,2194,388,19,42,42,42,-0.0184980646706656,4.404849644516907,5.193144346029549
3,306,mlp,target_interaction_energy_kcal_mol,mlp_128_64_32_a1e-3,2582,2194,388,19,42,42,42,-0.0199472376999017,4.036230262961069,4.777532031350865
3,307,mlp,target_interaction_energy_kcal_mol,mlp_128_64_32_a1e-3,2582,2194,388,19,42,42,42,-0.0370250002019829,4.120122738656819,4.833372822348592
3,308,mlp,target_interaction_energy_kcal_mol,mlp_128_64_32_a1e-3,2582,2194,388,19,42,42,42,-0.0204257169872275,4.099225229211353,4.86422001449062
3,309,mlp,target_interaction_energy_kcal_mol,mlp_128_64_32_a1e-3,2582,2194,388,19,42,42,42,-0.0182167582227847,4.215555104791941,5.002273482641937
3,310,mlp,target_interaction_energy_kcal_mol,mlp_128_64_32_a1e-3,2582,2194,388,19,42,42,42,-0.0091024346148953,4.127674303110042,4.941960331286436
3,311,mlp,target_interaction_energy_kcal_mol,mlp_128_64_32_a1e-3,2582,2194,388,19,42,42,42,-0.0082772036256315,3.972043756711895,4.78372062695574
3,312,mlp,target_interaction_energy_kcal_mol,mlp_128_64_32_a1e-3,2582,2194,388,19,42,42,42,-0.0237519305548106,4.179608096698018,5.040150642840288
3,313,mlp,target_interaction_energy_kcal_mol,mlp_128_64_32_a1e-3,2582,2194,388,19,42,42,42,-0.0034657637610484,4.106171860867711,4.7635970987977885
3,314,mlp,target_interaction_energy_kcal_mol,mlp_128_64_32_a1e-3,2582,2194,388,19,42,42,42,-0.0455661477340161,4.333418770496527,5.075890808432887
3,315,mlp,target_interaction_energy_kcal_mol,mlp_128_64_32_a1e-3,2582,2194,388,19,42,42,42,-0.0152662735935209,3.985856267877508,4.747297785838254
3,316,mlp,target_interaction_energy_kcal_mol,mlp_128_64_32_a1e-3,2582,2194,388,19,42,42,42,-0.0108016846791632,4.2111358941389305,4.984392663058064
3,317,mlp,target_interaction_energy_kcal_mol,mlp_128_64_32_a1e-3,2582,2194,388,19,42,42,42,-0.0238980775807633,4.122999629037032,4.947840899391203
3,318,mlp,target_interaction_energy_kcal_mol,mlp_128_64_32_a1e-3,2582,2194,388,19,42,42,42,-0.0187077947166087,4.148772578033215,4.918641356623522
3,319,mlp,target_interaction_energy_kcal_mol,mlp_128_64_32_a1e-3,2582,2194,388,19,42,42,42,-0.022662209411574,4.336976329373381,5.088864148447046
3,320,mlp,target_interaction_energy_kcal_mol,mlp_128_64_32_a1e-3,2582,2194,388,19,42,42,42,-0.0192560809451671,4.200473682826554,4.87649050425346
3,321,mlp,target_interaction_energy_kcal_mol,mlp_128_64_32_a1e-3,2582,2194,388,19,42,42,42,-0.0170659296636026,4.2630884423086775,5.1033179392071775
3,322,mlp,target_interaction_energy_kcal_mol,mlp_128_64_32_a1e-3,2582,2194,388,19,42,42,42,-0.0162797521182951,4.103064278775043,4.801879605050219
3,323,mlp,target_interaction_energy_kcal_mol,mlp_128_64_32_a1e-3,2582,2194,388,19,42,42,42,-0.0134470452061572,4.176370446883234,4.898278530722599
3,324,mlp,target_interaction_energy_kcal_mol,mlp_128_64_32_a1e-3,2582,2194,388,19,42,42,42,-0.0125334506029828,3.930398032742196,4.617526882354897
3,325,mlp,target_interaction_energy_kcal_mol,mlp_128_64_32_a1e-3,2582,2194,388,19,42,42,42,-0.0370239461599666,4.432833895090287,5.135432504170906
3,326,mlp,target_interaction_energy_kcal_mol,mlp_128_64_32_a1e-3,2582,2194,388,19,42,42,42,-0.049836443878596,4.382881145803797,5.142331322198262
3,327,mlp,target_interaction_energy_kcal_mol,mlp_128_64_32_a1e-3,2582,2194,388,19,42,42,42,-0.0238493177978544,3.901075614648965,4.684404129960083
3,328,mlp,target_interaction_energy_kcal_mol,mlp_128_64_32_a1e-3,2582,2194,388,19,42,42,42,-0.007574745681703,4.1788299237126925,4.886616290217817
3,329,mlp,target_interaction_energy_kcal_mol,mlp_128_64_32_a1e-3,2582,2194,388,19,42,42,42,-0.0028841548738978,4.003587126700711,4.684629033207577
3,330,mlp,target_interaction_energy_kcal_mol,mlp_128_64_32_a1e-3,2582,2194,388,19,42,42,42,-0.0138193026931547,3.923945514924443,4.661417381239789
3,331,mlp,target_interaction_energy_kcal_mol,mlp_128_64_32_a1e-3,2582,2194,388,19,42,42,42,-0.0250329062433607,4.234624946950476,4.955150249288451
3,332,mlp,target_interaction_energy_kcal_mol,mlp_128_64_32_a1e-3,2582,2194,388,19,42,42,42,-0.0038271960088005,4.233252612510302,4.983719935119964
3,333,mlp,target_interaction_energy_kcal_mol,mlp_128_64_32_a1e-3,2582,2194,388,19,42,42,42,-6.162072142434916e-05,4.1567165216312265,4.916094758480718
3,334,mlp,target_interaction_energy_kcal_mol,mlp_128_64_32_a1e-3,2582,2194,388,19,42,42,42,-0.041469620687218,4.220084443359221,4.952532559126142
3,335,mlp,target_interaction_energy_kcal_mol,mlp_128_64_32_a1e-3,2582,2194,388,19,42,42,42,0.0129252012458108,3.9320221674453744,4.631269473395821
3,336,mlp,target_interaction_energy_kcal_mol,mlp_128_64_32_a1e-3,2582,2194,388,19,42,42,42,-0.0009392614562853,4.327640224103783,5.029125260804241
3,337,mlp,target_interaction_energy_kcal_mol,mlp_128_64_32_a1e-3,2582,2194,388,19,42,42,42,-0.0503910876494624,4.182318429782509,4.902982392494279
3,338,mlp,target_interaction_energy_kcal_mol,mlp_128_64_32_a1e-3,2582,2194,388,19,42,42,42,0.0040187647873929,4.059558734227941,4.81526562228564
3,339,mlp,target_interaction_energy_kcal_mol,mlp_128_64_32_a1e-3,2582,2194,388,19,42,42,42,-0.0059546162174379,4.193361536284992,4.9444852790849065
3,340,mlp,target_interaction_energy_kcal_mol,mlp_128_64_32_a1e-3,2582,2194,388,19,42,42,42,-0.028906588147409,4.136269645910683,4.873408784683337
3,341,mlp,target_interaction_energy_kcal_mol,mlp_128_64_32_a1e-3,2582,2194,388,19,42,42,42,-0.0449227039880621,4.317564304460949,5.1715136251307
3,342,mlp,target_interaction_energy_kcal_mol,mlp_128_64_32_a1e-3,2582,2194,388,19,42,42,42,-0.0014953479451758,4.203086071247769,4.9938572552380265
3,343,mlp,target_interaction_energy_kcal_mol,mlp_128_64_32_a1e-3,2582,2194,388,19,42,42,42,-0.0164287129376445,4.02392491012716,4.80840244653544
3,344,mlp,target_interaction_energy_kcal_mol,mlp_128_64_32_a1e-3,2582,2194,388,19,42,42,42,-0.0781463694983328,4.270828157170765,5.086473407512059
3,345,mlp,target_interaction_energy_kcal_mol,mlp_128_64_32_a1e-3,2582,2194,388,19,42,42,42,-0.0255241193829727,4.244664845604877,4.938232067636648
3,346,mlp,target_interaction_energy_kcal_mol,mlp_128_64_32_a1e-3,2582,2194,388,19,42,42,42,-0.0040294277767363,3.9517729678789433,4.622712932479128
3,347,mlp,target_interaction_energy_kcal_mol,mlp_128_64_32_a1e-3,2582,2194,388,19,42,42,42,-0.0343352964228302,4.161322182618067,4.795401232683704
3,348,mlp,target_interaction_energy_kcal_mol,mlp_128_64_32_a1e-3,2582,2194,388,19,42,42,42,-0.0177646294145401,4.089299290309325,4.873009501096516
3,349,mlp,target_interaction_energy_kcal_mol,mlp_128_64_32_a1e-3,2582,2194,388,19,42,42,42,-0.0156763304962817,4.173874636222144,4.94504066619316
3,350,mlp,target_interaction_energy_kcal_mol,mlp_128_64_32_a1e-3,2582,2194,388,19,42,42,42,-0.0077140720356887,4.431725430490808,5.254945547604521
3,351,mlp,target_interaction_energy_kcal_mol,mlp_128_64_32_a1e-3,2582,2194,388,19,42,42,42,-0.0156635835652114,4.181886406070575,4.89003208411743
3,352,mlp,target_interaction_energy_kcal_mol,mlp_128_64_32_a1e-3,2582,2194,388,19,42,42,42,0.0001521157082906,4.315093835333176,5.109843161246848
3,353,mlp,target_interaction_energy_kcal_mol,mlp_128_64_32_a1e-3,2582,2194,388,19,42,42,42,-0.0087686002265141,3.9619999008675495,4.72894072598366
3,354,mlp,target_interaction_energy_kcal_mol,mlp_128_64_32_a1e-3,2582,2194,388,19,42,42,42,-0.0154624107687793,4.026476803120959,4.8305813056982405
3,355,mlp,target_interaction_energy_kcal_mol,mlp_128_64_32_a1e-3,2582,2194,388,19,42,42,42,-0.0121701060660794,4.187175215366635,4.935292620231822
3,356,mlp,target_interaction_energy_kcal_mol,mlp_128_64_32_a1e-3,2582,2194,388,19,42,42,42,-0.0163558284799987,4.235816774999042,4.979036750956898
3,357,mlp,target_interaction_energy_kcal_mol,mlp_128_64_32_a1e-3,2582,2194,388,19,42,42,42,-0.0395254679090992,4.300445178170758,5.0690536275100655
3,358,mlp,target_interaction_energy_kcal_mol,mlp_128_64_32_a1e-3,2582,2194,388,19,42,42,42,-0.026178190846515,4.171972903942391,4.86002695965809
3,359,mlp,target_interaction_energy_kcal_mol,mlp_128_64_32_a1e-3,2582,2194,388,19,42,42,42,-0.0258414440259937,4.079746124481385,4.849767267970329
3,360,mlp,target_interaction_energy_kcal_mol,mlp_128_64_32_a1e-3,2582,2194,388,19,42,42,42,-0.0506889803969239,4.3475642725938,5.0642244374614975
3,361,mlp,target_interaction_energy_kcal_mol,mlp_128_64_32_a1e-3,2582,2194,388,19,42,42,42,-0.0158818120805774,4.298409528395122,5.0459339007496125
3,362,mlp,target_interaction_energy_kcal_mol,mlp_128_64_32_a1e-3,2582,2194,388,19,42,42,42,-0.046996870185104,4.319260472050843,5.130169262583656
3,363,mlp,target_interaction_energy_kcal_mol,mlp_128_64_32_a1e-3,2582,2194,388,19,42,42,42,-0.0165097989977669,4.166714957797287,4.929757949077178
3,364,mlp,target_interaction_energy_kcal_mol,mlp_128_64_32_a1e-3,2582,2194,388,19,42,42,42,-0.0183397421386974,4.425866393656186,5.2860893051321085
3,365,mlp,target_interaction_energy_kcal_mol,mlp_128_64_32_a1e-3,2582,2194,388,19,42,42,42,-0.0267907176183392,4.213918010823621,5.08515694693609
3,366,mlp,target_interaction_energy_kcal_mol,mlp_128_64_32_a1e-3,2582,2194,388,19,42,42,42,-0.009969555325773,4.105192424754624,4.812460910011138
3,367,mlp,target_interaction_energy_kcal_mol,mlp_128_64_32_a1e-3,2582,2194,388,19,42,42,42,0.0022003600440335,4.025915473087448,4.768579173130656
3,368,mlp,target_interaction_energy_kcal_mol,mlp_128_64_32_a1e-3,2582,2194,388,19,42,42,42,-0.0324762412863648,4.149183479620203,4.901435648863152
3,369,mlp,target_interaction_energy_kcal_mol,mlp_128_64_32_a1e-3,2582,2194,388,19,42,42,42,-0.0370008228116705,3.963198333716935,4.675362052262221
3,370,mlp,target_interaction_energy_kcal_mol,mlp_128_64_32_a1e-3,2582,2194,388,19,42,42,42,-0.023774145917756,4.160822381183547,4.832217543449121
3,371,mlp,target_interaction_energy_kcal_mol,mlp_128_64_32_a1e-3,2582,2194,388,19,42,42,42,-0.0287398209344547,4.266681373835867,5.048830629196208
3,372,mlp,target_interaction_energy_kcal_mol,mlp_128_64_32_a1e-3,2582,2194,388,19,42,42,42,-0.0025049263185179,4.053351581259345,4.80662151551024
3,373,mlp,target_interaction_energy_kcal_mol,mlp_128_64_32_a1e-3,2582,2194,388,19,42,42,42,-0.0199005820922342,4.332644444334022,5.08624452340355
3,374,mlp,target_interaction_energy_kcal_mol,mlp_128_64_32_a1e-3,2582,2194,388,19,42,42,42,-0.0178515501258205,4.142846432869692,4.910342672830975
3,375,mlp,target_interaction_energy_kcal_mol,mlp_128_64_32_a1e-3,2582,2194,388,19,42,42,42,-0.0084589108161297,3.915709751397969,4.635133555909753
3,376,mlp,target_interaction_energy_kcal_mol,mlp_128_64_32_a1e-3,2582,2194,388,19,42,42,42,-0.0059610765295432,4.099523180467285,4.871950348060445
3,377,mlp,target_interaction_energy_kcal_mol,mlp_128_64_32_a1e-3,2582,2194,388,19,42,42,42,-0.0071828326256662,3.999271112542385,4.795382760596339
3,378,mlp,target_interaction_energy_kcal_mol,mlp_128_64_32_a1e-3,2582,2194,388,19,42,42,42,-0.0056291562126917,4.268799645200902,5.04601746650471
3,379,mlp,target_interaction_energy_kcal_mol,mlp_128_64_32_a1e-3,2582,2194,388,19,42,42,42,-0.0082509625873765,4.328522302080527,5.042624800424412
3,380,mlp,target_interaction_energy_kcal_mol,mlp_128_64_32_a1e-3,2582,2194,388,19,42,42,42,-0.0121660246971933,4.232315202590382,5.062445688875377
3,381,mlp,target_interaction_energy_kcal_mol,mlp_128_64_32_a1e-3,2582,2194,388,19,42,42,42,-0.0009619319318734,4.137552461697331,4.86762008452672
3,382,mlp,target_interaction_energy_kcal_mol,mlp_128_64_32_a1e-3,2582,2194,388,19,42,42,42,-0.013453484653414,4.272392909184344,5.022817860472654
3,383,mlp,target_interaction_energy_kcal_mol,mlp_128_64_32_a1e-3,2582,2194,388,19,42,42,42,-0.0171849973074047,4.056422081443504,4.872485632367396
3,384,mlp,target_interaction_energy_kcal_mol,mlp_128_64_32_a1e-3,2582,2194,388,19,42,42,42,-0.0174558224418388,4.15431548458793,5.042418127158054
3,385,mlp,target_interaction_energy_kcal_mol,mlp_128_64_32_a1e-3,2582,2194,388,19,42,42,42,-0.0156518334640587,4.107244981652723,4.885855777364859
3,386,mlp,target_interaction_energy_kcal_mol,mlp_128_64_32_a1e-3,2582,2194,388,19,42,42,42,-0.005907788895312,4.214526393169132,5.020569579147461
3,387,mlp,target_interaction_energy_kcal_mol,mlp_128_64_32_a1e-3,2582,2194,388,19,42,42,42,-0.0061143190521633,4.238174381327946,4.923075102539756
3,388,mlp,target_interaction_energy_kcal_mol,mlp_128_64_32_a1e-3,2582,2194,388,19,42,42,42,0.0078931185255211,4.160054493355413,4.882549563553047
3,389,mlp,target_interaction_energy_kcal_mol,mlp_128_64_32_a1e-3,2582,2194,388,19,42,42,42,-0.0289701368062051,4.115744851674176,4.850285416850816
3,390,mlp,target_interaction_energy_kcal_mol,mlp_128_64_32_a1e-3,2582,2194,388,19,42,42,42,-0.0350779924597963,4.178050237703657,4.918283082095641
3,391,mlp,target_interaction_energy_kcal_mol,mlp_128_64_32_a1e-3,2582,2194,388,19,42,42,42,-0.0237176516493653,4.073128635947395,4.82792458354896
3,392,mlp,target_interaction_energy_kcal_mol,mlp_128_64_32_a1e-3,2582,2194,388,19,42,42,42,-0.1007275158064127,4.43518537460144,5.228370954468475
3,393,mlp,target_interaction_energy_kcal_mol,mlp_128_64_32_a1e-3,2582,2194,388,19,42,42,42,-0.0106875605940675,4.022240189242237,4.752390053901571
3,394,mlp,target_interaction_energy_kcal_mol,mlp_128_64_32_a1e-3,2582,2194,388,19,42,42,42,-0.014510309501891,3.975232482139312,4.763277590890236
3,395,mlp,target_interaction_energy_kcal_mol,mlp_128_64_32_a1e-3,2582,2194,388,19,42,42,42,0.0061002690154849,4.210557246183767,4.947652834188256
3,396,mlp,target_interaction_energy_kcal_mol,mlp_128_64_32_a1e-3,2582,2194,388,19,42,42,42,-0.0270270147274485,4.145582186564964,5.012024759149398
3,397,mlp,target_interaction_energy_kcal_mol,mlp_128_64_32_a1e-3,2582,2194,388,19,42,42,42,-0.0018622466953939,4.125205836435583,4.870168168512792
3,398,mlp,target_interaction_energy_kcal_mol,mlp_128_64_32_a1e-3,2582,2194,388,19,42,42,42,0.0003580930479556,4.296450364658799,5.023868059454975
3,399,mlp,target_interaction_energy_kcal_mol,mlp_128_64_32_a1e-3,2582,2194,388,19,42,42,42,-0.019436518058832,4.160621828311862,4.932771299233923
3,400,mlp,target_interaction_energy_kcal_mol,mlp_128_64_32_a1e-3,2582,2194,388,19,42,42,42,0.0012991672062855,4.237469062839765,5.014236703240207
3,401,mlp,target_interaction_energy_kcal_mol,mlp_128_64_32_a1e-3,2582,2194,388,19,42,42,42,-0.0074399472365822,4.120068506607647,4.833147178825813
3,402,mlp,target_interaction_energy_kcal_mol,mlp_128_64_32_a1e-3,2582,2194,388,19,42,42,42,-0.0148600789146746,4.127549395502012,4.904153429323717
3,403,mlp,target_interaction_energy_kcal_mol,mlp_128_64_32_a1e-3,2582,2194,388,19,42,42,42,-0.0617648065657485,4.301223903300399,5.045239986836148
3,404,mlp,target_interaction_energy_kcal_mol,mlp_128_64_32_a1e-3,2582,2194,388,19,42,42,42,-0.0235423602245308,3.934656342493222,4.781625573671915
3,405,mlp,target_interaction_energy_kcal_mol,mlp_128_64_32_a1e-3,2582,2194,388,19,42,42,42,-0.0017533788004722,4.331660055621684,5.148182871296787
3,406,mlp,target_interaction_energy_kcal_mol,mlp_128_64_32_a1e-3,2582,2194,388,19,42,42,42,-0.0413513291447977,4.234783800168686,5.082442774359726
3,407,mlp,target_interaction_energy_kcal_mol,mlp_128_64_32_a1e-3,2582,2194,388,19,42,42,42,-0.0194292642312938,4.072424053933982,4.862103845855015
3,408,mlp,target_interaction_energy_kcal_mol,mlp_128_64_32_a1e-3,2582,2194,388,19,42,42,42,-0.0155649017593886,4.268403973665664,5.019478146022209
3,409,mlp,target_interaction_energy_kcal_mol,mlp_128_64_32_a1e-3,2582,2194,388,19,42,42,42,-0.0078167661700807,4.035361618577308,4.810839926975731
3,410,mlp,target_interaction_energy_kcal_mol,mlp_128_64_32_a1e-3,2582,2194,388,19,42,42,42,-0.0155647514355221,4.066866458370527,4.874552038527564
3,411,mlp,target_interaction_energy_kcal_mol,mlp_128_64_32_a1e-3,2582,2194,388,19,42,42,42,-0.0103126539942721,4.092960096031061,4.81147856526986
3,412,mlp,target_interaction_energy_kcal_mol,mlp_128_64_32_a1e-3,2582,2194,388,19,42,42,42,-0.0344866490111439,4.015832402183608,4.803110063137884
3,413,mlp,target_interaction_energy_kcal_mol,mlp_128_64_32_a1e-3,2582,2194,388,19,42,42,42,-0.0199897217016609,4.039919655132073,4.849433196501541
3,414,mlp,target_interaction_energy_kcal_mol,mlp_128_64_32_a1e-3,2582,2194,388,19,42,42,42,-0.0445763915988299,4.303933454836937,5.044336072959915
3,415,mlp,target_interaction_energy_kcal_mol,mlp_128_64_32_a1e-3,2582,2194,388,19,42,42,42,-0.0246546936895828,4.217908799832608,4.943849314609167
3,416,mlp,target_interaction_energy_kcal_mol,mlp_128_64_32_a1e-3,2582,2194,388,19,42,42,42,-0.009274170766536,4.102566502890912,4.822399152951696
3,417,mlp,target_interaction_energy_kcal_mol,mlp_128_64_32_a1e-3,2582,2194,388,19,42,42,42,-0.0050977051704466,4.0365716430416505,4.769879560650931
3,418,mlp,target_interaction_energy_kcal_mol,mlp_128_64_32_a1e-3,2582,2194,388,19,42,42,42,-0.0204141116876725,4.030200014409021,4.773783698895918
3,419,mlp,target_interaction_energy_kcal_mol,mlp_128_64_32_a1e-3,2582,2194,388,19,42,42,42,-0.0068493070800117,4.14791949166614,4.902960651913141
3,420,mlp,target_interaction_energy_kcal_mol,mlp_128_64_32_a1e-3,2582,2194,388,19,42,42,42,-0.0078149144612771,4.200289469645198,5.005359427224947
3,421,mlp,target_interaction_energy_kcal_mol,mlp_128_64_32_a1e-3,2582,2194,388,19,42,42,42,-0.0222480796150368,4.131623421581583,4.902352415523495
3,422,mlp,target_interaction_energy_kcal_mol,mlp_128_64_32_a1e-3,2582,2194,388,19,42,42,42,-0.0466173550030217,4.24233602334698,5.115739880807342
3,423,mlp,target_interaction_energy_kcal_mol,mlp_128_64_32_a1e-3,2582,2194,388,19,42,42,42,-0.0145416242903251,4.269623917697098,5.030159010247304
3,424,mlp,target_interaction_energy_kcal_mol,mlp_128_64_32_a1e-3,2582,2194,388,19,42,42,42,-0.029538639555978,4.334564170695784,5.11438162337886
3,425,mlp,target_interaction_energy_kcal_mol,mlp_128_64_32_a1e-3,2582,2194,388,19,42,42,42,-0.0075985525715802,4.317082542757335,5.13599492881699
3,426,mlp,target_interaction_energy_kcal_mol,mlp_128_64_32_a1e-3,2582,2194,388,19,42,42,42,-0.0411553620002733,4.112652396362699,4.843460068839565
3,427,mlp,target_interaction_energy_kcal_mol,mlp_128_64_32_a1e-3,2582,2194,388,19,42,42,42,-0.0168718960008689,3.893045984627139,4.630919005417209
3,428,mlp,target_interaction_energy_kcal_mol,mlp_128_64_32_a1e-3,2582,2194,388,19,42,42,42,-0.0094122742297575,4.3980938145816415,5.12046772660833
3,429,mlp,target_interaction_energy_kcal_mol,mlp_128_64_32_a1e-3,2582,2194,388,19,42,42,42,0.0011602655305292,4.174936971259461,4.9592986705070485
3,430,mlp,target_interaction_energy_kcal_mol,mlp_128_64_32_a1e-3,2582,2194,388,19,42,42,42,-0.0704519238709358,4.214804543055191,5.013246596993266
3,431,mlp,target_interaction_energy_kcal_mol,mlp_128_64_32_a1e-3,2582,2194,388,19,42,42,42,0.0091650676998074,4.277504279612624,5.026989022627951
3,432,mlp,target_interaction_energy_kcal_mol,mlp_128_64_32_a1e-3,2582,2194,388,19,42,42,42,-0.0310683195522425,4.239149210306627,4.982873611945721
3,433,mlp,target_interaction_energy_kcal_mol,mlp_128_64_32_a1e-3,2582,2194,388,19,42,42,42,-0.0126765775577386,4.217414660003599,4.987840926165559
3,434,mlp,target_interaction_energy_kcal_mol,mlp_128_64_32_a1e-3,2582,2194,388,19,42,42,42,-0.0176149508937626,4.236408238454399,4.9862191299823335
3,435,mlp,target_interaction_energy_kcal_mol,mlp_128_64_32_a1e-3,2582,2194,388,19,42,42,42,-0.012376706823125,4.253174464640096,4.977938451958693
3,436,mlp,target_interaction_energy_kcal_mol,mlp_128_64_32_a1e-3,2582,2194,388,19,42,42,42,-0.0057087411159155,4.257556812848044,4.9918545983313045
3,437,mlp,target_interaction_energy_kcal_mol,mlp_128_64_32_a1e-3,2582,2194,388,19,42,42,42,-0.0183887778332965,4.276987485592016,5.094247183320677
3,438,mlp,target_interaction_energy_kcal_mol,mlp_128_64_32_a1e-3,2582,2194,388,19,42,42,42,-0.0333811589364476,4.2131172519324425,5.033459297612999
3,439,mlp,target_interaction_energy_kcal_mol,mlp_128_64_32_a1e-3,2582,2194,388,19,42,42,42,0.0008740448916356,4.068415031925533,4.8520771554424975
3,440,mlp,target_interaction_energy_kcal_mol,mlp_128_64_32_a1e-3,2582,2194,388,19,42,42,42,-0.009060987805169,4.219356863925016,4.947215530427181
3,441,mlp,target_interaction_energy_kcal_mol,mlp_128_64_32_a1e-3,2582,2194,388,19,42,42,42,-0.065547387831941,4.18273124799883,4.9889798953037445
3,442,mlp,target_interaction_energy_kcal_mol,mlp_128_64_32_a1e-3,2582,2194,388,19,42,42,42,-0.0036871644278462,4.088596704553954,4.837795256517425
3,443,mlp,target_interaction_energy_kcal_mol,mlp_128_64_32_a1e-3,2582,2194,388,19,42,42,42,-0.0089863051581053,3.949927724616995,4.713684424469247
3,444,mlp,target_interaction_energy_kcal_mol,mlp_128_64_32_a1e-3,2582,2194,388,19,42,42,42,-0.0437158850329428,4.169200669926345,4.8446883737759245
3,445,mlp,target_interaction_energy_kcal_mol,mlp_128_64_32_a1e-3,2582,2194,388,19,42,42,42,-0.020038823295519,3.912295907078491,4.582479399832666
3,446,mlp,target_interaction_energy_kcal_mol,mlp_128_64_32_a1e-3,2582,2194,388,19,42,42,42,-0.0453673699961252,4.407466120706424,5.17657234328538
3,447,mlp,target_interaction_energy_kcal_mol,mlp_128_64_32_a1e-3,2582,2194,388,19,42,42,42,0.0031999802353782,4.124125010670766,4.881739695244464
3,448,mlp,target_interaction_energy_kcal_mol,mlp_128_64_32_a1e-3,2582,2194,388,19,42,42,42,-0.0149142599182996,3.99411208111416,4.782359331293129
3,449,mlp,target_interaction_energy_kcal_mol,mlp_128_64_32_a1e-3,2582,2194,388,19,42,42,42,-0.0230408320935024,4.080369311259163,4.849635522644496
3,450,mlp,target_interaction_energy_kcal_mol,mlp_128_64_32_a1e-3,2582,2194,388,19,42,42,42,-0.003317312278336,4.116260616656171,4.942139901746212
3,451,mlp,target_interaction_energy_kcal_mol,mlp_128_64_32_a1e-3,2582,2194,388,19,42,42,42,-0.0227613111303859,4.188168398100329,4.946599400771057
3,452,mlp,target_interaction_energy_kcal_mol,mlp_128_64_32_a1e-3,2582,2194,388,19,42,42,42,0.0041964205339196,4.116289731426577,4.861057747020353
3,453,mlp,target_interaction_energy_kcal_mol,mlp_128_64_32_a1e-3,2582,2194,388,19,42,42,42,-0.0401425236014492,4.238117989928446,4.98125917880602
3,454,mlp,target_interaction_energy_kcal_mol,mlp_128_64_32_a1e-3,2582,2194,388,19,42,42,42,-0.0526543183547403,4.169137523287087,4.933282632256644
3,455,mlp,target_interaction_energy_kcal_mol,mlp_128_64_32_a1e-3,2582,2194,388,19,42,42,42,-0.0090627259164133,4.365410780487891,5.171204579035311
3,456,mlp,target_interaction_energy_kcal_mol,mlp_128_64_32_a1e-3,2582,2194,388,19,42,42,42,-0.0325960487208181,4.1128259711784665,4.819471243723768
3,457,mlp,target_interaction_energy_kcal_mol,mlp_128_64_32_a1e-3,2582,2194,388,19,42,42,42,-7.958222252302249e-07,4.142131279823451,4.925369117713289
3,458,mlp,target_interaction_energy_kcal_mol,mlp_128_64_32_a1e-3,2582,2194,388,19,42,42,42,-0.0377590441438209,4.097795600867543,4.888806353043767
3,459,mlp,target_interaction_energy_kcal_mol,mlp_128_64_32_a1e-3,2582,2194,388,19,42,42,42,-0.0234036777420976,4.219236507752323,4.943483887973708
3,460,mlp,target_interaction_energy_kcal_mol,mlp_128_64_32_a1e-3,2582,2194,388,19,42,42,42,-0.0279155916880058,4.05653429635018,4.830301920368736
3,461,mlp,target_interaction_energy_kcal_mol,mlp_128_64_32_a1e-3,2582,2194,388,19,42,42,42,-0.024296445738676,4.1217852022612265,4.8129300478166215
3,462,mlp,target_interaction_energy_kcal_mol,mlp_128_64_32_a1e-3,2582,2194,388,19,42,42,42,-0.0120447728382286,4.264579461150532,5.072917214585077
3,463,mlp,target_interaction_energy_kcal_mol,mlp_128_64_32_a1e-3,2582,2194,388,19,42,42,42,-0.0420392684941517,4.063156212374721,4.79170890548697
3,464,mlp,target_interaction_energy_kcal_mol,mlp_128_64_32_a1e-3,2582,2194,388,19,42,42,42,-0.0189437238975338,4.083390884903597,4.883296467416336
3,465,mlp,target_interaction_energy_kcal_mol,mlp_128_64_32_a1e-3,2582,2194,388,19,42,42,42,-0.0066519592914726,4.108028095714233,4.919171857919236
3,466,mlp,target_interaction_energy_kcal_mol,mlp_128_64_32_a1e-3,2582,2194,388,19,42,42,42,0.0002167229878466,4.096802080227928,4.877726520605808
3,467,mlp,target_interaction_energy_kcal_mol,mlp_128_64_32_a1e-3,2582,2194,388,19,42,42,42,-0.0286608016850553,4.355984738262346,5.117574683989588
3,468,mlp,target_interaction_energy_kcal_mol,mlp_128_64_32_a1e-3,2582,2194,388,19,42,42,42,-0.0126255846968603,4.235016937236321,4.959645548822029
3,469,mlp,target_interaction_energy_kcal_mol,mlp_128_64_32_a1e-3,2582,2194,388,19,42,42,42,0.0078894768114471,4.260952121038905,4.971718021396091
3,470,mlp,target_interaction_energy_kcal_mol,mlp_128_64_32_a1e-3,2582,2194,388,19,42,42,42,0.0022572163679009,4.2569718879752205,5.062524772051943
3,471,mlp,target_interaction_energy_kcal_mol,mlp_128_64_32_a1e-3,2582,2194,388,19,42,42,42,-0.0303029524643843,4.127654689323888,4.98023308529633
3,472,mlp,target_interaction_energy_kcal_mol,mlp_128_64_32_a1e-3,2582,2194,388,19,42,42,42,-0.0134221029842782,4.198599636905131,5.002420486567857
3,473,mlp,target_interaction_energy_kcal_mol,mlp_128_64_32_a1e-3,2582,2194,388,19,42,42,42,-0.0081024928921615,4.046272948583901,4.889052491347049
3,474,mlp,target_interaction_energy_kcal_mol,mlp_128_64_32_a1e-3,2582,2194,388,19,42,42,42,-0.047235306942641,4.285144323693657,4.993544825770083
3,475,mlp,target_interaction_energy_kcal_mol,mlp_128_64_32_a1e-3,2582,2194,388,19,42,42,42,-0.0479423546198127,4.223212635012426,4.92301075292075
3,476,mlp,target_interaction_energy_kcal_mol,mlp_128_64_32_a1e-3,2582,2194,388,19,42,42,42,-0.0086004993896198,4.03676169579019,4.808802334869077
3,477,mlp,target_interaction_energy_kcal_mol,mlp_128_64_32_a1e-3,2582,2194,388,19,42,42,42,-0.0139663666177662,4.058294012289007,4.840875761280222
3,478,mlp,target_interaction_energy_kcal_mol,mlp_128_64_32_a1e-3,2582,2194,388,19,42,42,42,-0.0329779957838398,4.246038798589632,4.940033003317822
3,479,mlp,target_interaction_energy_kcal_mol,mlp_128_64_32_a1e-3,2582,2194,388,19,42,42,42,-0.0107466338665642,4.377664780463894,5.141036547731154
3,480,mlp,target_interaction_energy_kcal_mol,mlp_128_64_32_a1e-3,2582,2194,388,19,42,42,42,-0.0300963824444049,4.227619794595776,4.940897908289374
3,481,mlp,target_interaction_energy_kcal_mol,mlp_128_64_32_a1e-3,2582,2194,388,19,42,42,42,0.002498339191967,4.053170131025492,4.863697842476472
3,482,mlp,target_interaction_energy_kcal_mol,mlp_128_64_32_a1e-3,2582,2194,388,19,42,42,42,-0.0151521469189783,4.302261249048139,5.0492345541795975
3,483,mlp,target_interaction_energy_kcal_mol,mlp_128_64_32_a1e-3,2582,2194,388,19,42,42,42,-0.0158760366576613,4.210567850843319,4.915496679178887
3,484,mlp,target_interaction_energy_kcal_mol,mlp_128_64_32_a1e-3,2582,2194,388,19,42,42,42,0.0041211269508995,4.118639188287475,4.844077627764424
3,485,mlp,target_interaction_energy_kcal_mol,mlp_128_64_32_a1e-3,2582,2194,388,19,42,42,42,-0.0111454700947541,3.9650704365848894,4.675565217687795
3,486,mlp,target_interaction_energy_kcal_mol,mlp_128_64_32_a1e-3,2582,2194,388,19,42,42,42,-0.0051178046944506,4.022942290432639,4.793048898211205
3,487,mlp,target_interaction_energy_kcal_mol,mlp_128_64_32_a1e-3,2582,2194,388,19,42,42,42,-0.0221504838528772,4.407518148264657,5.147943949942725
3,488,mlp,target_interaction_energy_kcal_mol,mlp_128_64_32_a1e-3,2582,2194,388,19,42,42,42,-0.0054319265992557,4.157537598126052,4.855369287811627
3,489,mlp,target_interaction_energy_kcal_mol,mlp_128_64_32_a1e-3,2582,2194,388,19,42,42,42,0.0009390173630264,4.277615939881544,5.064860480964341
3,490,mlp,target_interaction_energy_kcal_mol,mlp_128_64_32_a1e-3,2582,2194,388,19,42,42,42,-0.0054027981094169,4.241075293230718,5.010744731655599
3,491,mlp,target_interaction_energy_kcal_mol,mlp_128_64_32_a1e-3,2582,2194,388,19,42,42,42,0.0048709039376242,4.133341017223366,4.830833440517449
3,492,mlp,target_interaction_energy_kcal_mol,mlp_128_64_32_a1e-3,2582,2194,388,19,42,42,42,-0.0394680437225727,4.1149402389414895,4.898985301434006
3,493,mlp,target_interaction_energy_kcal_mol,mlp_128_64_32_a1e-3,2582,2194,388,19,42,42,42,-0.0066134996768461,4.189342242330114,4.924339724939529
3,494,mlp,target_interaction_energy_kcal_mol,mlp_128_64_32_a1e-3,2582,2194,388,19,42,42,42,-0.0124400412420304,4.208941108407048,4.913721890471145
3,495,mlp,target_interaction_energy_kcal_mol,mlp_128_64_32_a1e-3,2582,2194,388,19,42,42,42,0.0014941803430639,4.004024204478194,4.733318166915079
3,496,mlp,target_interaction_energy_kcal_mol,mlp_128_64_32_a1e-3,2582,2194,388,19,42,42,42,-0.0119132669493098,4.163409192682553,4.874215147671519
3,497,mlp,target_interaction_energy_kcal_mol,mlp_128_64_32_a1e-3,2582,2194,388,19,42,42,42,-0.0145461410103631,4.163382887204859,4.894942252796947
3,498,mlp,target_interaction_energy_kcal_mol,mlp_128_64_32_a1e-3,2582,2194,388,19,42,42,42,-0.0244012477862101,3.8948893608042665,4.617505752494847
3,499,mlp,target_interaction_energy_kcal_mol,mlp_128_64_32_a1e-3,2582,2194,388,19,42,42,42,-0.0206675890360807,4.314936866957185,5.062229371933833
3,500,mlp,target_interaction_energy_kcal_mol,mlp_128_64_32_a1e-3,2582,2194,388,19,42,42,42,-0.0200057786893437,4.160236760975957,4.839959266003917
7,1,mlp,target_somo_somo_elst_corrected_signed_kcal_mol,mlp_128_64_32_a1e-3,2582,2194,388,19,42,42,42,-0.0095772463669507,3.175315928298945,5.326233162297347
7,2,mlp,target_somo_somo_elst_corrected_signed_kcal_mol,mlp_128_64_32_a1e-3,2582,2194,388,19,42,42,42,0.0057982333776915,3.3026197827603943,5.276363367817219
7,3,mlp,target_somo_somo_elst_corrected_signed_kcal_mol,mlp_128_64_32_a1e-3,2582,2194,388,19,42,42,42,-0.0351277847229434,3.221467887273728,4.610729141520633
7,4,mlp,target_somo_somo_elst_corrected_signed_kcal_mol,mlp_128_64_32_a1e-3,2582,2194,388,19,42,42,42,-0.097992728192769,3.221927428774167,4.371798664224196
7,5,mlp,target_somo_somo_elst_corrected_signed_kcal_mol,mlp_128_64_32_a1e-3,2582,2194,388,19,42,42,42,-0.0191164866679043,3.1359636898279346,4.461929858818894
7,6,mlp,target_somo_somo_elst_corrected_signed_kcal_mol,mlp_128_64_32_a1e-3,2582,2194,388,19,42,42,42,-0.0279024378689429,3.5382658861461564,5.083963175813593
7,7,mlp,target_somo_somo_elst_corrected_signed_kcal_mol,mlp_128_64_32_a1e-3,2582,2194,388,19,42,42,42,-0.0082783033565243,3.2968510304817698,5.076341559179477
7,8,mlp,target_somo_somo_elst_corrected_signed_kcal_mol,mlp_128_64_32_a1e-3,2582,2194,388,19,42,42,42,0.0011438685970599,3.469455595034876,5.210784611266292
7,9,mlp,target_somo_somo_elst_corrected_signed_kcal_mol,mlp_128_64_32_a1e-3,2582,2194,388,19,42,42,42,-0.0182590266087505,3.323600787342154,5.574919169453457
7,10,mlp,target_somo_somo_elst_corrected_signed_kcal_mol,mlp_128_64_32_a1e-3,2582,2194,388,19,42,42,42,-0.0096959695555689,3.332030264155021,5.141489623428571
7,11,mlp,target_somo_somo_elst_corrected_signed_kcal_mol,mlp_128_64_32_a1e-3,2582,2194,388,19,42,42,42,-0.0382046513829954,3.1333092865543337,5.051139069734813
7,12,mlp,target_somo_somo_elst_corrected_signed_kcal_mol,mlp_128_64_32_a1e-3,2582,2194,388,19,42,42,42,-0.0251129600266641,3.2226591414757717,5.061286221426837
7,13,mlp,target_somo_somo_elst_corrected_signed_kcal_mol,mlp_128_64_32_a1e-3,2582,2194,388,19,42,42,42,-0.0068759423644273,3.344462777204819,5.819294846343865
7,14,mlp,target_somo_somo_elst_corrected_signed_kcal_mol,mlp_128_64_32_a1e-3,2582,2194,388,19,42,42,42,-0.057951930421324,3.179550832369818,4.488201884618137
7,15,mlp,target_somo_somo_elst_corrected_signed_kcal_mol,mlp_128_64_32_a1e-3,2582,2194,388,19,42,42,42,-0.0135240463575549,2.9867911039122443,4.176840521097209
7,16,mlp,target_somo_somo_elst_corrected_signed_kcal_mol,mlp_128_64_32_a1e-3,2582,2194,388,19,42,42,42,-0.0179867734224874,3.1643297816570106,5.328506725066674
7,17,mlp,target_somo_somo_elst_corrected_signed_kcal_mol,mlp_128_64_32_a1e-3,2582,2194,388,19,42,42,42,-0.0189819300191995,3.250292133673923,5.894714523829503
7,18,mlp,target_somo_somo_elst_corrected_signed_kcal_mol,mlp_128_64_32_a1e-3,2582,2194,388,19,42,42,42,-0.0261897583109589,3.267033132330195,4.88536546909055
7,19,mlp,target_somo_somo_elst_corrected_signed_kcal_mol,mlp_128_64_32_a1e-3,2582,2194,388,19,42,42,42,-0.0274082646489011,3.369150782896619,5.026734323115212
7,20,mlp,target_somo_somo_elst_corrected_signed_kcal_mol,mlp_128_64_32_a1e-3,2582,2194,388,19,42,42,42,0.0032938719303245,3.2108801998564003,4.8237311009797645
7,21,mlp,target_somo_somo_elst_corrected_signed_kcal_mol,mlp_128_64_32_a1e-3,2582,2194,388,19,42,42,42,0.009295441890935,3.5079038038157475,5.750531094251467
7,22,mlp,target_somo_somo_elst_corrected_signed_kcal_mol,mlp_128_64_32_a1e-3,2582,2194,388,19,42,42,42,-0.0175250326271281,3.3257396691005425,5.833280313710639
7,23,mlp,target_somo_somo_elst_corrected_signed_kcal_mol,mlp_128_64_32_a1e-3,2582,2194,388,19,42,42,42,-0.0003476264236779,3.455763554531011,4.867503721932954
7,24,mlp,target_somo_somo_elst_corrected_signed_kcal_mol,mlp_128_64_32_a1e-3,2582,2194,388,19,42,42,42,-0.0077718102373662,3.04423680247294,4.919911545465888
7,25,mlp,target_somo_somo_elst_corrected_signed_kcal_mol,mlp_128_64_32_a1e-3,2582,2194,388,19,42,42,42,-0.0319515076681942,2.9606262155553256,4.319150833170934
7,26,mlp,target_somo_somo_elst_corrected_signed_kcal_mol,mlp_128_64_32_a1e-3,2582,2194,388,19,42,42,42,-0.0211414931137539,3.14209329228611,5.205645736817472
7,27,mlp,target_somo_somo_elst_corrected_signed_kcal_mol,mlp_128_64_32_a1e-3,2582,2194,388,19,42,42,42,0.0012210899617932,3.418442898400416,5.517773822270884
7,28,mlp,target_somo_somo_elst_corrected_signed_kcal_mol,mlp_128_64_32_a1e-3,2582,2194,388,19,42,42,42,-0.019406998198441,3.423630161233125,5.986510988262396
7,29,mlp,target_somo_somo_elst_corrected_signed_kcal_mol,mlp_128_64_32_a1e-3,2582,2194,388,19,42,42,42,-0.0177244473760711,3.557920938789814,6.156110481617552
7,30,mlp,target_somo_somo_elst_corrected_signed_kcal_mol,mlp_128_64_32_a1e-3,2582,2194,388,19,42,42,42,-0.0043881019667424,3.215503343911699,5.143210198608756
7,31,mlp,target_somo_somo_elst_corrected_signed_kcal_mol,mlp_128_64_32_a1e-3,2582,2194,388,19,42,42,42,-0.035230073784489,3.2048202429831862,5.217109131568215
7,32,mlp,target_somo_somo_elst_corrected_signed_kcal_mol,mlp_128_64_32_a1e-3,2582,2194,388,19,42,42,42,-0.0101466787818012,2.765702327603522,4.094976294124881
7,33,mlp,target_somo_somo_elst_corrected_signed_kcal_mol,mlp_128_64_32_a1e-3,2582,2194,388,19,42,42,42,-0.0250856684785274,3.0441829581253463,4.798273433091358
7,34,mlp,target_somo_somo_elst_corrected_signed_kcal_mol,mlp_128_64_32_a1e-3,2582,2194,388,19,42,42,42,-0.0099686697459107,3.509555345903299,5.907588295669367
7,35,mlp,target_somo_somo_elst_corrected_signed_kcal_mol,mlp_128_64_32_a1e-3,2582,2194,388,19,42,42,42,-0.011963333690351,3.2295161647382304,4.8053380922274105
7,36,mlp,target_somo_somo_elst_corrected_signed_kcal_mol,mlp_128_64_32_a1e-3,2582,2194,388,19,42,42,42,-0.0164496409146801,2.9424161314829425,4.256272065729262
7,37,mlp,target_somo_somo_elst_corrected_signed_kcal_mol,mlp_128_64_32_a1e-3,2582,2194,388,19,42,42,42,-0.0285328411499894,3.3136975528471875,5.132502058319337
7,38,mlp,target_somo_somo_elst_corrected_signed_kcal_mol,mlp_128_64_32_a1e-3,2582,2194,388,19,42,42,42,-0.0373884115114531,3.3192406474441487,5.062240290725429
7,39,mlp,target_somo_somo_elst_corrected_signed_kcal_mol,mlp_128_64_32_a1e-3,2582,2194,388,19,42,42,42,-0.0146294112865672,3.792373542351256,6.421526459762715
7,40,mlp,target_somo_somo_elst_corrected_signed_kcal_mol,mlp_128_64_32_a1e-3,2582,2194,388,19,42,42,42,-0.0172473567442839,3.16230235751169,4.719918730731856
7,41,mlp,target_somo_somo_elst_corrected_signed_kcal_mol,mlp_128_64_32_a1e-3,2582,2194,388,19,42,42,42,-0.0449675692184154,3.1971602018246745,4.658163507568912
7,42,mlp,target_somo_somo_elst_corrected_signed_kcal_mol,mlp_128_64_32_a1e-3,2582,2194,388,19,42,42,42,-0.0146117005360772,3.280715124827172,5.1419121140114274
7,43,mlp,target_somo_somo_elst_corrected_signed_kcal_mol,mlp_128_64_32_a1e-3,2582,2194,388,19,42,42,42,-0.0098726135140656,3.3386939980617703,6.0028933795712
7,44,mlp,target_somo_somo_elst_corrected_signed_kcal_mol,mlp_128_64_32_a1e-3,2582,2194,388,19,42,42,42,-0.0190175059975765,3.156359200911776,5.191203694607224
7,45,mlp,target_somo_somo_elst_corrected_signed_kcal_mol,mlp_128_64_32_a1e-3,2582,2194,388,19,42,42,42,-0.0239733044067813,3.2259316413688124,4.863268972752135
7,46,mlp,target_somo_somo_elst_corrected_signed_kcal_mol,mlp_128_64_32_a1e-3,2582,2194,388,19,42,42,42,-0.0159696897968619,3.231275104354728,5.349777528789252
7,47,mlp,target_somo_somo_elst_corrected_signed_kcal_mol,mlp_128_64_32_a1e-3,2582,2194,388,19,42,42,42,-0.0118548932250708,3.277969324573975,5.221823086082174
7,48,mlp,target_somo_somo_elst_corrected_signed_kcal_mol,mlp_128_64_32_a1e-3,2582,2194,388,19,42,42,42,-0.024232924276099,3.099823986588037,4.956917897516092
7,49,mlp,target_somo_somo_elst_corrected_signed_kcal_mol,mlp_128_64_32_a1e-3,2582,2194,388,19,42,42,42,-0.0038772190804308,3.440045933819821,5.571332989544214
7,50,mlp,target_somo_somo_elst_corrected_signed_kcal_mol,mlp_128_64_32_a1e-3,2582,2194,388,19,42,42,42,-0.0199367810549666,3.3596474870035067,4.997540139098049
7,51,mlp,target_somo_somo_elst_corrected_signed_kcal_mol,mlp_128_64_32_a1e-3,2582,2194,388,19,42,42,42,-0.0299839879569607,3.2540555545843985,4.736129665079646
7,52,mlp,target_somo_somo_elst_corrected_signed_kcal_mol,mlp_128_64_32_a1e-3,2582,2194,388,19,42,42,42,-0.0012954776502596,3.457895257574526,5.422808548358163
7,53,mlp,target_somo_somo_elst_corrected_signed_kcal_mol,mlp_128_64_32_a1e-3,2582,2194,388,19,42,42,42,-0.0075225662755404,3.4169628455169927,5.569262081972724
7,54,mlp,target_somo_somo_elst_corrected_signed_kcal_mol,mlp_128_64_32_a1e-3,2582,2194,388,19,42,42,42,-0.0369165938423667,3.2082860793125985,4.306593827505205
7,55,mlp,target_somo_somo_elst_corrected_signed_kcal_mol,mlp_128_64_32_a1e-3,2582,2194,388,19,42,42,42,-0.0132546263426776,3.4169387206980906,4.962826440585687
7,56,mlp,target_somo_somo_elst_corrected_signed_kcal_mol,mlp_128_64_32_a1e-3,2582,2194,388,19,42,42,42,-0.0326815479343673,3.0556293352076267,5.037211108153175
7,57,mlp,target_somo_somo_elst_corrected_signed_kcal_mol,mlp_128_64_32_a1e-3,2582,2194,388,19,42,42,42,-0.0062861458134659,3.21102741358605,5.006006065524697
7,58,mlp,target_somo_somo_elst_corrected_signed_kcal_mol,mlp_128_64_32_a1e-3,2582,2194,388,19,42,42,42,-0.0233748676387102,3.1991349488307343,4.81290959252493
7,59,mlp,target_somo_somo_elst_corrected_signed_kcal_mol,mlp_128_64_32_a1e-3,2582,2194,388,19,42,42,42,-0.0084802313508969,3.28148922513117,4.629351908498307
7,60,mlp,target_somo_somo_elst_corrected_signed_kcal_mol,mlp_128_64_32_a1e-3,2582,2194,388,19,42,42,42,-0.0174112554658716,3.621279749349153,5.946672940962251
7,61,mlp,target_somo_somo_elst_corrected_signed_kcal_mol,mlp_128_64_32_a1e-3,2582,2194,388,19,42,42,42,-0.0235338765997248,3.2929981396445096,5.657468049348326
7,62,mlp,target_somo_somo_elst_corrected_signed_kcal_mol,mlp_128_64_32_a1e-3,2582,2194,388,19,42,42,42,-0.0141189047989698,3.278358285102016,5.832180938006019
7,63,mlp,target_somo_somo_elst_corrected_signed_kcal_mol,mlp_128_64_32_a1e-3,2582,2194,388,19,42,42,42,-0.0154670127284377,2.925571021699004,4.271789441352906
7,64,mlp,target_somo_somo_elst_corrected_signed_kcal_mol,mlp_128_64_32_a1e-3,2582,2194,388,19,42,42,42,-0.0137034382399037,3.242789651955224,5.240240659987609
7,65,mlp,target_somo_somo_elst_corrected_signed_kcal_mol,mlp_128_64_32_a1e-3,2582,2194,388,19,42,42,42,-0.0454232690415536,3.3742066203333203,4.647494848613179
7,66,mlp,target_somo_somo_elst_corrected_signed_kcal_mol,mlp_128_64_32_a1e-3,2582,2194,388,19,42,42,42,-0.0229110530512348,3.124810755718883,5.0183093513971615
7,67,mlp,target_somo_somo_elst_corrected_signed_kcal_mol,mlp_128_64_32_a1e-3,2582,2194,388,19,42,42,42,-0.0185439382979963,3.3008161624131573,5.0751188621516325
7,68,mlp,target_somo_somo_elst_corrected_signed_kcal_mol,mlp_128_64_32_a1e-3,2582,2194,388,19,42,42,42,-0.0069253013675198,3.211719103673803,4.783761760248847
7,69,mlp,target_somo_somo_elst_corrected_signed_kcal_mol,mlp_128_64_32_a1e-3,2582,2194,388,19,42,42,42,-0.0276547188453741,3.3234312521003515,5.130998786075624
7,70,mlp,target_somo_somo_elst_corrected_signed_kcal_mol,mlp_128_64_32_a1e-3,2582,2194,388,19,42,42,42,-0.0322036284351645,3.138830434083689,4.723359242153041
7,71,mlp,target_somo_somo_elst_corrected_signed_kcal_mol,mlp_128_64_32_a1e-3,2582,2194,388,19,42,42,42,-0.0456486974633545,3.232222615712893,5.4020831194063375
7,72,mlp,target_somo_somo_elst_corrected_signed_kcal_mol,mlp_128_64_32_a1e-3,2582,2194,388,19,42,42,42,0.0034927247423088,3.369627534500937,5.4663297710733
7,73,mlp,target_somo_somo_elst_corrected_signed_kcal_mol,mlp_128_64_32_a1e-3,2582,2194,388,19,42,42,42,-0.0209588588813931,3.3167372817446035,4.792719292984431
7,74,mlp,target_somo_somo_elst_corrected_signed_kcal_mol,mlp_128_64_32_a1e-3,2582,2194,388,19,42,42,42,-0.0164525253504508,3.266564876488292,5.5863396504461305
7,75,mlp,target_somo_somo_elst_corrected_signed_kcal_mol,mlp_128_64_32_a1e-3,2582,2194,388,19,42,42,42,-0.0096743574308142,3.5777919936528515,5.688845705532986
7,76,mlp,target_somo_somo_elst_corrected_signed_kcal_mol,mlp_128_64_32_a1e-3,2582,2194,388,19,42,42,42,-0.0100991198557862,3.42157105061196,5.063331153939414
7,77,mlp,target_somo_somo_elst_corrected_signed_kcal_mol,mlp_128_64_32_a1e-3,2582,2194,388,19,42,42,42,-0.0076234323648123,3.179773089534416,5.216984754981035
7,78,mlp,target_somo_somo_elst_corrected_signed_kcal_mol,mlp_128_64_32_a1e-3,2582,2194,388,19,42,42,42,-0.0309229856336406,2.94814729329277,4.492006270030937
7,79,mlp,target_somo_somo_elst_corrected_signed_kcal_mol,mlp_128_64_32_a1e-3,2582,2194,388,19,42,42,42,-0.0180518956832951,3.557418446810829,5.824790650101514
7,80,mlp,target_somo_somo_elst_corrected_signed_kcal_mol,mlp_128_64_32_a1e-3,2582,2194,388,19,42,42,42,-0.0356175545858967,3.134804273379066,5.191162134422817
7,81,mlp,target_somo_somo_elst_corrected_signed_kcal_mol,mlp_128_64_32_a1e-3,2582,2194,388,19,42,42,42,0.0053759129221403,3.332907344115174,5.388674656120238
7,82,mlp,target_somo_somo_elst_corrected_signed_kcal_mol,mlp_128_64_32_a1e-3,2582,2194,388,19,42,42,42,-0.0485412919298529,3.2536787679671124,5.126100777541236
7,83,mlp,target_somo_somo_elst_corrected_signed_kcal_mol,mlp_128_64_32_a1e-3,2582,2194,388,19,42,42,42,-0.0039138689719402,3.2602991982511003,5.324907681729456
7,84,mlp,target_somo_somo_elst_corrected_signed_kcal_mol,mlp_128_64_32_a1e-3,2582,2194,388,19,42,42,42,-0.0274698529424675,3.00011320035064,4.676869681038704
7,85,mlp,target_somo_somo_elst_corrected_signed_kcal_mol,mlp_128_64_32_a1e-3,2582,2194,388,19,42,42,42,-0.0154221054206076,2.9549152869349067,4.322420331078189
7,86,mlp,target_somo_somo_elst_corrected_signed_kcal_mol,mlp_128_64_32_a1e-3,2582,2194,388,19,42,42,42,-0.0076361059230796,3.0673059822497155,4.818386262557763
7,87,mlp,target_somo_somo_elst_corrected_signed_kcal_mol,mlp_128_64_32_a1e-3,2582,2194,388,19,42,42,42,-0.0265141006926621,3.0202162142460125,4.516374237888067
7,88,mlp,target_somo_somo_elst_corrected_signed_kcal_mol,mlp_128_64_32_a1e-3,2582,2194,388,19,42,42,42,-0.0168824177443096,3.421658331384096,5.481391537176275
7,89,mlp,target_somo_somo_elst_corrected_signed_kcal_mol,mlp_128_64_32_a1e-3,2582,2194,388,19,42,42,42,-0.0015643955165338,3.037936170386872,4.491844664623552
7,90,mlp,target_somo_somo_elst_corrected_signed_kcal_mol,mlp_128_64_32_a1e-3,2582,2194,388,19,42,42,42,-0.0346570983972005,3.402131249737636,5.307724342817522
7,91,mlp,target_somo_somo_elst_corrected_signed_kcal_mol,mlp_128_64_32_a1e-3,2582,2194,388,19,42,42,42,-0.0341240172636934,3.673071287821591,5.895429213026451
7,92,mlp,target_somo_somo_elst_corrected_signed_kcal_mol,mlp_128_64_32_a1e-3,2582,2194,388,19,42,42,42,-0.0484833117623584,3.543739308040597,4.791771851158149
7,93,mlp,target_somo_somo_elst_corrected_signed_kcal_mol,mlp_128_64_32_a1e-3,2582,2194,388,19,42,42,42,-0.0085945163014884,3.1964033559430933,4.704409785696945
7,94,mlp,target_somo_somo_elst_corrected_signed_kcal_mol,mlp_128_64_32_a1e-3,2582,2194,388,19,42,42,42,-0.0176390524305589,3.34205912602676,5.03102046570153
7,95,mlp,target_somo_somo_elst_corrected_signed_kcal_mol,mlp_128_64_32_a1e-3,2582,2194,388,19,42,42,42,-0.0226040128653397,3.4118064621821564,5.490610922384271
7,96,mlp,target_somo_somo_elst_corrected_signed_kcal_mol,mlp_128_64_32_a1e-3,2582,2194,388,19,42,42,42,-0.015031222391687,3.27872964136713,4.486301540274602
7,97,mlp,target_somo_somo_elst_corrected_signed_kcal_mol,mlp_128_64_32_a1e-3,2582,2194,388,19,42,42,42,-0.0544993127660629,3.052657024043409,4.457640563913097
7,98,mlp,target_somo_somo_elst_corrected_signed_kcal_mol,mlp_128_64_32_a1e-3,2582,2194,388,19,42,42,42,-0.0190907843355989,3.1361268009528085,4.954980057995797
7,99,mlp,target_somo_somo_elst_corrected_signed_kcal_mol,mlp_128_64_32_a1e-3,2582,2194,388,19,42,42,42,-0.0285574576452107,3.153453257809093,4.347190695154577
7,100,mlp,target_somo_somo_elst_corrected_signed_kcal_mol,mlp_128_64_32_a1e-3,2582,2194,388,19,42,42,42,-0.0443650464439311,3.214725505944044,4.596258822942726
7,101,mlp,target_somo_somo_elst_corrected_signed_kcal_mol,mlp_128_64_32_a1e-3,2582,2194,388,19,42,42,42,-0.0170568218445266,3.202860245201059,4.824395956028485
7,102,mlp,target_somo_somo_elst_corrected_signed_kcal_mol,mlp_128_64_32_a1e-3,2582,2194,388,19,42,42,42,-0.0211327160716188,3.1555242684087097,4.650586437573713
7,103,mlp,target_somo_somo_elst_corrected_signed_kcal_mol,mlp_128_64_32_a1e-3,2582,2194,388,19,42,42,42,-0.0089453781307973,2.9319536488206674,4.452596296869038
7,104,mlp,target_somo_somo_elst_corrected_signed_kcal_mol,mlp_128_64_32_a1e-3,2582,2194,388,19,42,42,42,-0.0058631259357255,3.320380775889679,5.644992282475686
7,105,mlp,target_somo_somo_elst_corrected_signed_kcal_mol,mlp_128_64_32_a1e-3,2582,2194,388,19,42,42,42,-0.0505943406419944,3.376450886916724,5.409671189153108
7,106,mlp,target_somo_somo_elst_corrected_signed_kcal_mol,mlp_128_64_32_a1e-3,2582,2194,388,19,42,42,42,-0.0516430048371021,3.373139282796167,5.998620111840532
7,107,mlp,target_somo_somo_elst_corrected_signed_kcal_mol,mlp_128_64_32_a1e-3,2582,2194,388,19,42,42,42,-0.0224634715383347,3.5767875185744424,5.717009822158367
7,108,mlp,target_somo_somo_elst_corrected_signed_kcal_mol,mlp_128_64_32_a1e-3,2582,2194,388,19,42,42,42,-0.0426199515742027,3.4803770516703776,5.355563160957829
7,109,mlp,target_somo_somo_elst_corrected_signed_kcal_mol,mlp_128_64_32_a1e-3,2582,2194,388,19,42,42,42,-0.0304827487554848,3.4361551843352203,5.631311423687244
7,110,mlp,target_somo_somo_elst_corrected_signed_kcal_mol,mlp_128_64_32_a1e-3,2582,2194,388,19,42,42,42,0.0290318766187535,3.226614368925051,4.560056921826176
7,111,mlp,target_somo_somo_elst_corrected_signed_kcal_mol,mlp_128_64_32_a1e-3,2582,2194,388,19,42,42,42,-0.0126377499892642,3.660887550854807,6.424186310177533
7,112,mlp,target_somo_somo_elst_corrected_signed_kcal_mol,mlp_128_64_32_a1e-3,2582,2194,388,19,42,42,42,-0.0155303805584969,2.9320814621392883,4.458850458462703
7,113,mlp,target_somo_somo_elst_corrected_signed_kcal_mol,mlp_128_64_32_a1e-3,2582,2194,388,19,42,42,42,0.0023824138324787,3.3798893198075826,4.777559787011785
7,114,mlp,target_somo_somo_elst_corrected_signed_kcal_mol,mlp_128_64_32_a1e-3,2582,2194,388,19,42,42,42,-0.015923543528459,3.3447486093494545,5.2996000053891965
7,115,mlp,target_somo_somo_elst_corrected_signed_kcal_mol,mlp_128_64_32_a1e-3,2582,2194,388,19,42,42,42,-0.0264232061628959,3.3014538329611987,4.902893465010815
7,116,mlp,target_somo_somo_elst_corrected_signed_kcal_mol,mlp_128_64_32_a1e-3,2582,2194,388,19,42,42,42,-0.0154275426455721,3.0049347046537287,4.808172653372244
7,117,mlp,target_somo_somo_elst_corrected_signed_kcal_mol,mlp_128_64_32_a1e-3,2582,2194,388,19,42,42,42,-0.0378395040218222,3.543649780559778,5.11638261440223
7,118,mlp,target_somo_somo_elst_corrected_signed_kcal_mol,mlp_128_64_32_a1e-3,2582,2194,388,19,42,42,42,-0.0417826736056292,3.0348881266784997,4.695986301086846
7,119,mlp,target_somo_somo_elst_corrected_signed_kcal_mol,mlp_128_64_32_a1e-3,2582,2194,388,19,42,42,42,-0.0464021812289559,3.214254209036864,5.19127899422536
7,120,mlp,target_somo_somo_elst_corrected_signed_kcal_mol,mlp_128_64_32_a1e-3,2582,2194,388,19,42,42,42,-0.0111651977654199,3.191101954641491,5.3157867063776525
7,121,mlp,target_somo_somo_elst_corrected_signed_kcal_mol,mlp_128_64_32_a1e-3,2582,2194,388,19,42,42,42,-0.0012122164639052,3.216946425821025,4.915115825149374
7,122,mlp,target_somo_somo_elst_corrected_signed_kcal_mol,mlp_128_64_32_a1e-3,2582,2194,388,19,42,42,42,-0.0603420632756073,3.635126509103465,4.912325504567376
7,123,mlp,target_somo_somo_elst_corrected_signed_kcal_mol,mlp_128_64_32_a1e-3,2582,2194,388,19,42,42,42,-0.0049126265749466,3.216089335015608,4.684378309132152
7,124,mlp,target_somo_somo_elst_corrected_signed_kcal_mol,mlp_128_64_32_a1e-3,2582,2194,388,19,42,42,42,-0.006325271068885,3.4436735797948845,5.0585411708547
7,125,mlp,target_somo_somo_elst_corrected_signed_kcal_mol,mlp_128_64_32_a1e-3,2582,2194,388,19,42,42,42,-0.0150096383981515,3.407605060007989,5.281891417446775
7,126,mlp,target_somo_somo_elst_corrected_signed_kcal_mol,mlp_128_64_32_a1e-3,2582,2194,388,19,42,42,42,-0.0223497098722331,3.6997565675215767,5.416954314355405
7,127,mlp,target_somo_somo_elst_corrected_signed_kcal_mol,mlp_128_64_32_a1e-3,2582,2194,388,19,42,42,42,-0.0131190965484442,3.327046171573204,4.8108197006561815
7,128,mlp,target_somo_somo_elst_corrected_signed_kcal_mol,mlp_128_64_32_a1e-3,2582,2194,388,19,42,42,42,-0.009407830440578,3.540618739876896,5.847363231930547
7,129,mlp,target_somo_somo_elst_corrected_signed_kcal_mol,mlp_128_64_32_a1e-3,2582,2194,388,19,42,42,42,-0.043512390956744,3.499463441723067,5.532188430983582
7,130,mlp,target_somo_somo_elst_corrected_signed_kcal_mol,mlp_128_64_32_a1e-3,2582,2194,388,19,42,42,42,-0.0147607302024654,3.0821780817099835,4.5370898336993335
7,131,mlp,target_somo_somo_elst_corrected_signed_kcal_mol,mlp_128_64_32_a1e-3,2582,2194,388,19,42,42,42,-0.0503959958546007,3.71057090393524,6.139977817243041
7,132,mlp,target_somo_somo_elst_corrected_signed_kcal_mol,mlp_128_64_32_a1e-3,2582,2194,388,19,42,42,42,-0.0059138557800932,2.895847184264099,4.211111461537279
7,133,mlp,target_somo_somo_elst_corrected_signed_kcal_mol,mlp_128_64_32_a1e-3,2582,2194,388,19,42,42,42,-0.0369596627462103,3.3942984246180026,5.851059291578061
7,134,mlp,target_somo_somo_elst_corrected_signed_kcal_mol,mlp_128_64_32_a1e-3,2582,2194,388,19,42,42,42,-0.0127181477376849,3.694102640885709,5.735565707445111
7,135,mlp,target_somo_somo_elst_corrected_signed_kcal_mol,mlp_128_64_32_a1e-3,2582,2194,388,19,42,42,42,-0.0098446270754952,3.2507236985736565,5.677553813106946
7,136,mlp,target_somo_somo_elst_corrected_signed_kcal_mol,mlp_128_64_32_a1e-3,2582,2194,388,19,42,42,42,-0.0100750417249588,3.243673585907651,5.232361240775999
7,137,mlp,target_somo_somo_elst_corrected_signed_kcal_mol,mlp_128_64_32_a1e-3,2582,2194,388,19,42,42,42,-0.0211015817088551,3.115351751611289,4.82299488398937
7,138,mlp,target_somo_somo_elst_corrected_signed_kcal_mol,mlp_128_64_32_a1e-3,2582,2194,388,19,42,42,42,-0.0453181545383241,3.300053664199944,5.0297993836241535
7,139,mlp,target_somo_somo_elst_corrected_signed_kcal_mol,mlp_128_64_32_a1e-3,2582,2194,388,19,42,42,42,-0.0097953472571605,3.163749412198297,4.694561678594061
7,140,mlp,target_somo_somo_elst_corrected_signed_kcal_mol,mlp_128_64_32_a1e-3,2582,2194,388,19,42,42,42,-0.0092072131896137,3.1049528252338754,4.712095403679867
7,141,mlp,target_somo_somo_elst_corrected_signed_kcal_mol,mlp_128_64_32_a1e-3,2582,2194,388,19,42,42,42,-0.0107997458589159,3.1248974196631565,4.581511139275876
7,142,mlp,target_somo_somo_elst_corrected_signed_kcal_mol,mlp_128_64_32_a1e-3,2582,2194,388,19,42,42,42,-0.0219743762094273,3.2353550242629208,5.000008903068937
7,143,mlp,target_somo_somo_elst_corrected_signed_kcal_mol,mlp_128_64_32_a1e-3,2582,2194,388,19,42,42,42,-0.0257922906967571,3.0247709835844203,4.401228730736899
7,144,mlp,target_somo_somo_elst_corrected_signed_kcal_mol,mlp_128_64_32_a1e-3,2582,2194,388,19,42,42,42,-0.0049006484789044,3.5970402368415946,6.050513281391067
7,145,mlp,target_somo_somo_elst_corrected_signed_kcal_mol,mlp_128_64_32_a1e-3,2582,2194,388,19,42,42,42,-0.0257911340707901,3.2330174029160523,4.893685559575014
7,146,mlp,target_somo_somo_elst_corrected_signed_kcal_mol,mlp_128_64_32_a1e-3,2582,2194,388,19,42,42,42,-0.0126619825656424,3.4124483141976545,5.738546490745036
7,147,mlp,target_somo_somo_elst_corrected_signed_kcal_mol,mlp_128_64_32_a1e-3,2582,2194,388,19,42,42,42,-0.0321675839157884,3.631211084484485,5.852551831462004
7,148,mlp,target_somo_somo_elst_corrected_signed_kcal_mol,mlp_128_64_32_a1e-3,2582,2194,388,19,42,42,42,-0.0223654885959374,3.370299305004103,5.171431903058467
7,149,mlp,target_somo_somo_elst_corrected_signed_kcal_mol,mlp_128_64_32_a1e-3,2582,2194,388,19,42,42,42,-0.1060289861620895,3.2365560908650064,4.379618596613331
7,150,mlp,target_somo_somo_elst_corrected_signed_kcal_mol,mlp_128_64_32_a1e-3,2582,2194,388,19,42,42,42,-0.0244760618631505,3.208371778749449,4.966078952190382
7,151,mlp,target_somo_somo_elst_corrected_signed_kcal_mol,mlp_128_64_32_a1e-3,2582,2194,388,19,42,42,42,-0.0051312492379378,3.156681029656945,4.482117706848764
7,152,mlp,target_somo_somo_elst_corrected_signed_kcal_mol,mlp_128_64_32_a1e-3,2582,2194,388,19,42,42,42,-0.0354011043130344,3.1630545056278434,5.006225871328048
7,153,mlp,target_somo_somo_elst_corrected_signed_kcal_mol,mlp_128_64_32_a1e-3,2582,2194,388,19,42,42,42,-0.0075584867653668,3.131359302201709,4.511986662744333
7,154,mlp,target_somo_somo_elst_corrected_signed_kcal_mol,mlp_128_64_32_a1e-3,2582,2194,388,19,42,42,42,-0.0280136155547183,3.368528589116242,5.679236776998474
7,155,mlp,target_somo_somo_elst_corrected_signed_kcal_mol,mlp_128_64_32_a1e-3,2582,2194,388,19,42,42,42,-0.0291099391368261,3.385035818453266,5.575974119469616
7,156,mlp,target_somo_somo_elst_corrected_signed_kcal_mol,mlp_128_64_32_a1e-3,2582,2194,388,19,42,42,42,-0.0411523106105413,3.1719900482819576,4.255204623673396
7,157,mlp,target_somo_somo_elst_corrected_signed_kcal_mol,mlp_128_64_32_a1e-3,2582,2194,388,19,42,42,42,-0.0022846207137603,3.0778370752593687,4.733446392300214
7,158,mlp,target_somo_somo_elst_corrected_signed_kcal_mol,mlp_128_64_32_a1e-3,2582,2194,388,19,42,42,42,-0.0056559930654715,3.3221575556820597,5.3593902294274125
7,159,mlp,target_somo_somo_elst_corrected_signed_kcal_mol,mlp_128_64_32_a1e-3,2582,2194,388,19,42,42,42,-0.0222387770482834,3.266495238544837,4.505348043797926
7,160,mlp,target_somo_somo_elst_corrected_signed_kcal_mol,mlp_128_64_32_a1e-3,2582,2194,388,19,42,42,42,-0.0093048927680838,3.340217135758022,5.139934694468796
7,161,mlp,target_somo_somo_elst_corrected_signed_kcal_mol,mlp_128_64_32_a1e-3,2582,2194,388,19,42,42,42,-0.0147965694930054,3.089803058669995,4.733180235613164
7,162,mlp,target_somo_somo_elst_corrected_signed_kcal_mol,mlp_128_64_32_a1e-3,2582,2194,388,19,42,42,42,-0.0219282479257374,3.4550580913835787,5.923191211647963
7,163,mlp,target_somo_somo_elst_corrected_signed_kcal_mol,mlp_128_64_32_a1e-3,2582,2194,388,19,42,42,42,-0.0070883063503781,3.4192967445751514,5.490461169256074
7,164,mlp,target_somo_somo_elst_corrected_signed_kcal_mol,mlp_128_64_32_a1e-3,2582,2194,388,19,42,42,42,-0.0298382215922872,3.29527942168808,4.784158892860938
7,165,mlp,target_somo_somo_elst_corrected_signed_kcal_mol,mlp_128_64_32_a1e-3,2582,2194,388,19,42,42,42,-0.0044451571284609,3.305177832362063,5.501206251420066
7,166,mlp,target_somo_somo_elst_corrected_signed_kcal_mol,mlp_128_64_32_a1e-3,2582,2194,388,19,42,42,42,-0.0419592887810624,3.1362540531364664,4.523612216347606
7,167,mlp,target_somo_somo_elst_corrected_signed_kcal_mol,mlp_128_64_32_a1e-3,2582,2194,388,19,42,42,42,-0.0672922608242994,2.91530929894585,3.970955121413729
7,168,mlp,target_somo_somo_elst_corrected_signed_kcal_mol,mlp_128_64_32_a1e-3,2582,2194,388,19,42,42,42,-0.0723980564031183,3.080121824124268,4.689354954608486
7,169,mlp,target_somo_somo_elst_corrected_signed_kcal_mol,mlp_128_64_32_a1e-3,2582,2194,388,19,42,42,42,-0.0230230174688081,2.850451113694312,4.232468756230225
7,170,mlp,target_somo_somo_elst_corrected_signed_kcal_mol,mlp_128_64_32_a1e-3,2582,2194,388,19,42,42,42,-0.0487405173158936,3.3220108922983527,4.803765425097767
7,171,mlp,target_somo_somo_elst_corrected_signed_kcal_mol,mlp_128_64_32_a1e-3,2582,2194,388,19,42,42,42,-0.0215200866785387,3.437464783879927,6.089419604426412
7,172,mlp,target_somo_somo_elst_corrected_signed_kcal_mol,mlp_128_64_32_a1e-3,2582,2194,388,19,42,42,42,-0.0090445113440176,3.102299502851067,5.169185583637705
7,173,mlp,target_somo_somo_elst_corrected_signed_kcal_mol,mlp_128_64_32_a1e-3,2582,2194,388,19,42,42,42,-0.0155712987055947,3.732589253387093,5.803561185294123
7,174,mlp,target_somo_somo_elst_corrected_signed_kcal_mol,mlp_128_64_32_a1e-3,2582,2194,388,19,42,42,42,-0.117801575772281,2.930364968293448,4.2050279696676895
7,175,mlp,target_somo_somo_elst_corrected_signed_kcal_mol,mlp_128_64_32_a1e-3,2582,2194,388,19,42,42,42,-0.0191233030799933,3.5335089486339024,5.729417232476342
7,176,mlp,target_somo_somo_elst_corrected_signed_kcal_mol,mlp_128_64_32_a1e-3,2582,2194,388,19,42,42,42,-0.0158329332113558,3.2405834190344147,4.781520698540775
7,177,mlp,target_somo_somo_elst_corrected_signed_kcal_mol,mlp_128_64_32_a1e-3,2582,2194,388,19,42,42,42,-0.0175725154604164,3.183624069141393,4.880313359793796
7,178,mlp,target_somo_somo_elst_corrected_signed_kcal_mol,mlp_128_64_32_a1e-3,2582,2194,388,19,42,42,42,-0.0253090608877974,3.4835512435264704,5.227375108096751
7,179,mlp,target_somo_somo_elst_corrected_signed_kcal_mol,mlp_128_64_32_a1e-3,2582,2194,388,19,42,42,42,-0.0273317431217334,3.310665827364704,5.399671331190888
7,180,mlp,target_somo_somo_elst_corrected_signed_kcal_mol,mlp_128_64_32_a1e-3,2582,2194,388,19,42,42,42,-0.010926367283669,3.1836662170048475,4.645249734244255
7,181,mlp,target_somo_somo_elst_corrected_signed_kcal_mol,mlp_128_64_32_a1e-3,2582,2194,388,19,42,42,42,-0.0088168284950416,3.0734334234656586,4.445419135611404
7,182,mlp,target_somo_somo_elst_corrected_signed_kcal_mol,mlp_128_64_32_a1e-3,2582,2194,388,19,42,42,42,0.0038156559808094,3.3747019100757085,5.240918155177136
7,183,mlp,target_somo_somo_elst_corrected_signed_kcal_mol,mlp_128_64_32_a1e-3,2582,2194,388,19,42,42,42,-0.0214210193807795,3.2166219771844355,5.285746600242527
7,184,mlp,target_somo_somo_elst_corrected_signed_kcal_mol,mlp_128_64_32_a1e-3,2582,2194,388,19,42,42,42,-0.0293329072500427,3.5241447150324205,5.005627821051425
7,185,mlp,target_somo_somo_elst_corrected_signed_kcal_mol,mlp_128_64_32_a1e-3,2582,2194,388,19,42,42,42,-0.0298275529647835,3.2273237845394926,5.182472604207027
7,186,mlp,target_somo_somo_elst_corrected_signed_kcal_mol,mlp_128_64_32_a1e-3,2582,2194,388,19,42,42,42,-0.0446095112789117,3.4305197905818035,5.701436350467013
7,187,mlp,target_somo_somo_elst_corrected_signed_kcal_mol,mlp_128_64_32_a1e-3,2582,2194,388,19,42,42,42,-0.0176794475191761,3.4891396826503644,5.261789902600285
7,188,mlp,target_somo_somo_elst_corrected_signed_kcal_mol,mlp_128_64_32_a1e-3,2582,2194,388,19,42,42,42,-0.0129282853433345,3.385513475664557,5.353102277738609
7,189,mlp,target_somo_somo_elst_corrected_signed_kcal_mol,mlp_128_64_32_a1e-3,2582,2194,388,19,42,42,42,-0.0172485756542939,3.6536106125953087,6.071778642731406
7,190,mlp,target_somo_somo_elst_corrected_signed_kcal_mol,mlp_128_64_32_a1e-3,2582,2194,388,19,42,42,42,-0.0214618521084304,2.994227181668558,4.412795781445278
7,191,mlp,target_somo_somo_elst_corrected_signed_kcal_mol,mlp_128_64_32_a1e-3,2582,2194,388,19,42,42,42,-0.0536233903797278,3.016692946673696,4.345177265336498
7,192,mlp,target_somo_somo_elst_corrected_signed_kcal_mol,mlp_128_64_32_a1e-3,2582,2194,388,19,42,42,42,-0.0212308199126074,3.085571719053607,4.365435234094834
7,193,mlp,target_somo_somo_elst_corrected_signed_kcal_mol,mlp_128_64_32_a1e-3,2582,2194,388,19,42,42,42,-0.0703349401868689,3.1938397016499973,4.012725836525479
7,194,mlp,target_somo_somo_elst_corrected_signed_kcal_mol,mlp_128_64_32_a1e-3,2582,2194,388,19,42,42,42,-0.0101402411857922,3.287905234026089,4.991353030559515
7,195,mlp,target_somo_somo_elst_corrected_signed_kcal_mol,mlp_128_64_32_a1e-3,2582,2194,388,19,42,42,42,-0.0123639546183738,3.2679503581425835,4.978029386294703
7,196,mlp,target_somo_somo_elst_corrected_signed_kcal_mol,mlp_128_64_32_a1e-3,2582,2194,388,19,42,42,42,-0.028845735350135,3.339178900671964,4.853178167173412
7,197,mlp,target_somo_somo_elst_corrected_signed_kcal_mol,mlp_128_64_32_a1e-3,2582,2194,388,19,42,42,42,-0.0396310460656235,3.196271713403516,5.344478824904608
7,198,mlp,target_somo_somo_elst_corrected_signed_kcal_mol,mlp_128_64_32_a1e-3,2582,2194,388,19,42,42,42,-0.0079859094924381,3.178065009607953,4.575160225187941
7,199,mlp,target_somo_somo_elst_corrected_signed_kcal_mol,mlp_128_64_32_a1e-3,2582,2194,388,19,42,42,42,0.0017593478266606,3.24642052484363,5.185236644331363
7,200,mlp,target_somo_somo_elst_corrected_signed_kcal_mol,mlp_128_64_32_a1e-3,2582,2194,388,19,42,42,42,-0.0339088369491007,3.3442797336011134,4.773200488810976
7,201,mlp,target_somo_somo_elst_corrected_signed_kcal_mol,mlp_128_64_32_a1e-3,2582,2194,388,19,42,42,42,-0.0878733629292669,3.65777433222588,5.825930199506753
7,202,mlp,target_somo_somo_elst_corrected_signed_kcal_mol,mlp_128_64_32_a1e-3,2582,2194,388,19,42,42,42,-0.0254564173395761,3.343974746625356,5.026882404101415
7,203,mlp,target_somo_somo_elst_corrected_signed_kcal_mol,mlp_128_64_32_a1e-3,2582,2194,388,19,42,42,42,-0.0204308481132851,3.6487246242540654,6.383609523973046
7,204,mlp,target_somo_somo_elst_corrected_signed_kcal_mol,mlp_128_64_32_a1e-3,2582,2194,388,19,42,42,42,-0.0265694759133257,3.174419516104193,4.707262513462926
7,205,mlp,target_somo_somo_elst_corrected_signed_kcal_mol,mlp_128_64_32_a1e-3,2582,2194,388,19,42,42,42,-0.0317427491116231,3.2521070741651346,4.745242236676536
7,206,mlp,target_somo_somo_elst_corrected_signed_kcal_mol,mlp_128_64_32_a1e-3,2582,2194,388,19,42,42,42,-0.0162332865616847,3.4548488588295974,4.872356423725599
7,207,mlp,target_somo_somo_elst_corrected_signed_kcal_mol,mlp_128_64_32_a1e-3,2582,2194,388,19,42,42,42,-0.0065319435936088,3.4954995794446626,5.55235732752189
7,208,mlp,target_somo_somo_elst_corrected_signed_kcal_mol,mlp_128_64_32_a1e-3,2582,2194,388,19,42,42,42,-0.0694753994296091,3.074052153164579,4.412881909980761
7,209,mlp,target_somo_somo_elst_corrected_signed_kcal_mol,mlp_128_64_32_a1e-3,2582,2194,388,19,42,42,42,-0.02968984647238,3.278447944345186,5.305917027748655
7,210,mlp,target_somo_somo_elst_corrected_signed_kcal_mol,mlp_128_64_32_a1e-3,2582,2194,388,19,42,42,42,-0.014538627886415,3.184064717694139,4.796123715262176
7,211,mlp,target_somo_somo_elst_corrected_signed_kcal_mol,mlp_128_64_32_a1e-3,2582,2194,388,19,42,42,42,-0.0116602200407969,3.359681915785812,5.31521075725719
7,212,mlp,target_somo_somo_elst_corrected_signed_kcal_mol,mlp_128_64_32_a1e-3,2582,2194,388,19,42,42,42,-0.0136507368032237,3.185770806828511,4.858961140431598
7,213,mlp,target_somo_somo_elst_corrected_signed_kcal_mol,mlp_128_64_32_a1e-3,2582,2194,388,19,42,42,42,-0.0064192988749585,3.2526835560396097,5.020163140120374
7,214,mlp,target_somo_somo_elst_corrected_signed_kcal_mol,mlp_128_64_32_a1e-3,2582,2194,388,19,42,42,42,-0.0064377936869641,3.498025632700235,5.544699896533006
7,215,mlp,target_somo_somo_elst_corrected_signed_kcal_mol,mlp_128_64_32_a1e-3,2582,2194,388,19,42,42,42,0.0012208539349984,3.1459870964049954,4.562385110972916
7,216,mlp,target_somo_somo_elst_corrected_signed_kcal_mol,mlp_128_64_32_a1e-3,2582,2194,388,19,42,42,42,-0.0119565357231508,3.1834852718229865,4.922941106442952
7,217,mlp,target_somo_somo_elst_corrected_signed_kcal_mol,mlp_128_64_32_a1e-3,2582,2194,388,19,42,42,42,-0.0172801485923703,3.3985512107230003,5.485013862482975
7,218,mlp,target_somo_somo_elst_corrected_signed_kcal_mol,mlp_128_64_32_a1e-3,2582,2194,388,19,42,42,42,-0.0185100907619821,3.366843602752542,4.959435489819265
7,219,mlp,target_somo_somo_elst_corrected_signed_kcal_mol,mlp_128_64_32_a1e-3,2582,2194,388,19,42,42,42,-0.0075207061982633,3.166083230512727,4.685569083559062
7,220,mlp,target_somo_somo_elst_corrected_signed_kcal_mol,mlp_128_64_32_a1e-3,2582,2194,388,19,42,42,42,-0.0394098446145882,3.447780428998247,5.031466097143056
7,221,mlp,target_somo_somo_elst_corrected_signed_kcal_mol,mlp_128_64_32_a1e-3,2582,2194,388,19,42,42,42,-0.009596261623276,3.354874243686533,5.214363923265234
7,222,mlp,target_somo_somo_elst_corrected_signed_kcal_mol,mlp_128_64_32_a1e-3,2582,2194,388,19,42,42,42,-0.0226023959429479,3.106994789909035,5.046786789835636
7,223,mlp,target_somo_somo_elst_corrected_signed_kcal_mol,mlp_128_64_32_a1e-3,2582,2194,388,19,42,42,42,-0.0035082676513975,3.147887567342588,4.806783728955507
7,224,mlp,target_somo_somo_elst_corrected_signed_kcal_mol,mlp_128_64_32_a1e-3,2582,2194,388,19,42,42,42,-0.0207547873182252,3.0074439426115576,4.636021137325004
7,225,mlp,target_somo_somo_elst_corrected_signed_kcal_mol,mlp_128_64_32_a1e-3,2582,2194,388,19,42,42,42,-0.0126004353912594,3.6731089053331543,5.933630418619117
7,226,mlp,target_somo_somo_elst_corrected_signed_kcal_mol,mlp_128_64_32_a1e-3,2582,2194,388,19,42,42,42,0.0055685039273422,3.470179495057117,5.362494821732098
7,227,mlp,target_somo_somo_elst_corrected_signed_kcal_mol,mlp_128_64_32_a1e-3,2582,2194,388,19,42,42,42,-0.0015726567182547,3.39248487392744,5.148710981096533
7,228,mlp,target_somo_somo_elst_corrected_signed_kcal_mol,mlp_128_64_32_a1e-3,2582,2194,388,19,42,42,42,-0.0139765229237016,3.588754964432508,5.744712453971864
7,229,mlp,target_somo_somo_elst_corrected_signed_kcal_mol,mlp_128_64_32_a1e-3,2582,2194,388,19,42,42,42,-0.00243664789634,2.776045613789269,4.302849011316835
7,230,mlp,target_somo_somo_elst_corrected_signed_kcal_mol,mlp_128_64_32_a1e-3,2582,2194,388,19,42,42,42,-0.0002402003349339,3.207202699588304,4.836387038001438
7,231,mlp,target_somo_somo_elst_corrected_signed_kcal_mol,mlp_128_64_32_a1e-3,2582,2194,388,19,42,42,42,-0.0200869915410775,3.275036447237853,4.749615785287502
7,232,mlp,target_somo_somo_elst_corrected_signed_kcal_mol,mlp_128_64_32_a1e-3,2582,2194,388,19,42,42,42,-0.0143127991528317,3.190392089316221,5.443438097752513
7,233,mlp,target_somo_somo_elst_corrected_signed_kcal_mol,mlp_128_64_32_a1e-3,2582,2194,388,19,42,42,42,-0.0172842286589383,3.164759048991745,5.05585245673925
7,234,mlp,target_somo_somo_elst_corrected_signed_kcal_mol,mlp_128_64_32_a1e-3,2582,2194,388,19,42,42,42,-0.008195820899663,3.056569508138595,4.537885230552172
7,235,mlp,target_somo_somo_elst_corrected_signed_kcal_mol,mlp_128_64_32_a1e-3,2582,2194,388,19,42,42,42,-0.0145635420879759,3.360891846653597,5.337354736990313
7,236,mlp,target_somo_somo_elst_corrected_signed_kcal_mol,mlp_128_64_32_a1e-3,2582,2194,388,19,42,42,42,-0.0063196997029899,3.3296745856727297,5.221815707650642
7,237,mlp,target_somo_somo_elst_corrected_signed_kcal_mol,mlp_128_64_32_a1e-3,2582,2194,388,19,42,42,42,-0.0100364033702888,3.302098363078473,5.018146032906024
7,238,mlp,target_somo_somo_elst_corrected_signed_kcal_mol,mlp_128_64_32_a1e-3,2582,2194,388,19,42,42,42,-0.0189675513409126,3.245811672330733,4.92725450928435
7,239,mlp,target_somo_somo_elst_corrected_signed_kcal_mol,mlp_128_64_32_a1e-3,2582,2194,388,19,42,42,42,-0.0095930195593842,3.32489548874754,5.169837570647951
7,240,mlp,target_somo_somo_elst_corrected_signed_kcal_mol,mlp_128_64_32_a1e-3,2582,2194,388,19,42,42,42,-0.0201910389451041,3.280403072742609,5.457472346043741
7,241,mlp,target_somo_somo_elst_corrected_signed_kcal_mol,mlp_128_64_32_a1e-3,2582,2194,388,19,42,42,42,-0.0226899985782578,3.508450346618861,5.471138694250705
7,242,mlp,target_somo_somo_elst_corrected_signed_kcal_mol,mlp_128_64_32_a1e-3,2582,2194,388,19,42,42,42,-0.0217852679337304,3.3718420205723105,5.006855744634113
7,243,mlp,target_somo_somo_elst_corrected_signed_kcal_mol,mlp_128_64_32_a1e-3,2582,2194,388,19,42,42,42,-0.0185073314056127,3.283104270187466,5.362827155391853
7,244,mlp,target_somo_somo_elst_corrected_signed_kcal_mol,mlp_128_64_32_a1e-3,2582,2194,388,19,42,42,42,-0.0425630323738799,3.339911498179063,4.9409629686325305
7,245,mlp,target_somo_somo_elst_corrected_signed_kcal_mol,mlp_128_64_32_a1e-3,2582,2194,388,19,42,42,42,-0.0226613267319948,3.1580793663826694,4.688448198226803
7,246,mlp,target_somo_somo_elst_corrected_signed_kcal_mol,mlp_128_64_32_a1e-3,2582,2194,388,19,42,42,42,-0.0078363884135645,3.3459916352183416,5.553459657701722
7,247,mlp,target_somo_somo_elst_corrected_signed_kcal_mol,mlp_128_64_32_a1e-3,2582,2194,388,19,42,42,42,0.0095008095660351,3.20623341052685,4.898610759227613
7,248,mlp,target_somo_somo_elst_corrected_signed_kcal_mol,mlp_128_64_32_a1e-3,2582,2194,388,19,42,42,42,-0.0074733398858684,3.4884750804292946,5.261159701550454
7,249,mlp,target_somo_somo_elst_corrected_signed_kcal_mol,mlp_128_64_32_a1e-3,2582,2194,388,19,42,42,42,-0.0033275552720339,3.35895096531184,5.364915902506713
7,250,mlp,target_somo_somo_elst_corrected_signed_kcal_mol,mlp_128_64_32_a1e-3,2582,2194,388,19,42,42,42,-0.0038609649505871,3.3991630461638813,5.44607921295822
7,251,mlp,target_somo_somo_elst_corrected_signed_kcal_mol,mlp_128_64_32_a1e-3,2582,2194,388,19,42,42,42,-0.0346601236686052,3.2200600926311376,4.520269299210244
7,252,mlp,target_somo_somo_elst_corrected_signed_kcal_mol,mlp_128_64_32_a1e-3,2582,2194,388,19,42,42,42,-0.0156300245491189,3.252108765301612,5.236757591480616
7,253,mlp,target_somo_somo_elst_corrected_signed_kcal_mol,mlp_128_64_32_a1e-3,2582,2194,388,19,42,42,42,-0.0149356798141784,3.2773754392846626,5.136653904166454
7,254,mlp,target_somo_somo_elst_corrected_signed_kcal_mol,mlp_128_64_32_a1e-3,2582,2194,388,19,42,42,42,-0.0209926902946089,3.720079848000793,6.169220404863732
7,255,mlp,target_somo_somo_elst_corrected_signed_kcal_mol,mlp_128_64_32_a1e-3,2582,2194,388,19,42,42,42,0.0072491536785178,3.4242150383375494,5.16459647414363
7,256,mlp,target_somo_somo_elst_corrected_signed_kcal_mol,mlp_128_64_32_a1e-3,2582,2194,388,19,42,42,42,-0.0132596729858067,3.370472865236483,5.160916490905273
7,257,mlp,target_somo_somo_elst_corrected_signed_kcal_mol,mlp_128_64_32_a1e-3,2582,2194,388,19,42,42,42,0.0081536559541041,3.4535053762857504,5.590883883450872
7,258,mlp,target_somo_somo_elst_corrected_signed_kcal_mol,mlp_128_64_32_a1e-3,2582,2194,388,19,42,42,42,-0.0200662812039602,2.7218940783358674,4.20564442253924
7,259,mlp,target_somo_somo_elst_corrected_signed_kcal_mol,mlp_128_64_32_a1e-3,2582,2194,388,19,42,42,42,-0.0212284925747883,3.3481151219143244,5.675719980684983
7,260,mlp,target_somo_somo_elst_corrected_signed_kcal_mol,mlp_128_64_32_a1e-3,2582,2194,388,19,42,42,42,-0.0135386657746923,3.426346728271144,5.535483063351961
7,261,mlp,target_somo_somo_elst_corrected_signed_kcal_mol,mlp_128_64_32_a1e-3,2582,2194,388,19,42,42,42,-0.018737544869722,3.5510071742582614,5.853327360910398
7,262,mlp,target_somo_somo_elst_corrected_signed_kcal_mol,mlp_128_64_32_a1e-3,2582,2194,388,19,42,42,42,-0.0246175848347889,3.466049795223608,5.356837601093758
7,263,mlp,target_somo_somo_elst_corrected_signed_kcal_mol,mlp_128_64_32_a1e-3,2582,2194,388,19,42,42,42,-0.0458464865915306,3.3562101005080884,5.110926735700999
7,264,mlp,target_somo_somo_elst_corrected_signed_kcal_mol,mlp_128_64_32_a1e-3,2582,2194,388,19,42,42,42,-0.0107901691605167,3.4142236751890134,5.486908664769329
7,265,mlp,target_somo_somo_elst_corrected_signed_kcal_mol,mlp_128_64_32_a1e-3,2582,2194,388,19,42,42,42,-0.0082709521917494,3.2931357147382143,5.087829852309318
7,266,mlp,target_somo_somo_elst_corrected_signed_kcal_mol,mlp_128_64_32_a1e-3,2582,2194,388,19,42,42,42,-0.0461857401080534,3.279571507200088,5.388480037749527
7,267,mlp,target_somo_somo_elst_corrected_signed_kcal_mol,mlp_128_64_32_a1e-3,2582,2194,388,19,42,42,42,-0.0180303715526792,3.556629078438937,5.465228590360462
7,268,mlp,target_somo_somo_elst_corrected_signed_kcal_mol,mlp_128_64_32_a1e-3,2582,2194,388,19,42,42,42,-0.0188893510464633,3.103710813442846,5.073198904448402
7,269,mlp,target_somo_somo_elst_corrected_signed_kcal_mol,mlp_128_64_32_a1e-3,2582,2194,388,19,42,42,42,-0.010781281479913,3.0334417560834974,5.101344265244774
7,270,mlp,target_somo_somo_elst_corrected_signed_kcal_mol,mlp_128_64_32_a1e-3,2582,2194,388,19,42,42,42,0.0085150558046737,3.324550755548608,5.219483895832288
7,271,mlp,target_somo_somo_elst_corrected_signed_kcal_mol,mlp_128_64_32_a1e-3,2582,2194,388,19,42,42,42,-0.0145843340707452,3.427491608520082,5.2617259541498935
7,272,mlp,target_somo_somo_elst_corrected_signed_kcal_mol,mlp_128_64_32_a1e-3,2582,2194,388,19,42,42,42,-0.0195140076092754,3.2567089707040218,5.060790435384559
7,273,mlp,target_somo_somo_elst_corrected_signed_kcal_mol,mlp_128_64_32_a1e-3,2582,2194,388,19,42,42,42,-0.0101605165973042,3.3863597824456098,4.803556340423542
7,274,mlp,target_somo_somo_elst_corrected_signed_kcal_mol,mlp_128_64_32_a1e-3,2582,2194,388,19,42,42,42,-0.0088135512158955,3.379914977253452,4.787069499949542
7,275,mlp,target_somo_somo_elst_corrected_signed_kcal_mol,mlp_128_64_32_a1e-3,2582,2194,388,19,42,42,42,-0.0371029958072552,3.379560668820061,5.2421262236110895
7,276,mlp,target_somo_somo_elst_corrected_signed_kcal_mol,mlp_128_64_32_a1e-3,2582,2194,388,19,42,42,42,-0.0235572525063036,3.3803377209880985,5.229774515895457
7,277,mlp,target_somo_somo_elst_corrected_signed_kcal_mol,mlp_128_64_32_a1e-3,2582,2194,388,19,42,42,42,-0.0167468926935556,3.5254579615015,5.679157486771095
7,278,mlp,target_somo_somo_elst_corrected_signed_kcal_mol,mlp_128_64_32_a1e-3,2582,2194,388,19,42,42,42,-0.0227025462262449,3.275636505933443,4.969374198662992
7,279,mlp,target_somo_somo_elst_corrected_signed_kcal_mol,mlp_128_64_32_a1e-3,2582,2194,388,19,42,42,42,0.0017958383886735,3.3348230409450266,5.384790056236319
7,280,mlp,target_somo_somo_elst_corrected_signed_kcal_mol,mlp_128_64_32_a1e-3,2582,2194,388,19,42,42,42,-0.0267855796425851,3.231393169760448,4.813796985631269
7,281,mlp,target_somo_somo_elst_corrected_signed_kcal_mol,mlp_128_64_32_a1e-3,2582,2194,388,19,42,42,42,-0.0198865296283532,3.523676866714716,5.160327892183705
7,282,mlp,target_somo_somo_elst_corrected_signed_kcal_mol,mlp_128_64_32_a1e-3,2582,2194,388,19,42,42,42,-0.0283678898308403,3.3667426575648203,5.211653150834507
7,283,mlp,target_somo_somo_elst_corrected_signed_kcal_mol,mlp_128_64_32_a1e-3,2582,2194,388,19,42,42,42,-0.002236518596433,3.195187027618549,5.747274188018239
7,284,mlp,target_somo_somo_elst_corrected_signed_kcal_mol,mlp_128_64_32_a1e-3,2582,2194,388,19,42,42,42,-0.0238426110144571,3.3556228555372427,5.484957455711346
7,285,mlp,target_somo_somo_elst_corrected_signed_kcal_mol,mlp_128_64_32_a1e-3,2582,2194,388,19,42,42,42,-0.0144063721676694,3.3562493647656693,5.351327935268602
7,286,mlp,target_somo_somo_elst_corrected_signed_kcal_mol,mlp_128_64_32_a1e-3,2582,2194,388,19,42,42,42,-0.0214361802540921,3.461038595633674,5.348119823097926
7,287,mlp,target_somo_somo_elst_corrected_signed_kcal_mol,mlp_128_64_32_a1e-3,2582,2194,388,19,42,42,42,0.0043001860076506,3.114323390777733,4.670092139100364
7,288,mlp,target_somo_somo_elst_corrected_signed_kcal_mol,mlp_128_64_32_a1e-3,2582,2194,388,19,42,42,42,-0.0052175442908881,3.099069165491009,4.863877728177609
7,289,mlp,target_somo_somo_elst_corrected_signed_kcal_mol,mlp_128_64_32_a1e-3,2582,2194,388,19,42,42,42,-0.0157144612964628,3.303233751945242,5.025971448994324
7,290,mlp,target_somo_somo_elst_corrected_signed_kcal_mol,mlp_128_64_32_a1e-3,2582,2194,388,19,42,42,42,-0.0272457613829069,2.987107544512088,4.6228570079181175
7,291,mlp,target_somo_somo_elst_corrected_signed_kcal_mol,mlp_128_64_32_a1e-3,2582,2194,388,19,42,42,42,-0.0461654624801171,3.418583422889331,5.324324628908174
7,292,mlp,target_somo_somo_elst_corrected_signed_kcal_mol,mlp_128_64_32_a1e-3,2582,2194,388,19,42,42,42,-0.012206207359465,3.1376424787787576,4.289693189287736
7,293,mlp,target_somo_somo_elst_corrected_signed_kcal_mol,mlp_128_64_32_a1e-3,2582,2194,388,19,42,42,42,-0.0179891253979396,3.4681931294761994,5.959210119053811
7,294,mlp,target_somo_somo_elst_corrected_signed_kcal_mol,mlp_128_64_32_a1e-3,2582,2194,388,19,42,42,42,-0.0027822762921436,3.021772992760423,4.344330226953154
7,295,mlp,target_somo_somo_elst_corrected_signed_kcal_mol,mlp_128_64_32_a1e-3,2582,2194,388,19,42,42,42,-0.0230556758435342,3.2587509594439967,4.762192379136075
7,296,mlp,target_somo_somo_elst_corrected_signed_kcal_mol,mlp_128_64_32_a1e-3,2582,2194,388,19,42,42,42,-0.0131129478866458,3.463296332457986,5.514165522751459
7,297,mlp,target_somo_somo_elst_corrected_signed_kcal_mol,mlp_128_64_32_a1e-3,2582,2194,388,19,42,42,42,-0.018720443483317,3.203647573630638,5.026140099775901
7,298,mlp,target_somo_somo_elst_corrected_signed_kcal_mol,mlp_128_64_32_a1e-3,2582,2194,388,19,42,42,42,0.0086417817289421,3.0078994853189265,4.643670033324835
7,299,mlp,target_somo_somo_elst_corrected_signed_kcal_mol,mlp_128_64_32_a1e-3,2582,2194,388,19,42,42,42,-0.0438160186251235,3.118447205264081,4.8272715339645975
7,300,mlp,target_somo_somo_elst_corrected_signed_kcal_mol,mlp_128_64_32_a1e-3,2582,2194,388,19,42,42,42,-0.0272511506343546,3.252566806672014,5.152673228194079
7,301,mlp,target_somo_somo_elst_corrected_signed_kcal_mol,mlp_128_64_32_a1e-3,2582,2194,388,19,42,42,42,-0.0079612450928876,3.3119064210665847,4.96532168125028
7,302,mlp,target_somo_somo_elst_corrected_signed_kcal_mol,mlp_128_64_32_a1e-3,2582,2194,388,19,42,42,42,-0.021390014322475,3.337997050609688,5.780016190088463
7,303,mlp,target_somo_somo_elst_corrected_signed_kcal_mol,mlp_128_64_32_a1e-3,2582,2194,388,19,42,42,42,-0.0141764678046223,3.5129860041360743,5.367694354921764
7,304,mlp,target_somo_somo_elst_corrected_signed_kcal_mol,mlp_128_64_32_a1e-3,2582,2194,388,19,42,42,42,-0.0179280751689716,3.409249984311891,5.047467585016267
7,305,mlp,target_somo_somo_elst_corrected_signed_kcal_mol,mlp_128_64_32_a1e-3,2582,2194,388,19,42,42,42,-0.0201801110443518,3.535024742203729,5.981196299615596
7,306,mlp,target_somo_somo_elst_corrected_signed_kcal_mol,mlp_128_64_32_a1e-3,2582,2194,388,19,42,42,42,0.0059721528049224,3.0689172783890823,4.573110563466827
7,307,mlp,target_somo_somo_elst_corrected_signed_kcal_mol,mlp_128_64_32_a1e-3,2582,2194,388,19,42,42,42,-0.0132704627568154,3.1970383671990232,5.198710389877212
7,308,mlp,target_somo_somo_elst_corrected_signed_kcal_mol,mlp_128_64_32_a1e-3,2582,2194,388,19,42,42,42,-0.0140519497615987,3.426193663218735,5.546133089798467
7,309,mlp,target_somo_somo_elst_corrected_signed_kcal_mol,mlp_128_64_32_a1e-3,2582,2194,388,19,42,42,42,-0.0126183941438413,3.4306977947148085,5.299996617167028
7,310,mlp,target_somo_somo_elst_corrected_signed_kcal_mol,mlp_128_64_32_a1e-3,2582,2194,388,19,42,42,42,0.0034832041325343,3.36193507242683,5.030423642521794
7,311,mlp,target_somo_somo_elst_corrected_signed_kcal_mol,mlp_128_64_32_a1e-3,2582,2194,388,19,42,42,42,-0.0276581958606252,3.0789921851856845,4.38370078275478
7,312,mlp,target_somo_somo_elst_corrected_signed_kcal_mol,mlp_128_64_32_a1e-3,2582,2194,388,19,42,42,42,-0.0123944129687605,3.072120831151715,4.58272893601879
7,313,mlp,target_somo_somo_elst_corrected_signed_kcal_mol,mlp_128_64_32_a1e-3,2582,2194,388,19,42,42,42,0.0020566656292485,2.959630642880099,4.379843079721118
7,314,mlp,target_somo_somo_elst_corrected_signed_kcal_mol,mlp_128_64_32_a1e-3,2582,2194,388,19,42,42,42,-0.0336864708738799,3.529327485303708,5.640249356608881
7,315,mlp,target_somo_somo_elst_corrected_signed_kcal_mol,mlp_128_64_32_a1e-3,2582,2194,388,19,42,42,42,-0.0290220611143523,3.41352656223874,5.591080189751982
7,316,mlp,target_somo_somo_elst_corrected_signed_kcal_mol,mlp_128_64_32_a1e-3,2582,2194,388,19,42,42,42,-0.0559152066542514,3.143754587253373,4.7911877697921215
7,317,mlp,target_somo_somo_elst_corrected_signed_kcal_mol,mlp_128_64_32_a1e-3,2582,2194,388,19,42,42,42,-0.0093618099102976,3.4692176518340605,5.721911601180804
7,318,mlp,target_somo_somo_elst_corrected_signed_kcal_mol,mlp_128_64_32_a1e-3,2582,2194,388,19,42,42,42,-0.0224431035421064,3.253902608740705,5.35492958387472
7,319,mlp,target_somo_somo_elst_corrected_signed_kcal_mol,mlp_128_64_32_a1e-3,2582,2194,388,19,42,42,42,-0.0161139760553992,3.186318639519648,4.858974235744365
7,320,mlp,target_somo_somo_elst_corrected_signed_kcal_mol,mlp_128_64_32_a1e-3,2582,2194,388,19,42,42,42,-0.0091434288993932,3.341420474954376,4.909560591314291
7,321,mlp,target_somo_somo_elst_corrected_signed_kcal_mol,mlp_128_64_32_a1e-3,2582,2194,388,19,42,42,42,-0.0140623201232219,3.6213986310468353,6.078887807250224
7,322,mlp,target_somo_somo_elst_corrected_signed_kcal_mol,mlp_128_64_32_a1e-3,2582,2194,388,19,42,42,42,-5.7290763819661805e-05,3.44406393299024,5.584828466527369
7,323,mlp,target_somo_somo_elst_corrected_signed_kcal_mol,mlp_128_64_32_a1e-3,2582,2194,388,19,42,42,42,-0.027847724365871,3.230157644083839,4.873424568164485
7,324,mlp,target_somo_somo_elst_corrected_signed_kcal_mol,mlp_128_64_32_a1e-3,2582,2194,388,19,42,42,42,-0.0588219675253718,3.019910724022983,4.471598470770117
7,325,mlp,target_somo_somo_elst_corrected_signed_kcal_mol,mlp_128_64_32_a1e-3,2582,2194,388,19,42,42,42,-0.0337116283965082,3.003513453914336,4.123654373374245
7,326,mlp,target_somo_somo_elst_corrected_signed_kcal_mol,mlp_128_64_32_a1e-3,2582,2194,388,19,42,42,42,-0.0167284587663008,3.1160995682146018,5.364765137274506
7,327,mlp,target_somo_somo_elst_corrected_signed_kcal_mol,mlp_128_64_32_a1e-3,2582,2194,388,19,42,42,42,-0.0051147765399632,3.4156943265531985,5.523332372195606
7,328,mlp,target_somo_somo_elst_corrected_signed_kcal_mol,mlp_128_64_32_a1e-3,2582,2194,388,19,42,42,42,-0.0326146728404752,3.34619185401911,4.843788618466006
7,329,mlp,target_somo_somo_elst_corrected_signed_kcal_mol,mlp_128_64_32_a1e-3,2582,2194,388,19,42,42,42,-0.0254918878158119,3.3250687262414123,4.944247564038406
7,330,mlp,target_somo_somo_elst_corrected_signed_kcal_mol,mlp_128_64_32_a1e-3,2582,2194,388,19,42,42,42,-0.0135693515754313,3.058912518088821,4.75923009506614
7,331,mlp,target_somo_somo_elst_corrected_signed_kcal_mol,mlp_128_64_32_a1e-3,2582,2194,388,19,42,42,42,-0.0233021047483688,3.348415577814881,5.610900623598975
7,332,mlp,target_somo_somo_elst_corrected_signed_kcal_mol,mlp_128_64_32_a1e-3,2582,2194,388,19,42,42,42,-0.0332028199313738,3.565296408627406,5.3380429496226
7,333,mlp,target_somo_somo_elst_corrected_signed_kcal_mol,mlp_128_64_32_a1e-3,2582,2194,388,19,42,42,42,-0.0441944553583841,3.194396689105802,5.025123991573462
7,334,mlp,target_somo_somo_elst_corrected_signed_kcal_mol,mlp_128_64_32_a1e-3,2582,2194,388,19,42,42,42,-0.0296156040702209,3.2788453393430657,5.111614871231417
7,335,mlp,target_somo_somo_elst_corrected_signed_kcal_mol,mlp_128_64_32_a1e-3,2582,2194,388,19,42,42,42,-0.0125452717810823,3.2375106506753477,4.831287858850863
7,336,mlp,target_somo_somo_elst_corrected_signed_kcal_mol,mlp_128_64_32_a1e-3,2582,2194,388,19,42,42,42,-0.0001351901418047,3.4539159089422284,5.963514862209165
7,337,mlp,target_somo_somo_elst_corrected_signed_kcal_mol,mlp_128_64_32_a1e-3,2582,2194,388,19,42,42,42,-0.016991100188912,3.322238149237638,5.318645023867501
7,338,mlp,target_somo_somo_elst_corrected_signed_kcal_mol,mlp_128_64_32_a1e-3,2582,2194,388,19,42,42,42,-0.0329846335728938,3.1377942618506576,4.364320151642472
7,339,mlp,target_somo_somo_elst_corrected_signed_kcal_mol,mlp_128_64_32_a1e-3,2582,2194,388,19,42,42,42,-0.0091353959770776,3.5208901748815915,5.364709958661887
7,340,mlp,target_somo_somo_elst_corrected_signed_kcal_mol,mlp_128_64_32_a1e-3,2582,2194,388,19,42,42,42,0.0006659226332565,3.3141722141653984,5.130209183985884
7,341,mlp,target_somo_somo_elst_corrected_signed_kcal_mol,mlp_128_64_32_a1e-3,2582,2194,388,19,42,42,42,-0.0418124536420381,3.573736581355197,5.611830904783354
7,342,mlp,target_somo_somo_elst_corrected_signed_kcal_mol,mlp_128_64_32_a1e-3,2582,2194,388,19,42,42,42,-0.0219442289588578,3.225514399834317,5.23713513995524
7,343,mlp,target_somo_somo_elst_corrected_signed_kcal_mol,mlp_128_64_32_a1e-3,2582,2194,388,19,42,42,42,-0.0185759045360049,3.37678644622223,5.355384215622627
7,344,mlp,target_somo_somo_elst_corrected_signed_kcal_mol,mlp_128_64_32_a1e-3,2582,2194,388,19,42,42,42,-0.0028913174715459,3.3396091191826627,5.283275195460545
7,345,mlp,target_somo_somo_elst_corrected_signed_kcal_mol,mlp_128_64_32_a1e-3,2582,2194,388,19,42,42,42,-0.0514749841507653,3.088340609558794,4.619828631530873
7,346,mlp,target_somo_somo_elst_corrected_signed_kcal_mol,mlp_128_64_32_a1e-3,2582,2194,388,19,42,42,42,-0.0274160459405945,3.407106969283477,5.54542466354632
7,347,mlp,target_somo_somo_elst_corrected_signed_kcal_mol,mlp_128_64_32_a1e-3,2582,2194,388,19,42,42,42,-0.0234583262120078,3.448021735063453,5.329870174500962
7,348,mlp,target_somo_somo_elst_corrected_signed_kcal_mol,mlp_128_64_32_a1e-3,2582,2194,388,19,42,42,42,-0.0049480627683238,3.225717699733522,5.192518781488843
7,349,mlp,target_somo_somo_elst_corrected_signed_kcal_mol,mlp_128_64_32_a1e-3,2582,2194,388,19,42,42,42,-0.0077964785881836,3.249540469061801,5.574907386814608
7,350,mlp,target_somo_somo_elst_corrected_signed_kcal_mol,mlp_128_64_32_a1e-3,2582,2194,388,19,42,42,42,-0.0517993648868919,3.5363790402663677,5.512410875717325
7,351,mlp,target_somo_somo_elst_corrected_signed_kcal_mol,mlp_128_64_32_a1e-3,2582,2194,388,19,42,42,42,-0.0069674777584145,3.163974042912785,4.869474372645051
7,352,mlp,target_somo_somo_elst_corrected_signed_kcal_mol,mlp_128_64_32_a1e-3,2582,2194,388,19,42,42,42,-0.0116229404504937,3.3742274321033414,5.458627239462184
7,353,mlp,target_somo_somo_elst_corrected_signed_kcal_mol,mlp_128_64_32_a1e-3,2582,2194,388,19,42,42,42,-0.0144582933437851,3.087133436676004,4.753366029736999
7,354,mlp,target_somo_somo_elst_corrected_signed_kcal_mol,mlp_128_64_32_a1e-3,2582,2194,388,19,42,42,42,-0.0031763381364064,3.23733209753026,4.66362450582242
7,355,mlp,target_somo_somo_elst_corrected_signed_kcal_mol,mlp_128_64_32_a1e-3,2582,2194,388,19,42,42,42,-0.0209980426353209,3.536659146759525,5.3972368910763615
7,356,mlp,target_somo_somo_elst_corrected_signed_kcal_mol,mlp_128_64_32_a1e-3,2582,2194,388,19,42,42,42,-0.0058366373797911,3.1325862284359287,5.268969639879638
7,357,mlp,target_somo_somo_elst_corrected_signed_kcal_mol,mlp_128_64_32_a1e-3,2582,2194,388,19,42,42,42,0.0049539254592179,3.240921780523565,5.316152841866431
7,358,mlp,target_somo_somo_elst_corrected_signed_kcal_mol,mlp_128_64_32_a1e-3,2582,2194,388,19,42,42,42,-0.0582000435827525,2.8571458219963253,3.7669496999504912
7,359,mlp,target_somo_somo_elst_corrected_signed_kcal_mol,mlp_128_64_32_a1e-3,2582,2194,388,19,42,42,42,-0.0107590634717846,3.236855517634889,4.909782837322269
7,360,mlp,target_somo_somo_elst_corrected_signed_kcal_mol,mlp_128_64_32_a1e-3,2582,2194,388,19,42,42,42,-0.0226154195405738,3.437417393957769,5.313904663810881
7,361,mlp,target_somo_somo_elst_corrected_signed_kcal_mol,mlp_128_64_32_a1e-3,2582,2194,388,19,42,42,42,0.0084575976299602,3.4018754462705645,5.067437531888239
7,362,mlp,target_somo_somo_elst_corrected_signed_kcal_mol,mlp_128_64_32_a1e-3,2582,2194,388,19,42,42,42,-0.0015649233310128,3.212539580697444,5.342207425542373
7,363,mlp,target_somo_somo_elst_corrected_signed_kcal_mol,mlp_128_64_32_a1e-3,2582,2194,388,19,42,42,42,-0.0331326158309066,2.9458825571617164,4.537002026663132
7,364,mlp,target_somo_somo_elst_corrected_signed_kcal_mol,mlp_128_64_32_a1e-3,2582,2194,388,19,42,42,42,-0.0030501720643028,3.0921960316175983,4.349305422278436
7,365,mlp,target_somo_somo_elst_corrected_signed_kcal_mol,mlp_128_64_32_a1e-3,2582,2194,388,19,42,42,42,-0.0182070078141767,3.096908366557918,4.257566294903811
7,366,mlp,target_somo_somo_elst_corrected_signed_kcal_mol,mlp_128_64_32_a1e-3,2582,2194,388,19,42,42,42,9.60701961788546e-05,3.0437577429010663,4.613478179082392
7,367,mlp,target_somo_somo_elst_corrected_signed_kcal_mol,mlp_128_64_32_a1e-3,2582,2194,388,19,42,42,42,0.0060363037383929,3.166405570649732,4.936716365231213
7,368,mlp,target_somo_somo_elst_corrected_signed_kcal_mol,mlp_128_64_32_a1e-3,2582,2194,388,19,42,42,42,-0.0327040345548854,3.411885181877822,5.3535977068385465
7,369,mlp,target_somo_somo_elst_corrected_signed_kcal_mol,mlp_128_64_32_a1e-3,2582,2194,388,19,42,42,42,-0.033471680328948,2.9453239058962333,4.213030886370261
7,370,mlp,target_somo_somo_elst_corrected_signed_kcal_mol,mlp_128_64_32_a1e-3,2582,2194,388,19,42,42,42,-0.034940638436534,3.485301737038651,5.705488522686892
7,371,mlp,target_somo_somo_elst_corrected_signed_kcal_mol,mlp_128_64_32_a1e-3,2582,2194,388,19,42,42,42,0.0004632262299819,3.527776422722558,5.521807316689964
7,372,mlp,target_somo_somo_elst_corrected_signed_kcal_mol,mlp_128_64_32_a1e-3,2582,2194,388,19,42,42,42,-0.024181135723847,3.271940774551987,5.542202029724746
7,373,mlp,target_somo_somo_elst_corrected_signed_kcal_mol,mlp_128_64_32_a1e-3,2582,2194,388,19,42,42,42,-0.0133251472363771,2.815207499272065,3.826888495645522
7,374,mlp,target_somo_somo_elst_corrected_signed_kcal_mol,mlp_128_64_32_a1e-3,2582,2194,388,19,42,42,42,-0.0055301229759565,3.4151468531184994,5.4180542145244095
7,375,mlp,target_somo_somo_elst_corrected_signed_kcal_mol,mlp_128_64_32_a1e-3,2582,2194,388,19,42,42,42,0.000604468125684,3.564767220341386,5.661246563718994
7,376,mlp,target_somo_somo_elst_corrected_signed_kcal_mol,mlp_128_64_32_a1e-3,2582,2194,388,19,42,42,42,-0.0027729192167056,3.2722904139561355,5.304118739158041
7,377,mlp,target_somo_somo_elst_corrected_signed_kcal_mol,mlp_128_64_32_a1e-3,2582,2194,388,19,42,42,42,-0.0654137610721554,3.217294383755362,4.842770673542673
7,378,mlp,target_somo_somo_elst_corrected_signed_kcal_mol,mlp_128_64_32_a1e-3,2582,2194,388,19,42,42,42,-0.0265549966402474,3.10329473553929,4.52377749723403
7,379,mlp,target_somo_somo_elst_corrected_signed_kcal_mol,mlp_128_64_32_a1e-3,2582,2194,388,19,42,42,42,-0.0188886197639752,3.1909777283605982,4.808310305551567
7,380,mlp,target_somo_somo_elst_corrected_signed_kcal_mol,mlp_128_64_32_a1e-3,2582,2194,388,19,42,42,42,-0.0346047119296322,3.435581976098365,4.896159756431418
7,381,mlp,target_somo_somo_elst_corrected_signed_kcal_mol,mlp_128_64_32_a1e-3,2582,2194,388,19,42,42,42,-0.0004197783644999,3.2417626582770103,5.148299066492954
7,382,mlp,target_somo_somo_elst_corrected_signed_kcal_mol,mlp_128_64_32_a1e-3,2582,2194,388,19,42,42,42,-0.0113370252360376,3.2486012537976925,5.037775086398748
7,383,mlp,target_somo_somo_elst_corrected_signed_kcal_mol,mlp_128_64_32_a1e-3,2582,2194,388,19,42,42,42,-0.0127583472650472,3.373383162755624,5.592680335018741
7,384,mlp,target_somo_somo_elst_corrected_signed_kcal_mol,mlp_128_64_32_a1e-3,2582,2194,388,19,42,42,42,-0.0042981117617599,3.507020759073003,5.412390850440382
7,385,mlp,target_somo_somo_elst_corrected_signed_kcal_mol,mlp_128_64_32_a1e-3,2582,2194,388,19,42,42,42,-0.0035406598215963,3.4865942557965117,5.631239116113863
7,386,mlp,target_somo_somo_elst_corrected_signed_kcal_mol,mlp_128_64_32_a1e-3,2582,2194,388,19,42,42,42,-0.0058348388885327,3.275284350776468,5.166584588160808
7,387,mlp,target_somo_somo_elst_corrected_signed_kcal_mol,mlp_128_64_32_a1e-3,2582,2194,388,19,42,42,42,0.0012723668197111,3.482582897439521,5.293694186003495
7,388,mlp,target_somo_somo_elst_corrected_signed_kcal_mol,mlp_128_64_32_a1e-3,2582,2194,388,19,42,42,42,-0.0375089291841121,3.425340279339428,5.028724990952748
7,389,mlp,target_somo_somo_elst_corrected_signed_kcal_mol,mlp_128_64_32_a1e-3,2582,2194,388,19,42,42,42,-0.0456824685939116,3.0904659779778934,4.506918198792766
7,390,mlp,target_somo_somo_elst_corrected_signed_kcal_mol,mlp_128_64_32_a1e-3,2582,2194,388,19,42,42,42,-0.0424081608536277,3.3447440021243526,4.850338914092898
7,391,mlp,target_somo_somo_elst_corrected_signed_kcal_mol,mlp_128_64_32_a1e-3,2582,2194,388,19,42,42,42,-0.0165270986503913,3.3146504889268,5.439645609344597
7,392,mlp,target_somo_somo_elst_corrected_signed_kcal_mol,mlp_128_64_32_a1e-3,2582,2194,388,19,42,42,42,-0.020941943429406,3.099741939255776,4.752257145327676
7,393,mlp,target_somo_somo_elst_corrected_signed_kcal_mol,mlp_128_64_32_a1e-3,2582,2194,388,19,42,42,42,-0.0124472182006991,3.1516866126446144,4.72553568576903
7,394,mlp,target_somo_somo_elst_corrected_signed_kcal_mol,mlp_128_64_32_a1e-3,2582,2194,388,19,42,42,42,-0.0015773666116376,3.768519571264872,6.5771100160781
7,395,mlp,target_somo_somo_elst_corrected_signed_kcal_mol,mlp_128_64_32_a1e-3,2582,2194,388,19,42,42,42,-0.0203151418948686,3.4227283758089877,5.778249657524183
7,396,mlp,target_somo_somo_elst_corrected_signed_kcal_mol,mlp_128_64_32_a1e-3,2582,2194,388,19,42,42,42,-0.0076413495370484,3.379338396546394,5.567774776476997
7,397,mlp,target_somo_somo_elst_corrected_signed_kcal_mol,mlp_128_64_32_a1e-3,2582,2194,388,19,42,42,42,-0.0132780225842037,3.365474366838732,5.797419450539341
7,398,mlp,target_somo_somo_elst_corrected_signed_kcal_mol,mlp_128_64_32_a1e-3,2582,2194,388,19,42,42,42,-0.0149186971916834,3.2296858120038503,4.993136356403436
7,399,mlp,target_somo_somo_elst_corrected_signed_kcal_mol,mlp_128_64_32_a1e-3,2582,2194,388,19,42,42,42,0.0062069066506776,3.350933941716564,5.54606973853936
7,400,mlp,target_somo_somo_elst_corrected_signed_kcal_mol,mlp_128_64_32_a1e-3,2582,2194,388,19,42,42,42,-0.0172556911045766,3.411563510548033,5.230329355435057
7,401,mlp,target_somo_somo_elst_corrected_signed_kcal_mol,mlp_128_64_32_a1e-3,2582,2194,388,19,42,42,42,-0.0184198484936901,3.4248141827161938,5.636560877424443
7,402,mlp,target_somo_somo_elst_corrected_signed_kcal_mol,mlp_128_64_32_a1e-3,2582,2194,388,19,42,42,42,-0.0629850384405006,3.565002747017242,5.4308694919879015
7,403,mlp,target_somo_somo_elst_corrected_signed_kcal_mol,mlp_128_64_32_a1e-3,2582,2194,388,19,42,42,42,-0.0065067246591032,3.280877733628144,5.18698069158558
7,404,mlp,target_somo_somo_elst_corrected_signed_kcal_mol,mlp_128_64_32_a1e-3,2582,2194,388,19,42,42,42,-0.0104360608135583,3.423927324327224,5.278690258580707
7,405,mlp,target_somo_somo_elst_corrected_signed_kcal_mol,mlp_128_64_32_a1e-3,2582,2194,388,19,42,42,42,-0.015737977498565,3.53166157691806,5.301921177216871
7,406,mlp,target_somo_somo_elst_corrected_signed_kcal_mol,mlp_128_64_32_a1e-3,2582,2194,388,19,42,42,42,-0.0406345812453128,3.139403459231874,5.081357443499709
7,407,mlp,target_somo_somo_elst_corrected_signed_kcal_mol,mlp_128_64_32_a1e-3,2582,2194,388,19,42,42,42,0.0102543793829679,3.1204633846257432,4.582467280728593
7,408,mlp,target_somo_somo_elst_corrected_signed_kcal_mol,mlp_128_64_32_a1e-3,2582,2194,388,19,42,42,42,-0.0063529972494353,3.0272082867023005,4.512360063795681
7,409,mlp,target_somo_somo_elst_corrected_signed_kcal_mol,mlp_128_64_32_a1e-3,2582,2194,388,19,42,42,42,0.0053914301243784,3.3541675518879304,5.175237738860747
7,410,mlp,target_somo_somo_elst_corrected_signed_kcal_mol,mlp_128_64_32_a1e-3,2582,2194,388,19,42,42,42,-0.0082207552519737,3.2585725772064307,5.005969770650263
7,411,mlp,target_somo_somo_elst_corrected_signed_kcal_mol,mlp_128_64_32_a1e-3,2582,2194,388,19,42,42,42,-0.073975133001787,3.246302226547777,4.706572169292749
7,412,mlp,target_somo_somo_elst_corrected_signed_kcal_mol,mlp_128_64_32_a1e-3,2582,2194,388,19,42,42,42,-0.0131316034531252,3.3174453649365114,5.258394303284966
7,413,mlp,target_somo_somo_elst_corrected_signed_kcal_mol,mlp_128_64_32_a1e-3,2582,2194,388,19,42,42,42,-0.0485374753931138,3.3746507796944987,4.813265688710169
7,414,mlp,target_somo_somo_elst_corrected_signed_kcal_mol,mlp_128_64_32_a1e-3,2582,2194,388,19,42,42,42,-0.0059515705989512,3.3804198074761524,5.604946840221608
7,415,mlp,target_somo_somo_elst_corrected_signed_kcal_mol,mlp_128_64_32_a1e-3,2582,2194,388,19,42,42,42,-0.0236017620907453,3.1710817980319987,5.106819749840544
7,416,mlp,target_somo_somo_elst_corrected_signed_kcal_mol,mlp_128_64_32_a1e-3,2582,2194,388,19,42,42,42,-0.0228695150484325,3.1031702947502806,4.27517816573711
7,417,mlp,target_somo_somo_elst_corrected_signed_kcal_mol,mlp_128_64_32_a1e-3,2582,2194,388,19,42,42,42,-0.0125405274462848,3.4838655910541343,5.55125079500528
7,418,mlp,target_somo_somo_elst_corrected_signed_kcal_mol,mlp_128_64_32_a1e-3,2582,2194,388,19,42,42,42,-0.0280062586595746,3.378826908141704,5.30134125460184
7,419,mlp,target_somo_somo_elst_corrected_signed_kcal_mol,mlp_128_64_32_a1e-3,2582,2194,388,19,42,42,42,-0.030025691515078,3.406265909752632,5.184514763931128
7,420,mlp,target_somo_somo_elst_corrected_signed_kcal_mol,mlp_128_64_32_a1e-3,2582,2194,388,19,42,42,42,-0.0134776519496413,3.2893994840989014,5.069101549845453
7,421,mlp,target_somo_somo_elst_corrected_signed_kcal_mol,mlp_128_64_32_a1e-3,2582,2194,388,19,42,42,42,-0.0070876129971917,3.558356770992198,5.621128656248594
7,422,mlp,target_somo_somo_elst_corrected_signed_kcal_mol,mlp_128_64_32_a1e-3,2582,2194,388,19,42,42,42,-0.0275003723435607,3.0376270813340214,4.142195643658453
7,423,mlp,target_somo_somo_elst_corrected_signed_kcal_mol,mlp_128_64_32_a1e-3,2582,2194,388,19,42,42,42,-0.0318619660623111,3.3722472521414506,5.321593370476451
7,424,mlp,target_somo_somo_elst_corrected_signed_kcal_mol,mlp_128_64_32_a1e-3,2582,2194,388,19,42,42,42,-0.0118858814888134,3.2761193951347263,4.853476764830361
7,425,mlp,target_somo_somo_elst_corrected_signed_kcal_mol,mlp_128_64_32_a1e-3,2582,2194,388,19,42,42,42,-0.0204378069908945,3.3990581307031342,5.4463744150201485
7,426,mlp,target_somo_somo_elst_corrected_signed_kcal_mol,mlp_128_64_32_a1e-3,2582,2194,388,19,42,42,42,-0.0005398854249032,3.2752992940650847,5.505239710740346
7,427,mlp,target_somo_somo_elst_corrected_signed_kcal_mol,mlp_128_64_32_a1e-3,2582,2194,388,19,42,42,42,-0.0190760484749212,3.335541193386859,4.783618932270683
7,428,mlp,target_somo_somo_elst_corrected_signed_kcal_mol,mlp_128_64_32_a1e-3,2582,2194,388,19,42,42,42,-0.0257073499401572,3.3373223383106643,5.33451648873398
7,429,mlp,target_somo_somo_elst_corrected_signed_kcal_mol,mlp_128_64_32_a1e-3,2582,2194,388,19,42,42,42,-0.0149727811892306,3.315328186736463,5.172077863489499
7,430,mlp,target_somo_somo_elst_corrected_signed_kcal_mol,mlp_128_64_32_a1e-3,2582,2194,388,19,42,42,42,-0.0138173113134396,3.0714123082501974,4.334150174262035
7,431,mlp,target_somo_somo_elst_corrected_signed_kcal_mol,mlp_128_64_32_a1e-3,2582,2194,388,19,42,42,42,-0.0441564789364641,3.353692956093654,4.507442942211664
7,432,mlp,target_somo_somo_elst_corrected_signed_kcal_mol,mlp_128_64_32_a1e-3,2582,2194,388,19,42,42,42,0.01100518636777,3.3280723076446286,5.165899028556
7,433,mlp,target_somo_somo_elst_corrected_signed_kcal_mol,mlp_128_64_32_a1e-3,2582,2194,388,19,42,42,42,-0.0220972480918824,3.059031024684429,4.942432375650339
7,434,mlp,target_somo_somo_elst_corrected_signed_kcal_mol,mlp_128_64_32_a1e-3,2582,2194,388,19,42,42,42,-0.0159217397068884,3.3733835034848787,5.00457328678114
7,435,mlp,target_somo_somo_elst_corrected_signed_kcal_mol,mlp_128_64_32_a1e-3,2582,2194,388,19,42,42,42,-0.0067259490120139,3.404122474752608,5.387596236408658
7,436,mlp,target_somo_somo_elst_corrected_signed_kcal_mol,mlp_128_64_32_a1e-3,2582,2194,388,19,42,42,42,-0.0121857718643181,3.344314896528414,5.532840182832475
7,437,mlp,target_somo_somo_elst_corrected_signed_kcal_mol,mlp_128_64_32_a1e-3,2582,2194,388,19,42,42,42,-0.0267884339415311,3.143230475073007,4.767829318251524
7,438,mlp,target_somo_somo_elst_corrected_signed_kcal_mol,mlp_128_64_32_a1e-3,2582,2194,388,19,42,42,42,-0.0153290932681149,3.0090342438647517,4.403706744206389
7,439,mlp,target_somo_somo_elst_corrected_signed_kcal_mol,mlp_128_64_32_a1e-3,2582,2194,388,19,42,42,42,-0.0112107179653528,3.759884060030919,6.199559402387213
7,440,mlp,target_somo_somo_elst_corrected_signed_kcal_mol,mlp_128_64_32_a1e-3,2582,2194,388,19,42,42,42,-0.0030120934044464,3.938098217992082,6.751001206708745
7,441,mlp,target_somo_somo_elst_corrected_signed_kcal_mol,mlp_128_64_32_a1e-3,2582,2194,388,19,42,42,42,-0.0416604150435533,3.230551677365836,4.501375592450842
7,442,mlp,target_somo_somo_elst_corrected_signed_kcal_mol,mlp_128_64_32_a1e-3,2582,2194,388,19,42,42,42,-0.0097868343446911,3.367575415848285,5.507499285927256
7,443,mlp,target_somo_somo_elst_corrected_signed_kcal_mol,mlp_128_64_32_a1e-3,2582,2194,388,19,42,42,42,-0.0026247379482782,3.4343610846868917,5.52933269833498
7,444,mlp,target_somo_somo_elst_corrected_signed_kcal_mol,mlp_128_64_32_a1e-3,2582,2194,388,19,42,42,42,-0.0023904148623379,3.5352173913682448,5.795229327341208
7,445,mlp,target_somo_somo_elst_corrected_signed_kcal_mol,mlp_128_64_32_a1e-3,2582,2194,388,19,42,42,42,-0.0260031427511084,2.827486719235593,4.273372438529126
7,446,mlp,target_somo_somo_elst_corrected_signed_kcal_mol,mlp_128_64_32_a1e-3,2582,2194,388,19,42,42,42,-0.0357754132691154,3.368448163798964,4.859544308868973
7,447,mlp,target_somo_somo_elst_corrected_signed_kcal_mol,mlp_128_64_32_a1e-3,2582,2194,388,19,42,42,42,-0.0201950920884468,3.3031357283583898,4.71636515797698
7,448,mlp,target_somo_somo_elst_corrected_signed_kcal_mol,mlp_128_64_32_a1e-3,2582,2194,388,19,42,42,42,-0.0229178387308359,3.4666240930055423,5.704037741548444
7,449,mlp,target_somo_somo_elst_corrected_signed_kcal_mol,mlp_128_64_32_a1e-3,2582,2194,388,19,42,42,42,-0.0182365728670415,3.072616150569157,4.464263752595899
7,450,mlp,target_somo_somo_elst_corrected_signed_kcal_mol,mlp_128_64_32_a1e-3,2582,2194,388,19,42,42,42,-0.0056158871802201,3.0529688917707354,5.104380305813404
7,451,mlp,target_somo_somo_elst_corrected_signed_kcal_mol,mlp_128_64_32_a1e-3,2582,2194,388,19,42,42,42,-0.0108575237941694,3.782412129721737,6.705725568594817
7,452,mlp,target_somo_somo_elst_corrected_signed_kcal_mol,mlp_128_64_32_a1e-3,2582,2194,388,19,42,42,42,-0.0358079220564686,3.1376518144621093,4.480680516168489
7,453,mlp,target_somo_somo_elst_corrected_signed_kcal_mol,mlp_128_64_32_a1e-3,2582,2194,388,19,42,42,42,0.0012446771467383,3.470629965722127,5.235357548746492
7,454,mlp,target_somo_somo_elst_corrected_signed_kcal_mol,mlp_128_64_32_a1e-3,2582,2194,388,19,42,42,42,-0.0195439901305076,3.325128490704933,4.813101491634287
7,455,mlp,target_somo_somo_elst_corrected_signed_kcal_mol,mlp_128_64_32_a1e-3,2582,2194,388,19,42,42,42,-0.0267394553923661,3.327272338485696,4.871160031871586
7,456,mlp,target_somo_somo_elst_corrected_signed_kcal_mol,mlp_128_64_32_a1e-3,2582,2194,388,19,42,42,42,-0.0050667460409443,3.2746208854092798,5.666305864603206
7,457,mlp,target_somo_somo_elst_corrected_signed_kcal_mol,mlp_128_64_32_a1e-3,2582,2194,388,19,42,42,42,0.0008693716632727,3.612696779092264,5.190676220494997
7,458,mlp,target_somo_somo_elst_corrected_signed_kcal_mol,mlp_128_64_32_a1e-3,2582,2194,388,19,42,42,42,-0.0427573436559043,3.330981352085536,4.355607685753387
7,459,mlp,target_somo_somo_elst_corrected_signed_kcal_mol,mlp_128_64_32_a1e-3,2582,2194,388,19,42,42,42,-0.0278724397783791,3.559293225321537,5.228530411593266
7,460,mlp,target_somo_somo_elst_corrected_signed_kcal_mol,mlp_128_64_32_a1e-3,2582,2194,388,19,42,42,42,-0.0093845524026223,3.26594086779656,4.881033610635736
7,461,mlp,target_somo_somo_elst_corrected_signed_kcal_mol,mlp_128_64_32_a1e-3,2582,2194,388,19,42,42,42,-0.0077115939145768,2.831439750153262,4.102809298369857
7,462,mlp,target_somo_somo_elst_corrected_signed_kcal_mol,mlp_128_64_32_a1e-3,2582,2194,388,19,42,42,42,-0.020705114869747,3.2877517681063404,4.868710032431287
7,463,mlp,target_somo_somo_elst_corrected_signed_kcal_mol,mlp_128_64_32_a1e-3,2582,2194,388,19,42,42,42,-0.0096475678967384,3.6669826013778017,5.998696144563405
7,464,mlp,target_somo_somo_elst_corrected_signed_kcal_mol,mlp_128_64_32_a1e-3,2582,2194,388,19,42,42,42,-0.0117506798172537,3.2646304246490763,5.487146986044449
7,465,mlp,target_somo_somo_elst_corrected_signed_kcal_mol,mlp_128_64_32_a1e-3,2582,2194,388,19,42,42,42,-0.0638158656557015,2.840576302039318,3.9283608056759176
7,466,mlp,target_somo_somo_elst_corrected_signed_kcal_mol,mlp_128_64_32_a1e-3,2582,2194,388,19,42,42,42,-0.0230842494772611,3.3127498438596845,5.181228515285011
7,467,mlp,target_somo_somo_elst_corrected_signed_kcal_mol,mlp_128_64_32_a1e-3,2582,2194,388,19,42,42,42,-0.0151619323072942,3.197493358162809,5.0461623545916
7,468,mlp,target_somo_somo_elst_corrected_signed_kcal_mol,mlp_128_64_32_a1e-3,2582,2194,388,19,42,42,42,-3.232348105042249e-05,3.168787744745806,4.800667442791867
7,469,mlp,target_somo_somo_elst_corrected_signed_kcal_mol,mlp_128_64_32_a1e-3,2582,2194,388,19,42,42,42,-0.0047802426396319,3.625529009482567,5.2069990158967405
7,470,mlp,target_somo_somo_elst_corrected_signed_kcal_mol,mlp_128_64_32_a1e-3,2582,2194,388,19,42,42,42,-0.0104209630899336,3.180856108560329,4.558473118544408
7,471,mlp,target_somo_somo_elst_corrected_signed_kcal_mol,mlp_128_64_32_a1e-3,2582,2194,388,19,42,42,42,-0.0107337434806282,3.023633512106143,4.260812692187584
7,472,mlp,target_somo_somo_elst_corrected_signed_kcal_mol,mlp_128_64_32_a1e-3,2582,2194,388,19,42,42,42,-0.037361627173662,3.2780568317662166,4.802122463550929
7,473,mlp,target_somo_somo_elst_corrected_signed_kcal_mol,mlp_128_64_32_a1e-3,2582,2194,388,19,42,42,42,-0.0149645833170777,3.341997638876887,5.135227227050784
7,474,mlp,target_somo_somo_elst_corrected_signed_kcal_mol,mlp_128_64_32_a1e-3,2582,2194,388,19,42,42,42,-0.0253746081763095,3.2627694232604507,4.868208246533352
7,475,mlp,target_somo_somo_elst_corrected_signed_kcal_mol,mlp_128_64_32_a1e-3,2582,2194,388,19,42,42,42,-0.0068243558632865,3.315131261572711,4.851203251469325
7,476,mlp,target_somo_somo_elst_corrected_signed_kcal_mol,mlp_128_64_32_a1e-3,2582,2194,388,19,42,42,42,-0.0136438904607421,3.2478356844961795,5.261185574846843
7,477,mlp,target_somo_somo_elst_corrected_signed_kcal_mol,mlp_128_64_32_a1e-3,2582,2194,388,19,42,42,42,0.0037996825011968,3.3951331541393643,5.391779931313015
7,478,mlp,target_somo_somo_elst_corrected_signed_kcal_mol,mlp_128_64_32_a1e-3,2582,2194,388,19,42,42,42,-0.0048762049447277,2.8726727738925506,4.256320924917589
7,479,mlp,target_somo_somo_elst_corrected_signed_kcal_mol,mlp_128_64_32_a1e-3,2582,2194,388,19,42,42,42,0.0156879602222164,3.4337823476868,5.417009582662451
7,480,mlp,target_somo_somo_elst_corrected_signed_kcal_mol,mlp_128_64_32_a1e-3,2582,2194,388,19,42,42,42,-0.0023581713383853,3.083024193182398,4.852743746609014
7,481,mlp,target_somo_somo_elst_corrected_signed_kcal_mol,mlp_128_64_32_a1e-3,2582,2194,388,19,42,42,42,-0.0413483588275127,3.271302186514781,4.70638358655677
7,482,mlp,target_somo_somo_elst_corrected_signed_kcal_mol,mlp_128_64_32_a1e-3,2582,2194,388,19,42,42,42,-0.0299402028468702,3.2360024282487587,4.724787346075992
7,483,mlp,target_somo_somo_elst_corrected_signed_kcal_mol,mlp_128_64_32_a1e-3,2582,2194,388,19,42,42,42,0.0024669109064752,3.390593149361107,5.693726927722074
7,484,mlp,target_somo_somo_elst_corrected_signed_kcal_mol,mlp_128_64_32_a1e-3,2582,2194,388,19,42,42,42,-0.0120708230515618,3.2994653167192216,5.269075197022982
7,485,mlp,target_somo_somo_elst_corrected_signed_kcal_mol,mlp_128_64_32_a1e-3,2582,2194,388,19,42,42,42,-0.0054327327822354,3.0489825828960275,5.062927138649863
7,486,mlp,target_somo_somo_elst_corrected_signed_kcal_mol,mlp_128_64_32_a1e-3,2582,2194,388,19,42,42,42,-0.0342213135115654,3.4065942861798097,5.728705642112565
7,487,mlp,target_somo_somo_elst_corrected_signed_kcal_mol,mlp_128_64_32_a1e-3,2582,2194,388,19,42,42,42,0.0031125936274649,3.327098919602036,5.5466120281413085
7,488,mlp,target_somo_somo_elst_corrected_signed_kcal_mol,mlp_128_64_32_a1e-3,2582,2194,388,19,42,42,42,0.0018482705998017,3.1400048640114973,5.156109743569802
7,489,mlp,target_somo_somo_elst_corrected_signed_kcal_mol,mlp_128_64_32_a1e-3,2582,2194,388,19,42,42,42,-0.0260317568738666,3.1978777180510227,5.082611757048083
7,490,mlp,target_somo_somo_elst_corrected_signed_kcal_mol,mlp_128_64_32_a1e-3,2582,2194,388,19,42,42,42,-0.0337143614390818,3.1743953607133206,5.171629445280207
7,491,mlp,target_somo_somo_elst_corrected_signed_kcal_mol,mlp_128_64_32_a1e-3,2582,2194,388,19,42,42,42,-0.036086758761898,3.3166160941191545,5.461077421500939
7,492,mlp,target_somo_somo_elst_corrected_signed_kcal_mol,mlp_128_64_32_a1e-3,2582,2194,388,19,42,42,42,-0.0033458219998294,3.092915104585801,5.323044415813702
7,493,mlp,target_somo_somo_elst_corrected_signed_kcal_mol,mlp_128_64_32_a1e-3,2582,2194,388,19,42,42,42,-0.0222418446035936,3.722938265064456,6.200993626604545
7,494,mlp,target_somo_somo_elst_corrected_signed_kcal_mol,mlp_128_64_32_a1e-3,2582,2194,388,19,42,42,42,-0.0192460883844851,3.52355694148786,6.095708641211235
7,495,mlp,target_somo_somo_elst_corrected_signed_kcal_mol,mlp_128_64_32_a1e-3,2582,2194,388,19,42,42,42,-0.0278939258923756,3.1082522014691363,4.583255751323851
7,496,mlp,target_somo_somo_elst_corrected_signed_kcal_mol,mlp_128_64_32_a1e-3,2582,2194,388,19,42,42,42,-0.0051936108199095,3.430094807742036,5.755392109472571
7,497,mlp,target_somo_somo_elst_corrected_signed_kcal_mol,mlp_128_64_32_a1e-3,2582,2194,388,19,42,42,42,-0.03192084406391,3.5715423408851343,5.841058371611156
7,498,mlp,target_somo_somo_elst_corrected_signed_kcal_mol,mlp_128_64_32_a1e-3,2582,2194,388,19,42,42,42,-0.0266780253959519,3.433475804078143,5.754765390187609
7,499,mlp,target_somo_somo_elst_corrected_signed_kcal_mol,mlp_128_64_32_a1e-3,2582,2194,388,19,42,42,42,0.0148872334400169,3.0797994084590505,4.544238702192071
7,500,mlp,target_somo_somo_elst_corrected_signed_kcal_mol,mlp_128_64_32_a1e-3,2582,2194,388,19,42,42,42,-0.0461749737050161,3.3515123949736823,5.621572830873458
