target,n_estimators,min_samples_leaf,fold,n_fold_train,n_fold_validation,fit_seconds,nodes_total,leaves_total,mean_tree_depth,r2,mae,rmse
target_fodft_coupling_abs_ev,50,1,1,1755,439,0.36018597101792693,175450,87750,28.06,0.9403708518061865,0.03575971819595268,0.05328737890160206
target_fodft_coupling_abs_ev,50,1,2,1755,439,0.36110672005452216,175450,87750,27.98,0.9490929641573032,0.03460535687112103,0.04862065637391324
target_fodft_coupling_abs_ev,50,1,3,1755,439,0.36142287601251155,175450,87750,27.28,0.9246005411437188,0.038595994162438696,0.06060560607695032
target_fodft_coupling_abs_ev,50,1,4,1755,439,0.36758673295844346,175450,87750,27.88,0.9454839171658995,0.036109384017749886,0.05197952464451197
target_fodft_coupling_abs_ev,50,1,5,1756,438,0.3622940789209679,175550,87800,27.8,0.9329131725888061,0.038640335709754385,0.05774102484832577
target_fodft_coupling_abs_ev,50,2,1,1755,439,0.2289309100015089,75948,37999,23.2,0.9353564514039049,0.03676531488775133,0.055482708060334694
target_fodft_coupling_abs_ev,50,2,2,1755,439,0.23429954703897238,76006,38028,23.46,0.9465420262058019,0.035344897797893605,0.04982395048394848
target_fodft_coupling_abs_ev,50,2,3,1755,439,0.22910662402864546,75948,37999,23.58,0.9219921590114375,0.038427138099010036,0.061644993808042454
target_fodft_coupling_abs_ev,50,2,4,1755,439,0.2284575899830088,75784,37917,23.14,0.9443485678550017,0.03566875763785565,0.052517997077103
target_fodft_coupling_abs_ev,50,2,5,1756,438,0.2288273610174656,75872,37961,23.58,0.9346865526202155,0.03916146699042895,0.0569727475978421
target_fodft_coupling_abs_ev,50,3,1,1755,439,0.18628129793796688,47878,23964,20.94,0.9319137045620896,0.03833827118674895,0.056940976198494676
target_fodft_coupling_abs_ev,50,3,2,1755,439,0.1870535989291966,47918,23984,20.58,0.9420180815803252,0.036804265853786836,0.05188934667818699
target_fodft_coupling_abs_ev,50,3,3,1755,439,0.18702056899201125,47870,23960,20.44,0.9132064062024985,0.04092410381160013,0.06502382600748649
target_fodft_coupling_abs_ev,50,3,4,1755,439,0.18689999205525964,47902,23976,20.54,0.9383585551992298,0.03712142233786799,0.055272153643581665
target_fodft_coupling_abs_ev,50,3,5,1756,438,0.18618749198503792,47950,24000,21.04,0.9287157806679379,0.04101569508656395,0.05951995027434256
target_fodft_coupling_abs_ev,50,5,1,1755,439,0.14937838504556566,27166,13608,17.5,0.9194459614358258,0.04175396124824448,0.06193536698516365
target_fodft_coupling_abs_ev,50,5,2,1755,439,0.14603557798545808,27160,13605,18.06,0.9354514350823682,0.03982437466153364,0.05474887606416242
target_fodft_coupling_abs_ev,50,5,3,1755,439,0.14771504991222173,27274,13662,18.04,0.8990398606653333,0.04465308736096879,0.07012997027928407
target_fodft_coupling_abs_ev,50,5,4,1755,439,0.14697429398074746,27160,13605,17.5,0.930162949598534,0.040844538149633694,0.058831907053189664
target_fodft_coupling_abs_ev,50,5,5,1756,438,0.1463495969073847,27258,13654,18.0,0.9126333860041194,0.04470837455621707,0.06589289869388734
target_fodft_coupling_abs_ev,50,10,1,1755,439,0.11303012503776699,12914,6482,14.42,0.8864394778584764,0.04779185923306471,0.07353748051464833
target_fodft_coupling_abs_ev,50,10,2,1755,439,0.11450160597451031,12896,6473,14.58,0.9164074063506986,0.045726002567261656,0.06230398318069607
target_fodft_coupling_abs_ev,50,10,3,1755,439,0.11336801992729306,12876,6463,14.36,0.8613056904128666,0.05151898528436352,0.08219738584337044
target_fodft_coupling_abs_ev,50,10,4,1755,439,0.11259702197276056,12886,6468,14.1,0.9098819681300783,0.046806521627035066,0.06683067250303361
target_fodft_coupling_abs_ev,50,10,5,1756,438,0.11307967000175267,12928,6489,14.4,0.8729519926993523,0.0510992014837455,0.0794602248513193
target_fodft_coupling_abs_ev,100,1,1,1755,439,0.7174133789958432,350900,175500,28.01,0.9417335425013189,0.035195242797708685,0.052674978040724
target_fodft_coupling_abs_ev,100,1,2,1755,439,0.7112297479761764,350900,175500,28.33,0.9490029844129273,0.03437032448724934,0.048663606652642716
target_fodft_coupling_abs_ev,100,1,3,1755,439,0.717045541969128,350900,175500,27.73,0.9286042280980286,0.037612446135929706,0.05897459008283056
target_fodft_coupling_abs_ev,100,1,4,1755,439,0.7184627030510455,350900,175500,28.16,0.9482984659914518,0.03510088089296253,0.05061994823046548
target_fodft_coupling_abs_ev,100,1,5,1756,438,0.7235363740473986,351100,175600,28.2,0.9340868119759351,0.03852031534540841,0.05723372594832758
target_fodft_coupling_abs_ev,100,2,1,1755,439,0.45222876290790737,151864,75982,23.52,0.9371337099696692,0.03662750693868335,0.054714693641912795
target_fodft_coupling_abs_ev,100,2,2,1755,439,0.45303195691667497,151792,75946,23.81,0.9483921449975575,0.03508594069717426,0.04895418409911333
target_fodft_coupling_abs_ev,100,2,3,1755,439,0.44973563496023417,151860,75980,23.34,0.9213983070545179,0.03867517581324949,0.06187919201208309
target_fodft_coupling_abs_ev,100,2,4,1755,439,0.4544859820744023,151728,75914,23.02,0.9448100198906353,0.035170678234446556,0.052299808773296784
target_fodft_coupling_abs_ev,100,2,5,1756,438,0.4501454320270568,151932,76016,23.68,0.9344319115431091,0.03902936690626763,0.0570837009275167
target_fodft_coupling_abs_ev,100,3,1,1755,439,0.3634838060243055,95752,47926,21.05,0.9328735208904452,0.038114869751247386,0.05653820160754441
target_fodft_coupling_abs_ev,100,3,2,1755,439,0.3654998339479789,95704,47902,20.92,0.9431686678827076,0.03661739820757861,0.05137192388051161
target_fodft_coupling_abs_ev,100,3,3,1755,439,0.36393678397871554,95732,47916,20.68,0.9149409602932618,0.040880821732574714,0.06437080226931387
target_fodft_coupling_abs_ev,100,3,4,1755,439,0.36308013391681015,95734,47917,20.86,0.9383518193598496,0.03722229945064287,0.055275173480154725
target_fodft_coupling_abs_ev,100,3,5,1756,438,0.36346032505389303,95886,47993,21.07,0.9293876076829299,0.04082224782699312,0.059238809698030206
target_fodft_coupling_abs_ev,100,5,1,1755,439,0.2892622819636017,54418,27259,17.83,0.9218007043288358,0.041470875038996435,0.061023410597064516
target_fodft_coupling_abs_ev,100,5,2,1755,439,0.29040488693863153,54358,27229,18.04,0.9370917139959247,0.03941564859917788,0.05404877293970509
target_fodft_coupling_abs_ev,100,5,3,1755,439,0.2900896370410919,54466,27283,17.98,0.9017565694005834,0.04422806911620912,0.0691799818743687
target_fodft_coupling_abs_ev,100,5,4,1755,439,0.2884958030190319,54334,27217,17.73,0.9316246731861311,0.0403423488664327,0.05821296093528463
target_fodft_coupling_abs_ev,100,5,5,1756,438,0.28747177694458514,54436,27268,18.01,0.9158012158250015,0.04395199388312684,0.06468726225689887
target_fodft_coupling_abs_ev,100,10,1,1755,439,0.22164765000343323,25772,12936,14.47,0.8890564710207527,0.04776006096376336,0.07268520908136696
target_fodft_coupling_abs_ev,100,10,2,1755,439,0.22306608699727803,25766,12933,14.68,0.9191656831336956,0.04496853239608757,0.0612674490948112
target_fodft_coupling_abs_ev,100,10,3,1755,439,0.22324415505863726,25734,12917,14.59,0.8648470432162121,0.05101503677704435,0.08114120629051266
target_fodft_coupling_abs_ev,100,10,4,1755,439,0.2218380180420354,25754,12927,14.35,0.9123499082330585,0.046086116630134025,0.06590921965009039
target_fodft_coupling_abs_ev,100,10,5,1756,438,0.22198050399310887,25782,12941,14.29,0.8739160992361448,0.05070933659202316,0.0791581578866683
target_fodft_coupling_abs_ev,200,1,1,1755,439,1.4412590520223603,701800,351000,28.025,0.9428351469552443,0.03470349128760963,0.052174656878811294
target_fodft_coupling_abs_ev,200,1,2,1755,439,1.4160888810874894,701800,351000,28.26,0.9502439622897096,0.03425453879829586,0.048067862097142096
target_fodft_coupling_abs_ev,200,1,3,1755,439,1.4373255230020732,701800,351000,28.16,0.9294744656576882,0.03727330687396924,0.05861406975999235
target_fodft_coupling_abs_ev,200,1,4,1755,439,1.424420958966948,701800,351000,28.315,0.9496222968235102,0.0346558423256996,0.0499676774879001
target_fodft_coupling_abs_ev,200,1,5,1756,438,1.4624197059310973,702200,351200,28.08,0.9372438544013816,0.038065447524219205,0.055846246866202334
target_fodft_coupling_abs_ev,200,2,1,1755,439,0.8919387540081516,303626,151913,23.515,0.9380516837933218,0.036403492763539436,0.054313752533658055
target_fodft_coupling_abs_ev,200,2,2,1755,439,0.8921183720231056,303704,151952,23.97,0.9482433815424601,0.03513538689372476,0.04902469035213142
target_fodft_coupling_abs_ev,200,2,3,1755,439,0.8978744220221415,303604,151902,23.365,0.9220586379015365,0.03850565754528416,0.061618721037286175
target_fodft_coupling_abs_ev,200,2,4,1755,439,0.8916313950903714,303442,151821,23.02,0.9448278074907163,0.035274313019224984,0.05229138004175507
target_fodft_coupling_abs_ev,200,2,5,1756,438,0.8947108060820028,303852,152026,23.405,0.9342832019101007,0.03908948791639083,0.057148397707784626
target_fodft_coupling_abs_ev,200,3,1,1755,439,0.7277237609960139,191526,95863,20.875,0.9330379585779881,0.03796340096569094,0.05646890919202392
target_fodft_coupling_abs_ev,200,3,2,1755,439,0.7291828650049865,191364,95782,21.075,0.9446471337832216,0.03647662401843032,0.050699300728490784
target_fodft_coupling_abs_ev,200,3,3,1755,439,0.726570977945812,191436,95818,20.72,0.9132470982580765,0.040916110788911886,0.06500858142992627
target_fodft_coupling_abs_ev,200,3,4,1755,439,0.7270261980593204,191612,95906,20.815,0.9394673336551989,0.03736157506870589,0.05477279262122448
target_fodft_coupling_abs_ev,200,3,5,1756,438,0.7294629300013185,191938,96069,20.89,0.9288146048808843,0.04077805085076479,0.059478678501093486
target_fodft_coupling_abs_ev,200,5,1,1755,439,0.5760735089424998,108852,54526,17.9,0.9209447629597393,0.04146134387813988,0.06135647183916062
target_fodft_coupling_abs_ev,200,5,2,1755,439,0.5780619529541582,108610,54405,18.23,0.9372974305715578,0.03953705957565371,0.053960328046886843
target_fodft_coupling_abs_ev,200,5,3,1755,439,0.58020442398265,108910,54555,18.015,0.9005145182393208,0.04417901608201129,0.06961591535490737
target_fodft_coupling_abs_ev,200,5,4,1755,439,0.5768225429346785,108740,54470,17.935,0.9315803083983991,0.040411097066250574,0.058231843381523124
target_fodft_coupling_abs_ev,200,5,5,1756,438,0.5760120139457285,108700,54450,18.155,0.9135588630539839,0.04410829908105064,0.06554296683343605
target_fodft_coupling_abs_ev,200,10,1,1755,439,0.4413182359421626,51486,25843,14.59,0.8888186234163609,0.04771845049398698,0.07276308089218839
target_fodft_coupling_abs_ev,200,10,2,1755,439,0.4421365950256586,51482,25841,14.745,0.9200710512927278,0.04478904596896117,0.0609233762142823
target_fodft_coupling_abs_ev,200,10,3,1755,439,0.44281372998375446,51398,25799,14.655,0.8613189537638904,0.051339633938152274,0.08219345547719152
target_fodft_coupling_abs_ev,200,10,4,1755,439,0.44128795608412474,51588,25894,14.495,0.9121356932043093,0.04616621044471319,0.0659897108916967
target_fodft_coupling_abs_ev,200,10,5,1756,438,0.4384869980858639,51580,25890,14.45,0.8737834645374887,0.05080200418829981,0.07919978238691353
target_fodft_coupling_abs_ev,300,1,1,1755,439,2.143975059967488,1052700,526500,28.023333333333333,0.9433281902702054,0.03460392072446084,0.051949168027910296
target_fodft_coupling_abs_ev,300,1,2,1755,439,2.1468943849904463,1052700,526500,28.313333333333333,0.9502931200532313,0.03404111716042227,0.04804411128599064
target_fodft_coupling_abs_ev,300,1,3,1755,439,2.1406518690055236,1052700,526500,28.18,0.9296913487660704,0.0370867580093151,0.058523874129085045
target_fodft_coupling_abs_ev,300,1,4,1755,439,2.118832836044021,1052700,526500,28.196666666666665,0.9498525197510219,0.034472492080641126,0.04985337217836201
target_fodft_coupling_abs_ev,300,1,5,1756,438,2.1401854950236157,1053300,526800,28.12,0.9371397722894709,0.03805196984659278,0.05589253864516424
target_fodft_coupling_abs_ev,300,2,1,1755,439,1.3419150291010737,455446,227873,23.533333333333335,0.9387511959369306,0.03615717832331001,0.054006230110218614
target_fodft_coupling_abs_ev,300,2,2,1755,439,1.358259153086692,455576,227938,23.966666666666665,0.9481605544212285,0.03512076668253628,0.049063902252337345
target_fodft_coupling_abs_ev,300,2,3,1755,439,1.339169934974052,455404,227852,23.37,0.9216785239188262,0.038238050203825376,0.061768793150920154
target_fodft_coupling_abs_ev,300,2,4,1755,439,1.3404692970216274,455130,227715,23.19,0.9446654917991477,0.03534019430738608,0.05236824374444325
target_fodft_coupling_abs_ev,300,2,5,1756,438,1.3439184139715508,455758,228029,23.343333333333334,0.9339243559293768,0.039127579196693844,0.05730421444242519
target_fodft_coupling_abs_ev,300,3,1,1755,439,1.0848315220791847,287312,143806,20.833333333333332,0.9330275535616422,0.03797690211601684,0.0564732962827376
target_fodft_coupling_abs_ev,300,3,2,1755,439,1.0826966580934823,287114,143707,20.95,0.9453647034196871,0.03641210485628547,0.05036960728933794
target_fodft_coupling_abs_ev,300,3,3,1755,439,1.0788160340161994,287068,143684,20.79,0.9126126144915039,0.04078033466186901,0.06524587463037311
target_fodft_coupling_abs_ev,300,3,4,1755,439,1.0947383219609037,287324,143812,20.8,0.9398756222504185,0.03710116966628947,0.054587760761425436
target_fodft_coupling_abs_ev,300,3,5,1756,438,1.0785275569651276,287690,143995,20.883333333333333,0.929908978896078,0.04064137769251305,0.0590197076989177
target_fodft_coupling_abs_ev,300,5,1,1755,439,0.8597960449988022,163226,81763,17.986666666666668,0.9206964245860523,0.041485900535689686,0.06145276665483723
target_fodft_coupling_abs_ev,300,5,2,1755,439,0.861736617051065,162900,81600,18.216666666666665,0.9378172005721731,0.039338262368172304,0.05373621182925696
target_fodft_coupling_abs_ev,300,5,3,1755,439,0.8607223209692165,163232,81766,18.096666666666668,0.8984574119583483,0.04417048406440868,0.07033197261100939
target_fodft_coupling_abs_ev,300,5,4,1755,439,0.862528961035423,163058,81679,17.996666666666666,0.9308118665769717,0.040621648890134865,0.058557939856843294
target_fodft_coupling_abs_ev,300,5,5,1756,438,0.8588211130117998,163118,81709,18.05,0.9141019814995055,0.04403414511751293,0.06533673582062376
target_fodft_coupling_abs_ev,300,10,1,1755,439,0.6595514480723068,77270,38785,14.556666666666667,0.8889706403938357,0.04756268606421235,0.07271331982821341
target_fodft_coupling_abs_ev,300,10,2,1755,439,0.6626108400523663,77306,38803,14.723333333333333,0.9198288438906178,0.044750042480805656,0.06101561395190572
target_fodft_coupling_abs_ev,300,10,3,1755,439,0.663550877943635,77220,38760,14.633333333333333,0.8604021460358553,0.0514832166085474,0.08246469464416431
target_fodft_coupling_abs_ev,300,10,4,1755,439,0.6681901750853285,77424,38862,14.46,0.9124923005441873,0.04621341378911728,0.06585566134446409
target_fodft_coupling_abs_ev,300,10,5,1756,438,0.6568383210105821,77440,38870,14.44,0.8736590819382218,0.05065470352720522,0.07923879727893701
target_fodft_coupling_abs_ev,500,1,1,1755,439,3.536909113987349,1754500,877500,28.088,0.9436068875543836,0.03462166748060714,0.05182127431944023
target_fodft_coupling_abs_ev,500,1,2,1755,439,3.5639600390568376,1754500,877500,28.348,0.9506738282689458,0.03401779886331986,0.04785977115791362
target_fodft_coupling_abs_ev,500,1,3,1755,439,3.542459090007469,1754500,877500,28.08,0.9298799037711706,0.03692751230016583,0.05844534625539365
target_fodft_coupling_abs_ev,500,1,4,1755,439,3.5509029029635713,1754500,877500,28.062,0.9506693539374277,0.03414394884100873,0.049445683405307805
target_fodft_coupling_abs_ev,500,1,5,1756,438,3.538109787972644,1755500,878000,28.134,0.9368787058355621,0.038056242972990616,0.05600848276846592
target_fodft_coupling_abs_ev,500,2,1,1755,439,2.2441795089980587,759112,379806,23.46,0.93901778493197,0.03616850839823624,0.05388856930465267
target_fodft_coupling_abs_ev,500,2,2,1755,439,2.264253070927225,759218,379859,23.858,0.9490070329635487,0.03481924800596907,0.04866167496131686
target_fodft_coupling_abs_ev,500,2,3,1755,439,2.244502159068361,759080,379790,23.344,0.9213392953540422,0.03828112576645223,0.06190241613798207
target_fodft_coupling_abs_ev,500,2,4,1755,439,2.254435147973709,758616,379558,23.072,0.9450386277585485,0.035264168753006066,0.05219137826972871
target_fodft_coupling_abs_ev,500,2,5,1756,438,2.2272981220157817,759578,380039,23.35,0.9334713144917239,0.03917649573217272,0.057500329333626206
target_fodft_coupling_abs_ev,500,3,1,1755,439,1.8011324550025165,478592,239546,20.902,0.9336847056700253,0.03785565258880609,0.05619554748993893
target_fodft_coupling_abs_ev,500,3,2,1755,439,1.8124182700412348,478816,239658,20.986,0.9458333745373555,0.03627488016177241,0.050153102340101556
target_fodft_coupling_abs_ev,500,3,3,1755,439,1.8002237380715087,478840,239670,20.848,0.9125949742604959,0.040592681261846564,0.06525245964385332
target_fodft_coupling_abs_ev,500,3,4,1755,439,1.8016312869731337,479054,239777,20.8,0.9401634453761657,0.03698971951791944,0.054456944701060155
target_fodft_coupling_abs_ev,500,3,5,1756,438,1.8013910639565438,479430,239965,20.83,0.9293933294635567,0.04064708081664019,0.059236409564503975
target_fodft_coupling_abs_ev,500,5,1,1755,439,1.428226521005854,271992,136246,18.058,0.9214517071140989,0.041386310632649456,0.061159430310044394
target_fodft_coupling_abs_ev,500,5,2,1755,439,1.4316760069923475,271416,135958,18.28,0.9382451702931411,0.039186148588540116,0.05355097428558158
target_fodft_coupling_abs_ev,500,5,3,1755,439,1.434240591013804,271860,136180,18.09,0.8980920043800127,0.044178380724856615,0.07045840604727961
target_fodft_coupling_abs_ev,500,5,4,1755,439,1.4325314599554986,271788,136144,17.954,0.9302892089710164,0.04076406799094709,0.0587787014839814
target_fodft_coupling_abs_ev,500,5,5,1756,438,1.4272184969158843,271886,136193,18.008,0.9130905885144524,0.0441421232148104,0.06572025885603688
target_fodft_coupling_abs_ev,500,10,1,1755,439,1.0976789640262723,128664,64582,14.618,0.890484803421577,0.0474026842113422,0.07221580379235819
target_fodft_coupling_abs_ev,500,10,2,1755,439,1.0994491109158844,128938,64719,14.742,0.9199274590547355,0.0447461833766063,0.060978076035845215
target_fodft_coupling_abs_ev,500,10,3,1755,439,1.0988712050020695,128626,64563,14.66,0.8617646865078651,0.05142806496690041,0.08206126077248153
target_fodft_coupling_abs_ev,500,10,4,1755,439,1.0942804031074047,128842,64671,14.52,0.9119262676234905,0.04629376780674905,0.06606830770104015
target_fodft_coupling_abs_ev,500,10,5,1756,438,1.0969718879787251,128928,64714,14.508,0.8749264999416657,0.05053437458090897,0.07884034434914618
target_fodft_coupling_abs_ev,750,1,1,1755,439,5.391573949018493,2631750,1316250,28.081333333333333,0.943597248048883,0.034637652230736525,0.05182570314143881
target_fodft_coupling_abs_ev,750,1,2,1755,439,5.312564039020799,2631750,1316250,28.313333333333333,0.9505186996932989,0.03413259957615006,0.04793497048584245
target_fodft_coupling_abs_ev,750,1,3,1755,439,5.291913273977116,2631750,1316250,28.045333333333332,0.9306062099996459,0.0367600265124676,0.05814186895787583
target_fodft_coupling_abs_ev,750,1,4,1755,439,5.305790823069401,2631750,1316250,27.972,0.9504092895141463,0.03431760391489393,0.04957584752117059
target_fodft_coupling_abs_ev,750,1,5,1756,438,5.3118280180497095,2633250,1317000,28.072,0.9373320377268246,0.03805241644722642,0.05580699621632589
target_fodft_coupling_abs_ev,750,2,1,1755,439,3.348391404026188,1138846,569798,23.538666666666668,0.9386983442338506,0.036251926787077955,0.05402952612226083
target_fodft_coupling_abs_ev,750,2,2,1755,439,3.3378300509648398,1139050,569900,23.737333333333332,0.9487186182298334,0.03496492319316556,0.04879909543063619
target_fodft_coupling_abs_ev,750,2,3,1755,439,3.3511610489804298,1138926,569838,23.322666666666667,0.9206017247866104,0.03831600728420588,0.06219195633074248
target_fodft_coupling_abs_ev,750,2,4,1755,439,3.5507088800659403,1137854,569302,23.069333333333333,0.9451456903580302,0.0352171579271722,0.052140520110346956
target_fodft_coupling_abs_ev,750,2,5,1756,438,3.3510365990223363,1139370,570060,23.309333333333335,0.9340676871698362,0.039005872708312815,0.057242028569977586
target_fodft_coupling_abs_ev,750,3,1,1755,439,2.705402644001879,717828,359289,20.928,0.9340506226584981,0.03783214233105059,0.05604029409077053
target_fodft_coupling_abs_ev,750,3,2,1755,439,2.6957579880254343,718158,359454,20.992,0.9462028131917843,0.03610706058031961,0.04998177732517593
target_fodft_coupling_abs_ev,750,3,3,1755,439,2.714431320084259,718258,359504,20.882666666666665,0.9130077245254256,0.040535281447684535,0.06509820740678786
target_fodft_coupling_abs_ev,750,3,4,1755,439,2.6944493940100074,718694,359722,20.761333333333333,0.9399614240675568,0.037055371449677466,0.05454879652229096
target_fodft_coupling_abs_ev,750,3,5,1756,438,2.703679035999812,719454,360102,20.889333333333333,0.9290834630690501,0.040724418488436026,0.059366250540302014
target_fodft_coupling_abs_ev,750,5,1,1755,439,2.138399718911387,407966,204358,18.088,0.9219925472390142,0.041328314950674606,0.06094851160078943
target_fodft_coupling_abs_ev,750,5,2,1755,439,2.147175917052664,407212,203981,18.198666666666668,0.938509885282506,0.0391564877818867,0.05343607663666236
target_fodft_coupling_abs_ev,750,5,3,1755,439,2.145085289957933,407444,204097,18.14666666666667,0.8981806093840297,0.04409776540747679,0.07042776897652324
target_fodft_coupling_abs_ev,750,5,4,1755,439,2.1386303190374747,407748,204249,17.909333333333333,0.9306572430173397,0.04063079672691392,0.058623336793613666
target_fodft_coupling_abs_ev,750,5,5,1756,438,2.136386725003831,407912,204331,17.989333333333335,0.9129210776908059,0.04415346216915062,0.0657843190551277
target_fodft_coupling_abs_ev,750,10,1,1755,439,1.644566898001358,192976,96863,14.633333333333333,0.8906040670633367,0.04728100460075547,0.07217647105067501
target_fodft_coupling_abs_ev,750,10,2,1755,439,1.6510570080718026,193438,97094,14.754666666666667,0.920151165614893,0.04465504060648257,0.06089283622395097
target_fodft_coupling_abs_ev,750,10,3,1755,439,1.6406827688915655,192966,96858,14.673333333333334,0.8619580108969737,0.05132321407180357,0.0820038586757909
target_fodft_coupling_abs_ev,750,10,4,1755,439,1.638108468032442,193260,97005,14.502666666666666,0.9117610411745432,0.046337488468851655,0.06613025078358575
target_fodft_coupling_abs_ev,750,10,5,1756,438,1.6315327449701726,193278,97014,14.505333333333333,0.875012904278299,0.05052034146706121,0.07881310706641552
target_fodft_coupling_abs_ev,1000,1,1,1755,439,7.158980130916461,3509000,1755000,28.07,0.943684225591012,0.034586375483308555,0.05178572804039226
target_fodft_coupling_abs_ev,1000,1,2,1755,439,7.6404124579858035,3509000,1755000,28.323,0.9506639080658194,0.03414416593674701,0.04786458356039694
target_fodft_coupling_abs_ev,1000,1,3,1755,439,7.045362248085439,3509000,1755000,28.032,0.9300763007190357,0.03672594811248649,0.05836344009054634
target_fodft_coupling_abs_ev,1000,1,4,1755,439,7.144084736937657,3509000,1755000,27.99,0.9502231645013666,0.034305296345641605,0.049668795004060906
target_fodft_coupling_abs_ev,1000,1,5,1756,438,7.1043268060311675,3511000,1756000,28.04,0.9377266634841577,0.037962720568999575,0.05563100790470975
target_fodft_coupling_abs_ev,1000,2,1,1755,439,4.460109177045524,1518486,759743,23.508,0.9388546158356728,0.03621435340112059,0.05396061551692356
target_fodft_coupling_abs_ev,1000,2,2,1755,439,4.482469954062253,1519190,760095,23.686,0.9488728120188042,0.03487187961752398,0.04872567519607584
target_fodft_coupling_abs_ev,1000,2,3,1755,439,4.430177555070259,1518648,759824,23.319,0.9204982624718004,0.03831135951358172,0.06223246369023399
target_fodft_coupling_abs_ev,1000,2,4,1755,439,4.430969020002522,1517074,759037,23.079,0.9448073307528293,0.03533159069745185,0.05230108291472235
target_fodft_coupling_abs_ev,1000,2,5,1756,438,4.4231455699773505,1519358,760179,23.276,0.9341925779058908,0.039028771171537566,0.05718778818737547
target_fodft_coupling_abs_ev,1000,3,1,1755,439,3.594334164983593,957030,479015,20.967,0.9339662805280606,0.03781622226514089,0.056076117382519164
target_fodft_coupling_abs_ev,1000,3,2,1755,439,3.6150117970537394,957684,479342,21.019,0.9463055976412239,0.03604425996604938,0.04993400711672854
target_fodft_coupling_abs_ev,1000,3,3,1755,439,3.603036824031733,957642,479321,20.899,0.9125041820378651,0.040580778068106185,0.06528634143778111
target_fodft_coupling_abs_ev,1000,3,4,1755,439,3.587335785967298,958112,479556,20.763,0.9397889747400232,0.037044632877107415,0.05462708084143949
target_fodft_coupling_abs_ev,1000,3,5,1756,438,3.5835624990286306,958938,479969,20.836,0.9288429329639756,0.04074733926410929,0.059466842613938586
target_fodft_coupling_abs_ev,1000,5,1,1755,439,2.848615244962275,543872,272436,18.022,0.9218677202041479,0.04134201965087537,0.06099725682043816
target_fodft_coupling_abs_ev,1000,5,2,1755,439,2.8566555939614773,543016,272008,18.205,0.9386853666059647,0.039103584235344706,0.053359773859124514
target_fodft_coupling_abs_ev,1000,5,3,1755,439,2.8741640709340572,543490,272245,18.143,0.8976458367932486,0.044084338722487675,0.07061247601905256
target_fodft_coupling_abs_ev,1000,5,4,1755,439,2.847433881019242,543464,272232,17.842,0.9306840508783242,0.04063570617854508,0.05861200382783198
target_fodft_coupling_abs_ev,1000,5,5,1756,438,2.8452666479861364,544246,272623,17.987,0.9129245169395165,0.04412755671813539,0.065783019941275
target_fodft_coupling_abs_ev,1000,10,1,1755,439,2.1873979980591685,257380,129190,14.627,0.8904037111853679,0.04729947037620824,0.07224253550419142
target_fodft_coupling_abs_ev,1000,10,2,1755,439,2.1968452859437093,257874,129437,14.761,0.9203863674194979,0.04463798858382247,0.0608030874668378
target_fodft_coupling_abs_ev,1000,10,3,1755,439,2.1958374539390206,257414,129207,14.646,0.862002935313097,0.05125956161150954,0.08199051391282404
target_fodft_coupling_abs_ev,1000,10,4,1755,439,2.1894850590033457,257630,129315,14.494,0.9115956129163822,0.04636473438800022,0.06619221145108224
target_fodft_coupling_abs_ev,1000,10,5,1756,438,2.197524685994722,257828,129414,14.508,0.8753963535225977,0.050480387253145735,0.0786921184135746
target_interaction_energy_kcal_mol,50,1,1,1755,439,0.35340205300599337,175450,87750,27.04,0.9565865963247779,0.7456443545537229,1.036042625766802
target_interaction_energy_kcal_mol,50,1,2,1755,439,0.3610508949495852,175450,87750,27.58,0.9470398799746245,0.745597171295462,1.1264415201673876
target_interaction_energy_kcal_mol,50,1,3,1755,439,0.35900094197131693,175450,87750,27.96,0.9430574457366441,0.7700049832159027,1.1558565431563745
target_interaction_energy_kcal_mol,50,1,4,1755,439,0.35476627002935857,175450,87750,27.86,0.9322151384855015,0.8124821905173438,1.2480861856325396
target_interaction_energy_kcal_mol,50,1,5,1756,438,0.35373656696174294,175550,87800,27.48,0.9497754439527331,0.7492010701825407,1.0894764347354264
target_interaction_energy_kcal_mol,50,2,1,1755,439,0.2250215969979763,75822,37936,22.84,0.952643530315071,0.7717067706140961,1.0820700217652306
target_interaction_energy_kcal_mol,50,2,2,1755,439,0.24003269197419286,76066,38058,23.16,0.9417311686915623,0.813394704533587,1.181550595620375
target_interaction_energy_kcal_mol,50,2,3,1755,439,0.22394049807917327,76084,38067,23.18,0.9418172479485953,0.7882749344613287,1.1683759086660879
target_interaction_energy_kcal_mol,50,2,4,1755,439,0.22537060908507556,76246,38148,23.3,0.9269471341218347,0.8566757854951438,1.2956772959484342
target_interaction_energy_kcal_mol,50,2,5,1756,438,0.22201493300963193,76028,38039,22.58,0.9468302711002272,0.7904227846142244,1.1209648912059942
target_interaction_energy_kcal_mol,50,3,1,1755,439,0.19783950701821595,47892,23971,20.3,0.9499271868144199,0.8086468770973113,1.112670826886141
target_interaction_energy_kcal_mol,50,3,2,1755,439,0.21854835492558777,47924,23987,20.54,0.936491940322791,0.8253661352671751,1.2335268062980775
target_interaction_energy_kcal_mol,50,3,3,1755,439,0.1813099900027737,47926,23988,20.62,0.9358072789392788,0.8430669241773341,1.2272367625882334
target_interaction_energy_kcal_mol,50,3,4,1755,439,0.18701006192713976,47810,23930,20.44,0.9186606849926503,0.9022264712501645,1.3671887466660295
target_interaction_energy_kcal_mol,50,3,5,1756,438,0.2074912030948326,48172,24111,20.56,0.9413695635621416,0.8328377984047409,1.1771216600764702
target_interaction_energy_kcal_mol,50,5,1,1755,439,0.15743786003440619,27254,13652,17.42,0.943779436554436,0.8715572572481564,1.1789986357279298
target_interaction_energy_kcal_mol,50,5,2,1755,439,0.14335020701400936,27234,13642,17.66,0.9296077720642429,0.9150209597219104,1.2986631730059566
target_interaction_energy_kcal_mol,50,5,3,1755,439,0.14391933206934482,27200,13625,17.94,0.9271029771793754,0.9151719429487715,1.307797068460771
target_interaction_energy_kcal_mol,50,5,4,1755,439,0.14557605097070336,27202,13626,17.76,0.9126030309807178,0.9695277137419807,1.4171845378914714
target_interaction_energy_kcal_mol,50,5,5,1756,438,0.1444864880759269,27128,13589,17.9,0.9311754284986997,0.9131388037999355,1.2753563408635107
target_interaction_energy_kcal_mol,50,10,1,1755,439,0.11132550798356533,12872,6461,14.52,0.9219853263805319,1.0263900221714628,1.3888452365318684
target_interaction_energy_kcal_mol,50,10,2,1755,439,0.11018062196671963,12852,6451,14.04,0.9090320000011833,1.0559981138802579,1.476313166144962
target_interaction_energy_kcal_mol,50,10,3,1755,439,0.11047202604822814,12914,6482,14.04,0.8986141177946491,1.0823164961520098,1.542318989987318
target_interaction_energy_kcal_mol,50,10,4,1755,439,0.11094235791824758,12874,6462,13.92,0.896771974575811,1.1034007422624907,1.5401996832814613
target_interaction_energy_kcal_mol,50,10,5,1756,438,0.11122853390406817,12878,6464,14.22,0.9050722244305388,1.0685446225288708,1.4978090135784397
target_interaction_energy_kcal_mol,100,1,1,1755,439,0.6973458639113232,350900,175500,27.54,0.9570222198660251,0.7427117016738326,1.0308315340528036
target_interaction_energy_kcal_mol,100,1,2,1755,439,0.7002167049795389,350900,175500,27.32,0.9478707282711821,0.7534342928408663,1.1175706778454184
target_interaction_energy_kcal_mol,100,1,3,1755,439,0.7016266190912575,350900,175500,27.99,0.9460710002743183,0.7583072418165261,1.1248552670296075
target_interaction_energy_kcal_mol,100,1,4,1755,439,0.700334065943025,350900,175500,27.88,0.9308820128142922,0.8184101474419732,1.260299491078475
target_interaction_energy_kcal_mol,100,1,5,1756,438,0.7001130060525611,351100,175600,27.51,0.9491520860499103,0.7535570464155358,1.0962165587129942
target_interaction_energy_kcal_mol,100,2,1,1755,439,0.44295625702943653,151676,75888,22.9,0.9536910336923697,0.765393756154596,1.0700356548059569
target_interaction_energy_kcal_mol,100,2,2,1755,439,0.4423765669343993,152148,76124,23.15,0.9442664347075909,0.7906850551233785,1.155560219215647
target_interaction_energy_kcal_mol,100,2,3,1755,439,0.4408963930327445,152014,76057,23.37,0.9427952632728629,0.7822160445129023,1.1585144612158689
target_interaction_energy_kcal_mol,100,2,4,1755,439,0.4472583429887891,152132,76116,23.1,0.9267434955271135,0.8473254529716361,1.2974819225202465
target_interaction_energy_kcal_mol,100,2,5,1756,438,0.4424719620728865,151912,76006,22.83,0.9476720878848672,0.7805881106931689,1.1120555733623425
target_interaction_energy_kcal_mol,100,3,1,1755,439,0.3583507960429415,95610,47855,20.43,0.9497283875949726,0.8109860307404698,1.1148774032922046
target_interaction_energy_kcal_mol,100,3,2,1755,439,0.35697829897981137,95804,47952,20.54,0.9384451623862604,0.827335793088372,1.2144098039613525
target_interaction_energy_kcal_mol,100,3,3,1755,439,0.35702972998842597,95864,47982,20.51,0.9367777853339148,0.834954962644917,1.2179243577670076
target_interaction_energy_kcal_mol,100,3,4,1755,439,0.3581797080114484,95832,47966,20.73,0.9202075699908231,0.8906340303722622,1.3541259641079952
target_interaction_energy_kcal_mol,100,3,5,1756,438,0.37158056697808206,96032,48066,20.46,0.9429585253048015,0.8284199948176667,1.161061328040151
target_interaction_energy_kcal_mol,100,5,1,1755,439,0.2842156150145456,54376,27238,17.53,0.9435115543369144,0.8715494881741948,1.1818041700364648
target_interaction_energy_kcal_mol,100,5,2,1755,439,0.2840762420091778,54248,27174,17.72,0.9326088332364095,0.895189013785719,1.2706784290080941
target_interaction_energy_kcal_mol,100,5,3,1755,439,0.2840202589286491,54498,27299,17.74,0.9268487512759102,0.9117505868134248,1.310075532711995
target_interaction_energy_kcal_mol,100,5,4,1755,439,0.28326062101405114,54452,27276,17.88,0.9131545732174522,0.9627382728735795,1.4127056971007126
target_interaction_energy_kcal_mol,100,5,5,1756,438,0.2833243999630213,54336,27218,17.96,0.9327193932463727,0.9061174507761419,1.2609699507824619
target_interaction_energy_kcal_mol,100,10,1,1755,439,0.217423798982054,25728,12914,14.4,0.92223278897358,1.0245507274917938,1.3866407780321544
target_interaction_energy_kcal_mol,100,10,2,1755,439,0.22176909004338086,25602,12851,14.08,0.9115326387556036,1.0531408840807999,1.455880423884984
target_interaction_energy_kcal_mol,100,10,3,1755,439,0.2181183899519965,25842,12971,13.98,0.899081854948707,1.0825929830228895,1.5387571831707667
target_interaction_energy_kcal_mol,100,10,4,1755,439,0.2170458120526746,25718,12909,13.96,0.895926237348881,1.104774755252924,1.546496166479433
target_interaction_energy_kcal_mol,100,10,5,1756,438,0.21829011698719114,25742,12921,14.35,0.9072269112447896,1.0679941611989385,1.4807126808442377
target_interaction_energy_kcal_mol,200,1,1,1755,439,1.4143146330025047,701800,351000,27.575,0.957287129307671,0.7361057052118224,1.027649667633137
target_interaction_energy_kcal_mol,200,1,2,1755,439,1.3936557150445879,701800,351000,27.245,0.9478354874437322,0.7460887346480978,1.1179483683461349
target_interaction_energy_kcal_mol,200,1,3,1755,439,1.3923711790703237,701800,351000,27.935,0.9478395416943515,0.7473486722322467,1.106257334240961
target_interaction_energy_kcal_mol,200,1,4,1755,439,1.4002085529500619,701800,351000,27.885,0.9309166551349362,0.8176404301710031,1.259983616927275
target_interaction_energy_kcal_mol,200,1,5,1756,438,1.4181180000305176,702200,351200,27.345,0.9487167103822466,0.7562799426285608,1.1008996293109459
target_interaction_energy_kcal_mol,200,2,1,1755,439,0.8867773240199313,303584,151892,23.02,0.9551141639626266,0.7583907116339972,1.0534656153528184
target_interaction_energy_kcal_mol,200,2,2,1755,439,0.9047454149695113,304332,152266,22.88,0.9441702520756763,0.7830874849897893,1.1565568978931162
target_interaction_energy_kcal_mol,200,2,3,1755,439,0.8852651040069759,304024,152112,23.32,0.9430541868362697,0.781804676608075,1.1558896183097143
target_interaction_energy_kcal_mol,200,2,4,1755,439,0.8796208850108087,304454,152327,23.165,0.926105298801347,0.8494392199682671,1.303121374491644
target_interaction_energy_kcal_mol,200,2,5,1756,438,0.8767231720266864,303952,152076,23.46,0.9481726980771593,0.7790374803544299,1.1067233881815852
target_interaction_energy_kcal_mol,200,3,1,1755,439,0.7154891949612647,191306,95753,20.565,0.9512704327033523,0.7950934898147829,1.0976452014525486
target_interaction_energy_kcal_mol,200,3,2,1755,439,0.7096722869900987,191694,95947,20.45,0.9393247491707928,0.8192205806549765,1.205701940399515
target_interaction_energy_kcal_mol,200,3,3,1755,439,0.7114354589721188,191748,95974,20.53,0.9373527699277139,0.8280847277460439,1.2123734035062002
target_interaction_energy_kcal_mol,200,3,4,1755,439,0.7109434149460867,191850,96025,20.595,0.9209763015130622,0.8881744735151461,1.347587257044627
target_interaction_energy_kcal_mol,200,3,5,1756,438,0.9398788239341229,192010,96105,20.525,0.9431792485054287,0.823490100334496,1.1588127749631048
target_interaction_energy_kcal_mol,200,5,1,1755,439,0.7778721069917083,108616,54408,17.595,0.944431890157675,0.8631316533380237,1.1721373849975192
target_interaction_energy_kcal_mol,200,5,2,1755,439,0.5620286859339103,108578,54389,17.655,0.9317270564784006,0.8976917121475312,1.2789644804892866
target_interaction_energy_kcal_mol,200,5,3,1755,439,0.5620596969965845,108862,54531,17.78,0.9270965556762066,0.9122682796099574,1.3078546691538917
target_interaction_energy_kcal_mol,200,5,4,1755,439,0.5671055930433795,108800,54500,17.925,0.9126562432306828,0.9633556327664693,1.4167530408902915
target_interaction_energy_kcal_mol,200,5,5,1756,438,0.5615016430383548,108568,54384,17.845,0.9328603553622192,0.9089580804254205,1.2596483055070864
target_interaction_energy_kcal_mol,200,10,1,1755,439,0.4307889570482075,51464,25832,14.465,0.922711019525236,1.0191157534029665,1.3823706196314207
target_interaction_energy_kcal_mol,200,10,2,1755,439,0.4293262199498713,51190,25695,14.075,0.9119291890756199,1.0477815874708043,1.4526138052323945
target_interaction_energy_kcal_mol,200,10,3,1755,439,0.43633946601767093,51514,25857,14.125,0.8998775263893226,1.0800861105455126,1.5326791484006963
target_interaction_energy_kcal_mol,200,10,4,1755,439,0.42824279493652284,51416,25808,14.08,0.8949759296629656,1.1039946365404596,1.5535407256117066
target_interaction_energy_kcal_mol,200,10,5,1756,438,0.4301204909570515,51474,25837,14.32,0.9092287421474541,1.054380793760052,1.4646503661350174
target_interaction_energy_kcal_mol,300,1,1,1755,439,2.0992190609686077,1052700,526500,27.563333333333333,0.957443474722401,0.734074730542483,1.0257671482961803
target_interaction_energy_kcal_mol,300,1,2,1755,439,2.1311176819726825,1052700,526500,27.12,0.9486823463068507,0.7434678192393908,1.1088366331673774
target_interaction_energy_kcal_mol,300,1,3,1755,439,2.0917168100131676,1052700,526500,27.903333333333332,0.9479279162659926,0.7468423383197934,1.1053197805198827
target_interaction_energy_kcal_mol,300,1,4,1755,439,2.11875768203754,1052700,526500,27.77,0.9312585837722691,0.8159130061531665,1.2568615988936913
target_interaction_energy_kcal_mol,300,1,5,1756,438,2.1555519230896607,1053300,526800,27.416666666666668,0.9484858434289261,0.7578271058746846,1.103374859952263
target_interaction_energy_kcal_mol,300,2,1,1755,439,1.3205977180041373,455562,227931,22.913333333333334,0.9551458067107257,0.7581398717712838,1.05309422398531
target_interaction_energy_kcal_mol,300,2,2,1755,439,1.3135572270257398,456454,228377,22.923333333333332,0.9445328644992699,0.7777431072211388,1.152794879400854
target_interaction_energy_kcal_mol,300,2,3,1755,439,1.3148091100156307,455918,228109,23.373333333333335,0.9431752129328118,0.7831029550062455,1.1546606674186735
target_interaction_energy_kcal_mol,300,2,4,1755,439,1.3136176960542798,456432,228366,23.136666666666667,0.9265782967237897,0.8459974590440683,1.2989440572414803
target_interaction_energy_kcal_mol,300,2,5,1756,438,1.3235351539915428,456042,228171,23.32,0.9481952263971559,0.7745409107894967,1.1064828264724895
target_interaction_energy_kcal_mol,300,3,1,1755,439,1.0884815159952268,287088,143694,20.636666666666667,0.9513995452215137,0.7965158402642022,1.0961900917253269
target_interaction_energy_kcal_mol,300,3,2,1755,439,1.0584902379196137,287514,143907,20.32,0.939324585395873,0.8193127215089718,1.2057035676165646
target_interaction_energy_kcal_mol,300,3,3,1755,439,1.0646188100799918,287524,143912,20.49,0.9376172460933322,0.8288053671576032,1.209811574368963
target_interaction_energy_kcal_mol,300,3,4,1755,439,1.0702892560511827,287832,144066,20.58,0.9218300314698993,0.8897756715101486,1.3402881821263084
target_interaction_energy_kcal_mol,300,3,5,1756,438,1.0655358859803528,288004,144152,20.606666666666666,0.9429351449518321,0.8232458966916939,1.1612992535382873
target_interaction_energy_kcal_mol,300,5,1,1755,439,0.8453856339910999,162934,81617,17.703333333333333,0.9443896960947076,0.8633886135411107,1.172582315136815
target_interaction_energy_kcal_mol,300,5,2,1755,439,0.8429673829814419,162854,81577,17.723333333333333,0.9313979600941128,0.8948897191850042,1.2820432739586625
target_interaction_energy_kcal_mol,300,5,3,1755,439,0.8401968029793352,163260,81780,17.763333333333332,0.9271597764157914,0.9133690435252354,1.3072874704881177
target_interaction_energy_kcal_mol,300,5,4,1755,439,0.8447419300209731,163284,81792,17.926666666666666,0.9133994737017885,0.9631838702731245,1.4107124052622364
target_interaction_energy_kcal_mol,300,5,5,1756,438,0.8585575899342075,162906,81603,17.813333333333333,0.9323621552004073,0.9125425258297726,1.264313188067017
target_interaction_energy_kcal_mol,300,10,1,1755,439,0.6430048630572855,77122,38711,14.413333333333334,0.9231972673869927,1.0156486112952992,1.3780153072364474
target_interaction_energy_kcal_mol,300,10,2,1755,439,0.642916871001944,77078,38689,14.143333333333333,0.9124232466113621,1.0444696195594831,1.4485336558545774
target_interaction_energy_kcal_mol,300,10,3,1755,439,0.6414684629999101,77340,38820,14.103333333333333,0.9004252665194052,1.0801626265882616,1.528480984021822
target_interaction_energy_kcal_mol,300,10,4,1755,439,0.6387866310542449,77088,38694,14.146666666666667,0.8949551245841801,1.1034019643200421,1.5536945947987322
target_interaction_energy_kcal_mol,300,10,5,1756,438,0.6390985640464351,77204,38752,14.31,0.9093116460630648,1.0537848437653183,1.463981360377248
target_interaction_energy_kcal_mol,500,1,1,1755,439,3.5178075039293617,1754500,877500,27.688,0.957589456578887,0.7307271194357141,1.0240062898995796
target_interaction_energy_kcal_mol,500,1,2,1755,439,3.511745137977414,1754500,877500,27.164,0.9492448645949069,0.7402683376727381,1.1027426328006242
target_interaction_energy_kcal_mol,500,1,3,1755,439,3.507567645981908,1754500,877500,27.868,0.9481497596830138,0.7437715786520657,1.1029627628735035
target_interaction_energy_kcal_mol,500,1,4,1755,439,3.5171383341075853,1754500,877500,27.784,0.9314509349194152,0.8136128196445476,1.2551019018867549
target_interaction_energy_kcal_mol,500,1,5,1756,438,3.5039438019739464,1755500,878000,27.56,0.9488439896419681,0.7557249327838832,1.0995326271114878
target_interaction_energy_kcal_mol,500,2,1,1755,439,2.206202864064835,759312,379906,23.006,0.9555380729794578,0.7578471682398228,1.0484792655452002
target_interaction_energy_kcal_mol,500,2,2,1755,439,2.2115063520614058,760716,380608,22.908,0.9446143852976244,0.7751477055265801,1.1519474288052451
target_interaction_energy_kcal_mol,500,2,3,1755,439,2.1801227750256658,759922,380211,23.266,0.9433890475004695,0.779202166768689,1.1524860962874648
target_interaction_energy_kcal_mol,500,2,4,1755,439,2.190530125051737,760392,380446,23.174,0.9259383731413224,0.84555535661257,1.3045923980256313
target_interaction_energy_kcal_mol,500,2,5,1756,438,2.1856459169648588,760056,380278,23.252,0.948197321814764,0.7729295843052929,1.1064604485439489
target_interaction_energy_kcal_mol,500,3,1,1755,439,1.7659462480805814,478816,239658,20.632,0.9516508006830241,0.7964453059376826,1.093352868859864
target_interaction_energy_kcal_mol,500,3,2,1755,439,1.761773384991102,479232,239866,20.304,0.9394469530187824,0.8191816594646815,1.2044871478918444
target_interaction_energy_kcal_mol,500,3,3,1755,439,1.7706747950287536,479182,239841,20.668,0.9383518006093059,0.8247400147619481,1.2026677402407413
target_interaction_energy_kcal_mol,500,3,4,1755,439,1.8113502230262384,479960,240230,20.658,0.9224431717050681,0.8881720239223462,1.3350214381861067
target_interaction_energy_kcal_mol,500,3,5,1756,438,1.7871998440241441,479560,240030,20.662,0.9427936916518853,0.8255169926502158,1.1627376865188153
target_interaction_energy_kcal_mol,500,5,1,1755,439,1.420285013038665,271548,136024,17.7,0.9451195908612028,0.8607026637262073,1.164861726053863
target_interaction_energy_kcal_mol,500,5,2,1755,439,1.4027967610163614,271560,136030,17.742,0.9312378793361282,0.8924950951922698,1.2835382067192795
target_interaction_energy_kcal_mol,500,5,3,1755,439,1.3975144040305167,272028,136264,17.744,0.9273537340867408,0.914338119653297,1.3055457992081978
target_interaction_energy_kcal_mol,500,5,4,1755,439,1.4028335929615423,272200,136350,17.936,0.9133418975572671,0.9612761430992726,1.411181281659356
target_interaction_energy_kcal_mol,500,5,5,1756,438,1.394476259010844,271626,136063,17.826,0.9325846792366621,0.9123931855365619,1.2622317212970597
target_interaction_energy_kcal_mol,500,10,1,1755,439,1.0798976570367813,128526,64513,14.3,0.9233738924657021,1.012877695781325,1.3764298678348232
target_interaction_energy_kcal_mol,500,10,2,1755,439,1.0762784230755642,128558,64529,14.08,0.9124975575357489,1.0433418901537823,1.447918968082645
target_interaction_energy_kcal_mol,500,10,3,1755,439,1.070473687024787,128916,64708,14.128,0.9007714369378058,1.0783701343137944,1.5258217975504362
target_interaction_energy_kcal_mol,500,10,4,1755,439,1.0726268370635808,128490,64495,14.116,0.894901502678003,1.1018090973723846,1.5540910988460042
target_interaction_energy_kcal_mol,500,10,5,1756,438,1.0595320359570906,128758,64629,14.34,0.9095504352752173,1.052260160384326,1.4620527038109103
target_interaction_energy_kcal_mol,750,1,1,1755,439,5.250257137930021,2631750,1316250,27.752,0.9576650256235486,0.7300174378228788,1.0230935725329071
target_interaction_energy_kcal_mol,750,1,2,1755,439,5.238360774004832,2631750,1316250,27.186666666666667,0.9499390847146485,0.7352289787297488,1.095175103662742
target_interaction_energy_kcal_mol,750,1,3,1755,439,5.245748467976227,2631750,1316250,27.852,0.948136675100238,0.7446877278439864,1.1031019222787182
target_interaction_energy_kcal_mol,750,1,4,1755,439,5.285697587998584,2631750,1316250,27.754666666666665,0.931917159304712,0.8124903868109102,1.2508264425924833
target_interaction_energy_kcal_mol,750,1,5,1756,438,5.3822307829977944,2633250,1317000,27.566666666666666,0.9485044525052468,0.756540531728091,1.1031755492869302
target_interaction_energy_kcal_mol,750,2,1,1755,439,3.321594498003833,1139404,570077,23.070666666666668,0.9558264527842983,0.7551195467931912,1.0450735188826075
target_interaction_energy_kcal_mol,750,2,2,1755,439,3.2694545909762383,1140808,570779,22.810666666666666,0.94524313389855,0.7706045837274754,1.1453901968671238
target_interaction_energy_kcal_mol,750,2,3,1755,439,3.3271465229336172,1140026,570388,23.357333333333333,0.9437226538194585,0.7778801939300103,1.149085299010736
target_interaction_energy_kcal_mol,750,2,4,1755,439,3.316198465996422,1140166,570458,23.170666666666666,0.9259357949927833,0.8473200657805676,1.3046151048162948
target_interaction_energy_kcal_mol,750,2,5,1756,438,3.277915882994421,1140150,570450,23.308,0.9476481797267919,0.7749376392680749,1.1123095885063798
target_interaction_energy_kcal_mol,750,3,1,1755,439,2.6465748390182853,718332,359541,20.728,0.9516648867579792,0.7974926479775353,1.093193588328011
target_interaction_energy_kcal_mol,750,3,2,1755,439,2.642672998015769,718848,359799,20.30666666666667,0.9395169173719058,0.8176336951530964,1.20379110099889
target_interaction_energy_kcal_mol,750,3,3,1755,439,2.65098419401329,718558,359654,20.712,0.9383812794898078,0.8245448398841912,1.2023801605691644
target_interaction_energy_kcal_mol,750,3,4,1755,439,2.6433758839266375,719920,360335,20.676,0.9222272541279127,0.8875571020244938,1.3368784909749474
target_interaction_energy_kcal_mol,750,3,5,1756,438,2.6576516369823366,719606,360178,20.633333333333333,0.9425177273936405,0.8254190805673467,1.1655388461067675
target_interaction_energy_kcal_mol,750,5,1,1755,439,2.0991827509133145,407512,204131,17.78,0.9450901879827521,0.8608092751556651,1.165173729025432
target_interaction_energy_kcal_mol,750,5,2,1755,439,2.1020187130197883,407386,204068,17.730666666666668,0.9314625412693831,0.8913496864714144,1.2814396814383846
target_interaction_energy_kcal_mol,750,5,3,1755,439,2.096579991048202,407918,204334,17.776,0.9274631033323071,0.9138974778443897,1.3045626768188856
target_interaction_energy_kcal_mol,750,5,4,1755,439,2.098021903075278,408014,204382,17.886666666666667,0.9137770922061129,0.9605654883454124,1.4076333645346222
target_interaction_energy_kcal_mol,750,5,5,1756,438,2.087830519070849,407440,204095,17.861333333333334,0.9322642417534501,0.9116641123967314,1.265227975445644
target_interaction_energy_kcal_mol,750,10,1,1755,439,1.5902736890129745,192902,96826,14.213333333333333,0.9233708873174293,1.0118717235386656,1.3764568582132883
target_interaction_energy_kcal_mol,750,10,2,1755,439,1.59407456102781,192892,96821,14.146666666666667,0.9130129846667552,1.0414882832788857,1.4436482360335454
target_interaction_energy_kcal_mol,750,10,3,1755,439,1.5950687179574743,193318,97034,14.182666666666666,0.9012663943145975,1.0774813175711269,1.5220115998989059
target_interaction_energy_kcal_mol,750,10,4,1755,439,1.6130105229094625,192756,96753,14.198666666666666,0.8951109142418656,1.1023264559879795,1.5525420428095726
target_interaction_energy_kcal_mol,750,10,5,1756,438,1.593500797986053,193020,96885,14.309333333333333,0.9096497222624751,1.0531218925349966,1.4612500318080155
target_interaction_energy_kcal_mol,1000,1,1,1755,439,7.048920050030574,3509000,1755000,27.691,0.9578319679156624,0.7288691515265951,1.021074363820527
target_interaction_energy_kcal_mol,1000,1,2,1755,439,7.048066876013763,3509000,1755000,27.2,0.9497351528133872,0.7365422938306243,1.0974035302420044
target_interaction_energy_kcal_mol,1000,1,3,1755,439,6.989773761015385,3509000,1755000,27.86,0.9481693701554383,0.745229667341279,1.1027541653216308
target_interaction_energy_kcal_mol,1000,1,4,1755,439,6.992656424990855,3509000,1755000,27.783,0.9320355121181167,0.8120080404245944,1.249738773369208
target_interaction_energy_kcal_mol,1000,1,5,1756,438,6.935570243978873,3511000,1756000,27.571,0.9487922621393223,0.752966173599532,1.1000883947121758
target_interaction_energy_kcal_mol,1000,2,1,1755,439,4.389677606988698,1519314,760157,23.106,0.9555594280935403,0.7566749668924613,1.048227442412373
target_interaction_energy_kcal_mol,1000,2,2,1755,439,4.378374736988917,1520908,760954,22.807,0.9449209971344423,0.7705062700807932,1.1487544435703032
target_interaction_energy_kcal_mol,1000,2,3,1755,439,4.380749254021794,1519860,760430,23.342,0.9436679879448369,0.7781380341415961,1.1496432544784982
target_interaction_energy_kcal_mol,1000,2,4,1755,439,4.36459647200536,1520464,760732,23.095,0.9263330725519046,0.8460677277861678,1.3011114473990104
target_interaction_energy_kcal_mol,1000,2,5,1756,438,4.409518386004493,1520364,760682,23.262,0.9476695756419642,0.7736830455262339,1.1120822677217974
target_interaction_energy_kcal_mol,1000,3,1,1755,439,3.5323402629001066,958032,479516,20.705,0.9518811640071014,0.7960385247737436,1.0907450787303272
target_interaction_energy_kcal_mol,1000,3,2,1755,439,3.522024494013749,958406,479703,20.275,0.9394792064087937,0.8176930431012568,1.2041663220190635
target_interaction_energy_kcal_mol,1000,3,3,1755,439,3.5383927159709856,958004,479502,20.67,0.9382163107331503,0.8260842842602094,1.2039886212308002
target_interaction_energy_kcal_mol,1000,3,4,1755,439,3.5315347929717973,959422,480211,20.588,0.9224323117114577,0.8862826027750844,1.3351149039524752
target_interaction_energy_kcal_mol,1000,3,5,1756,438,3.547152344021015,959498,480249,20.593,0.942846218279765,0.8227113374143694,1.1622037531325684
target_interaction_energy_kcal_mol,1000,5,1,1755,439,2.846807490917854,543594,272297,17.833,0.9447188468815687,0.8629654135210776,1.1691069772183444
target_interaction_energy_kcal_mol,1000,5,2,1755,439,2.855453353957273,543206,272103,17.688,0.93161015338814,0.8901406819701783,1.280058991315302
target_interaction_energy_kcal_mol,1000,5,3,1755,439,2.790692402049899,543860,272430,17.752,0.9279087721339052,0.9109756867955684,1.3005488665746971
target_interaction_energy_kcal_mol,1000,5,4,1755,439,2.791660050977953,544052,272526,17.861,0.9136199544683458,0.9610805573975291,1.4089154578981702
target_interaction_energy_kcal_mol,1000,5,5,1756,438,2.7883759640390053,543274,272137,17.864,0.9326693932786211,0.9086826952103867,1.2614384122794782
target_interaction_energy_kcal_mol,1000,10,1,1755,439,2.1266960699576885,257262,129131,14.191,0.9232514464184973,1.0125887839327121,1.3775291741026476
target_interaction_energy_kcal_mol,1000,10,2,1755,439,2.1302077589789405,257166,129083,14.13,0.913250930258543,1.0394248194582958,1.441672395358914
target_interaction_energy_kcal_mol,1000,10,3,1755,439,2.1328523400006816,257732,129366,14.212,0.9014481941506212,1.0769423702765393,1.5206097015861557
target_interaction_energy_kcal_mol,1000,10,4,1755,439,2.12062910804525,257056,129028,14.224,0.8950998974914477,1.10232613527897,1.5526235742624463
target_interaction_energy_kcal_mol,1000,10,5,1756,438,2.119548646034673,257250,129125,14.328,0.9099872883462293,1.052452355115205,1.458517721170755
target_frontier_gap_ev,50,1,1,1755,439,0.35753655910957605,175162,87606,30.16,0.9813047439601634,0.03490395899772209,0.04908402416766605
target_frontier_gap_ev,50,1,2,1755,439,0.3731521130539477,175126,87588,30.0,0.977364995576347,0.03787090205011386,0.0542891199704115
target_frontier_gap_ev,50,1,3,1755,439,0.3587679018964991,175244,87647,29.16,0.9773160411906124,0.035993845102505716,0.05581732696544331
target_frontier_gap_ev,50,1,4,1755,439,0.3620566891040653,174996,87523,29.58,0.9804133281828612,0.03536741230068332,0.0510602855433869
target_frontier_gap_ev,50,1,5,1756,438,0.3591970420675352,175226,87638,30.68,0.9781098192031633,0.036540196347031935,0.054345413874383866
target_frontier_gap_ev,50,2,1,1755,439,0.23092011408880353,75946,37998,25.16,0.9791968121333589,0.036116279802581586,0.05177729979893332
target_frontier_gap_ev,50,2,2,1755,439,0.23626013891771436,76100,38075,24.48,0.9751845648141316,0.039696772892938506,0.0568438464731768
target_frontier_gap_ev,50,2,3,1755,439,0.22982644801959395,75956,38003,24.84,0.9709284842194379,0.03797120015186028,0.06318928596744088
target_frontier_gap_ev,50,2,4,1755,439,0.2278335839509964,75930,37990,25.4,0.9797287964670588,0.036409458845861706,0.051944872302751105
target_frontier_gap_ev,50,2,5,1756,438,0.22931806300766766,75972,38011,25.64,0.9740682996129107,0.038010358447488596,0.059149860379914244
target_frontier_gap_ev,50,3,1,1755,439,0.18831768399104476,47974,24012,23.18,0.9769877849808679,0.038537712298875496,0.054456993925210424
target_frontier_gap_ev,50,3,2,1755,439,0.18635305704083294,47950,24000,22.52,0.9736540359996826,0.04150751575731276,0.05857058435142985
target_frontier_gap_ev,50,3,3,1755,439,0.18551013304386288,47906,23978,22.32,0.9662513529073534,0.03984492316773338,0.06808286037645903
target_frontier_gap_ev,50,3,4,1755,439,0.18497568799648434,47910,23980,22.74,0.9791692826125658,0.037665670976606294,0.05265686864703792
target_frontier_gap_ev,50,3,5,1756,438,0.18619419494643807,47982,24016,22.9,0.9689285484858845,0.04078982829963036,0.06474690260261359
target_frontier_gap_ev,50,5,1,1755,439,0.15020885097328573,27164,13607,19.98,0.9708362443091241,0.04217239419005445,0.061305039740063856
target_frontier_gap_ev,50,5,2,1755,439,0.1470026010647416,27072,13561,19.48,0.968001787045361,0.045368627619476166,0.06454838372548269
target_frontier_gap_ev,50,5,3,1755,439,0.14682639495003968,27182,13616,19.7,0.95721616617234,0.04485500559910851,0.07665658346559634
target_frontier_gap_ev,50,5,4,1755,439,0.14729361701756716,27236,13643,20.12,0.9737221578433801,0.04258021241711308,0.05914223950565845
target_frontier_gap_ev,50,5,5,1756,438,0.14667849999386817,27146,13598,19.92,0.9576422969200371,0.04514221402338147,0.07559697665019038
target_frontier_gap_ev,50,10,1,1755,439,0.11140948499087244,12836,6443,15.7,0.9618010518250654,0.04842100027025085,0.07016170832651887
target_frontier_gap_ev,50,10,2,1755,439,0.11232682003173977,12902,6476,15.98,0.9552347940780683,0.05203488205675248,0.0763471453451275
target_frontier_gap_ev,50,10,3,1755,439,0.11166024301201105,12894,6472,15.52,0.9447142222729665,0.05233425449985394,0.08713975236446692
target_frontier_gap_ev,50,10,4,1755,439,0.11185529094655067,12880,6465,16.26,0.9642835283808563,0.049112602630109733,0.06895046356663491
target_frontier_gap_ev,50,10,5,1756,438,0.11154481500852853,12892,6471,16.36,0.9420879147251848,0.051264350920549186,0.0883940083051355
target_frontier_gap_ev,100,1,1,1755,439,0.7124541359953582,350326,175213,30.15,0.9815118468195148,0.03480205922551251,0.04881139480347385
target_frontier_gap_ev,100,1,2,1755,439,0.7397227139445022,350254,175177,29.74,0.9776233468417896,0.037727136674259545,0.05397840842543904
target_frontier_gap_ev,100,1,3,1755,439,0.7138111960375682,350504,175302,29.14,0.9775400452861849,0.036060756264236916,0.05554104514771253
target_frontier_gap_ev,100,1,4,1755,439,0.7055617850273848,349988,175044,29.91,0.9813971820054278,0.03491276765375846,0.04976136493769449
target_frontier_gap_ev,100,1,5,1756,438,0.7106295950943604,350454,175277,30.53,0.9786466757904904,0.0362561415525115,0.05367486654293444
target_frontier_gap_ev,100,2,1,1755,439,0.4495241600088775,152014,76057,25.27,0.9795370052104527,0.035946805618830596,0.05135219944390858
target_frontier_gap_ev,100,2,2,1755,439,0.4495947080431506,151886,75993,24.58,0.976585247109319,0.03885013990129073,0.055216299715271845
target_frontier_gap_ev,100,2,3,1755,439,0.4493980839615688,151744,75922,24.89,0.9698915095990188,0.03831582782839791,0.06430638559220256
target_frontier_gap_ev,100,2,4,1755,439,0.4487480599200353,151846,75973,25.18,0.980087588776974,0.0362574056947608,0.0514831180845554
target_frontier_gap_ev,100,2,5,1756,438,0.45176278694998473,151924,76012,25.67,0.9745714630394218,0.03774719140030443,0.05857319484798887
target_frontier_gap_ev,100,3,1,1755,439,0.3649303180864081,95898,47999,22.87,0.9764208221951635,0.038471683968796404,0.05512375340764949
target_frontier_gap_ev,100,3,2,1755,439,0.36522261693608016,95824,47962,22.33,0.9739172595066624,0.04146256820515602,0.05827725941295158
target_frontier_gap_ev,100,3,3,1755,439,0.3656805050559342,95762,47931,22.49,0.9659225628163113,0.04023258191687456,0.06841369902298967
target_frontier_gap_ev,100,3,4,1755,439,0.3641800540499389,95778,47939,22.46,0.9789284696780168,0.03761919843168099,0.05296036317223602
target_frontier_gap_ev,100,3,5,1756,438,0.3649242960382253,96028,48064,23.02,0.9693118300603211,0.040561997591867745,0.06434632104728724
target_frontier_gap_ev,100,5,1,1755,439,0.2897921249968931,54488,27294,19.7,0.9705599954891211,0.04236012876401923,0.06159470629307489
target_frontier_gap_ev,100,5,2,1755,439,0.2869901170488447,54408,27254,19.41,0.9685678729296048,0.04502624643453544,0.06397486758886489
target_frontier_gap_ev,100,5,3,1755,439,0.290192011045292,54496,27298,19.6,0.9572814920337919,0.04465670601272928,0.07659803833430794
target_frontier_gap_ev,100,5,4,1755,439,0.28805186110548675,54494,27297,19.75,0.9737353584833117,0.04238746988938264,0.05912738262592892
target_frontier_gap_ev,100,5,5,1756,438,0.2888624870683998,54364,27232,19.66,0.9579181355792001,0.04520931182523205,0.0753504261200417
target_frontier_gap_ev,100,10,1,1755,439,0.2187003509607166,25658,12879,15.71,0.9615666656279438,0.04859113555258223,0.07037663292029704
target_frontier_gap_ev,100,10,2,1755,439,0.22035001800395548,25810,12955,15.75,0.9562248063266343,0.05147275862168334,0.07549819140445381
target_frontier_gap_ev,100,10,3,1755,439,0.21881927095819265,25736,12918,15.29,0.9440271048626097,0.05251174747838015,0.0876795869410726
target_frontier_gap_ev,100,10,4,1755,439,0.2210386369843036,25740,12920,15.83,0.9649655560305673,0.049174674268185434,0.06828896499282122
target_frontier_gap_ev,100,10,5,1756,438,0.22202178998850286,25696,12898,16.21,0.9405462325636673,0.051768740762691744,0.08956285233820113
target_frontier_gap_ev,200,1,1,1755,439,1.4187026959843934,700656,350428,30.1,0.9815430696068627,0.03466290091116184,0.04877016105304091
target_frontier_gap_ev,200,1,2,1755,439,1.4168700780719519,700464,350332,29.88,0.9780207916771877,0.03712735990888364,0.05349688965710134
target_frontier_gap_ev,200,1,3,1755,439,1.4195326089393348,701012,350606,29.545,0.9777147134072669,0.03568368223234614,0.055324655908300685
target_frontier_gap_ev,200,1,4,1755,439,1.415814463980496,699968,350084,29.935,0.9808880147403864,0.035323282460136766,0.0504377630151185
target_frontier_gap_ev,200,1,5,1756,438,1.440871997969225,700928,350564,30.635,0.9785088383325447,0.03632256164383583,0.05384782570695369
target_frontier_gap_ev,200,2,1,1755,439,0.9074620449682698,303962,152081,25.61,0.9797897020116684,0.03573000271450258,0.051034141220934894
target_frontier_gap_ev,200,2,2,1755,439,0.9037035739747807,303854,152027,24.78,0.9763948117517279,0.038827446469248336,0.05544038583052898
target_frontier_gap_ev,200,2,3,1755,439,0.9045553050236776,303454,151827,24.97,0.9713585859666616,0.0376182721146545,0.06272011376528554
target_frontier_gap_ev,200,2,4,1755,439,0.8929330559913069,303826,152013,25.255,0.9805098201021525,0.03592813893318135,0.05093435838293179
target_frontier_gap_ev,200,2,5,1756,438,0.8990219139959663,303976,152088,25.715,0.9741895061143877,0.03792814796423137,0.0590114632699909
target_frontier_gap_ev,200,3,1,1755,439,0.7262389410752803,191746,95973,22.875,0.9768898453085242,0.03790748210805577,0.05457275499722106
target_frontier_gap_ev,200,3,2,1755,439,0.7240363099845126,191692,95946,22.525,0.9743904313073576,0.040996331956647564,0.0577462307680188
target_frontier_gap_ev,200,3,3,1755,439,0.7269944640574977,191416,95808,22.445,0.966409766778542,0.040156737334128854,0.06792288425108568
target_frontier_gap_ev,200,3,4,1755,439,0.725732902996242,191624,95912,22.715,0.9788806962461198,0.037663441123404494,0.05302036512336379
target_frontier_gap_ev,200,3,5,1756,438,0.7297560499282554,191894,96047,22.98,0.9690293949563995,0.04051295512413769,0.0646417449259446
target_frontier_gap_ev,200,5,1,1755,439,0.5768311499850824,108872,54536,19.835,0.9712031065052183,0.0421115219131317,0.06091822949296814
target_frontier_gap_ev,200,5,2,1755,439,0.5857712830184028,108852,54526,19.55,0.9685030332828575,0.04529144553638579,0.06404081875377159
target_frontier_gap_ev,200,5,3,1755,439,0.5858646939741448,108984,54592,19.3,0.9588740760438034,0.0443764122545987,0.07515665519201092
target_frontier_gap_ev,200,5,4,1755,439,0.5713049959158525,108996,54598,19.83,0.9741190313567903,0.04212286148065114,0.05869392856619989
target_frontier_gap_ev,200,5,5,1756,438,0.5706359220203012,108860,54530,19.635,0.9582176675323733,0.0449254317781175,0.07508178110689132
target_frontier_gap_ev,200,10,1,1755,439,0.43433031905442476,51358,25779,15.82,0.9612284225192365,0.048580788021197426,0.07068563897430251
target_frontier_gap_ev,200,10,2,1755,439,0.43281983106862754,51554,25877,15.53,0.9561488177292712,0.05169103744465681,0.07556369099058104
target_frontier_gap_ev,200,10,3,1755,439,0.4370544170960784,51598,25899,15.525,0.944386481810846,0.05211727931936213,0.08739765795323756
target_frontier_gap_ev,200,10,4,1755,439,0.4331011219182983,51470,25835,15.8,0.9648863132905222,0.04908972906918235,0.06836615115013044
target_frontier_gap_ev,200,10,5,1756,438,0.43391702498774976,51424,25812,16.065,0.9408567668648123,0.051339187027010194,0.08932864724973262
target_frontier_gap_ev,300,1,1,1755,439,2.1430640319595113,1051010,525655,30.216666666666665,0.9815050286490661,0.034651460136674424,0.04882039445121101
target_frontier_gap_ev,300,1,2,1755,439,2.1170334549387917,1050668,525484,29.916666666666668,0.977928212144563,0.0370475261958993,0.05360943949369502
target_frontier_gap_ev,300,1,3,1755,439,2.118580618989654,1051526,525913,29.58,0.9776600624332231,0.035677485952923145,0.055392451646629315
target_frontier_gap_ev,300,1,4,1755,439,2.124017491005361,1049950,525125,30.016666666666666,0.9811840106687915,0.03514262870159488,0.050045662750049076
target_frontier_gap_ev,300,1,5,1756,438,2.13003960007336,1051362,525831,30.746666666666666,0.9786171237215149,0.036215799847793335,0.05371199553777266
target_frontier_gap_ev,300,2,1,1755,439,1.3474019870627671,455982,228141,25.593333333333334,0.979636279054398,0.03579380798532021,0.05122748338122511
target_frontier_gap_ev,300,2,2,1755,439,1.3396518119843677,455814,228057,24.886666666666667,0.9765596115985155,0.03860913263730708,0.055246518074374654
target_frontier_gap_ev,300,2,3,1755,439,1.3422690159641206,455434,227867,25.126666666666665,0.9714342007702819,0.03759583767400668,0.06263726688881725
target_frontier_gap_ev,300,2,4,1755,439,1.338855665992014,455798,228049,25.25,0.9806526806309159,0.03587611607188029,0.05074734388452211
target_frontier_gap_ev,300,2,5,1756,438,1.3541438539978117,456026,228163,25.64,0.9747689933758199,0.03775225055809232,0.0583452513436156
target_frontier_gap_ev,300,3,1,1755,439,1.096886288956739,287592,143946,22.93,0.9768149679714864,0.03789565623711895,0.054661091879487624
target_frontier_gap_ev,300,3,2,1755,439,1.1217207319568843,287554,143927,22.626666666666665,0.9743459355624002,0.04106350274342857,0.05779637504159259
target_frontier_gap_ev,300,3,3,1755,439,1.1209649159573019,287088,143694,22.57,0.9668607915036882,0.03989728122868229,0.06746533410661533
target_frontier_gap_ev,300,3,4,1755,439,1.0840536690084264,287294,143797,22.803333333333335,0.9789459780674662,0.03776268597299516,0.05293835614798493
target_frontier_gap_ev,300,3,5,1756,438,1.0857560920994729,287830,144065,23.026666666666667,0.969359294201097,0.040377938786511657,0.0642965408764547
target_frontier_gap_ev,300,5,1,1755,439,0.864129159017466,163248,81774,19.856666666666666,0.9716161293200237,0.04189713010365384,0.06047978829901921
target_frontier_gap_ev,300,5,2,1755,439,0.8601102840621024,163222,81761,19.553333333333335,0.9686554607760948,0.045293506870181965,0.06388567015880338
target_frontier_gap_ev,300,5,3,1755,439,0.8573309989878908,163552,81926,19.286666666666665,0.9587351152622265,0.04433204465847258,0.07528352188858835
target_frontier_gap_ev,300,5,4,1755,439,0.8572286389535293,163558,81929,19.843333333333334,0.9740886693155375,0.04207227706528226,0.05872834661980816
target_frontier_gap_ev,300,5,5,1756,438,0.8584652229910716,163120,81710,19.9,0.957905987327452,0.04503799998329445,0.07536130146866224
target_frontier_gap_ev,300,10,1,1755,439,0.6492127639940009,77100,38700,15.843333333333334,0.9615446317903477,0.04838849475190552,0.07039680349799844
target_frontier_gap_ev,300,10,2,1755,439,0.65567304904107,77260,38780,15.613333333333333,0.9560505805456735,0.051753992372519216,0.07564828405094429
target_frontier_gap_ev,300,10,3,1755,439,0.6555991049390286,77344,38822,15.533333333333333,0.9448216754853542,0.052064322587047886,0.08705502894355142
target_frontier_gap_ev,300,10,4,1755,439,0.6450404219795018,77180,38740,15.886666666666667,0.9653470574424254,0.048977643778201324,0.06791613692016968
target_frontier_gap_ev,300,10,5,1756,438,0.6463894719490781,77282,38791,16.023333333333333,0.9411544576284987,0.051353528467509006,0.08910355083010246
target_frontier_gap_ev,500,1,1,1755,439,3.5831690500490367,1751614,876057,30.138,0.981615130911476,0.03457782824601366,0.0486748613898819
target_frontier_gap_ev,500,1,2,1755,439,3.56839869893156,1751082,875791,29.974,0.9780466228779949,0.03700089567198117,0.053465444139680234
target_frontier_gap_ev,500,1,3,1755,439,3.5609632290434092,1752614,876557,29.526,0.9781182933808511,0.035748266970387764,0.05482141048368626
target_frontier_gap_ev,500,1,4,1755,439,3.5528115070192143,1749868,875184,29.96,0.9811093464339969,0.035127510706150195,0.05014485821455488
target_frontier_gap_ev,500,1,5,1756,438,3.5590332850115374,1752312,876406,30.62,0.9790506416880318,0.035957143378995436,0.053164727070169684
target_frontier_gap_ev,500,2,1,1755,439,2.24377442302648,759946,380223,25.566,0.9797109661754793,0.03585425428029106,0.051133454695218294
target_frontier_gap_ev,500,2,2,1755,439,2.239332486060448,759382,379941,24.978,0.9766158535858861,0.03862767363705384,0.055180200060205756
target_frontier_gap_ev,500,2,3,1755,439,2.2403524620458484,758960,379730,25.078,0.9714325561881564,0.03752108960516312,0.06263906993038595
target_frontier_gap_ev,500,2,4,1755,439,2.2315811529988423,759752,380126,25.254,0.9805257544314548,0.03599543978739573,0.05091353325985334
target_frontier_gap_ev,500,2,5,1756,438,2.2408696189522743,759748,380124,25.586,0.9745347070549811,0.03780592887366817,0.05861551222578778
target_frontier_gap_ev,500,3,1,1755,439,1.8129910520510748,479088,239794,22.966,0.9769115969845171,0.03781398170318544,0.05454706654230079
target_frontier_gap_ev,500,3,2,1755,439,1.8126190130133182,479352,239926,22.562,0.9744490260470793,0.041078938175145546,0.05768013119689849
target_frontier_gap_ev,500,3,3,1755,439,1.8059218910057098,478670,239585,22.43,0.9672451374511274,0.039757054600100955,0.06707296428672749
target_frontier_gap_ev,500,3,4,1755,439,1.8101575040491298,478906,239703,22.768,0.9790192495968054,0.03778624446444205,0.05284615868099506
target_frontier_gap_ev,500,3,5,1756,438,1.832265569944866,479636,240068,23.046,0.9698584899781988,0.04041120113684155,0.06377063317719961
target_frontier_gap_ev,500,5,1,1755,439,1.4498519320040941,272242,136371,19.948,0.9716338179796631,0.041832897807608134,0.06046094003958788
target_frontier_gap_ev,500,5,2,1755,439,1.4269640010315925,271872,136186,19.488,0.9684930901454398,0.04543615402755194,0.06405092633683414
target_frontier_gap_ev,500,5,3,1755,439,1.432168549974449,272522,136511,19.32,0.9591102590084439,0.044220710989046584,0.07494053505876141
target_frontier_gap_ev,500,5,4,1755,439,1.4238377240253612,272530,136515,19.83,0.9739783952701259,0.04221106221892363,0.05885318267435638
target_frontier_gap_ev,500,5,5,1756,438,1.4247043950017542,272114,136307,19.918,0.9577874745440254,0.045132285466673326,0.07546731417116084
target_frontier_gap_ev,500,10,1,1755,439,1.0856428059050813,128554,64527,15.832,0.9615355904649538,0.048336088998251515,0.07040507858454766
target_frontier_gap_ev,500,10,2,1755,439,1.082848025020212,128736,64618,15.616,0.9560750599616006,0.05165728453579763,0.07562721342285969
target_frontier_gap_ev,500,10,3,1755,439,1.0743632160592824,128864,64682,15.5,0.9445934504487723,0.052146161835577874,0.08723487887003681
target_frontier_gap_ev,500,10,4,1755,439,1.0685191629454494,128830,64665,15.734,0.9653069698646589,0.048918741841162384,0.0679554092918631
target_frontier_gap_ev,500,10,5,1756,438,1.092089498997666,128652,64576,15.94,0.9411292140749549,0.05151486823413683,0.08912266059604518
target_frontier_gap_ev,750,1,1,1755,439,5.560913859982975,2627394,1314072,30.141333333333332,0.98169184347791,0.034494906302201915,0.04857320505621228
target_frontier_gap_ev,750,1,2,1755,439,5.286202939925715,2626626,1313688,29.954666666666668,0.9780120679124015,0.036990784813971334,0.05350750532568238
target_frontier_gap_ev,750,1,3,1755,439,5.293158252025023,2628964,1314857,29.468,0.9777962921330817,0.03583366560364542,0.055223300852467766
target_frontier_gap_ev,750,1,4,1755,439,5.304221205064096,2624862,1312806,29.86,0.9811317151836892,0.03513532725892254,0.050115160723568315
target_frontier_gap_ev,750,1,5,1756,438,5.316530479001813,2628460,1314605,30.673333333333332,0.9789469435583055,0.036032272450533004,0.05329614582663729
target_frontier_gap_ev,750,2,1,1755,439,3.3590391899924725,1139508,570129,25.714666666666666,0.9795986777359736,0.035842690319991245,0.0512747569751573
target_frontier_gap_ev,750,2,2,1755,439,3.380298670963384,1139330,570040,25.053333333333335,0.9767549646359934,0.038585027289294145,0.05501582318250783
target_frontier_gap_ev,750,2,3,1755,439,3.3353108450537547,1138630,569690,25.064,0.9714384879009754,0.0373377248949631,0.06263256643875485
target_frontier_gap_ev,750,2,4,1755,439,3.3334936869796365,1139520,570135,25.286666666666665,0.9804862137232567,0.035957671991900815,0.05096519473005619
target_frontier_gap_ev,750,2,5,1756,438,3.380419210996479,1139966,570358,25.689333333333334,0.9746626182038894,0.03778255155758506,0.05846811521258595
target_frontier_gap_ev,750,3,1,1755,439,2.741702473955229,718478,359614,22.938666666666666,0.9770449767058874,0.03771324619920859,0.05438928147510854
target_frontier_gap_ev,750,3,2,1755,439,2.7144820280373096,718756,359753,22.561333333333334,0.9746289176861753,0.04098952363825952,0.05747672405276843
target_frontier_gap_ev,750,3,3,1755,439,2.7118137900251895,718330,359540,22.388,0.9667475822445496,0.03977524839365555,0.06758047247337227
target_frontier_gap_ev,750,3,4,1755,439,2.7077315219212323,718250,359500,22.822666666666667,0.9788379639538952,0.03788107433885191,0.053073978084264534
target_frontier_gap_ev,750,3,5,1756,438,2.7141463309526443,719738,360244,23.074666666666666,0.9701379599755686,0.040256846646515236,0.06347430624557567
target_frontier_gap_ev,750,5,1,1755,439,2.1709884419105947,408130,204440,19.982666666666667,0.9718282932967013,0.0417450158902571,0.06025332692111881
target_frontier_gap_ev,750,5,2,1755,439,2.162522635073401,407812,204281,19.449333333333332,0.968522852370564,0.04543755538461576,0.06402066712552196
target_frontier_gap_ev,750,5,3,1755,439,2.13987948698923,408700,204725,19.365333333333332,0.9587911425461627,0.04433340797997764,0.0752323965313105
target_frontier_gap_ev,750,5,4,1755,439,2.142144098994322,408554,204652,19.813333333333333,0.974147173849875,0.04205728082640957,0.05866200853302046
target_frontier_gap_ev,750,5,5,1756,438,2.1348253859905526,408108,204429,19.949333333333332,0.9580066628748225,0.04506924803598145,0.07527112733609204
target_frontier_gap_ev,750,10,1,1755,439,1.613594988011755,192852,96801,15.864,0.961751899939507,0.04828605500291347,0.07020683354311161
target_frontier_gap_ev,750,10,2,1755,439,1.6114613929530606,192904,96827,15.674666666666667,0.955937749661378,0.05174354774080369,0.07574532733002083
target_frontier_gap_ev,750,10,3,1755,439,1.612135615083389,193232,96991,15.534666666666666,0.9445672432931095,0.05209416183759837,0.08725550736786894
target_frontier_gap_ev,750,10,4,1755,439,1.6036494289292023,193182,96966,15.733333333333333,0.9654094889273572,0.04892843119721122,0.06785492975485959
target_frontier_gap_ev,750,10,5,1756,438,1.6077666139462963,193048,96899,15.936,0.9412863115947822,0.05157244190567452,0.08900366862374917
target_frontier_gap_ev,1000,1,1,1755,439,7.1344380310038105,3503292,1752146,30.195,0.9817294434151702,0.03444950569476022,0.048523301393603925
target_frontier_gap_ev,1000,1,2,1755,439,7.064477798994631,3502202,1751601,29.902,0.9780794917318069,0.03702194897494393,0.053425404602004824
target_frontier_gap_ev,1000,1,3,1755,439,7.095394612988457,3505284,1753142,29.519,0.9781290079935201,0.035785650569476864,0.05480798689400441
target_frontier_gap_ev,1000,1,4,1755,439,7.08614360995125,3499870,1750435,29.857,0.9811454639144578,0.035176469931664164,0.050096898718794525
target_frontier_gap_ev,1000,1,5,1756,438,7.147832677001134,3504472,1752736,30.664,0.9789088730475678,0.03605837671232979,0.053344312111997326
target_frontier_gap_ev,1000,2,1,1755,439,4.4706326889572665,1519032,760016,25.705,0.9796624634030751,0.03577189109610519,0.05119453778747799
target_frontier_gap_ev,1000,2,2,1755,439,4.648427305044606,1519356,760178,25.057,0.9767561332339159,0.038540509255885126,0.055014440259580036
target_frontier_gap_ev,1000,2,3,1755,439,4.64334890502505,1518014,759507,25.06,0.9713662629173303,0.037430506727410766,0.06271170755517406
target_frontier_gap_ev,1000,2,4,1755,439,4.47984887403436,1519514,760257,25.345,0.9805390280611741,0.03591402842065307,0.05089617899104447
target_frontier_gap_ev,1000,2,5,1756,438,4.499912657076493,1519918,760459,25.767,0.9745214590633203,0.03778697308219182,0.0586307572270753
target_frontier_gap_ev,1000,3,1,1755,439,3.6143926840741187,958012,479506,22.979,0.9771452240497662,0.03774128603430985,0.05427038926646243
target_frontier_gap_ev,1000,3,2,1755,439,3.6151385280536488,958420,479710,22.578,0.9747865031391022,0.040928422807294765,0.0572979456336776
target_frontier_gap_ev,1000,3,3,1755,439,3.6476712400326505,957844,479422,22.424,0.9667277482994854,0.03985362773746261,0.06760062420450254
target_frontier_gap_ev,1000,3,4,1755,439,3.616728391032666,957956,479478,22.807,0.9787714331107567,0.03788636798648528,0.05315734164992025
target_frontier_gap_ev,1000,3,5,1756,438,3.630293940077536,959488,480244,23.081,0.9699724790108195,0.04032385564104813,0.06364993520256115
target_frontier_gap_ev,1000,5,1,1755,439,2.8626937500666827,544264,272632,20.024,0.9718327418833868,0.04169730106884686,0.060248569439913066
target_frontier_gap_ev,1000,5,2,1755,439,2.8478433249983937,543778,272389,19.501,0.9686569639505282,0.04536163923930296,0.0638841382738279
target_frontier_gap_ev,1000,5,3,1755,439,2.867423181072809,544692,272846,19.343,0.9587977760326032,0.044380276624711834,0.07522634111994797
target_frontier_gap_ev,1000,5,4,1755,439,2.839136542985216,544586,272793,19.805,0.9741114524200134,0.0420443217847911,0.05870252184990449
target_frontier_gap_ev,1000,5,5,1756,438,2.8550931540085003,544086,272543,20.002,0.9576856533582175,0.04515663478270273,0.07555827702107694
target_frontier_gap_ev,1000,10,1,1755,439,2.1499545580009,257044,129022,15.856,0.9616971367888242,0.04827079482803254,0.07025707619787425
target_frontier_gap_ev,1000,10,2,1755,439,2.148218451999128,257166,129083,15.695,0.9560629530416812,0.051706954553090566,0.07563763517337925
target_frontier_gap_ev,1000,10,3,1755,439,2.150413070921786,257624,129312,15.509,0.9445848796662383,0.05207549112749546,0.08724162574626665
target_frontier_gap_ev,1000,10,4,1755,439,2.137878109002486,257456,129228,15.778,0.9654213334766336,0.048960137236630986,0.06784331125244293
target_frontier_gap_ev,1000,10,5,1756,438,2.174058389966376,257576,129288,15.984,0.941273961649129,0.05161480859105584,0.08901302872958593
target_somo_somo_elst_corrected_signed_kcal_mol,50,1,1,1755,439,0.3652957209851593,175450,87750,32.7,0.9505047911040951,0.5458665943337855,1.069013161480387
target_somo_somo_elst_corrected_signed_kcal_mol,50,1,2,1755,439,0.3653351159300655,175450,87750,32.18,0.968289271248482,0.5008371799569824,0.8733654136466057
target_somo_somo_elst_corrected_signed_kcal_mol,50,1,3,1755,439,0.3674819660373032,175450,87750,32.12,0.9638158236332508,0.5426161035887356,0.995779224044747
target_somo_somo_elst_corrected_signed_kcal_mol,50,1,4,1755,439,0.36684174893889576,175450,87750,33.06,0.9614622774160102,0.5307773741600395,0.9738837752254907
target_somo_somo_elst_corrected_signed_kcal_mol,50,1,5,1756,438,0.3642368329456076,175550,87800,32.28,0.963164522140955,0.5221722898971161,1.006802939232449
target_somo_somo_elst_corrected_signed_kcal_mol,50,2,1,1755,439,0.2323839949676767,75960,38005,26.12,0.944342750882472,0.5660673409578766,1.1336065329868505
target_somo_somo_elst_corrected_signed_kcal_mol,50,2,2,1755,439,0.23504031007178128,75882,37966,27.46,0.9653836497826868,0.5132855759506989,0.9125013506447418
target_somo_somo_elst_corrected_signed_kcal_mol,50,2,3,1755,439,0.23478262301068753,76204,38127,26.34,0.9515895129010988,0.5982063045567299,1.1517903653441244
target_somo_somo_elst_corrected_signed_kcal_mol,50,2,4,1755,439,0.23414341104216874,75934,37992,26.8,0.9673386611074747,0.5197295266726484,0.8965635932366364
target_somo_somo_elst_corrected_signed_kcal_mol,50,2,5,1756,438,0.23336584004573524,75962,38006,26.96,0.9566565203229483,0.5499100057295401,1.0921271601157574
target_somo_somo_elst_corrected_signed_kcal_mol,50,3,1,1755,439,0.1906929329270497,48008,24029,24.1,0.9413384123963332,0.6018686530327955,1.1638000664183799
target_somo_somo_elst_corrected_signed_kcal_mol,50,3,2,1755,439,0.19719399604946375,47706,23878,24.3,0.9641454920452102,0.5361109333662243,0.9286771531594581
target_somo_somo_elst_corrected_signed_kcal_mol,50,3,3,1755,439,0.19476978899911046,47872,23961,24.6,0.9371715118891127,0.6594272204067555,1.3121455734479526
target_somo_somo_elst_corrected_signed_kcal_mol,50,3,4,1755,439,0.19030247500631958,48020,24035,23.5,0.9551696314791797,0.5593122337773568,1.0503892345411812
target_somo_somo_elst_corrected_signed_kcal_mol,50,3,5,1756,438,0.19285093806684017,47892,23971,23.9,0.9409160037336844,0.603889469570417,1.275105889362161
target_somo_somo_elst_corrected_signed_kcal_mol,50,5,1,1755,439,0.15449225797783583,27166,13608,20.52,0.9219043201443238,0.6697578709095391,1.3428112664457958
target_somo_somo_elst_corrected_signed_kcal_mol,50,5,2,1755,439,0.15416112705133855,27130,13590,20.44,0.9556424966547581,0.5855875136670013,1.0329431618438172
target_somo_somo_elst_corrected_signed_kcal_mol,50,5,3,1755,439,0.15382674406282604,27262,13656,21.2,0.9174628293909695,0.7366170529941073,1.5039330510639668
target_somo_somo_elst_corrected_signed_kcal_mol,50,5,4,1755,439,0.15313802496530116,27322,13686,20.24,0.9472724275107645,0.6179201285662947,1.139155460461106
target_somo_somo_elst_corrected_signed_kcal_mol,50,5,5,1756,438,0.15275954804383218,27192,13621,20.56,0.9168236604052041,0.6842156551722923,1.5129034829074473
target_somo_somo_elst_corrected_signed_kcal_mol,50,10,1,1755,439,0.1184514940250665,12848,6449,16.54,0.890673575025114,0.7885533230677912,1.5887810265314481
target_somo_somo_elst_corrected_signed_kcal_mol,50,10,2,1755,439,0.1188057370018214,12952,6501,16.12,0.9164891183938803,0.7242113924362975,1.4173085667570366
target_somo_somo_elst_corrected_signed_kcal_mol,50,10,3,1755,439,0.11889217793941498,12920,6485,15.96,0.8592957061278179,0.9384563655579805,1.9636197457677917
target_somo_somo_elst_corrected_signed_kcal_mol,50,10,4,1755,439,0.11912146396934986,12806,6428,16.84,0.9292251081637866,0.7571801303926966,1.3197866003540126
target_somo_somo_elst_corrected_signed_kcal_mol,50,10,5,1756,438,0.11812310095410794,12932,6491,16.1,0.8623644312818416,0.8292553855425022,1.9461515725039404
target_somo_somo_elst_corrected_signed_kcal_mol,100,1,1,1755,439,0.7255821329308674,350900,175500,31.8,0.9515261761019292,0.5401112689920651,1.0579255643139387
target_somo_somo_elst_corrected_signed_kcal_mol,100,1,2,1755,439,0.7244959400268272,350900,175500,31.74,0.9701117312733195,0.4872101606600958,0.8478973103199348
target_somo_somo_elst_corrected_signed_kcal_mol,100,1,3,1755,439,0.7267163749784231,350900,175500,32.22,0.9644367668295426,0.5401405542387239,0.9871981520881609
target_somo_somo_elst_corrected_signed_kcal_mol,100,1,4,1755,439,0.7293295330600813,350900,175500,32.49,0.9653585634675107,0.5076828851625373,0.9233408592925391
target_somo_somo_elst_corrected_signed_kcal_mol,100,1,5,1756,438,0.7257014960050583,351100,175600,32.3,0.9649014817193067,0.516748265875117,0.9827786470956967
target_somo_somo_elst_corrected_signed_kcal_mol,100,2,1,1755,439,0.45793914899695665,151752,75926,25.93,0.9441434328094762,0.5642577274661311,1.1356345378279507
target_somo_somo_elst_corrected_signed_kcal_mol,100,2,2,1755,439,0.46068458002991974,151794,75947,26.52,0.9661760076940628,0.5138468081169731,0.9019974533134066
target_somo_somo_elst_corrected_signed_kcal_mol,100,2,3,1755,439,0.4609948479337618,152250,76175,26.11,0.9540276667066362,0.588442817210045,1.1224111916820032
target_somo_somo_elst_corrected_signed_kcal_mol,100,2,4,1755,439,0.4597425190731883,151888,75994,26.58,0.9646847659732138,0.5201924481853079,0.9322773904033826
target_somo_somo_elst_corrected_signed_kcal_mol,100,2,5,1756,438,0.45918211503885686,152090,76095,26.64,0.9584183924626487,0.5477475688791033,1.0696999072747162
target_somo_somo_elst_corrected_signed_kcal_mol,100,3,1,1755,439,0.3749055019579828,95766,47933,23.61,0.9403221031714912,0.6068470276238234,1.1738381662097435
target_somo_somo_elst_corrected_signed_kcal_mol,100,3,2,1755,439,0.37513333407696337,95656,47878,23.89,0.9654325126024045,0.5244526635851358,0.9118571011182705
target_somo_somo_elst_corrected_signed_kcal_mol,100,3,3,1755,439,0.3752466000150889,95714,47907,24.04,0.9415919476248599,0.6374508752227421,1.265144341970706
target_somo_somo_elst_corrected_signed_kcal_mol,100,3,4,1755,439,0.37464431405533105,95898,47999,23.45,0.9560859342712548,0.559402319192874,1.0395991873330166
target_somo_somo_elst_corrected_signed_kcal_mol,100,3,5,1756,438,0.3722081669839099,95888,47994,23.68,0.9418434630935173,0.5980119636258617,1.2650584425429456
target_somo_somo_elst_corrected_signed_kcal_mol,100,5,1,1755,439,0.3001032540341839,54286,27193,19.95,0.9303681396515201,0.6539537014666439,1.267959758840733
target_somo_somo_elst_corrected_signed_kcal_mol,100,5,2,1755,439,0.2996498349821195,54388,27244,19.93,0.9536098692016705,0.5921567410778255,1.0563447457028765
target_somo_somo_elst_corrected_signed_kcal_mol,100,5,3,1755,439,0.3020889030303806,54492,27296,20.69,0.9190209362772209,0.7333740506111622,1.489670065093527
target_somo_somo_elst_corrected_signed_kcal_mol,100,5,4,1755,439,0.29960451798979193,54418,27259,20.27,0.9486824885880645,0.615147186327004,1.123820374193761
target_somo_somo_elst_corrected_signed_kcal_mol,100,5,5,1756,438,0.2993050430668518,54338,27219,20.28,0.9211492005053215,0.6837586136566365,1.4730394269436458
target_somo_somo_elst_corrected_signed_kcal_mol,100,10,1,1755,439,0.22885866300202906,25718,12909,16.1,0.8937323305866491,0.7919255749982983,1.566397745707325
target_somo_somo_elst_corrected_signed_kcal_mol,100,10,2,1755,439,0.23003010102547705,25744,12922,15.92,0.913892313685912,0.7225226033461625,1.4391757678646362
target_somo_somo_elst_corrected_signed_kcal_mol,100,10,3,1755,439,0.22947093890979886,25796,12948,15.76,0.8635623996534908,0.9235454980606713,1.9336183165922867
target_somo_somo_elst_corrected_signed_kcal_mol,100,10,4,1755,439,0.23179227695800364,25606,12853,16.64,0.932626386625133,0.7384003520286139,1.2876831938578863
target_somo_somo_elst_corrected_signed_kcal_mol,100,10,5,1756,438,0.22850353503599763,25786,12943,15.73,0.8652279856215999,0.8342465649475655,1.9257999914361095
target_somo_somo_elst_corrected_signed_kcal_mol,200,1,1,1755,439,1.4473315379582345,701800,351000,32.08,0.9543951593353959,0.5320108029213441,1.0261407692899822
target_somo_somo_elst_corrected_signed_kcal_mol,200,1,2,1755,439,1.444920735899359,701800,351000,31.745,0.9712863840434027,0.4836544142903182,0.8310685001894478
target_somo_somo_elst_corrected_signed_kcal_mol,200,1,3,1755,439,1.451864331960678,701800,351000,32.21,0.9630613494713407,0.5461870862752262,1.0061071325488147
target_somo_somo_elst_corrected_signed_kcal_mol,200,1,4,1755,439,1.4480425019282848,701800,351000,31.95,0.9663118845870884,0.5034320171438373,0.9105472051668936
target_somo_somo_elst_corrected_signed_kcal_mol,200,1,5,1756,438,1.434409111039713,702200,351200,32.455,0.9651701669042501,0.5145529822380014,0.97900975069278
target_somo_somo_elst_corrected_signed_kcal_mol,200,2,1,1755,439,0.9103507680119947,303786,151993,26.385,0.9488952995201454,0.5552128392134248,1.0862552664939045
target_somo_somo_elst_corrected_signed_kcal_mol,200,2,2,1755,439,0.9172896019881591,303736,151968,26.535,0.9686257740314109,0.506909026451669,0.868719135691024
target_somo_somo_elst_corrected_signed_kcal_mol,200,2,3,1755,439,0.9198596510104835,304386,152293,26.435,0.9528132845783223,0.5934599647215404,1.1371390903452148
target_somo_somo_elst_corrected_signed_kcal_mol,200,2,4,1755,439,0.9140476339962333,303570,151885,26.405,0.9650229942339221,0.5116141266570463,0.9278022510043543
target_somo_somo_elst_corrected_signed_kcal_mol,200,2,5,1756,438,0.9083242900669575,304102,152151,26.725,0.9583254521323323,0.5410720203602614,1.0708946996047821
target_somo_somo_elst_corrected_signed_kcal_mol,200,3,1,1755,439,0.7470296430401504,191508,95854,23.535,0.945151994535043,0.5919812611791365,1.1253351673012573
target_somo_somo_elst_corrected_signed_kcal_mol,200,3,2,1755,439,0.7480545010184869,191514,95857,23.695,0.9653999662139281,0.5263230076640595,0.9122862713495237
target_somo_somo_elst_corrected_signed_kcal_mol,200,3,3,1755,439,0.7498423589859158,191426,95813,24.01,0.9399916088482567,0.6446271357332557,1.2823592439691098
target_somo_somo_elst_corrected_signed_kcal_mol,200,3,4,1755,439,0.756468293024227,191716,95958,23.485,0.958246326460073,0.5552626772275987,1.0137046838799086
target_somo_somo_elst_corrected_signed_kcal_mol,200,3,5,1756,438,0.7421109820716083,191890,96045,23.585,0.9440212429256778,0.5910224653963825,1.24114621247517
target_somo_somo_elst_corrected_signed_kcal_mol,200,5,1,1755,439,0.5924082970013842,108726,54463,20.035,0.9294592864155002,0.6597633393301778,1.27620780323107
target_somo_somo_elst_corrected_signed_kcal_mol,200,5,2,1755,439,0.594677775981836,108714,54457,20.005,0.9548610626368252,0.5900270928335292,1.042001978093075
target_somo_somo_elst_corrected_signed_kcal_mol,200,5,3,1755,439,0.5984543620143086,108874,54537,20.585,0.9189914419142148,0.7295758791383564,1.4899413257606273
target_somo_somo_elst_corrected_signed_kcal_mol,200,5,4,1755,439,0.5950186910340562,108758,54479,20.085,0.9486283421878116,0.6168466714361681,1.1244131034909495
target_somo_somo_elst_corrected_signed_kcal_mol,200,5,5,1756,438,0.5900961849838495,108692,54446,20.065,0.9216026643256959,0.6762741880230326,1.468797661351402
target_somo_somo_elst_corrected_signed_kcal_mol,200,10,1,1755,439,0.4546327390708029,51426,25813,15.93,0.8933565035959301,0.7960550181024713,1.5691651677149883
target_somo_somo_elst_corrected_signed_kcal_mol,200,10,2,1755,439,0.45455305196810514,51500,25850,15.91,0.9150333492513356,0.7304448036193799,1.4296085196030497
target_somo_somo_elst_corrected_signed_kcal_mol,200,10,3,1755,439,0.4573349809506908,51514,25857,15.84,0.8649197408226368,0.9189471785279578,1.92397603312002
target_somo_somo_elst_corrected_signed_kcal_mol,200,10,4,1755,439,0.4580610669218004,51316,25758,16.23,0.9284313588329667,0.7420927467368239,1.3271667522339896
target_somo_somo_elst_corrected_signed_kcal_mol,200,10,5,1756,438,0.451056590070948,51522,25861,15.6,0.8633505066146847,0.8372239457323296,1.939167543387834
target_somo_somo_elst_corrected_signed_kcal_mol,300,1,1,1755,439,2.15506754105445,1052700,526500,32.14,0.9540449385914104,0.531338708710626,1.0300733394036403
target_somo_somo_elst_corrected_signed_kcal_mol,300,1,2,1755,439,2.1612898049643263,1052700,526500,32.126666666666665,0.9713191708043262,0.484275256582114,0.8305938851664761
target_somo_somo_elst_corrected_signed_kcal_mol,300,1,3,1755,439,2.1669268420664594,1052700,526500,32.16,0.9620211085374686,0.5502412830810539,1.0201754242231669
target_somo_somo_elst_corrected_signed_kcal_mol,300,1,4,1755,439,2.1773414440685883,1052700,526500,31.973333333333333,0.966851881379619,0.5037437036990378,0.9032200085052225
target_somo_somo_elst_corrected_signed_kcal_mol,300,1,5,1756,438,2.1687763589434326,1053300,526800,32.56333333333333,0.9649331491461509,0.5162189192792903,0.9823351939881326
target_somo_somo_elst_corrected_signed_kcal_mol,300,2,1,1755,439,1.3624200989725068,455732,228016,26.346666666666668,0.9495311207268313,0.5486503895370141,1.0794767722677494
target_somo_somo_elst_corrected_signed_kcal_mol,300,2,2,1755,439,1.3716826710151508,455624,227962,26.713333333333335,0.9689745268103889,0.5056242683065114,0.8638773450696614
target_somo_somo_elst_corrected_signed_kcal_mol,300,2,3,1755,439,1.3773148860782385,456190,228245,26.616666666666667,0.9512257701015296,0.5979809460485813,1.1561093821670412
target_somo_somo_elst_corrected_signed_kcal_mol,300,2,4,1755,439,1.3720008040545508,455554,227927,26.59,0.964638534076537,0.5119172405026331,0.9328874225370433
target_somo_somo_elst_corrected_signed_kcal_mol,300,2,5,1756,438,1.3703713390277699,455926,228113,26.733333333333334,0.9572562830735906,0.5438931212731618,1.0845447169328897
target_somo_somo_elst_corrected_signed_kcal_mol,300,3,1,1755,439,1.1183283790014684,287026,143663,23.61,0.9451589110664129,0.5923961638297941,1.1252642106519217
target_somo_somo_elst_corrected_signed_kcal_mol,300,3,2,1755,439,1.122101655928418,287332,143816,23.7,0.9657622664097497,0.5236334043314138,0.9074973846246017
target_somo_somo_elst_corrected_signed_kcal_mol,300,3,3,1755,439,1.1304629379883409,287166,143733,24.11,0.9383600942828717,0.6506999897307295,1.2996747991857194
target_somo_somo_elst_corrected_signed_kcal_mol,300,3,4,1755,439,1.1168199760140851,287424,143862,23.56,0.9575093278801753,0.5567922668432592,1.0226120547461728
target_somo_somo_elst_corrected_signed_kcal_mol,300,3,5,1756,438,1.1130042230943218,287842,144071,23.793333333333333,0.9440550214855665,0.5925947611327534,1.2407716913156503
target_somo_somo_elst_corrected_signed_kcal_mol,300,5,1,1755,439,0.8860591410193592,162838,81569,19.996666666666666,0.9299514841680381,0.6593915813355333,1.2717476401346153
target_somo_somo_elst_corrected_signed_kcal_mol,300,5,2,1755,439,0.8872717350022867,162980,81640,20.086666666666666,0.9567450611306351,0.5860341147769269,1.020024795971371
target_somo_somo_elst_corrected_signed_kcal_mol,300,5,3,1755,439,0.8975725650088862,163230,81765,20.553333333333335,0.9178529221907558,0.7344782603877711,1.500374846395536
target_somo_somo_elst_corrected_signed_kcal_mol,300,5,4,1755,439,0.8937087500235066,163130,81715,20.076666666666668,0.9497129121353509,0.6147767139039804,1.112480355138982
target_somo_somo_elst_corrected_signed_kcal_mol,300,5,5,1756,438,0.8966660470468923,163058,81679,20.076666666666668,0.9229315264823407,0.6719585669808471,1.4562961425863032
target_somo_somo_elst_corrected_signed_kcal_mol,300,10,1,1755,439,0.6785189219517633,77126,38713,15.913333333333334,0.8924677499632659,0.7941885655336683,1.5756902148414271
target_somo_somo_elst_corrected_signed_kcal_mol,300,10,2,1755,439,0.6806401869980618,77286,38793,15.97,0.914291402293153,0.7314896565265611,1.4358367761441109
target_somo_somo_elst_corrected_signed_kcal_mol,300,10,3,1755,439,0.6804313360480592,77224,38762,16.006666666666668,0.8643075685061589,0.9198328682384744,1.9283307532671572
target_somo_somo_elst_corrected_signed_kcal_mol,300,10,4,1755,439,0.679718310944736,77032,38666,16.18,0.9267507496159099,0.7444795223176441,1.34265891503453
target_somo_somo_elst_corrected_signed_kcal_mol,300,10,5,1756,438,0.6719539759214967,77242,38771,15.713333333333333,0.8644652805448627,0.831433972456673,1.9312415707009851
target_somo_somo_elst_corrected_signed_kcal_mol,500,1,1,1755,439,3.595542790950276,1754500,877500,31.938,0.9538024460734245,0.5335635056826417,1.0327874738695602
target_somo_somo_elst_corrected_signed_kcal_mol,500,1,2,1755,439,3.5953481999458745,1754500,877500,32.02,0.9714239924297471,0.4808793549277861,0.8290746840310581
target_somo_somo_elst_corrected_signed_kcal_mol,500,1,3,1755,439,3.6348015289986506,1754500,877500,32.118,0.9613949717960243,0.5523398306393315,1.0285505770323933
target_somo_somo_elst_corrected_signed_kcal_mol,500,1,4,1755,439,3.6240379110677168,1754500,877500,32.022,0.9666013175763564,0.5034331027302356,0.9066272633687825
target_somo_somo_elst_corrected_signed_kcal_mol,500,1,5,1756,438,3.594335593050346,1755500,878000,32.63,0.9642773610848435,0.5200161346427479,0.9914780124554745
target_somo_somo_elst_corrected_signed_kcal_mol,500,2,1,1755,439,2.280620267963968,759558,380029,26.35,0.9503712702151018,0.5512895825709437,1.070454103520102
target_somo_somo_elst_corrected_signed_kcal_mol,500,2,2,1755,439,2.2853023490170017,759528,380014,26.9,0.9694683041828123,0.4982732539375366,0.8569753723526012
target_somo_somo_elst_corrected_signed_kcal_mol,500,2,3,1755,439,2.298537306021899,760426,380463,26.824,0.9505034582639968,0.5958017807141848,1.1646385016704417
target_somo_somo_elst_corrected_signed_kcal_mol,500,2,4,1755,439,2.2814336619339883,759258,379879,26.564,0.9642710035844465,0.5150597899426465,0.9377228877963714
target_somo_somo_elst_corrected_signed_kcal_mol,500,2,5,1756,438,2.269628006964922,759764,380132,26.868,0.9563645918736494,0.5465649467541083,1.095798853691613
target_somo_somo_elst_corrected_signed_kcal_mol,500,3,1,1755,439,1.8512988530565053,478540,239520,23.576,0.9446315191038184,0.592142332243791,1.1306619457863458
target_somo_somo_elst_corrected_signed_kcal_mol,500,3,2,1755,439,1.8633854991057888,478866,239683,23.704,0.9670555830897228,0.5180017991509559,0.8901922122572217
target_somo_somo_elst_corrected_signed_kcal_mol,500,3,3,1755,439,1.8665677510434762,478904,239702,24.012,0.9386260057762603,0.6480272834654449,1.2968684029677724
target_somo_somo_elst_corrected_signed_kcal_mol,500,3,4,1755,439,1.8593614959390834,479176,239838,23.662,0.9575736101447593,0.5544475169390737,1.0218382296168091
target_somo_somo_elst_corrected_signed_kcal_mol,500,3,5,1756,438,1.8431262170197442,479566,240033,23.716,0.9439455247819608,0.5943138053567832,1.2419853301576507
target_somo_somo_elst_corrected_signed_kcal_mol,500,5,1,1755,439,1.471899816999212,271396,135948,20.024,0.9301665887557528,0.6621316588017966,1.2697935010476193
target_somo_somo_elst_corrected_signed_kcal_mol,500,5,2,1755,439,1.4757950579514727,271582,136041,20.052,0.9569645449349089,0.5819253070947212,1.0174336046248418
target_somo_somo_elst_corrected_signed_kcal_mol,500,5,3,1755,439,1.4880247770342976,272026,136263,20.64,0.9184485487265757,0.732573566102697,1.4949255417839022
target_somo_somo_elst_corrected_signed_kcal_mol,500,5,4,1755,439,1.485404850100167,271986,136243,20.076,0.9490540606866528,0.6189042359095158,1.1197443880393168
target_somo_somo_elst_corrected_signed_kcal_mol,500,5,5,1756,438,1.4775534130167216,271778,136139,20.078,0.9222594056357779,0.675855577978674,1.4626325999060055
target_somo_somo_elst_corrected_signed_kcal_mol,500,10,1,1755,439,1.1318026799708605,128716,64608,15.934,0.8931351403106841,0.7902257926089398,1.5707929064000863
target_somo_somo_elst_corrected_signed_kcal_mol,500,10,2,1755,439,1.1360440789721906,128702,64601,16.022,0.9146522270674093,0.7303806824538764,1.4328112225967509
target_somo_somo_elst_corrected_signed_kcal_mol,500,10,3,1755,439,1.1328862969530746,128650,64575,16.136,0.8650886692282267,0.9150065271781243,1.9227726156734506
target_somo_somo_elst_corrected_signed_kcal_mol,500,10,4,1755,439,1.1335274659795687,128406,64453,16.082,0.9271511208146019,0.7405501263622687,1.3389844847000894
target_somo_somo_elst_corrected_signed_kcal_mol,500,10,5,1756,438,1.1282183149596676,128754,64627,15.858,0.8635112341016421,0.8340798899023908,1.9380267809114038
target_somo_somo_elst_corrected_signed_kcal_mol,750,1,1,1755,439,5.45741841790732,2631750,1316250,31.805333333333333,0.9545044676544759,0.5324677584439499,1.0249102747527097
target_somo_somo_elst_corrected_signed_kcal_mol,750,1,2,1755,439,5.386629331042059,2631750,1316250,31.948,0.9717722189444078,0.47878349449607843,0.8240076583544172
target_somo_somo_elst_corrected_signed_kcal_mol,750,1,3,1755,439,5.400803335011005,2631750,1316250,32.124,0.9608732448683466,0.5534643454060854,1.0354774161292515
target_somo_somo_elst_corrected_signed_kcal_mol,750,1,4,1755,439,5.430048553971574,2631750,1316250,31.964,0.9673034470728914,0.5026065271273464,0.8970467809632544
target_somo_somo_elst_corrected_signed_kcal_mol,750,1,5,1756,438,5.388263446977362,2633250,1317000,32.601333333333336,0.9649977482698555,0.5163377178383918,0.9814299623629243
target_somo_somo_elst_corrected_signed_kcal_mol,750,2,1,1755,439,3.4178050430491567,1139446,570098,26.448,0.9508399587913939,0.5506164056100301,1.065387484227056
target_somo_somo_elst_corrected_signed_kcal_mol,750,2,2,1755,439,3.426383030950092,1139504,570127,26.8,0.9694405566025386,0.49674011811562807,0.8573646987901601
target_somo_somo_elst_corrected_signed_kcal_mol,750,2,3,1755,439,3.480170516995713,1140242,570496,26.94,0.950672312298905,0.5959805985397003,1.1626502626156203
target_somo_somo_elst_corrected_signed_kcal_mol,750,2,4,1755,439,3.4398497389629483,1139132,569941,26.478666666666665,0.963543527610458,0.5177464789707251,0.9472212425824024
target_somo_somo_elst_corrected_signed_kcal_mol,750,2,5,1756,438,3.422446305048652,1139658,570204,26.669333333333334,0.9558603579973346,0.547369389216942,1.1021119816370548
target_somo_somo_elst_corrected_signed_kcal_mol,750,3,1,1755,439,2.770739138009958,717968,359359,23.582666666666668,0.9443257906301185,0.5918593833224157,1.1337792399451414
target_somo_somo_elst_corrected_signed_kcal_mol,750,3,2,1755,439,2.778669685940258,718134,359442,23.706666666666667,0.9675326108346413,0.5147011818708009,0.8837238201831257
target_somo_somo_elst_corrected_signed_kcal_mol,750,3,3,1755,439,2.7874502819031477,718452,359601,23.972,0.9379952527764792,0.6503992925218446,1.303515458282992
target_somo_somo_elst_corrected_signed_kcal_mol,750,3,4,1755,439,2.790737906936556,718920,359835,23.645333333333333,0.9576366507278797,0.5545592034484875,1.0210787821953717
target_somo_somo_elst_corrected_signed_kcal_mol,750,3,5,1756,438,2.7741642179898918,719132,359941,23.764,0.9439091442058196,0.5941978031627821,1.242388302558153
target_somo_somo_elst_corrected_signed_kcal_mol,750,5,1,1755,439,2.196598063921556,407318,204034,19.926666666666666,0.9287364775142677,0.6626970751125856,1.2827295926817615
target_somo_somo_elst_corrected_signed_kcal_mol,750,5,2,1755,439,2.205716466996819,407598,204174,20.162666666666667,0.9567981582465823,0.5820698303601448,1.0193985437158293
target_somo_somo_elst_corrected_signed_kcal_mol,750,5,3,1755,439,2.2199418239761144,408018,204384,20.501333333333335,0.9183441443668395,0.7336406173695111,1.4958821576389632
target_somo_somo_elst_corrected_signed_kcal_mol,750,5,4,1755,439,2.2122162859886885,407900,204325,20.112,0.9478674597797881,0.6214987087559384,1.1327095210924387
target_somo_somo_elst_corrected_signed_kcal_mol,750,5,5,1756,438,2.1993151530623436,407962,204356,20.033333333333335,0.9225552016580019,0.67674216688276,1.4598473547366164
target_somo_somo_elst_corrected_signed_kcal_mol,750,10,1,1755,439,1.6851681630359963,192976,96863,15.896,0.8932476337239332,0.7894283380853425,1.569965925560647
target_somo_somo_elst_corrected_signed_kcal_mol,750,10,2,1755,439,1.6930484110489488,193140,96945,15.993333333333334,0.9159693303351304,0.7281236936512935,1.4217125274553397
target_somo_somo_elst_corrected_signed_kcal_mol,750,10,3,1755,439,1.694618317997083,192984,96867,16.161333333333335,0.8651530657050235,0.9141232379595279,1.9223136677092503
target_somo_somo_elst_corrected_signed_kcal_mol,750,10,4,1755,439,1.6917024160502478,192660,96705,16.030666666666665,0.9267607004843407,0.7416131365243858,1.3425677122172321
target_somo_somo_elst_corrected_signed_kcal_mol,750,10,5,1756,438,1.675104872090742,193124,96937,15.801333333333334,0.8638600386467534,0.833458341301257,1.935548829769992
target_somo_somo_elst_corrected_signed_kcal_mol,1000,1,1,1755,439,7.236388124991208,3509000,1755000,31.859,0.9549501768643218,0.5321345855208948,1.0198775137367304
target_somo_somo_elst_corrected_signed_kcal_mol,1000,1,2,1755,439,7.227346425992437,3509000,1755000,31.925,0.9716183135147058,0.4798877883657899,0.8262509600683322
target_somo_somo_elst_corrected_signed_kcal_mol,1000,1,3,1755,439,7.227665133075789,3509000,1755000,32.125,0.9608782460728617,0.554066630561084,1.0354112363527026
target_somo_somo_elst_corrected_signed_kcal_mol,1000,1,4,1755,439,7.176822756999172,3509000,1755000,32.06,0.9676749119469299,0.49915692440458576,0.8919365600905242
target_somo_somo_elst_corrected_signed_kcal_mol,1000,1,5,1756,438,7.25829013902694,3511000,1756000,32.558,0.965083413670367,0.5161726043636364,0.9802282383128953
target_somo_somo_elst_corrected_signed_kcal_mol,1000,2,1,1755,439,4.553171337000094,1519114,760057,26.499,0.9509465474328872,0.5529887226825073,1.0642318726493591
target_somo_somo_elst_corrected_signed_kcal_mol,1000,2,2,1755,439,4.60137174394913,1519658,760329,26.914,0.9695681347693077,0.49487190171993667,0.8555731835826604
target_somo_somo_elst_corrected_signed_kcal_mol,1000,2,3,1755,439,4.605367360985838,1520140,760570,26.876,0.9505353630082103,0.5980328287820502,1.1642630867230763
target_somo_somo_elst_corrected_signed_kcal_mol,1000,2,4,1755,439,4.56521746807266,1518864,759932,26.528,0.9639355519514389,0.5164466489783512,0.9421146398214487
target_somo_somo_elst_corrected_signed_kcal_mol,1000,2,5,1756,438,4.535525287967175,1519620,760310,26.644,0.9552699366518572,0.5503989182563089,1.1094585394226864
target_somo_somo_elst_corrected_signed_kcal_mol,1000,3,1,1755,439,3.6974921009968966,957584,479292,23.646,0.9448978833374946,0.5907698028874859,1.1279389977928438
target_somo_somo_elst_corrected_signed_kcal_mol,1000,3,2,1755,439,3.7014230359345675,957376,479188,23.672,0.9671165619536569,0.5161744523039978,0.8893679746920344
target_somo_somo_elst_corrected_signed_kcal_mol,1000,3,3,1755,439,3.7135879599954933,957878,479439,23.898,0.9375571938013307,0.6507221251670839,1.3081119744420822
target_somo_somo_elst_corrected_signed_kcal_mol,1000,3,4,1755,439,3.7069300500443205,958708,479854,23.704,0.9574594308038115,0.5574172501062745,1.0232123086157705
target_somo_somo_elst_corrected_signed_kcal_mol,1000,3,5,1756,438,3.6905048879561946,958946,479973,23.688,0.9440235973164862,0.595618519757172,1.2411201117352355
target_somo_somo_elst_corrected_signed_kcal_mol,1000,5,1,1755,439,2.9299630320165306,543012,272006,19.974,0.9284034639187223,0.6625511702375364,1.2857231895853074
target_somo_somo_elst_corrected_signed_kcal_mol,1000,5,2,1755,439,2.964195196982473,543438,272219,20.151,0.956561314999799,0.5836472704450028,1.0221890226595116
target_somo_somo_elst_corrected_signed_kcal_mol,1000,5,3,1755,439,2.9688002259936184,544178,272589,20.539,0.9184196672428776,0.7327411100436203,1.4951902326324205
target_somo_somo_elst_corrected_signed_kcal_mol,1000,5,4,1755,439,2.9649889590218663,543974,272487,20.084,0.9484389746787676,0.6204925635196066,1.1264836172131527
target_somo_somo_elst_corrected_signed_kcal_mol,1000,5,5,1756,438,2.9306173550430685,543960,272480,20.052,0.9224423927143915,0.6757665756062894,1.4609102015252196
target_somo_somo_elst_corrected_signed_kcal_mol,1000,10,1,1755,439,2.2498193200444803,257404,129202,15.93,0.892032031016193,0.791194210842861,1.5788793232530633
target_somo_somo_elst_corrected_signed_kcal_mol,1000,10,2,1755,439,2.24843202799093,257588,129294,16.029,0.9159136787504146,0.7270712402195378,1.4221832333290563
target_somo_somo_elst_corrected_signed_kcal_mol,1000,10,3,1755,439,2.257721915957518,257352,129176,16.182,0.8654726246945856,0.9135413273338139,1.9200345762914117
target_somo_somo_elst_corrected_signed_kcal_mol,1000,10,4,1755,439,2.253041024086997,257058,129029,15.988,0.926843727375378,0.7428576718380248,1.3418065031856026
target_somo_somo_elst_corrected_signed_kcal_mol,1000,10,5,1756,438,2.253445217036642,257590,129295,15.759,0.8635830507306206,0.8336510227728702,1.9375168456699092
